player_id,gp,pass_att,pass_cmp,pass_yd,pass_td,pass_int,pass_sack,pass_air_yd,pass_rz_att,rush_att,rush_yd,rush_td,rush_btkl,rush_yac,rush_rz_att,rush_tkl_loss,rec,rec_tgt,rec_yd,rec_td,rec_air_yd,rec_yar,rec_drop,rec_rz_tgt,fum,fum_lost,st_td,off_snp,tm_off_snp,bonus_pass_yd_300,bonus_pass_yd_400,bonus_rush_yd_100,bonus_rush_yd_200,bonus_rec_yd_100,bonus_rec_yd_200,season,position,points_freedom,points_uww,ppg_freedom,ppg_uww,pos_rank_freedom_tot,pos_rank_freedom_per,rank_freedom_tot,rank_freedom_per,pos_rank_uww_tot,pos_rank_uww_per,rank_uww_tot,rank_uww_per,starter_freedom,starter_uww
1408,11.0,,,,,,,,,82.0,328.0,2.0,9.0,165.0,12.0,6.0,16.0,20.0,138.0,,2.0,136.0,1.0,5.0,1.0,,,277.0,826.0,,,,,,,2020,RB,74.6,74.6,6.8,6.8,62.0,60.0,228.0,230.0,62.0,60.0,227.0,230.0,False,False
3342,14.0,,,,,,,,,3.0,20.0,,,8.0,,1.0,36.0,54.0,373.0,1.0,206.0,167.0,3.0,4.0,2.0,,1.0,379.0,931.0,,,,,,,2020,WR,87.3,87.3,6.2,6.2,90.0,101.0,205.0,243.0,90.0,102.0,205.0,244.0,False,False
6918,6.0,,,,,,,,,75.0,319.0,3.0,4.0,69.0,18.0,8.0,11.0,14.0,61.0,,-10.0,71.0,1.0,1.0,,,,208.0,413.0,,,1.0,,,,2020,RB,69.0,69.0,11.5,11.5,65.0,31.0,238.0,120.0,65.0,31.0,237.0,113.0,False,False
6786,16.0,,,,,,1.0,,,10.0,82.0,1.0,,30.0,1.0,,74.0,111.0,935.0,5.0,624.0,311.0,7.0,10.0,2.0,1.0,1.0,731.0,1155.0,,,,,2.0,,2020,WR,219.7,219.7,13.7,13.7,22.0,34.0,54.0,90.0,22.0,34.0,51.0,86.0,True,True
5122,16.0,,,,,,,,,80.0,374.0,1.0,10.0,137.0,13.0,6.0,25.0,36.0,212.0,1.0,31.0,181.0,,5.0,2.0,,,393.0,1168.0,,,,,,,2020,RB,95.6,95.6,6.0,6.0,51.0,65.0,195.0,250.0,51.0,65.0,193.0,250.0,False,False
2320,15.0,,,,,,,,,215.0,986.0,9.0,16.0,410.0,27.0,25.0,32.0,44.0,158.0,1.0,-9.0,167.0,3.0,4.0,4.0,4.0,,638.0,1034.0,,,2.0,,,,2020,RB,202.4,202.4,13.5,13.5,14.0,24.0,64.0,93.0,14.0,24.0,63.0,88.0,True,True
3488,10.0,,,,,,,,,2.0,2.0,,,2.0,,,1.0,1.0,7.0,,4.0,3.0,,,,,,28.0,740.0,,,,,,,2020,RB,1.9,1.9,0.2,0.2,138.0,141.0,529.0,533.0,138.0,141.0,526.0,530.0,False,False
1387,10.0,,,,,,,,,67.0,274.0,3.0,5.0,99.0,12.0,8.0,25.0,33.0,192.0,3.0,-15.0,207.0,,6.0,,,,274.0,668.0,,,,,,,2020,RB,107.6,107.6,10.8,10.8,44.0,34.0,169.0,135.0,44.0,34.0,166.0,127.0,False,False
19,5.0,134.0,74.0,864.0,6.0,3.0,7.0,519.0,11.0,6.0,22.0,,,1.0,1.0,,,,,,,,,,1.0,,,258.0,824.0,,,,,,,2020,QB,54.8,49.5,11.0,9.9,39.0,40.0,271.0,129.0,39.0,37.0,282.0,144.0,False,False
3423,16.0,,,,,,,,,4.0,15.0,,,2.0,,1.0,95.0,136.0,1096.0,3.0,599.0,497.0,4.0,12.0,1.0,1.0,,827.0,1064.0,,,,,3.0,,2020,WR,228.1,228.1,14.3,14.3,20.0,31.0,50.0,81.0,20.0,31.0,46.0,75.0,True,True
5100,15.0,,,,,,,,,84.0,308.0,1.0,10.0,167.0,8.0,5.0,12.0,16.0,105.0,,-38.0,143.0,1.0,2.0,,,,186.0,1041.0,,,,,,,2020,RB,59.3,59.3,4.0,4.0,70.0,86.0,256.0,308.0,70.0,86.0,254.0,307.0,False,False
1517,4.0,,,,,,,,,6.0,14.0,,,10.0,1.0,1.0,5.0,6.0,43.0,,10.0,33.0,,1.0,,,,48.0,299.0,,,,,,,2020,RB,10.7,10.7,2.7,2.7,119.0,102.0,435.0,363.0,119.0,102.0,431.0,360.0,False,False
6908,10.0,,,,,,,,,64.0,232.0,2.0,2.0,102.0,7.0,5.0,11.0,15.0,63.0,,-4.0,67.0,1.0,1.0,,,,202.0,649.0,,,,,,,2020,RB,52.5,52.5,5.2,5.2,76.0,72.0,278.0,269.0,76.0,72.0,276.0,269.0,False,False
2359,16.0,,,,,,,,,8.0,42.0,,,17.0,1.0,,8.0,9.0,58.0,2.0,-5.0,63.0,,3.0,,,,77.0,1109.0,,,,,,,2020,RB,30.0,30.0,1.9,1.9,92.0,112.0,336.0,416.0,92.0,112.0,335.0,413.0,False,False
788,16.0,,,,,,,,,29.0,115.0,2.0,1.0,46.0,6.0,1.0,19.0,30.0,127.0,1.0,47.0,80.0,2.0,5.0,3.0,2.0,,319.0,1040.0,,,,,,,2020,RB,57.2,57.2,3.6,3.6,72.0,90.0,264.0,328.0,72.0,90.0,261.0,323.0,False,False
5854,13.0,443.0,254.0,2933.0,16.0,15.0,19.0,1530.0,50.0,44.0,160.0,3.0,,8.0,9.0,,,,,,,,,,8.0,3.0,,850.0,918.0,2.0,,,,,,2020,QB,183.3,156.7,14.1,12.1,24.0,30.0,83.0,84.0,24.0,30.0,109.0,104.0,False,True
3294,5.0,222.0,151.0,1856.0,9.0,4.0,10.0,1039.0,20.0,18.0,93.0,3.0,2.0,28.0,6.0,1.0,1.0,1.0,11.0,1.0,10.0,1.0,,1.0,3.0,3.0,,354.0,380.0,,3.0,,,,,2020,QB,143.6,124.5,28.7,24.9,29.0,1.0,127.0,2.0,29.0,2.0,148.0,6.0,False,False
421,16.0,528.0,339.0,4084.0,26.0,10.0,38.0,2346.0,66.0,29.0,112.0,,,5.0,6.0,,,1.0,,,,,,1.0,2.0,1.0,,951.0,1035.0,2.0,1.0,,,,,2020,QB,264.6,234.9,16.5,14.7,15.0,23.0,31.0,49.0,15.0,22.0,41.0,66.0,False,True
5052,14.0,,,,,,,,,192.0,978.0,7.0,8.0,548.0,30.0,12.0,28.0,42.0,165.0,1.0,8.0,157.0,5.0,4.0,2.0,2.0,,459.0,939.0,,,4.0,,,,2020,RB,194.3,194.3,13.9,13.9,16.0,20.0,70.0,86.0,16.0,20.0,70.0,82.0,True,True
5995,12.0,,,,,,,,,12.0,60.0,,,2.0,2.0,2.0,5.0,5.0,20.0,,-7.0,27.0,,2.0,,,,78.0,805.0,,,,,,,2020,RB,13.0,13.0,1.1,1.1,115.0,123.0,415.0,466.0,115.0,123.0,413.0,462.0,False,False
89,3.0,38.0,28.0,248.0,2.0,,2.0,48.0,9.0,7.0,-2.0,1.0,,,2.0,,,,,,,,,,2.0,,,22.0,1130.0,,,,,,,2020,QB,23.7,22.8,7.9,7.6,46.0,48.0,361.0,202.0,45.0,46.0,366.0,210.0,False,False
7407,14.0,1.0,,,,,,,,3.0,16.0,,,4.0,,,27.0,35.0,197.0,,57.0,140.0,1.0,4.0,3.0,1.0,,354.0,977.0,,,,,,,2020,WR,46.3,46.3,3.3,3.3,121.0,134.0,289.0,337.0,121.0,134.0,288.0,334.0,False,False
4943,12.0,364.0,217.0,2208.0,9.0,11.0,35.0,1068.0,30.0,37.0,217.0,2.0,1.0,72.0,1.0,,,,,,,,,,4.0,2.0,,752.0,757.0,,,,,,,2020,QB,132.0,105.9,11.0,8.8,32.0,40.0,142.0,129.0,33.0,41.0,170.0,173.0,False,False
1169,4.0,14.0,8.0,42.0,,2.0,3.0,8.0,1.0,12.0,69.0,,,2.0,1.0,,,,,,,,,,1.0,1.0,,64.0,725.0,,,,,,,2020,QB,2.6,1.7,0.6,0.4,65.0,72.0,505.0,498.0,66.0,70.0,527.0,518.0,False,False
829,11.0,333.0,216.0,2169.0,14.0,8.0,24.0,1121.0,51.0,28.0,114.0,,,7.0,2.0,1.0,1.0,1.0,-3.0,,-7.0,4.0,,,2.0,1.0,,630.0,1002.0,1.0,,,,,,2020,QB,138.9,123.5,12.6,11.2,30.0,34.0,134.0,101.0,30.0,32.0,151.0,116.0,False,False
4330,3.0,,,,,,,,,1.0,3.0,,,,,,,,,,,,,,,,,10.0,202.0,,,,,,,2020,WR,0.3,0.3,0.1,0.1,211.0,211.0,551.0,545.0,211.0,211.0,550.0,544.0,False,False
5026,14.0,,,,,,,,,1.0,3.0,,,2.0,,,34.0,50.0,448.0,4.0,309.0,139.0,4.0,6.0,1.0,,,687.0,957.0,,,,,,,2020,WR,103.1,103.1,7.4,7.4,73.0,86.0,175.0,216.0,73.0,86.0,173.0,213.0,False,False
6402,12.0,,,,,,,,,1.0,18.0,,,,,,27.0,37.0,265.0,1.0,139.0,126.0,2.0,2.0,5.0,2.0,,385.0,844.0,,,,,,,2020,WR,57.3,57.3,4.8,4.8,108.0,115.0,262.0,278.0,108.0,115.0,259.0,278.0,False,False
345,1.0,24.0,15.0,130.0,,1.0,2.0,74.0,1.0,1.0,8.0,,1.0,6.0,,,,,,,,,,,1.0,1.0,,52.0,283.0,,,,,,,2020,QB,2.0,-0.6,2.0,-0.6,68.0,62.0,525.0,406.0,90.0,80.0,642.0,629.0,False,False
6820,13.0,,,,,,,,,181.0,803.0,4.0,15.0,390.0,28.0,18.0,36.0,54.0,297.0,1.0,1.0,296.0,3.0,6.0,,,,555.0,1006.0,,,2.0,,,,2020,RB,180.0,180.0,13.8,13.8,22.0,21.0,85.0,87.0,22.0,21.0,82.0,83.0,True,True
5870,14.0,448.0,280.0,2943.0,11.0,10.0,45.0,1827.0,59.0,65.0,423.0,1.0,1.0,43.0,4.0,4.0,,,,,,,,,11.0,6.0,,892.0,927.0,,,,,,,2020,QB,178.0,141.2,12.7,10.1,25.0,33.0,87.0,99.0,27.0,36.0,128.0,140.0,False,False
2391,12.0,,,,,,,,,147.0,691.0,6.0,7.0,257.0,18.0,9.0,33.0,46.0,314.0,2.0,79.0,235.0,1.0,11.0,2.0,1.0,,563.0,755.0,,,1.0,,1.0,,2020,RB,183.5,183.5,15.3,15.3,21.0,15.0,82.0,63.0,21.0,15.0,81.0,56.0,True,True
7064,5.0,,,,,,,,,14.0,54.0,,,25.0,5.0,2.0,2.0,4.0,27.0,1.0,-2.0,29.0,,1.0,,,,34.0,342.0,,,,,,,2020,RB,16.1,16.1,3.2,3.2,111.0,97.0,402.0,343.0,111.0,97.0,402.0,340.0,False,False
3664,16.0,,,,,,,,,85.0,365.0,1.0,8.0,185.0,14.0,9.0,80.0,110.0,589.0,2.0,82.0,507.0,1.0,8.0,3.0,1.0,,656.0,1116.0,,,,,,,2020,RB,191.4,191.4,12.0,12.0,18.0,29.0,74.0,109.0,18.0,29.0,74.0,105.0,True,True
4127,6.0,104.0,66.0,787.0,6.0,,9.0,451.0,15.0,6.0,28.0,,,3.0,,1.0,,,,,,,,,3.0,3.0,,188.0,779.0,,,,,,,2020,QB,52.3,48.5,8.7,8.1,40.0,47.0,280.0,181.0,40.0,45.0,285.0,198.0,False,False
5170,11.0,,,,,,,,,118.0,502.0,1.0,5.0,186.0,7.0,14.0,7.0,14.0,28.0,,-11.0,39.0,2.0,1.0,,,,277.0,721.0,,,1.0,,,,2020,RB,68.0,68.0,6.2,6.2,66.0,64.0,240.0,243.0,66.0,64.0,239.0,244.0,False,False
6790,13.0,,,,,,,,,114.0,521.0,8.0,6.0,160.0,19.0,9.0,46.0,57.0,357.0,2.0,6.0,351.0,5.0,9.0,3.0,2.0,,391.0,826.0,,,1.0,,,,2020,RB,191.8,191.8,14.8,14.8,17.0,17.0,72.0,71.0,17.0,17.0,72.0,65.0,True,True
6768,10.0,290.0,186.0,1814.0,11.0,5.0,20.0,1055.0,34.0,36.0,109.0,3.0,,29.0,9.0,,,,,,,,,,1.0,1.0,,582.0,1016.0,2.0,,,,,,2020,QB,137.5,123.2,13.7,12.3,31.0,31.0,138.0,90.0,31.0,29.0,152.0,100.0,False,False
6130,16.0,,,,,,,,,156.0,687.0,2.0,9.0,456.0,20.0,18.0,38.0,50.0,269.0,,10.0,259.0,3.0,7.0,1.0,1.0,,637.0,1117.0,,,,,,,2020,RB,143.6,143.6,9.0,9.0,32.0,41.0,127.0,175.0,32.0,41.0,124.0,169.0,False,True
5004,14.0,,,,,,,,,63.0,268.0,1.0,2.0,80.0,7.0,3.0,17.0,26.0,75.0,,-6.0,81.0,1.0,7.0,1.0,,,228.0,998.0,,,,,,,2020,RB,57.3,57.3,4.1,4.1,71.0,84.0,262.0,302.0,71.0,84.0,259.0,301.0,False,False
6904,15.0,148.0,77.0,1061.0,6.0,4.0,13.0,596.0,10.0,63.0,357.0,3.0,3.0,65.0,6.0,2.0,1.0,1.0,3.0,,-6.0,9.0,,,9.0,2.0,,353.0,1098.0,2.0,,1.0,,,,2020,QB,115.4,106.2,7.7,7.1,34.0,49.0,164.0,210.0,32.0,48.0,169.0,224.0,False,False
5828,11.0,,,,,,,,,3.0,19.0,,,4.0,,,3.0,6.0,26.0,,14.0,12.0,,,2.0,,1.0,65.0,769.0,,,,,,,2020,WR,13.5,13.5,1.2,1.2,167.0,184.0,412.0,457.0,167.0,184.0,410.0,453.0,False,False
3209,16.0,,,,,,,,,93.0,423.0,3.0,5.0,179.0,17.0,4.0,17.0,21.0,84.0,,3.0,81.0,,3.0,1.0,,,241.0,1100.0,,,,,,,2020,RB,85.7,85.7,5.4,5.4,56.0,69.0,210.0,261.0,56.0,69.0,210.0,261.0,False,False
7458,4.0,,,,,,,,,2.0,21.0,,,2.0,,,2.0,2.0,29.0,,-1.0,30.0,,,,,,27.0,270.0,,,,,,,2020,WR,7.0,7.0,1.8,1.8,186.0,167.0,469.0,424.0,186.0,167.0,467.0,418.0,False,False
6068,8.0,,,,,,,,,1.0,1.0,,,,,,9.0,9.0,42.0,,3.0,39.0,,1.0,,,,28.0,519.0,,,,,,,2020,RB,13.3,13.3,1.7,1.7,114.0,114.0,413.0,429.0,114.0,114.0,411.0,423.0,False,False
5284,12.0,,,,,,,,,126.0,600.0,7.0,9.0,248.0,25.0,12.0,13.0,28.0,133.0,3.0,22.0,111.0,3.0,6.0,2.0,2.0,,317.0,842.0,,,2.0,,,,2020,RB,146.3,146.3,12.2,12.2,31.0,28.0,123.0,107.0,31.0,28.0,120.0,102.0,False,True
5289,12.0,,,,,,,,,4.0,20.0,,,2.0,2.0,,12.0,13.0,100.0,1.0,57.0,43.0,,1.0,1.0,,,293.0,829.0,,,,,,,2020,WR,30.0,30.0,2.5,2.5,139.0,148.0,336.0,373.0,139.0,148.0,335.0,370.0,False,False
1071,10.0,,,,,,,,,1.0,3.0,,,,,,17.0,24.0,187.0,1.0,150.0,37.0,,2.0,,,,288.0,678.0,,,,,,,2020,WR,42.0,42.0,4.2,4.2,125.0,121.0,301.0,299.0,125.0,121.0,300.0,298.0,False,False
3225,15.0,2.0,1.0,16.0,,,,-6.0,,5.0,49.0,,,1.0,,,79.0,110.0,841.0,4.0,490.0,351.0,1.0,13.0,1.0,,,772.0,1040.0,,,,,2.0,,2020,WR,196.6,196.3,13.1,13.1,31.0,37.0,68.0,95.0,31.0,37.0,68.0,91.0,False,True
5121,16.0,,,,,,,,,3.0,29.0,,,3.0,,,37.0,55.0,394.0,3.0,178.0,216.0,3.0,4.0,,,,296.0,1010.0,,,,,,,2020,WR,97.3,97.3,6.1,6.1,81.0,104.0,187.0,247.0,81.0,104.0,185.0,247.0,False,False
7093,1.0,,,,,,,,,1.0,-12.0,,,,,1.0,1.0,1.0,2.0,,-4.0,6.0,,,,,,8.0,64.0,,,,,,,2020,RB,-0.0,-0.0,-0.0,-0.0,147.0,147.0,553.0,553.0,147.0,147.0,552.0,552.0,False,False
24,16.0,626.0,407.0,4581.0,26.0,11.0,41.0,2913.0,80.0,29.0,92.0,2.0,,9.0,7.0,1.0,,,,,,,,,6.0,3.0,,1130.0,1142.0,4.0,1.0,,,,,2020,QB,292.4,252.8,18.3,15.8,12.0,15.0,21.0,26.0,14.0,18.0,35.0,50.0,False,True
2257,10.0,,,,,,,,,81.0,356.0,4.0,4.0,185.0,12.0,8.0,16.0,20.0,93.0,,-15.0,108.0,,,1.0,,,266.0,698.0,,,,,,,2020,RB,84.9,84.9,8.5,8.5,57.0,47.0,213.0,190.0,57.0,47.0,213.0,185.0,False,False
3634,15.0,,,,,,,,,1.0,-3.0,,,,1.0,1.0,9.0,15.0,187.0,,149.0,38.0,2.0,,,,,253.0,1037.0,,,,,1.0,,2020,WR,29.4,29.4,2.0,2.0,142.0,161.0,342.0,406.0,142.0,161.0,341.0,403.0,False,False
5013,16.0,,,,,,,,,2.0,12.0,,,,,,49.0,76.0,485.0,2.0,337.0,148.0,4.0,10.0,2.0,1.0,,612.0,1107.0,,,,,,,2020,WR,108.7,108.7,6.8,6.8,69.0,94.0,168.0,230.0,69.0,94.0,165.0,230.0,False,False
2114,7.0,,,,,,,,,2.0,9.0,,,7.0,,,,,,,,,,,,,,5.0,512.0,,,,,,,2020,RB,0.9,0.9,0.1,0.1,143.0,144.0,545.0,545.0,143.0,144.0,540.0,544.0,False,False
2711,1.0,19.0,12.0,137.0,1.0,,1.0,88.0,2.0,3.0,22.0,,,,,,,,,,,,,,,,,25.0,218.0,,,,,,,2020,QB,11.7,10.9,11.7,10.9,56.0,37.0,428.0,117.0,53.0,33.0,430.0,124.0,False,False
4157,3.0,,,,,,,,,14.0,74.0,,1.0,23.0,1.0,,6.0,9.0,41.0,,-20.0,61.0,1.0,2.0,,,,79.0,217.0,,,,,,,2020,RB,17.5,17.5,5.8,5.8,105.0,67.0,393.0,253.0,105.0,67.0,393.0,253.0,False,False
1837,6.0,140.0,94.0,1096.0,7.0,5.0,11.0,382.0,18.0,10.0,25.0,,1.0,6.0,,,,,,,,,,,2.0,,,310.0,403.0,,,,,,,2020,QB,64.3,56.4,10.7,9.4,37.0,42.0,247.0,140.0,36.0,39.0,264.0,155.0,False,False
1166,16.0,516.0,349.0,4265.0,35.0,13.0,39.0,2292.0,62.0,32.0,156.0,1.0,,14.0,8.0,,,,,,,,,,9.0,5.0,,1107.0,1109.0,4.0,1.0,,,,,2020,QB,308.2,292.9,19.3,18.3,11.0,13.0,18.0,22.0,11.0,13.0,20.0,24.0,False,True
5185,10.0,,,,,,,,,2.0,17.0,,,4.0,,1.0,33.0,46.0,451.0,3.0,256.0,195.0,5.0,6.0,,,,475.0,655.0,,,,,1.0,,2020,WR,99.8,99.8,10.0,10.0,78.0,58.0,183.0,149.0,79.0,58.0,182.0,141.0,False,False
5136,8.0,,,,,,,,,29.0,157.0,2.0,4.0,75.0,5.0,1.0,6.0,8.0,29.0,,5.0,24.0,,,,,,77.0,497.0,,,,,,,2020,RB,36.6,36.6,4.6,4.6,85.0,78.0,317.0,284.0,85.0,78.0,317.0,285.0,False,False
4082,15.0,,,,,,,,,41.0,200.0,2.0,3.0,111.0,12.0,6.0,77.0,97.0,851.0,3.0,536.0,315.0,4.0,12.0,1.0,,,677.0,992.0,,,,,3.0,,2020,WR,218.1,218.1,14.5,14.5,25.0,27.0,58.0,76.0,26.0,28.0,56.0,71.0,True,True
1049,16.0,481.0,315.0,3819.0,33.0,7.0,24.0,2294.0,68.0,43.0,266.0,7.0,,44.0,10.0,,1.0,1.0,,,,,,,6.0,1.0,,1081.0,1107.0,3.0,,,,,,2020,QB,344.4,334.0,21.5,20.9,9.0,12.0,13.0,18.0,8.0,12.0,14.0,20.0,True,True
7143,3.0,43.0,23.0,219.0,,,7.0,85.0,3.0,6.0,22.0,,,,,1.0,,,,,,,,,4.0,2.0,,95.0,230.0,,,,,,,2020,QB,7.0,2.6,2.3,0.9,63.0,59.0,469.0,382.0,63.0,65.0,503.0,472.0,False,False
4046,15.0,588.0,390.0,4740.0,38.0,6.0,22.0,2481.0,74.0,62.0,308.0,2.0,2.0,47.0,10.0,,,2.0,,,,,,1.0,5.0,2.0,,1053.0,1077.0,7.0,2.0,,,,,2020,QB,390.4,371.6,26.0,24.8,3.0,2.0,3.0,4.0,3.0,4.0,5.0,8.0,True,True
2315,15.0,,,,,,,,,195.0,678.0,9.0,19.0,341.0,52.0,19.0,25.0,34.0,164.0,,44.0,120.0,4.0,,2.0,,,514.0,1064.0,,,1.0,,,,2020,RB,165.2,165.2,11.0,11.0,28.0,33.0,101.0,129.0,28.0,33.0,98.0,122.0,True,True
956,11.0,,,,,,,,,72.0,299.0,2.0,6.0,107.0,10.0,3.0,6.0,8.0,50.0,,1.0,49.0,,2.0,,,,166.0,716.0,,,,,,,2020,RB,52.9,52.9,4.8,4.8,75.0,75.0,277.0,278.0,75.0,75.0,274.0,278.0,False,False
6797,15.0,595.0,396.0,4336.0,31.0,10.0,32.0,2130.0,71.0,55.0,234.0,5.0,2.0,57.0,20.0,1.0,,,,,,,,,8.0,1.0,,1036.0,1188.0,8.0,,,,,,2020,QB,344.8,320.1,23.0,21.3,8.0,8.0,12.0,12.0,10.0,10.0,17.0,18.0,True,True
6801,16.0,,,,,,,,,5.0,28.0,,,6.0,,,67.0,108.0,908.0,6.0,602.0,306.0,8.0,10.0,1.0,1.0,,833.0,1117.0,,,,,2.0,,2020,WR,198.6,198.6,12.4,12.4,30.0,40.0,67.0,104.0,30.0,40.0,67.0,98.0,True,True
3433,16.0,1.0,,,,,,,,5.0,7.0,,,6.0,1.0,1.0,12.0,17.0,139.0,,76.0,63.0,,1.0,2.0,2.0,,201.0,1117.0,,,,,,,2020,WR,22.6,22.6,1.4,1.4,156.0,179.0,371.0,443.0,156.0,179.0,370.0,437.0,False,False
4111,6.0,,,,,,,,,22.0,95.0,,2.0,49.0,1.0,1.0,1.0,1.0,5.0,1.0,2.0,3.0,,1.0,,,,30.0,407.0,,,,,,,2020,RB,17.0,17.0,2.8,2.8,107.0,100.0,395.0,356.0,107.0,100.0,395.0,353.0,False,False
2399,6.0,,,,,,,,,19.0,101.0,,,,2.0,2.0,3.0,6.0,27.0,,-6.0,33.0,1.0,1.0,,,,72.0,397.0,,,1.0,,,,2020,RB,17.8,17.8,3.0,3.0,104.0,99.0,391.0,351.0,104.0,99.0,391.0,349.0,False,False
4994,11.0,,,,,,,,,91.0,303.0,3.0,2.0,133.0,22.0,8.0,29.0,37.0,166.0,,-47.0,213.0,2.0,4.0,1.0,,,278.0,780.0,,,,,,,2020,RB,93.9,93.9,8.5,8.5,53.0,47.0,197.0,190.0,53.0,47.0,195.0,185.0,False,False
4881,15.0,376.0,242.0,2757.0,26.0,9.0,29.0,1587.0,58.0,159.0,1005.0,7.0,8.0,202.0,30.0,5.0,,,,,,,,,10.0,4.0,,940.0,998.0,,,2.0,,,,2020,QB,334.8,331.6,22.3,22.1,10.0,10.0,16.0,15.0,9.0,9.0,15.0,15.0,True,True
167,16.0,610.0,401.0,4633.0,40.0,12.0,21.0,2843.0,84.0,30.0,6.0,3.0,1.0,8.0,10.0,,,,,,,,,,4.0,1.0,,1035.0,1086.0,7.0,,,,,,2020,QB,351.9,339.3,22.0,21.2,7.0,11.0,10.0,17.0,7.0,11.0,12.0,19.0,True,True
4219,16.0,,,,,,,,,47.0,204.0,1.0,5.0,101.0,7.0,5.0,12.0,17.0,55.0,,4.0,51.0,1.0,6.0,,,,279.0,1107.0,,,,,,,2020,RB,43.9,43.9,2.7,2.7,79.0,102.0,295.0,363.0,79.0,102.0,293.0,360.0,False,False
96,16.0,526.0,372.0,4299.0,48.0,5.0,20.0,1989.0,82.0,38.0,149.0,3.0,,6.0,4.0,,1.0,1.0,-6.0,,-4.0,-2.0,,,4.0,2.0,,1030.0,1054.0,5.0,,,,,,2020,QB,393.3,403.3,24.6,25.2,2.0,5.0,2.0,9.0,1.0,1.0,1.0,4.0,True,True
5872,7.0,,,,,,,,,8.0,26.0,,,17.0,2.0,1.0,33.0,44.0,391.0,1.0,-7.0,398.0,3.0,2.0,,,,313.0,502.0,,,,,1.0,,2020,WR,82.7,82.7,11.8,11.8,96.0,46.0,218.0,114.0,96.0,46.0,218.0,110.0,False,False
827,2.0,30.0,16.0,208.0,,,2.0,128.0,4.0,6.0,7.0,,,1.0,,1.0,,,,,,,,,,,,77.0,816.0,,,,,,,2020,QB,9.0,4.9,4.5,2.4,60.0,51.0,452.0,290.0,61.0,56.0,483.0,373.0,False,False
4892,16.0,486.0,305.0,3563.0,26.0,8.0,26.0,2240.0,71.0,54.0,165.0,1.0,,21.0,11.0,1.0,1.0,1.0,6.0,,5.0,1.0,,,8.0,4.0,,1077.0,1097.0,2.0,,,,,,2020,QB,250.6,231.4,15.7,14.5,17.0,26.0,39.0,58.0,16.0,23.0,44.0,71.0,False,True
4137,13.0,,,,,,,,,169.0,721.0,6.0,15.0,325.0,27.0,17.0,35.0,43.0,215.0,,-15.0,230.0,3.0,7.0,2.0,,,571.0,907.0,,,3.0,,,,2020,RB,170.6,170.6,13.1,13.1,23.0,25.0,93.0,95.0,23.0,25.0,89.0,91.0,True,True
5347,16.0,,,,,,,,,89.0,380.0,3.0,8.0,157.0,26.0,12.0,63.0,76.0,482.0,4.0,12.0,470.0,1.0,12.0,,,,399.0,1108.0,,,,,,,2020,RB,191.2,191.2,12.0,12.0,19.0,29.0,75.0,109.0,19.0,29.0,75.0,105.0,True,True
5432,16.0,,,,,,,,,1.0,5.0,,,4.0,,,32.0,48.0,477.0,1.0,228.0,249.0,1.0,3.0,,,,660.0,1116.0,,,,,1.0,,2020,WR,88.2,88.2,5.5,5.5,87.0,108.0,202.0,258.0,87.0,108.0,202.0,258.0,False,False
7279,7.0,,,,,,,,,6.0,46.0,,2.0,16.0,,1.0,10.0,10.0,79.0,,16.0,63.0,,,,,,82.0,503.0,,,,,,,2020,WR,22.5,22.5,3.2,3.2,157.0,136.0,372.0,343.0,157.0,136.0,371.0,340.0,False,False
5947,14.0,2.0,2.0,43.0,2.0,,,37.0,1.0,2.0,9.0,,,,,,59.0,81.0,729.0,,513.0,216.0,4.0,5.0,1.0,1.0,,673.0,945.0,,,,,2.0,,2020,WR,144.5,147.7,10.3,10.5,54.0,57.0,126.0,145.0,53.0,56.0,117.0,133.0,False,False
5977,3.0,,,,,,,,,1.0,3.0,,,,,,3.0,6.0,32.0,,29.0,3.0,,,,,,50.0,190.0,,,,,,,2020,WR,6.5,6.5,2.2,2.2,190.0,153.0,475.0,389.0,190.0,152.0,472.0,386.0,False,False
3271,15.0,,,,,,,,,1.0,1.0,,,,,,44.0,60.0,521.0,5.0,283.0,238.0,3.0,6.0,,,,841.0,1080.0,,,,,,,2020,TE,126.2,126.2,8.4,8.4,20.0,24.0,149.0,194.0,20.0,24.0,145.0,190.0,False,False
1502,8.0,,,,,,,,,7.0,20.0,,,10.0,1.0,1.0,20.0,23.0,146.0,1.0,39.0,107.0,,3.0,,,,159.0,508.0,,,,,,,2020,RB,42.6,42.6,5.3,5.3,80.0,71.0,297.0,266.0,80.0,71.0,296.0,265.0,False,False
4988,12.0,,,,,,,,,190.0,1067.0,12.0,19.0,472.0,35.0,19.0,16.0,18.0,150.0,,17.0,133.0,,2.0,1.0,1.0,,423.0,857.0,,,6.0,,,,2020,RB,219.7,219.7,18.3,18.3,11.0,6.0,54.0,26.0,11.0,6.0,51.0,24.0,True,True
1535,16.0,,,,,,,,,64.0,232.0,1.0,6.0,101.0,7.0,6.0,21.0,25.0,132.0,,18.0,114.0,1.0,2.0,,,1.0,208.0,1107.0,,,,,,,2020,RB,69.4,69.4,4.3,4.3,64.0,82.0,237.0,296.0,64.0,82.0,236.0,295.0,False,False
6659,2.0,,,,,,,,,1.0,4.0,,,,,,1.0,1.0,3.0,,1.0,2.0,,,,,,3.0,123.0,,,,,,,2020,RB,1.7,1.7,0.8,0.8,139.0,129.0,533.0,483.0,139.0,129.0,527.0,478.0,False,False
5128,6.0,3.0,1.0,7.0,,,,7.0,,7.0,10.0,,,2.0,2.0,,,,,,,,,,,,,23.0,1107.0,,,,,,,2020,QB,1.3,1.1,0.2,0.2,72.0,75.0,540.0,533.0,68.0,72.0,539.0,530.0,False,False
7021,15.0,,,,,,,,,7.0,24.0,,,11.0,1.0,,,,,,,,,,,,,14.0,1155.0,,,,,,,2020,RB,2.4,2.4,0.2,0.2,137.0,141.0,511.0,533.0,137.0,141.0,510.0,530.0,False,False
7083,2.0,5.0,3.0,15.0,,,,,,10.0,23.0,,,1.0,,,,,,,,,,,,,,29.0,269.0,,,,,,,2020,QB,2.9,2.6,1.5,1.3,64.0,67.0,501.0,436.0,63.0,64.0,503.0,445.0,False,False
5987,13.0,,,,,,,,,96.0,434.0,2.0,4.0,176.0,22.0,8.0,13.0,15.0,125.0,1.0,-3.0,128.0,,,,,,232.0,869.0,,,1.0,,,,2020,RB,88.9,88.9,6.8,6.8,55.0,60.0,201.0,230.0,55.0,60.0,201.0,230.0,False,False
6153,3.0,,,,,,,,,2.0,8.0,,,1.0,,,,,,,,,,,,,,7.0,197.0,,,,,,,2020,RB,0.8,0.8,0.3,0.3,144.0,139.0,546.0,526.0,144.0,139.0,543.0,523.0,False,False
5209,16.0,,,,,,,,,11.0,59.0,1.0,4.0,23.0,6.0,1.0,2.0,2.0,10.0,,-7.0,17.0,,,,,,34.0,1109.0,,,,,,,2020,RB,14.9,14.9,0.9,0.9,113.0,126.0,407.0,477.0,113.0,126.0,406.0,472.0,False,False
4663,10.0,,,,,,,,,116.0,530.0,1.0,13.0,251.0,17.0,10.0,54.0,65.0,403.0,2.0,-70.0,473.0,1.0,8.0,1.0,,,390.0,722.0,,,,,,,2020,RB,165.3,165.3,16.5,16.5,27.0,11.0,100.0,49.0,27.0,11.0,97.0,43.0,True,True
5902,13.0,,,,,,,,,1.0,19.0,,,,,,1.0,1.0,3.0,,-1.0,4.0,,,,,,63.0,943.0,,,,,,,2020,WR,3.2,3.2,0.2,0.2,198.0,207.0,497.0,533.0,198.0,207.0,495.0,530.0,False,False
5110,16.0,2.0,1.0,39.0,1.0,,,37.0,,2.0,9.0,,,,2.0,1.0,72.0,110.0,786.0,4.0,500.0,286.0,7.0,14.0,,,,776.0,1142.0,,,,,1.0,,2020,WR,183.1,184.3,11.4,11.5,37.0,48.0,84.0,121.0,37.0,48.0,80.0,113.0,False,False
3321,15.0,,,,,,,,,13.0,123.0,2.0,1.0,20.0,3.0,2.0,87.0,135.0,1276.0,15.0,816.0,460.0,5.0,17.0,1.0,,,925.0,1077.0,,,,,2.0,1.0,2020,WR,336.9,336.9,22.5,22.5,3.0,2.0,15.0,14.0,3.0,2.0,13.0,12.0,True,True
6185,1.0,1.0,1.0,4.0,,,,,,1.0,-2.0,,,,,1.0,,,,,,,,,,,,2.0,531.0,,,,,,,2020,QB,-0.0,-0.1,-0.0,-0.1,77.0,77.0,553.0,553.0,88.0,77.0,639.0,624.0,False,False
6959,5.0,,,,,,,,,4.0,11.0,,,3.0,,,1.0,1.0,5.0,,,5.0,,,,,,10.0,378.0,,,,,,,2020,RB,2.6,2.6,0.5,0.5,134.0,136.0,505.0,514.0,134.0,136.0,503.0,508.0,False,False
7149,1.0,,,,,,,,,4.0,24.0,,,,,,,,,,,,,,,,,5.0,63.0,,,,,,,2020,TE,2.4,2.4,2.4,2.4,107.0,66.0,511.0,376.0,107.0,66.0,510.0,373.0,False,False
7107,5.0,,,,,,,,,5.0,19.0,,1.0,7.0,,,1.0,2.0,,,-1.0,1.0,,,,,,31.0,425.0,,,,,,,2020,RB,2.9,2.9,0.6,0.6,133.0,131.0,501.0,498.0,133.0,131.0,500.0,494.0,False,False
2161,16.0,,,,,,,,,81.0,319.0,5.0,3.0,133.0,17.0,13.0,33.0,46.0,253.0,1.0,75.0,178.0,2.0,6.0,,,,380.0,1118.0,,,,,,,2020,RB,126.2,126.2,7.9,7.9,38.0,52.0,149.0,202.0,38.0,52.0,145.0,200.0,False,False
232,15.0,,,,,,,,,187.0,653.0,2.0,8.0,379.0,21.0,17.0,16.0,19.0,89.0,,16.0,73.0,,2.0,1.0,1.0,,389.0,946.0,,,,,,,2020,RB,100.2,100.2,6.7,6.7,48.0,63.0,181.0,234.0,48.0,63.0,180.0,234.0,False,False
6909,10.0,2.0,1.0,32.0,,,,-2.0,,9.0,32.0,,4.0,18.0,3.0,2.0,28.0,37.0,211.0,,99.0,112.0,,1.0,,,,340.0,723.0,,,,,,,2020,WR,53.6,52.9,5.4,5.3,114.0,109.0,274.0,261.0,116.0,109.0,274.0,265.0,False,False
2410,12.0,1.0,1.0,43.0,1.0,,,27.0,,1.0,14.0,,,4.0,,,59.0,89.0,699.0,6.0,383.0,316.0,3.0,8.0,,,,608.0,763.0,,,,,3.0,,2020,WR,178.0,179.2,14.8,14.9,38.0,24.0,87.0,71.0,38.0,23.0,83.0,63.0,False,False
6984,1.0,,,,,,,,,3.0,13.0,,,,,,,,,,,,,,,,,5.0,65.0,,,,,,,2020,RB,1.3,1.3,1.3,1.3,142.0,119.0,540.0,450.0,142.0,119.0,536.0,445.0,False,False
3198,16.0,,,,,,,,,378.0,2027.0,17.0,29.0,980.0,59.0,23.0,19.0,31.0,114.0,,-13.0,127.0,1.0,1.0,3.0,2.0,,723.0,1107.0,,,7.0,3.0,,,2020,RB,357.1,357.1,22.3,22.3,2.0,4.0,9.0,15.0,2.0,4.0,8.0,13.0,True,True
6885,10.0,,,,,,,,,26.0,109.0,,2.0,47.0,3.0,3.0,5.0,10.0,34.0,1.0,11.0,23.0,3.0,2.0,1.0,1.0,,99.0,758.0,,,,,,,2020,RB,23.3,23.3,2.3,2.3,96.0,106.0,364.0,382.0,96.0,106.0,361.0,381.0,False,False
6694,16.0,,,,,,,,,33.0,166.0,,2.0,65.0,,3.0,3.0,4.0,14.0,,2.0,12.0,1.0,1.0,1.0,,,84.0,1097.0,,,,,,,2020,RB,21.0,21.0,1.3,1.3,100.0,119.0,379.0,450.0,100.0,119.0,379.0,445.0,False,False
6847,16.0,,,,,,,,,4.0,70.0,,,3.0,,1.0,20.0,26.0,201.0,,83.0,118.0,1.0,2.0,,,1.0,359.0,1055.0,,,,,,,2020,WR,53.1,53.1,3.3,3.3,116.0,134.0,276.0,337.0,115.0,134.0,273.0,334.0,False,False
5257,8.0,,,,,,1.0,,,13.0,-9.0,,,,2.0,,,,,,,,,,1.0,,,23.0,1054.0,,,,,,,2020,QB,-0.9,-0.9,-0.1,-0.1,91.0,79.0,644.0,626.0,91.0,77.0,644.0,624.0,False,False
3312,5.0,,,,,,,,,1.0,5.0,,,,,,4.0,4.0,21.0,,-2.0,23.0,,,1.0,1.0,,27.0,343.0,,,,,,,2020,RB,4.6,4.6,0.9,0.9,129.0,126.0,487.0,477.0,129.0,126.0,485.0,472.0,False,False
6996,8.0,,,,,,,,,39.0,148.0,1.0,,43.0,5.0,3.0,7.0,8.0,33.0,,-14.0,47.0,,,1.0,,,100.0,563.0,,,,,,,2020,RB,31.1,31.1,3.9,3.9,90.0,87.0,331.0,313.0,90.0,87.0,331.0,311.0,False,False
6906,6.0,,,,,,,,,1.0,22.0,,,1.0,,,1.0,7.0,3.0,,2.0,1.0,1.0,,,,,123.0,473.0,,,,,,,2020,TE,3.5,3.5,0.6,0.6,105.0,98.0,495.0,498.0,105.0,98.0,493.0,494.0,False,False
2673,16.0,,,,,,,,,2.0,15.0,,,,,,47.0,77.0,604.0,1.0,432.0,172.0,4.0,2.0,3.0,,,906.0,1022.0,,,,,1.0,,2020,WR,116.9,116.9,7.3,7.3,67.0,90.0,162.0,221.0,67.0,90.0,160.0,218.0,False,False
4981,15.0,,,,,,,,,5.0,1.0,,,1.0,2.0,3.0,90.0,143.0,1374.0,9.0,1099.0,275.0,4.0,20.0,1.0,1.0,,833.0,1070.0,,,,,8.0,,2020,WR,295.5,295.5,19.7,19.7,5.0,4.0,20.0,21.0,5.0,4.0,19.0,21.0,True,True
4171,16.0,,,,,,,,,1.0,5.0,,,1.0,1.0,,52.0,81.0,618.0,2.0,393.0,225.0,3.0,5.0,2.0,1.0,,826.0,1153.0,,,,,,,2020,WR,124.3,124.3,7.8,7.8,62.0,81.0,153.0,205.0,62.0,81.0,150.0,202.0,False,False
4034,3.0,,,,,,,,,59.0,225.0,5.0,9.0,133.0,14.0,6.0,17.0,19.0,149.0,1.0,26.0,123.0,,1.0,,,,176.0,231.0,,,,,,,2020,RB,90.4,90.4,30.1,30.1,54.0,1.0,199.0,1.0,54.0,1.0,198.0,1.0,False,False
6699,13.0,,,,,,,,,5.0,23.0,,,5.0,1.0,,5.0,5.0,62.0,1.0,27.0,35.0,,,1.0,,1.0,110.0,816.0,,,,,,,2020,WR,25.5,25.5,2.0,2.0,149.0,161.0,356.0,406.0,149.0,161.0,353.0,403.0,False,False
5937,15.0,,,,,,,,,3.0,15.0,,,4.0,1.0,,88.0,144.0,923.0,7.0,541.0,382.0,12.0,10.0,2.0,1.0,,743.0,1052.0,,,,,2.0,,2020,WR,225.8,225.8,15.1,15.1,21.0,22.0,51.0,68.0,21.0,22.0,47.0,60.0,True,True
4455,12.0,,,,,,,,,59.0,254.0,,2.0,95.0,8.0,2.0,9.0,10.0,96.0,,6.0,90.0,,,2.0,1.0,,156.0,810.0,,,,,,,2020,RB,42.0,42.0,3.5,3.5,82.0,92.0,301.0,332.0,82.0,92.0,300.0,329.0,False,False
2309,16.0,,,,,,,,,6.0,14.0,,,5.0,,2.0,92.0,130.0,1114.0,5.0,693.0,421.0,3.0,14.0,,,,948.0,1155.0,,,,,4.0,,2020,WR,242.8,242.8,15.2,15.2,15.0,21.0,44.0,65.0,15.0,21.0,38.0,59.0,True,True
2378,8.0,,,,,,,,,28.0,53.0,,3.0,52.0,3.0,7.0,4.0,5.0,34.0,,13.0,21.0,,2.0,,,,64.0,552.0,,,,,,,2020,RB,12.7,12.7,1.6,1.6,116.0,115.0,419.0,432.0,116.0,115.0,415.0,426.0,False,False
4866,2.0,,,,,,,,,19.0,34.0,,1.0,37.0,3.0,9.0,6.0,9.0,60.0,,5.0,55.0,1.0,2.0,,,,70.0,136.0,,,,,,,2020,RB,15.4,15.4,7.7,7.7,112.0,55.0,405.0,210.0,112.0,55.0,405.0,207.0,False,False
4068,15.0,,,,,,,,,1.0,1.0,,,,,,48.0,85.0,756.0,5.0,594.0,162.0,3.0,10.0,,,,764.0,1134.0,,,,,2.0,,2020,WR,157.7,157.7,10.5,10.5,46.0,56.0,109.0,142.0,46.0,56.0,106.0,133.0,False,False
5967,16.0,,,,,,,,,101.0,435.0,4.0,7.0,237.0,13.0,14.0,28.0,40.0,192.0,1.0,-40.0,232.0,4.0,8.0,,,,374.0,1155.0,,,,,,,2020,RB,120.7,120.7,7.5,7.5,41.0,57.0,156.0,215.0,41.0,57.0,155.0,212.0,False,False
5916,15.0,,,,,,,,,138.0,624.0,5.0,8.0,289.0,31.0,16.0,16.0,24.0,159.0,1.0,-1.0,160.0,,4.0,,,,356.0,1076.0,,,1.0,,,,2020,RB,132.3,132.3,8.8,8.8,36.0,42.0,141.0,179.0,36.0,42.0,138.0,173.0,False,False
7045,14.0,,,,,,,,,111.0,354.0,2.0,7.0,175.0,19.0,15.0,23.0,23.0,148.0,,-25.0,173.0,,2.0,2.0,2.0,,299.0,1055.0,,,,,,,2020,RB,81.2,81.2,5.8,5.8,59.0,67.0,220.0,253.0,59.0,67.0,220.0,253.0,False,False
7086,13.0,,,,,,,,,1.0,1.0,,,,,,10.0,29.0,167.0,,117.0,50.0,3.0,2.0,,,,353.0,926.0,,,,,,,2020,WR,26.8,26.8,2.1,2.1,147.0,156.0,352.0,394.0,147.0,156.0,350.0,393.0,False,False
7210,1.0,9.0,1.0,13.0,,2.0,1.0,-3.0,,2.0,7.0,,,3.0,,,,,,,,,,,,,,25.0,44.0,,,,,,,2020,WR,-2.8,-3.0,-2.8,-3.0,248.0,247.0,648.0,632.0,248.0,247.0,648.0,632.0,False,False
3976,10.0,297.0,199.0,2055.0,16.0,8.0,18.0,984.0,51.0,33.0,196.0,1.0,2.0,50.0,9.0,1.0,,,,,,,,,6.0,2.0,,590.0,912.0,,,,,,,2020,QB,151.8,142.7,15.2,14.3,28.0,27.0,116.0,65.0,26.0,24.0,127.0,75.0,False,False
4066,16.0,,,,,,,,,6.0,26.0,1.0,,4.0,3.0,1.0,63.0,109.0,654.0,1.0,367.0,287.0,9.0,13.0,1.0,1.0,,858.0,1040.0,,,,,1.0,,2020,TE,143.0,143.0,8.9,8.9,15.0,21.0,130.0,178.0,15.0,21.0,126.0,172.0,False,True
3164,15.0,,,,,,,,,244.0,979.0,6.0,15.0,496.0,45.0,15.0,52.0,71.0,338.0,2.0,-22.0,360.0,7.0,7.0,6.0,5.0,,788.0,1097.0,,,2.0,,,,2020,RB,225.7,225.7,15.0,15.0,9.0,16.0,52.0,69.0,9.0,16.0,49.0,62.0,True,True
6886,16.0,,,,,,,,,10.0,16.0,2.0,1.0,4.0,4.0,2.0,62.0,109.0,873.0,9.0,544.0,329.0,6.0,13.0,3.0,1.0,,706.0,1117.0,,,,,2.0,,2020,WR,218.9,218.9,13.7,13.7,24.0,34.0,57.0,90.0,25.0,34.0,55.0,86.0,True,True
6945,14.0,,,,,,,,,170.0,795.0,11.0,18.0,325.0,29.0,15.0,36.0,44.0,247.0,,-51.0,298.0,2.0,3.0,2.0,2.0,,414.0,969.0,,,2.0,,,,2020,RB,206.2,206.2,14.7,14.7,13.0,18.0,63.0,73.0,13.0,18.0,61.0,66.0,True,True
954,15.0,368.0,242.0,2657.0,8.0,10.0,31.0,1315.0,36.0,137.0,592.0,12.0,4.0,136.0,42.0,9.0,2.0,2.0,35.0,1.0,17.0,18.0,,1.0,6.0,1.0,,883.0,945.0,2.0,,,,,,2020,QB,263.0,225.8,17.5,15.1,16.0,20.0,32.0,40.0,17.0,21.0,47.0,60.0,False,True
490,4.0,43.0,29.0,264.0,1.0,2.0,3.0,145.0,5.0,2.0,16.0,,,,,,,,,,,,,,,,,66.0,1035.0,,,,,,,2020,QB,12.2,8.9,3.0,2.2,55.0,57.0,426.0,351.0,57.0,58.0,449.0,386.0,False,False
5271,14.0,,,,,,,,,16.0,64.0,,,20.0,1.0,,1.0,2.0,3.0,,-4.0,7.0,1.0,,,,,49.0,869.0,,,,,,,2020,RB,7.7,7.7,0.6,0.6,126.0,131.0,461.0,498.0,126.0,131.0,458.0,494.0,False,False
4985,3.0,,,,,,,,,11.0,34.0,,,5.0,2.0,,,,,,,,,,,,,39.0,188.0,,,,,,,2020,RB,3.4,3.4,1.1,1.1,131.0,123.0,496.0,466.0,131.0,123.0,494.0,462.0,False,False
5917,16.0,,,,,,,,,4.0,31.0,,,19.0,1.0,1.0,41.0,62.0,560.0,4.0,275.0,285.0,8.0,3.0,2.0,2.0,1.0,482.0,1130.0,,,,,,,2020,WR,126.1,126.1,7.9,7.9,61.0,80.0,151.0,202.0,61.0,80.0,147.0,200.0,False,False
4983,15.0,1.0,,,,,,,,2.0,22.0,,,8.0,,,66.0,118.0,1193.0,4.0,811.0,382.0,7.0,9.0,,,,858.0,996.0,,,,,4.0,,2020,WR,219.5,219.5,14.6,14.6,23.0,25.0,56.0,74.0,23.0,25.0,53.0,68.0,True,True
4273,12.0,,,,,,,,,141.0,681.0,5.0,10.0,287.0,18.0,7.0,37.0,46.0,287.0,4.0,40.0,247.0,3.0,5.0,1.0,,,408.0,815.0,,,,,,,2020,RB,187.8,187.8,15.6,15.6,20.0,14.0,79.0,61.0,20.0,14.0,78.0,54.0,True,True
1689,15.0,,,,,,,,,3.0,15.0,,1.0,8.0,1.0,,74.0,108.0,925.0,14.0,682.0,243.0,7.0,19.0,,,,946.0,1030.0,,,,,3.0,,2020,WR,258.0,258.0,17.2,17.2,10.0,11.0,34.0,42.0,10.0,11.0,30.0,36.0,True,True
6955,14.0,,,,,,1.0,,,240.0,1070.0,7.0,16.0,618.0,30.0,16.0,49.0,60.0,344.0,3.0,-43.0,387.0,2.0,5.0,3.0,1.0,,628.0,906.0,,,4.0,,,,2020,RB,256.4,256.4,18.3,18.3,7.0,6.0,36.0,26.0,7.0,6.0,32.0,24.0,True,True
5068,16.0,,,,,,,,,52.0,181.0,2.0,3.0,65.0,9.0,5.0,19.0,26.0,187.0,1.0,4.0,183.0,2.0,2.0,1.0,1.0,,301.0,1035.0,,,,,,,2020,RB,71.8,71.8,4.5,4.5,63.0,79.0,233.0,290.0,63.0,79.0,232.0,290.0,False,False
1170,9.0,,,,,,,,,55.0,238.0,1.0,2.0,115.0,5.0,3.0,3.0,4.0,19.0,1.0,2.0,17.0,,1.0,,,,113.0,602.0,,,,,,,2020,RB,40.7,40.7,4.5,4.5,83.0,79.0,308.0,290.0,83.0,79.0,308.0,290.0,False,False
5695,15.0,,,,,,,,,2.0,7.0,,,1.0,,,12.0,18.0,69.0,2.0,35.0,34.0,1.0,3.0,2.0,1.0,,186.0,1069.0,,,,,,,2020,WR,29.6,29.6,2.0,2.0,141.0,161.0,340.0,406.0,141.0,161.0,339.0,403.0,False,False
3357,5.0,142.0,90.0,925.0,5.0,4.0,7.0,368.0,14.0,13.0,27.0,,1.0,8.0,,,,1.0,,,,,,,1.0,1.0,,280.0,298.0,1.0,,,,,,2020,QB,51.7,43.2,10.3,8.6,41.0,43.0,282.0,145.0,41.0,42.0,295.0,180.0,False,False
5536,7.0,,,,,,,,,9.0,48.0,,1.0,29.0,2.0,1.0,1.0,1.0,2.0,,,2.0,,,,,,22.0,434.0,,,,,,,2020,RB,6.0,6.0,0.9,0.9,127.0,126.0,478.0,477.0,127.0,126.0,475.0,472.0,False,False
2382,11.0,,,,,,,,,77.0,235.0,1.0,5.0,116.0,5.0,7.0,28.0,35.0,249.0,1.0,29.0,220.0,2.0,8.0,3.0,2.0,,360.0,703.0,,,,,,,2020,RB,84.4,84.4,7.7,7.7,58.0,55.0,214.0,210.0,58.0,55.0,214.0,207.0,False,False
6878,11.0,,,,,,,,,33.0,113.0,,,24.0,1.0,3.0,6.0,10.0,54.0,,7.0,47.0,1.0,,,,,91.0,850.0,,,,,,,2020,RB,22.7,22.7,2.1,2.1,97.0,109.0,368.0,394.0,97.0,109.0,367.0,393.0,False,False
5248,16.0,,,,,,,,,144.0,723.0,6.0,10.0,336.0,25.0,11.0,9.0,13.0,129.0,,36.0,93.0,,1.0,1.0,1.0,,355.0,1055.0,,,1.0,,,,2020,RB,130.2,130.2,8.1,8.1,37.0,51.0,145.0,201.0,37.0,51.0,141.0,198.0,False,False
3868,13.0,,,,,,,,,22.0,123.0,1.0,1.0,47.0,2.0,,19.0,23.0,138.0,,41.0,97.0,1.0,4.0,1.0,,,193.0,906.0,,,,,,,2020,RB,51.1,51.1,3.9,3.9,78.0,87.0,283.0,313.0,78.0,87.0,279.0,311.0,False,False
5323,12.0,,,,,,,,,1.0,7.0,,,3.0,,,7.0,13.0,117.0,1.0,58.0,59.0,2.0,,,,,198.0,773.0,,,,,,,2020,WR,25.4,25.4,2.1,2.1,150.0,156.0,357.0,394.0,150.0,156.0,354.0,393.0,False,False
533,4.0,66.0,40.0,375.0,1.0,1.0,5.0,248.0,10.0,9.0,12.0,,,1.0,1.0,,,,,,,,,,1.0,1.0,,147.0,1040.0,,,,,,,2020,QB,16.2,10.7,4.0,2.7,50.0,53.0,400.0,308.0,54.0,55.0,431.0,360.0,False,False
344,6.0,2.0,2.0,38.0,,,,-2.0,,2.0,22.0,,,,,1.0,21.0,39.0,315.0,,251.0,64.0,2.0,4.0,,,,267.0,392.0,,,,,1.0,,2020,WR,58.2,57.5,9.7,9.6,106.0,62.0,260.0,156.0,107.0,63.0,258.0,151.0,False,False
6234,9.0,,,,,,,,,6.0,51.0,,1.0,15.0,2.0,1.0,20.0,25.0,186.0,1.0,54.0,132.0,1.0,3.0,3.0,1.0,,171.0,611.0,,,,,,,2020,WR,47.7,47.7,5.3,5.3,119.0,110.0,287.0,266.0,119.0,109.0,286.0,265.0,False,False
3343,1.0,12.0,5.0,32.0,,1.0,2.0,14.0,,2.0,12.0,,,,,,,,,,,,,,1.0,1.0,,18.0,139.0,,,,,,,2020,QB,-1.5,-2.2,-1.5,-2.2,92.0,81.0,645.0,631.0,92.0,81.0,647.0,631.0,False,False
1992,16.0,,,,,,,,,1.0,-1.0,,,,,1.0,102.0,151.0,1250.0,6.0,931.0,319.0,3.0,18.0,,,,940.0,1107.0,,,,,4.0,,2020,WR,270.9,270.9,16.9,16.9,9.0,13.0,28.0,45.0,9.0,13.0,25.0,39.0,True,True
2028,16.0,517.0,348.0,4103.0,27.0,9.0,26.0,2107.0,78.0,39.0,140.0,3.0,1.0,9.0,10.0,,,,,,,,,,11.0,8.0,,1021.0,1100.0,6.0,,,,,,2020,QB,282.1,254.1,17.6,15.9,13.0,19.0,24.0,38.0,13.0,17.0,34.0,48.0,False,True
2749,8.0,,,,,,,,,104.0,521.0,2.0,5.0,178.0,11.0,9.0,16.0,19.0,156.0,1.0,20.0,136.0,,,1.0,1.0,,241.0,570.0,,,,,,,2020,RB,99.7,99.7,12.5,12.5,49.0,27.0,184.0,103.0,49.0,27.0,183.0,97.0,False,False
5848,16.0,,,,,,,,,1.0,1.0,,,,,,58.0,100.0,769.0,8.0,495.0,274.0,6.0,10.0,,,,826.0,1055.0,,,,,1.0,,2020,WR,185.0,185.0,11.6,11.6,36.0,47.0,81.0,119.0,36.0,47.0,79.0,112.0,False,False
7101,7.0,,,,,,,,,41.0,156.0,1.0,4.0,60.0,7.0,5.0,9.0,11.0,59.0,,13.0,46.0,1.0,1.0,1.0,,,135.0,459.0,,,,,,,2020,RB,36.5,36.5,5.2,5.2,86.0,72.0,319.0,269.0,86.0,72.0,318.0,269.0,False,False
6770,10.0,404.0,264.0,2688.0,13.0,5.0,32.0,1560.0,54.0,37.0,142.0,3.0,3.0,23.0,9.0,1.0,,,,,,,,,9.0,4.0,,741.0,761.0,4.0,1.0,,,,,2020,QB,185.7,158.0,18.6,15.8,23.0,14.0,80.0,25.0,23.0,18.0,105.0,50.0,False,True
5107,14.0,,,,,,,,,9.0,28.0,,,14.0,3.0,,9.0,14.0,46.0,,-10.0,56.0,3.0,,,,,122.0,968.0,,,,,,,2020,RB,16.4,16.4,1.2,1.2,109.0,122.0,398.0,457.0,109.0,122.0,399.0,453.0,False,False
4179,1.0,5.0,4.0,2.0,,,,-11.0,2.0,2.0,20.0,,,,,,,,,,,,,,,,,9.0,69.0,,,,,,,2020,QB,2.1,2.0,2.1,2.0,67.0,60.0,522.0,394.0,65.0,59.0,522.0,403.0,False,False
6037,3.0,40.0,27.0,295.0,2.0,4.0,1.0,213.0,4.0,5.0,-5.0,,,,1.0,,,,,,,,,,1.0,,,88.0,917.0,,,,,,,2020,QB,11.3,9.4,3.8,3.1,57.0,54.0,431.0,319.0,56.0,54.0,444.0,345.0,False,False
3163,15.0,552.0,370.0,3952.0,20.0,13.0,23.0,1821.0,53.0,51.0,99.0,4.0,,6.0,7.0,1.0,,,,,,,,,7.0,4.0,,1075.0,1076.0,6.0,,,,,,2020,QB,250.0,210.9,16.7,14.1,18.0,22.0,40.0,48.0,18.0,26.0,58.0,80.0,False,True
4039,15.0,,,,,,,,,4.0,33.0,,,6.0,,1.0,92.0,124.0,974.0,3.0,464.0,510.0,6.0,12.0,1.0,1.0,,864.0,1076.0,,,,,3.0,,2020,WR,214.7,214.7,14.3,14.3,27.0,31.0,61.0,81.0,27.0,31.0,57.0,75.0,True,True
5885,5.0,32.0,17.0,164.0,1.0,2.0,9.0,93.0,4.0,11.0,66.0,1.0,,13.0,2.0,1.0,,,,,,,,,,,,92.0,1117.0,,,,,,,2020,QB,19.2,17.9,3.8,3.6,49.0,54.0,386.0,319.0,48.0,52.0,389.0,323.0,False,False
5162,2.0,,,,,,,,,12.0,69.0,,,20.0,1.0,,2.0,2.0,18.0,1.0,-2.0,20.0,,1.0,,,,23.0,134.0,,,,,,,2020,RB,16.7,16.7,8.4,8.4,108.0,49.0,397.0,194.0,108.0,49.0,397.0,190.0,False,False
536,8.0,,,,,,,,,2.0,-2.0,,,,,1.0,45.0,61.0,483.0,4.0,232.0,251.0,,5.0,,,,327.0,525.0,,,,,1.0,,2020,WR,119.1,119.1,14.9,14.9,64.0,23.0,157.0,70.0,64.0,23.0,156.0,63.0,False,False
4622,16.0,,,,,,,,,1.0,2.0,,,2.0,,,55.0,88.0,642.0,5.0,467.0,175.0,5.0,10.0,,,1.0,780.0,1027.0,,,,,1.0,,2020,WR,157.4,157.4,9.8,9.8,47.0,61.0,110.0,153.0,47.0,61.0,107.0,147.0,False,False
147,5.0,,,,,,,,,1.0,12.0,,,4.0,,,14.0,26.0,236.0,1.0,171.0,65.0,2.0,2.0,,,,188.0,398.0,,,,,,,2020,WR,44.8,44.8,9.0,9.0,123.0,70.0,293.0,175.0,123.0,70.0,291.0,169.0,False,False
7090,16.0,,,,,,,,,4.0,20.0,,,,1.0,1.0,61.0,98.0,631.0,4.0,306.0,325.0,1.0,10.0,1.0,,,807.0,1107.0,,,,,,,2020,WR,150.1,150.1,9.4,9.4,51.0,66.0,118.0,162.0,51.0,66.0,114.0,155.0,False,False
1825,15.0,4.0,4.0,74.0,1.0,,,58.0,,4.0,10.0,1.0,,2.0,2.0,1.0,72.0,101.0,840.0,3.0,499.0,341.0,6.0,15.0,2.0,,,722.0,1015.0,,,,,1.0,,2020,WR,190.0,190.5,12.7,12.7,34.0,38.0,77.0,99.0,34.0,38.0,76.0,95.0,False,True
4217,8.0,,,,,,,,,2.0,17.0,,,14.0,1.0,,48.0,63.0,634.0,2.0,340.0,294.0,5.0,3.0,,,,449.0,538.0,,,,,2.0,,2020,TE,129.1,129.1,16.1,16.1,18.0,3.0,146.0,53.0,18.0,3.0,142.0,45.0,False,False
2306,4.0,11.0,7.0,75.0,,,2.0,14.0,4.0,8.0,-6.0,,,1.0,1.0,,,,,,,,,,,,,55.0,1041.0,,,,,,,2020,QB,2.4,0.9,0.6,0.2,66.0,72.0,511.0,498.0,69.0,72.0,540.0,530.0,False,False
1479,14.0,1.0,,,,,,,,1.0,-1.0,,,,,1.0,100.0,147.0,992.0,8.0,569.0,423.0,3.0,16.0,3.0,2.0,,883.0,1057.0,,,,,4.0,,2020,WR,251.1,251.1,17.9,17.9,13.0,8.0,38.0,35.0,13.0,8.0,36.0,30.0,True,True
184,16.0,,,,,,,,,156.0,604.0,7.0,8.0,206.0,33.0,11.0,12.0,18.0,101.0,,-2.0,103.0,3.0,1.0,,,,303.0,1035.0,,,,,,,2020,RB,124.5,124.5,7.8,7.8,39.0,53.0,152.0,205.0,39.0,53.0,148.0,202.0,False,False
5549,16.0,,,,,,,,,39.0,169.0,1.0,,65.0,4.0,1.0,18.0,26.0,116.0,,-35.0,151.0,2.0,2.0,,,,283.0,1130.0,,,,,,,2020,RB,52.5,52.5,3.3,3.3,76.0,94.0,278.0,337.0,76.0,94.0,276.0,334.0,False,False
973,13.0,,,,,,,,,3.0,8.0,,,2.0,,,1.0,2.0,5.0,1.0,-2.0,7.0,1.0,1.0,,,,59.0,935.0,,,,,,,2020,RB,8.3,8.3,0.6,0.6,123.0,131.0,456.0,498.0,123.0,131.0,452.0,494.0,False,False
4381,16.0,121.0,88.0,928.0,4.0,2.0,14.0,556.0,14.0,87.0,457.0,8.0,2.0,93.0,28.0,3.0,8.0,12.0,98.0,1.0,63.0,35.0,1.0,1.0,10.0,5.0,,485.0,1097.0,,,,,,,2020,TE,156.6,146.1,9.8,9.1,8.0,12.0,112.0,153.0,12.0,19.0,121.0,165.0,True,True
1793,13.0,,,,,,,,,2.0,3.0,2.0,,2.0,2.0,,28.0,47.0,250.0,3.0,173.0,77.0,4.0,8.0,,,,379.0,899.0,,,,,,,2020,TE,83.3,83.3,6.4,6.4,28.0,29.0,216.0,241.0,28.0,29.0,216.0,241.0,False,False
4962,9.0,,,,,,,,,79.0,449.0,1.0,7.0,232.0,12.0,6.0,7.0,9.0,114.0,1.0,-34.0,148.0,,,,,,183.0,560.0,,,1.0,,,,2020,RB,77.3,77.3,8.6,8.6,60.0,44.0,223.0,186.0,60.0,44.0,223.0,180.0,False,False
5123,14.0,,,,,,,,,10.0,33.0,,1.0,24.0,,3.0,3.0,3.0,16.0,,3.0,13.0,,,,,,48.0,930.0,,,,,,,2020,RB,7.9,7.9,0.6,0.6,125.0,131.0,458.0,498.0,125.0,131.0,455.0,494.0,False,False
4183,1.0,5.0,3.0,25.0,,,2.0,4.0,,1.0,9.0,,,1.0,,,,,,,,,,,,,,12.0,741.0,,,,,,,2020,QB,1.9,1.4,1.9,1.4,69.0,63.0,529.0,416.0,67.0,63.0,535.0,437.0,False,False
7084,3.0,110.0,60.0,624.0,2.0,6.0,7.0,346.0,3.0,1.0,13.0,1.0,,13.0,1.0,,,,,,,,,,2.0,,,194.0,261.0,1.0,,,,,,2020,QB,30.3,21.8,10.1,7.3,43.0,44.0,334.0,148.0,46.0,47.0,376.0,218.0,False,False
1234,16.0,558.0,384.0,4212.0,40.0,13.0,47.0,2396.0,82.0,83.0,513.0,2.0,,22.0,5.0,2.0,,,,,,,,,7.0,4.0,,1069.0,1087.0,5.0,,,,,,2020,QB,367.8,363.5,23.0,22.7,6.0,8.0,8.0,12.0,4.0,6.0,6.0,10.0,True,True
1338,5.0,21.0,11.0,197.0,1.0,1.0,1.0,145.0,,6.0,-6.0,,,,,,,,,,,,,,,,,53.0,1117.0,,,,,,,2020,QB,9.3,7.3,1.9,1.5,58.0,63.0,448.0,416.0,60.0,61.0,462.0,430.0,False,False
4187,16.0,,,,,,,,,100.0,465.0,1.0,4.0,185.0,8.0,8.0,25.0,30.0,199.0,,37.0,162.0,3.0,1.0,2.0,1.0,,337.0,1142.0,,,,,,,2020,RB,95.4,95.4,6.0,6.0,52.0,65.0,196.0,250.0,52.0,65.0,194.0,250.0,False,False
1476,15.0,,,,,,,,,146.0,656.0,4.0,4.0,296.0,25.0,7.0,23.0,26.0,176.0,1.0,-22.0,198.0,2.0,4.0,1.0,,,370.0,1032.0,,,1.0,,,,2020,RB,138.2,138.2,9.2,9.2,34.0,39.0,137.0,169.0,34.0,39.0,134.0,162.0,False,True
1352,16.0,,,,,,,,,24.0,155.0,2.0,,33.0,4.0,4.0,90.0,129.0,936.0,6.0,438.0,498.0,4.0,11.0,2.0,1.0,,1031.0,1153.0,,,,,2.0,,2020,WR,249.1,249.1,15.6,15.6,14.0,19.0,41.0,61.0,14.0,19.0,37.0,54.0,True,True
7005,8.0,,,,,,,,,2.0,9.0,,,4.0,,,1.0,1.0,7.0,,3.0,4.0,,1.0,,,,9.0,504.0,,,,,,,2020,RB,2.6,2.6,0.3,0.3,134.0,139.0,505.0,526.0,134.0,139.0,503.0,523.0,False,False
6144,10.0,,,,,,,,,26.0,157.0,,2.0,34.0,,2.0,5.0,5.0,30.0,,-11.0,41.0,,,1.0,1.0,,59.0,652.0,,,,,,,2020,RB,21.7,21.7,2.2,2.2,99.0,108.0,377.0,389.0,99.0,108.0,377.0,386.0,False,False
4335,4.0,56.0,32.0,368.0,1.0,5.0,4.0,227.0,5.0,5.0,-2.0,,,,1.0,,,1.0,,,,,,,1.0,,,111.0,710.0,,,,,,,2020,QB,8.5,3.2,2.1,0.8,61.0,60.0,455.0,394.0,62.0,66.0,495.0,478.0,False,False
2078,7.0,1.0,1.0,18.0,,,,17.0,,3.0,72.0,1.0,,54.0,,1.0,23.0,43.0,319.0,3.0,273.0,46.0,1.0,6.0,,,,325.0,465.0,,,,,,,2020,WR,86.8,86.5,12.4,12.4,92.0,40.0,207.0,104.0,92.0,40.0,207.0,98.0,False,False
5131,9.0,,,,,,,,,59.0,270.0,,1.0,65.0,5.0,6.0,19.0,24.0,173.0,,-31.0,204.0,1.0,,,,,168.0,653.0,,,,,,,2020,RB,63.3,63.3,7.0,7.0,69.0,59.0,250.0,226.0,69.0,59.0,248.0,225.0,False,False
7109,9.0,,,,,,,,,3.0,5.0,,,6.0,1.0,1.0,9.0,13.0,92.0,1.0,59.0,33.0,1.0,,1.0,,,159.0,619.0,,,,,,,2020,WR,24.7,24.7,2.7,2.7,151.0,145.0,359.0,363.0,151.0,145.0,357.0,360.0,False,False
5032,13.0,,,,,,,,,1.0,4.0,,1.0,4.0,,,37.0,49.0,403.0,1.0,231.0,172.0,3.0,8.0,,,,414.0,800.0,,,,,,,2020,TE,83.7,83.7,6.4,6.4,27.0,29.0,215.0,241.0,27.0,29.0,215.0,241.0,False,False
4147,16.0,,,,,,,,,63.0,301.0,3.0,5.0,127.0,12.0,5.0,11.0,12.0,66.0,,-19.0,85.0,,4.0,,,,216.0,1117.0,,,,,,,2020,RB,65.7,65.7,4.1,4.1,67.0,84.0,244.0,302.0,67.0,84.0,243.0,301.0,False,False
6973,6.0,,,,,,,,,23.0,110.0,,1.0,59.0,4.0,3.0,1.0,2.0,4.0,,-4.0,8.0,1.0,1.0,,,,50.0,523.0,,,,,,,2020,RB,12.4,12.4,2.1,2.1,118.0,109.0,422.0,394.0,118.0,109.0,418.0,393.0,False,False
6585,1.0,,,,,,,,,3.0,4.0,,,4.0,,1.0,,,,,,,,,,,,6.0,78.0,,,,,,,2020,RB,0.4,0.4,0.4,0.4,145.0,137.0,550.0,522.0,145.0,137.0,547.0,518.0,False,False
6826,16.0,,,,,,,,,1.0,-3.0,,,,1.0,1.0,28.0,44.0,243.0,2.0,107.0,136.0,2.0,6.0,1.0,1.0,,622.0,1107.0,,,,,,,2020,TE,62.0,62.0,3.9,3.9,43.0,50.0,253.0,313.0,43.0,50.0,251.0,311.0,False,False
3594,16.0,,,,,,,,,94.0,258.0,4.0,4.0,113.0,16.0,6.0,4.0,7.0,12.0,,1.0,11.0,1.0,,,,,202.0,1116.0,,,,,,,2020,RB,55.0,55.0,3.4,3.4,74.0,93.0,270.0,333.0,74.0,93.0,270.0,330.0,False,False
3652,14.0,,,,,,,,,1.0,1.0,,,1.0,,,13.0,21.0,132.0,1.0,104.0,28.0,2.0,1.0,1.0,1.0,,240.0,997.0,,,,,,,2020,WR,30.3,30.3,2.2,2.2,138.0,153.0,334.0,389.0,138.0,152.0,334.0,386.0,False,False
2449,16.0,,,,,,,,,1.0,1.0,,,1.0,,,127.0,166.0,1535.0,8.0,1071.0,464.0,8.0,16.0,,,,991.0,1117.0,,,,,7.0,,2020,WR,342.6,342.6,21.4,21.4,2.0,3.0,14.0,20.0,2.0,3.0,11.0,17.0,True,True
1817,10.0,1.0,,,,1.0,,,,1.0,3.0,,,2.0,,,37.0,55.0,421.0,2.0,264.0,157.0,3.0,9.0,1.0,1.0,,540.0,739.0,,,,,,,2020,WR,87.4,87.4,8.7,8.7,89.0,71.0,204.0,181.0,89.0,71.0,204.0,176.0,False,False
1386,16.0,,,,,,,,,124.0,416.0,3.0,7.0,226.0,19.0,10.0,47.0,59.0,355.0,3.0,5.0,350.0,4.0,9.0,1.0,1.0,,539.0,1117.0,,,,,,,2020,RB,158.1,158.1,9.9,9.9,30.0,37.0,108.0,152.0,30.0,37.0,104.0,144.0,True,True
268,8.0,252.0,168.0,1582.0,6.0,8.0,22.0,629.0,28.0,10.0,3.0,,,,,,,,,,,,,,2.0,,,476.0,690.0,2.0,,,,,,2020,QB,75.6,55.9,9.4,7.0,36.0,45.0,226.0,162.0,37.0,49.0,266.0,225.0,False,False
1029,9.0,312.0,202.0,1852.0,10.0,8.0,18.0,1151.0,36.0,16.0,1.0,1.0,,3.0,2.0,,,,,,,,,,2.0,,,511.0,1037.0,1.0,,,,,,2020,QB,106.2,89.1,11.8,9.9,35.0,35.0,172.0,114.0,35.0,37.0,200.0,144.0,False,False
4344,14.0,,,,,,,,,1.0,3.0,,,,,,11.0,16.0,101.0,,68.0,33.0,,,,,,173.0,904.0,,,,,,,2020,WR,21.4,21.4,1.5,1.5,158.0,174.0,378.0,436.0,158.0,174.0,378.0,430.0,False,False
6178,14.0,,,,,,,,,27.0,97.0,1.0,,20.0,3.0,1.0,7.0,11.0,65.0,1.0,-23.0,88.0,1.0,2.0,2.0,1.0,,32.0,980.0,,,,,,,2020,RB,33.2,33.2,2.4,2.4,88.0,105.0,323.0,376.0,88.0,105.0,323.0,373.0,False,False
2152,15.0,492.0,340.0,3733.0,15.0,11.0,31.0,1858.0,53.0,53.0,279.0,5.0,3.0,59.0,18.0,1.0,,,,,,,,,6.0,3.0,,949.0,989.0,3.0,,,,,,2020,QB,245.2,200.6,16.3,13.4,19.0,24.0,42.0,52.0,21.0,27.0,65.0,90.0,False,True
5892,15.0,,,,,,,,,247.0,1070.0,8.0,29.0,586.0,44.0,24.0,54.0,68.0,438.0,2.0,42.0,396.0,3.0,10.0,1.0,1.0,,785.0,1057.0,,,3.0,,,,2020,RB,268.8,268.8,17.9,17.9,4.0,8.0,29.0,35.0,4.0,8.0,26.0,30.0,True,True
6290,16.0,,,,,,,,,3.0,14.0,,,3.0,1.0,,33.0,53.0,501.0,3.0,400.0,101.0,1.0,3.0,,,,444.0,1086.0,,,,,1.0,,2020,WR,104.5,104.5,6.5,6.5,72.0,98.0,173.0,238.0,72.0,98.0,171.0,238.0,False,False
5127,4.0,87.0,60.0,610.0,4.0,1.0,7.0,299.0,9.0,7.0,26.0,1.0,2.0,13.0,2.0,,,,,,,,,,1.0,1.0,,181.0,530.0,,,,,,,2020,QB,45.0,40.8,11.3,10.2,42.0,39.0,291.0,123.0,42.0,34.0,307.0,138.0,False,False
4274,16.0,,,,,,,,,8.0,61.0,,1.0,21.0,2.0,,35.0,47.0,417.0,6.0,248.0,169.0,3.0,12.0,1.0,,,490.0,1087.0,,,,,,,2020,WR,118.8,118.8,7.4,7.4,65.0,86.0,158.0,216.0,65.0,86.0,157.0,213.0,False,False
6845,13.0,,,,,,,,,112.0,481.0,4.0,13.0,275.0,28.0,10.0,14.0,18.0,95.0,1.0,8.0,87.0,,2.0,,,,413.0,916.0,,,,,,,2020,RB,101.6,101.6,7.8,7.8,46.0,53.0,176.0,205.0,46.0,53.0,174.0,202.0,False,False
178,1.0,,,,,,,,,3.0,-4.0,,,,,,,,,,,,,,,,,9.0,1142.0,,,,,,,2020,QB,-0.4,-0.4,-0.4,-0.4,90.0,80.0,642.0,629.0,89.0,79.0,641.0,628.0,False,False
5046,16.0,,,,,,,,,35.0,170.0,,2.0,71.0,3.0,,12.0,13.0,81.0,,18.0,63.0,,3.0,,,,198.0,1099.0,,,,,,,2020,RB,37.1,37.1,2.3,2.3,84.0,106.0,316.0,382.0,84.0,106.0,316.0,381.0,False,False
4878,16.0,,,,,,,,,1.0,1.0,,,,1.0,,3.0,4.0,35.0,,20.0,15.0,,1.0,,,,131.0,1064.0,,,,,,,2020,WR,6.6,6.6,0.4,0.4,189.0,205.0,473.0,522.0,189.0,205.0,470.0,518.0,False,False
627,15.0,,,,,,,,,1.0,-3.0,,,,,,4.0,5.0,34.0,,29.0,5.0,1.0,1.0,3.0,2.0,,63.0,1117.0,,,,,,,2020,WR,3.1,3.1,0.2,0.2,199.0,207.0,498.0,533.0,199.0,207.0,497.0,530.0,False,False
5927,15.0,,,,,,,,,2.0,30.0,,,18.0,,,87.0,134.0,1118.0,4.0,650.0,468.0,3.0,12.0,1.0,1.0,,972.0,1045.0,,,,,3.0,,2020,WR,229.8,229.8,15.3,15.3,19.0,20.0,49.0,63.0,19.0,20.0,45.0,56.0,True,True
5974,2.0,10.0,3.0,90.0,1.0,,,36.0,,5.0,17.0,,,3.0,,1.0,,,,,,,,,,,,21.0,175.0,,,,,,,2020,QB,9.3,9.5,4.6,4.8,58.0,50.0,448.0,284.0,55.0,50.0,443.0,278.0,False,False
4199,14.0,,,,,,,,,201.0,1104.0,9.0,13.0,590.0,38.0,14.0,47.0,63.0,355.0,2.0,-10.0,365.0,4.0,10.0,2.0,,,546.0,914.0,,,3.0,,,,2020,RB,264.9,264.9,18.9,18.9,5.0,5.0,30.0,23.0,5.0,5.0,27.0,22.0,True,True
6156,16.0,,,,,,,,,111.0,368.0,4.0,5.0,165.0,21.0,12.0,10.0,14.0,61.0,,-27.0,88.0,,2.0,2.0,1.0,,285.0,1117.0,,,1.0,,,,2020,RB,76.9,76.9,4.8,4.8,61.0,75.0,224.0,278.0,61.0,75.0,224.0,278.0,False,False
4950,14.0,,,,,,,,,2.0,3.0,,,1.0,,,48.0,79.0,621.0,6.0,446.0,175.0,2.0,12.0,1.0,,,816.0,1054.0,,,,,1.0,,2020,WR,148.4,148.4,10.6,10.6,52.0,55.0,120.0,141.0,52.0,55.0,116.0,132.0,False,False
6931,12.0,,,,,,,,,34.0,108.0,2.0,2.0,61.0,12.0,5.0,17.0,20.0,111.0,1.0,1.0,110.0,,3.0,,,,153.0,826.0,,,,,,,2020,RB,56.9,56.9,4.7,4.7,73.0,77.0,266.0,282.0,73.0,77.0,263.0,283.0,False,False
5915,13.0,,,,,,,,,1.0,-6.0,,,,,1.0,21.0,35.0,224.0,2.0,142.0,82.0,2.0,3.0,1.0,,,317.0,930.0,,,,,,,2020,WR,54.8,54.8,4.2,4.2,113.0,121.0,271.0,299.0,114.0,121.0,271.0,298.0,False,False
6450,1.0,10.0,6.0,49.0,,1.0,1.0,22.0,,1.0,18.0,,,,,,,,,,,,,,,,,16.0,265.0,,,,,,,2020,QB,1.8,0.8,1.8,0.8,70.0,66.0,531.0,424.0,71.0,66.0,543.0,478.0,False,False
6063,12.0,,,,,,,,,3.0,17.0,,,7.0,,,20.0,26.0,398.0,3.0,339.0,59.0,,1.0,,,,225.0,863.0,,,,,,,2020,WR,79.5,79.5,6.6,6.6,97.0,96.0,221.0,236.0,97.0,96.0,221.0,236.0,False,False
4018,6.0,,,,,,,,,119.0,428.0,3.0,3.0,200.0,17.0,15.0,21.0,26.0,138.0,1.0,-29.0,167.0,1.0,3.0,1.0,1.0,,299.0,465.0,,,1.0,,,,2020,RB,101.6,101.6,16.9,16.9,46.0,10.0,176.0,45.0,46.0,10.0,174.0,39.0,False,False
2229,1.0,38.0,21.0,243.0,1.0,1.0,2.0,191.0,3.0,3.0,28.0,,1.0,15.0,,,,,,,,,,,,,,72.0,626.0,,,,,,,2020,QB,14.5,11.7,14.5,11.7,52.0,29.0,409.0,76.0,52.0,31.0,424.0,111.0,False,False
538,14.0,,,,,,,,,1.0,12.0,,,3.0,,,61.0,82.0,726.0,5.0,556.0,170.0,2.0,12.0,1.0,,,566.0,951.0,,,,,1.0,,2020,WR,166.8,166.8,11.9,11.9,42.0,45.0,99.0,113.0,42.0,45.0,96.0,109.0,False,False
4197,16.0,1.0,1.0,12.0,1.0,,,-5.0,1.0,10.0,9.0,,,6.0,2.0,5.0,30.0,34.0,282.0,5.0,102.0,180.0,,6.0,,,1.0,275.0,1117.0,,,,,,,2020,WR,99.6,101.3,6.2,6.3,79.0,101.0,185.0,243.0,74.0,101.0,176.0,243.0,False,False
5890,10.0,,,,,,,,,137.0,691.0,2.0,12.0,262.0,19.0,7.0,5.0,7.0,52.0,,-3.0,55.0,,1.0,1.0,,,255.0,643.0,,,3.0,,,,2020,RB,97.3,97.3,9.7,9.7,50.0,38.0,187.0,156.0,50.0,38.0,185.0,149.0,False,False
3161,12.0,437.0,251.0,2620.0,16.0,15.0,50.0,1620.0,51.0,52.0,276.0,5.0,4.0,126.0,11.0,,,,,,,,,,10.0,4.0,,829.0,1099.0,1.0,,,,,,2020,QB,190.4,170.0,15.9,14.2,22.0,25.0,76.0,56.0,22.0,25.0,92.0,78.0,False,True
5111,13.0,,,,,,,,,1.0,2.0,,,1.0,,,6.0,12.0,48.0,1.0,44.0,4.0,,1.0,,,,299.0,906.0,,,,,,,2020,WR,17.0,17.0,1.3,1.3,161.0,182.0,395.0,450.0,161.0,182.0,395.0,445.0,False,False
6002,3.0,,,,,,,,,1.0,3.0,,,3.0,,,,,,,,,,,,,,15.0,213.0,,,,,,,2020,RB,0.3,0.3,0.1,0.1,146.0,144.0,551.0,545.0,146.0,144.0,550.0,544.0,False,False
331,16.0,543.0,369.0,4169.0,24.0,11.0,19.0,1979.0,73.0,18.0,-8.0,,,2.0,,,,,,,,,,,2.0,1.0,,1058.0,1108.0,3.0,,,,,,2020,QB,244.0,208.6,15.2,13.0,20.0,27.0,43.0,65.0,19.0,28.0,59.0,94.0,False,True
1559,5.0,179.0,111.0,1072.0,7.0,5.0,9.0,667.0,11.0,6.0,17.0,,,3.0,,,,,,,,,,,2.0,2.0,,295.0,1027.0,,,,,,,2020,QB,58.6,51.1,11.7,10.2,38.0,37.0,259.0,117.0,38.0,34.0,279.0,138.0,False,False
6011,9.0,327.0,216.0,2259.0,16.0,5.0,27.0,1205.0,56.0,29.0,153.0,1.0,,4.0,2.0,1.0,1.0,1.0,,,-8.0,8.0,,,5.0,4.0,,537.0,766.0,3.0,,,,,,2020,QB,164.7,151.5,18.3,16.8,26.0,15.0,102.0,26.0,25.0,16.0,112.0,42.0,False,False
6136,5.0,44.0,22.0,256.0,2.0,3.0,4.0,76.0,3.0,7.0,7.0,,,,2.0,1.0,,,,,,,,,,,,85.0,816.0,,,,,,,2020,QB,12.9,11.8,2.6,2.4,53.0,58.0,416.0,367.0,51.0,56.0,423.0,373.0,False,False
491,14.0,,,,,,,,,1.0,2.0,,,,,,46.0,69.0,602.0,,312.0,290.0,2.0,5.0,,,,466.0,897.0,,,,,,,2020,WR,106.4,106.4,7.6,7.6,71.0,85.0,171.0,214.0,71.0,85.0,168.0,210.0,False,False
6794,16.0,,,,,,,,,1.0,2.0,,,1.0,,,88.0,125.0,1400.0,7.0,943.0,457.0,2.0,10.0,1.0,,,908.0,1109.0,,,,,7.0,,2020,WR,284.2,284.2,17.8,17.8,6.0,9.0,23.0,37.0,6.0,9.0,22.0,32.0,True,True
676,10.0,,,,,,,,,10.0,31.0,,,10.0,,2.0,15.0,19.0,101.0,,4.0,97.0,2.0,3.0,,,,117.0,946.0,,,,,,,2020,RB,28.2,28.2,2.8,2.8,94.0,100.0,349.0,356.0,94.0,100.0,348.0,353.0,False,False
6553,4.0,,,,,,,,,1.0,3.0,,,2.0,,,1.0,1.0,27.0,,-6.0,33.0,,,,,,12.0,271.0,,,,,,,2020,RB,4.0,4.0,1.0,1.0,130.0,125.0,491.0,474.0,130.0,125.0,489.0,469.0,False,False
5980,10.0,,,,,,,,,142.0,584.0,3.0,6.0,287.0,34.0,10.0,41.0,47.0,388.0,2.0,,388.0,2.0,6.0,2.0,2.0,,461.0,668.0,,,,,,,2020,RB,164.2,164.2,16.4,16.4,29.0,12.0,103.0,51.0,29.0,12.0,99.0,44.0,True,True
4160,4.0,,,,,,,,,1.0,12.0,,,3.0,,,4.0,6.0,16.0,,8.0,8.0,1.0,,,,,80.0,264.0,,,,,,,2020,WR,6.8,6.8,1.7,1.7,188.0,169.0,472.0,429.0,188.0,169.0,469.0,423.0,False,False
5112,1.0,,,,,,,,,6.0,31.0,,1.0,14.0,,,,,,,,,,,,,,12.0,68.0,,,,,,,2020,RB,3.1,3.1,3.1,3.1,132.0,98.0,498.0,348.0,132.0,98.0,497.0,345.0,False,False
2431,15.0,,,,,,,,,165.0,642.0,6.0,21.0,406.0,39.0,16.0,59.0,70.0,373.0,2.0,-45.0,418.0,2.0,11.0,1.0,1.0,,596.0,1001.0,,,,,,,2020,RB,206.5,206.5,13.8,13.8,12.0,21.0,62.0,87.0,12.0,21.0,60.0,83.0,True,True
6938,12.0,,,,,,,,,145.0,625.0,2.0,6.0,286.0,31.0,14.0,11.0,14.0,123.0,1.0,42.0,81.0,1.0,2.0,1.0,1.0,,308.0,876.0,,,1.0,,,,2020,RB,103.8,103.8,8.6,8.6,45.0,44.0,174.0,186.0,45.0,44.0,172.0,180.0,False,False
4198,14.0,1.0,,,,,,,1.0,6.0,33.0,,,2.0,,,13.0,20.0,89.0,,-12.0,101.0,1.0,3.0,2.0,1.0,1.0,199.0,901.0,,,,,,,2020,WR,29.2,29.2,2.1,2.1,143.0,156.0,344.0,394.0,143.0,156.0,343.0,393.0,False,False
4984,16.0,572.0,396.0,4544.0,37.0,10.0,26.0,2696.0,84.0,102.0,421.0,8.0,4.0,139.0,24.0,7.0,1.0,1.0,12.0,1.0,-5.0,17.0,,1.0,9.0,6.0,,1061.0,1117.0,6.0,2.0,,,,,2020,QB,416.1,399.2,26.0,24.9,1.0,2.0,1.0,4.0,2.0,2.0,2.0,6.0,True,True
1848,14.0,,,,,,,,,35.0,121.0,2.0,1.0,44.0,4.0,3.0,49.0,62.0,375.0,1.0,-36.0,411.0,2.0,6.0,1.0,,,332.0,881.0,,,,,,,2020,RB,116.6,116.6,8.3,8.3,42.0,50.0,163.0,197.0,42.0,50.0,161.0,193.0,False,False
6039,13.0,,,,,,,,,54.0,254.0,1.0,1.0,70.0,9.0,1.0,16.0,21.0,99.0,1.0,-33.0,132.0,,1.0,,,,180.0,814.0,,,1.0,,,,2020,RB,65.3,65.3,5.0,5.0,68.0,74.0,246.0,274.0,68.0,74.0,245.0,274.0,False,False
6803,12.0,,,,,,,,,6.0,77.0,2.0,1.0,41.0,1.0,1.0,60.0,96.0,748.0,5.0,459.0,289.0,5.0,14.0,,,,744.0,856.0,,,,,2.0,,2020,WR,188.5,188.5,15.7,15.7,35.0,18.0,78.0,58.0,35.0,18.0,77.0,52.0,False,True
2331,12.0,,,,,,,,,1.0,6.0,,,,,,30.0,60.0,505.0,3.0,345.0,160.0,3.0,6.0,,,,667.0,739.0,,,,,1.0,,2020,WR,101.1,101.1,8.4,8.4,74.0,76.0,178.0,194.0,75.0,76.0,177.0,190.0,False,False
6778,5.0,16.0,11.0,105.0,1.0,1.0,2.0,9.0,2.0,4.0,15.0,,,3.0,,,,,,,,,,,1.0,,,31.0,1173.0,,,,,,,2020,QB,7.7,7.6,1.5,1.5,62.0,67.0,461.0,436.0,59.0,61.0,460.0,430.0,False,False
4144,15.0,,,,,,,,,2.0,4.0,1.0,,,1.0,,41.0,65.0,448.0,8.0,210.0,238.0,3.0,17.0,,,,765.0,1033.0,,,,,,,2020,TE,140.2,140.2,9.3,9.3,16.0,16.0,131.0,166.0,16.0,15.0,129.0,159.0,False,False
6853,16.0,,,,,,,,,1.0,-1.0,,,,,1.0,19.0,31.0,220.0,1.0,174.0,46.0,1.0,3.0,1.0,,,264.0,1153.0,,,,,,,2020,WR,46.9,46.9,2.9,2.9,120.0,142.0,288.0,354.0,120.0,142.0,287.0,351.0,False,False
6239,15.0,,,,,,,,,1.0,9.0,,,9.0,,,5.0,6.0,66.0,1.0,19.0,47.0,,1.0,,,,168.0,986.0,,,,,,,2020,WR,18.5,18.5,1.2,1.2,160.0,184.0,390.0,457.0,160.0,184.0,388.0,453.0,False,False
6789,13.0,,,,,,,,,9.0,49.0,,,13.0,,1.0,26.0,43.0,452.0,2.0,307.0,145.0,3.0,2.0,2.0,2.0,,589.0,889.0,,,,,1.0,,2020,WR,86.1,86.1,6.6,6.6,94.0,96.0,209.0,236.0,94.0,96.0,209.0,236.0,False,False
3934,6.0,,,,,,,,,15.0,76.0,,,27.0,,3.0,8.0,10.0,42.0,,-2.0,44.0,1.0,2.0,,,,63.0,470.0,,,,,,,2020,RB,19.8,19.8,3.3,3.3,103.0,94.0,384.0,337.0,103.0,94.0,383.0,334.0,False,False
5096,16.0,,,,,,,,,4.0,65.0,,,26.0,1.0,1.0,20.0,22.0,77.0,,-28.0,105.0,,1.0,2.0,1.0,,168.0,1117.0,,,,,,,2020,WR,32.2,32.2,2.0,2.0,136.0,161.0,328.0,406.0,136.0,161.0,328.0,403.0,False,False
4098,16.0,,,,,,,,,198.0,841.0,6.0,17.0,455.0,39.0,17.0,38.0,51.0,304.0,5.0,24.0,280.0,4.0,9.0,2.0,,,563.0,1097.0,,,1.0,,,,2020,RB,220.5,220.5,13.8,13.8,10.0,21.0,53.0,87.0,10.0,21.0,50.0,83.0,True,True
3200,12.0,,,,,,,,,6.0,49.0,1.0,,5.0,,1.0,66.0,90.0,656.0,3.0,452.0,204.0,1.0,10.0,,,,581.0,798.0,,,,,1.0,,2020,WR,162.5,162.5,13.5,13.5,44.0,36.0,105.0,93.0,44.0,36.0,101.0,88.0,False,False
4089,16.0,,,,,,,,,1.0,2.0,1.0,,,1.0,,41.0,62.0,417.0,1.0,174.0,243.0,5.0,5.0,1.0,1.0,,652.0,1153.0,,,,,,,2020,TE,92.9,92.9,5.8,5.8,25.0,32.0,198.0,253.0,25.0,32.0,197.0,253.0,False,False
2341,3.0,,,,,,,,,10.0,70.0,,,34.0,1.0,,1.0,4.0,22.0,1.0,22.0,,1.0,,1.0,,,43.0,201.0,,,,,,,2020,RB,16.2,16.2,5.4,5.4,110.0,69.0,400.0,261.0,110.0,69.0,401.0,261.0,False,False
4718,14.0,,,,,,,,,32.0,145.0,,2.0,49.0,3.0,3.0,10.0,20.0,54.0,,-9.0,63.0,1.0,,,,,189.0,910.0,,,,,,,2020,RB,29.9,29.9,2.1,2.1,93.0,109.0,338.0,394.0,93.0,109.0,337.0,393.0,False,False
2588,16.0,,,,,,,,,101.0,419.0,5.0,7.0,142.0,19.0,11.0,23.0,33.0,162.0,,-16.0,178.0,3.0,4.0,1.0,1.0,,482.0,1153.0,,,,,,,2020,RB,109.1,109.1,6.8,6.8,43.0,60.0,167.0,230.0,43.0,60.0,164.0,230.0,False,False
138,15.0,608.0,399.0,3803.0,33.0,10.0,13.0,1850.0,73.0,25.0,11.0,,,5.0,6.0,,,,,,,,,,5.0,1.0,,1025.0,1048.0,5.0,,,,,,2020,QB,273.2,263.2,18.2,17.5,14.0,17.0,26.0,30.0,12.0,14.0,28.0,34.0,False,True
3204,10.0,,,,,,,,,10.0,19.0,,,6.0,3.0,2.0,5.0,5.0,18.0,1.0,-8.0,26.0,,1.0,1.0,1.0,,47.0,622.0,,,,,,,2020,RB,12.7,12.7,1.3,1.3,116.0,119.0,419.0,450.0,116.0,119.0,415.0,445.0,False,False
6012,9.0,,,,,,,,,25.0,88.0,,2.0,32.0,2.0,6.0,9.0,10.0,90.0,1.0,-2.0,92.0,,1.0,,,,141.0,617.0,,,,,,,2020,RB,32.8,32.8,3.6,3.6,89.0,90.0,326.0,328.0,89.0,90.0,326.0,323.0,False,False
6798,11.0,,,,,,,,,4.0,26.0,,,2.0,,1.0,31.0,54.0,396.0,1.0,213.0,183.0,1.0,5.0,2.0,,1.0,532.0,796.0,,,,,,,2020,WR,85.2,85.2,7.7,7.7,95.0,84.0,212.0,210.0,95.0,84.0,212.0,207.0,False,False
4035,15.0,,,,,,,,,187.0,932.0,16.0,19.0,409.0,42.0,14.0,83.0,107.0,756.0,5.0,25.0,731.0,9.0,14.0,1.0,,,671.0,1032.0,,,1.0,,1.0,,2020,RB,381.8,381.8,25.5,25.5,1.0,2.0,6.0,7.0,1.0,2.0,3.0,3.0,True,True
3803,14.0,,,,,,,,,6.0,15.0,,,11.0,1.0,,2.0,3.0,20.0,,4.0,16.0,,1.0,,,,76.0,914.0,,,,,,,2020,RB,5.5,5.5,0.4,0.4,128.0,137.0,480.0,522.0,128.0,137.0,477.0,518.0,False,False
5113,16.0,2.0,2.0,23.0,1.0,,,2.0,1.0,3.0,-12.0,,,,,3.0,17.0,28.0,189.0,2.0,76.0,113.0,3.0,6.0,,,,240.0,1155.0,,,,,1.0,,2020,WR,53.6,55.2,3.4,3.4,114.0,132.0,274.0,333.0,113.0,132.0,269.0,330.0,False,False
3362,3.0,64.0,35.0,432.0,3.0,2.0,11.0,301.0,6.0,6.0,28.0,,,10.0,1.0,,,,,,,,,,,,,116.0,275.0,,,,,,,2020,QB,28.1,25.4,9.4,8.5,44.0,45.0,350.0,162.0,43.0,43.0,354.0,185.0,False,False
333,9.0,267.0,183.0,2091.0,13.0,8.0,14.0,1238.0,33.0,30.0,151.0,2.0,,21.0,9.0,,1.0,1.0,,,-4.0,4.0,,,2.0,,,504.0,1005.0,3.0,,,,,,2020,QB,153.7,137.9,17.1,15.3,27.0,21.0,114.0,43.0,28.0,20.0,135.0,56.0,False,False
3257,11.0,8.0,2.0,17.0,,,2.0,-1.0,1.0,17.0,19.0,3.0,,9.0,3.0,,,,,,,,,,,,,50.0,1108.0,,,,,,,2020,QB,20.6,20.2,1.9,1.8,47.0,63.0,382.0,416.0,47.0,60.0,382.0,418.0,False,False
3199,7.0,,,,,,,,,1.0,1.0,,,1.0,,,40.0,55.0,438.0,,356.0,82.0,1.0,10.0,,,,358.0,487.0,,,,,2.0,,2020,WR,87.9,87.9,12.6,12.6,88.0,39.0,203.0,101.0,88.0,39.0,203.0,96.0,False,False
4972,5.0,43.0,25.0,324.0,2.0,1.0,1.0,222.0,3.0,7.0,-6.0,,,,,,,,,,,,,,,,,81.0,1117.0,1.0,,,,,,2020,QB,20.4,17.9,4.1,3.6,48.0,52.0,383.0,302.0,48.0,52.0,389.0,323.0,False,False
7227,5.0,,,,,,,,,6.0,34.0,1.0,1.0,20.0,1.0,2.0,,,,,,,,,,,,13.0,550.0,,,,,,,2020,RB,9.4,9.4,1.9,1.9,121.0,112.0,446.0,416.0,121.0,112.0,444.0,413.0,False,False
6805,13.0,,,,,,,,,9.0,40.0,,,2.0,,3.0,30.0,56.0,381.0,3.0,257.0,124.0,7.0,4.0,2.0,,,530.0,891.0,,,,,,,2020,WR,90.1,90.1,6.9,6.9,86.0,93.0,200.0,228.0,86.0,93.0,199.0,228.0,False,False
2307,1.0,28.0,17.0,226.0,1.0,1.0,,150.0,3.0,9.0,88.0,1.0,1.0,28.0,3.0,,,,,,,,,,,,,65.0,359.0,,,,,,,2020,QB,25.8,23.3,25.8,23.3,45.0,4.0,354.0,6.0,44.0,5.0,361.0,9.0,False,False
3969,13.0,,,,,,,,,97.0,367.0,6.0,,188.0,19.0,9.0,36.0,47.0,233.0,,-2.0,235.0,7.0,8.0,,,,385.0,891.0,,,1.0,,,,2020,RB,134.0,134.0,10.3,10.3,35.0,36.0,140.0,145.0,35.0,36.0,137.0,137.0,False,True
6149,16.0,,,,,,,,,2.0,-1.0,,,2.0,1.0,1.0,50.0,96.0,751.0,3.0,597.0,154.0,6.0,10.0,1.0,1.0,,899.0,1040.0,,,,,2.0,,2020,WR,145.0,145.0,9.1,9.1,53.0,67.0,125.0,172.0,54.0,67.0,123.0,165.0,False,False
4149,14.0,,,,,,,,,119.0,505.0,2.0,5.0,226.0,23.0,5.0,31.0,35.0,236.0,1.0,17.0,219.0,2.0,3.0,,,,424.0,922.0,,,,,,,2020,RB,123.1,123.1,8.8,8.8,40.0,42.0,154.0,179.0,40.0,42.0,153.0,173.0,False,False
4017,16.0,544.0,382.0,4823.0,33.0,7.0,49.0,2842.0,85.0,90.0,444.0,3.0,7.0,109.0,18.0,2.0,,,,,,,,,8.0,3.0,,999.0,1002.0,10.0,,,,,,2020,QB,387.3,356.9,24.2,22.3,5.0,7.0,5.0,11.0,6.0,8.0,9.0,13.0,True,True
4464,10.0,326.0,211.0,2437.0,12.0,12.0,19.0,1176.0,43.0,9.0,8.0,,,1.0,1.0,,,,,,,,,,6.0,4.0,,618.0,931.0,2.0,,,,,,2020,QB,118.3,93.5,11.8,9.4,33.0,35.0,160.0,114.0,34.0,39.0,196.0,155.0,False,False
2422,16.0,,,,,,,,,1.0,2.0,,,1.0,1.0,,11.0,15.0,110.0,,62.0,48.0,,3.0,,,,363.0,1155.0,,,,,,,2020,TE,22.2,22.2,1.4,1.4,73.0,82.0,373.0,443.0,73.0,82.0,372.0,437.0,False,False
1426,16.0,,,,,,,,,1.0,1.0,,,1.0,,,115.0,160.0,1407.0,6.0,879.0,528.0,2.0,13.0,3.0,2.0,,1081.0,1173.0,,,,,7.0,,2020,WR,301.8,301.8,18.9,18.9,4.0,5.0,19.0,23.0,4.0,5.0,18.0,22.0,True,True
3614,5.0,,,,,,,,,2.0,14.0,,1.0,6.0,,1.0,1.0,3.0,5.0,,5.0,,1.0,,,,,25.0,342.0,,,,,,,2020,WR,2.9,2.9,0.6,0.6,201.0,200.0,501.0,498.0,201.0,200.0,500.0,494.0,False,False
4651,15.0,,,,,,,,,21.0,75.0,1.0,,32.0,5.0,,5.0,6.0,25.0,,-7.0,32.0,1.0,,,,,112.0,1100.0,,,,,,,2020,RB,21.0,21.0,1.4,1.4,100.0,116.0,379.0,443.0,100.0,116.0,379.0,437.0,False,False
6151,12.0,,,,,,,,,164.0,867.0,6.0,9.0,370.0,24.0,17.0,28.0,52.0,197.0,,-11.0,208.0,7.0,1.0,4.0,2.0,,626.0,881.0,,,2.0,,,,2020,RB,170.4,170.4,14.2,14.2,24.0,19.0,94.0,83.0,24.0,19.0,90.0,78.0,True,True
5086,16.0,,,,,,,,,4.0,13.0,,,4.0,1.0,1.0,33.0,63.0,690.0,6.0,436.0,254.0,6.0,6.0,1.0,1.0,,804.0,1054.0,,,,,1.0,,2020,WR,139.3,139.3,8.7,8.7,55.0,71.0,133.0,181.0,55.0,71.0,131.0,176.0,False,False
289,12.0,390.0,275.0,2942.0,24.0,6.0,13.0,1458.0,62.0,18.0,-2.0,2.0,,4.0,3.0,,,,,,,,,,6.0,2.0,,725.0,815.0,3.0,,,,,,2020,QB,215.5,204.6,18.0,17.1,21.0,18.0,60.0,33.0,20.0,15.0,62.0,37.0,False,True
6311,16.0,,,,,,,,,13.0,72.0,,1.0,22.0,1.0,1.0,10.0,12.0,68.0,,28.0,40.0,,1.0,1.0,1.0,,147.0,1089.0,,,,,,,2020,RB,22.0,22.0,1.4,1.4,98.0,116.0,374.0,443.0,98.0,116.0,373.0,437.0,False,False
3391,11.0,,,,,,,,,8.0,15.0,,,5.0,,2.0,,,,,,,,,,,,13.0,775.0,,,,,,,2020,RB,1.5,1.5,0.1,0.1,141.0,144.0,537.0,545.0,141.0,144.0,532.0,544.0,False,False
4150,15.0,,,,,,,,,147.0,682.0,6.0,10.0,344.0,19.0,10.0,21.0,27.0,114.0,,14.0,100.0,3.0,4.0,1.0,,,393.0,975.0,,,1.0,,,,2020,RB,138.6,138.6,9.2,9.2,33.0,39.0,136.0,169.0,33.0,39.0,133.0,162.0,False,True
3280,8.0,,,,,,,,,13.0,67.0,,1.0,19.0,3.0,,11.0,15.0,84.0,,,84.0,1.0,,,,,145.0,550.0,,,,,,,2020,RB,26.1,26.1,3.3,3.3,95.0,94.0,353.0,337.0,95.0,94.0,351.0,334.0,False,False
5850,15.0,,,,,,,,,273.0,1065.0,12.0,19.0,481.0,64.0,23.0,33.0,45.0,238.0,,,238.0,2.0,3.0,2.0,2.0,,629.0,1022.0,,,2.0,,,,2020,RB,235.3,235.3,15.7,15.7,8.0,13.0,46.0,58.0,8.0,13.0,40.0,52.0,True,True
5880,2.0,,,,,,,,,2.0,16.0,,,2.0,,,6.0,9.0,71.0,,53.0,18.0,,,,,,64.0,149.0,,,,,,,2020,WR,14.7,14.7,7.4,7.4,165.0,86.0,408.0,216.0,165.0,86.0,407.0,213.0,False,False
862,4.0,16.0,9.0,143.0,2.0,,1.0,63.0,,9.0,16.0,,,,,,,,,,,,,,1.0,,,51.0,1086.0,,,,,,,2020,QB,15.3,16.5,3.8,4.1,51.0,54.0,406.0,319.0,50.0,51.0,398.0,301.0,False,False
2168,5.0,,,,,,,,,54.0,172.0,1.0,2.0,68.0,6.0,7.0,7.0,10.0,58.0,,-12.0,70.0,2.0,2.0,,,,139.0,302.0,,,,,,,2020,RB,36.0,36.0,7.2,7.2,87.0,58.0,321.0,224.0,87.0,58.0,320.0,222.0,False,False
1971,6.0,,,,,,,,,1.0,4.0,,1.0,4.0,1.0,,1.0,2.0,15.0,,1.0,14.0,,,,,,26.0,367.0,,,,,,,2020,WR,2.9,2.9,0.5,0.5,201.0,202.0,501.0,514.0,201.0,202.0,500.0,508.0,False,False
5806,1.0,38.0,22.0,231.0,,1.0,2.0,138.0,5.0,6.0,56.0,,,,1.0,,,,,,,,,,,,,77.0,1080.0,,,,,,,2020,QB,12.8,8.2,12.8,8.2,54.0,32.0,417.0,98.0,58.0,44.0,453.0,195.0,False,False
4029,14.0,,,,,,,,,312.0,1557.0,16.0,33.0,763.0,58.0,12.0,44.0,54.0,361.0,1.0,-82.0,443.0,3.0,2.0,5.0,3.0,,684.0,972.0,,,7.0,1.0,,,2020,RB,349.8,349.8,25.0,25.0,3.0,3.0,11.0,8.0,3.0,3.0,10.0,5.0,True,True
4152,1.0,,,,,,,,,4.0,26.0,,,12.0,,1.0,3.0,3.0,30.0,,-1.0,31.0,,,,,,11.0,75.0,,,,,,,2020,RB,8.6,8.6,8.6,8.6,122.0,44.0,454.0,186.0,122.0,44.0,451.0,180.0,False,False
5849,16.0,558.0,375.0,3971.0,26.0,12.0,27.0,2241.0,62.0,133.0,819.0,11.0,5.0,128.0,24.0,9.0,,,,,,,,,9.0,4.0,,1141.0,1173.0,2.0,1.0,1.0,,,,2020,QB,388.7,361.3,24.3,22.6,4.0,6.0,4.0,10.0,5.0,7.0,7.0,11.0,True,True
6819,13.0,,,,,,,,,3.0,26.0,,,6.0,1.0,,40.0,61.0,503.0,1.0,210.0,293.0,1.0,8.0,,,,715.0,915.0,,,,,1.0,,2020,WR,100.9,100.9,7.8,7.8,75.0,81.0,179.0,205.0,76.0,81.0,178.0,202.0,False,False
3300,4.0,,,,,,,,,31.0,91.0,,1.0,34.0,9.0,4.0,5.0,10.0,30.0,,9.0,21.0,,1.0,,,,87.0,342.0,,,,,,,2020,RB,17.1,17.1,4.3,4.3,106.0,82.0,394.0,296.0,106.0,82.0,394.0,295.0,False,False
3895,12.0,,,,,,,,,1.0,1.0,,1.0,1.0,,,18.0,32.0,302.0,2.0,244.0,58.0,4.0,2.0,,,,362.0,860.0,,,,,1.0,,2020,WR,62.3,62.3,5.2,5.2,103.0,111.0,251.0,269.0,103.0,111.0,249.0,269.0,False,False
6814,14.0,,,,,,,,,18.0,91.0,,,41.0,2.0,1.0,58.0,79.0,600.0,5.0,302.0,298.0,3.0,10.0,,,,579.0,902.0,,,,,,,2020,WR,157.1,157.1,11.2,11.2,48.0,49.0,111.0,124.0,48.0,49.0,108.0,116.0,False,False
6427,13.0,,,,,,,,,2.0,11.0,,,3.0,,,3.0,6.0,53.0,,25.0,28.0,,,1.0,,,107.0,883.0,,,,,,,2020,WR,9.4,9.4,0.7,0.7,180.0,198.0,446.0,492.0,180.0,198.0,444.0,489.0,False,False
6806,15.0,,,,,,,,,134.0,805.0,9.0,7.0,304.0,25.0,10.0,18.0,24.0,120.0,,-9.0,129.0,4.0,1.0,2.0,,,467.0,998.0,,,2.0,,,,2020,RB,168.5,168.5,11.2,11.2,25.0,32.0,96.0,124.0,25.0,32.0,93.0,116.0,True,True
6813,15.0,,,,,,,,,232.0,1169.0,11.0,11.0,401.0,47.0,20.0,36.0,39.0,299.0,1.0,-68.0,367.0,,4.0,1.0,1.0,,520.0,1034.0,,,2.0,1.0,,,2020,RB,260.8,260.8,17.4,17.4,6.0,9.0,33.0,41.0,6.0,9.0,29.0,35.0,True,True
3306,7.0,,,,,,,,,35.0,60.0,4.0,1.0,50.0,11.0,6.0,1.0,1.0,-3.0,,-3.0,,,,1.0,,,71.0,480.0,,,,,,,2020,RB,30.7,30.7,4.4,4.4,91.0,81.0,333.0,294.0,91.0,81.0,333.0,293.0,False,False
6828,11.0,,,,,,,,,46.0,242.0,2.0,6.0,144.0,4.0,2.0,2.0,2.0,21.0,,5.0,16.0,,1.0,,,,98.0,728.0,,,1.0,,,,2020,RB,42.3,42.3,3.8,3.8,81.0,89.0,298.0,319.0,81.0,89.0,297.0,317.0,False,False
6913,11.0,,,,,,,,,5.0,29.0,1.0,2.0,17.0,1.0,1.0,,1.0,,,,,,,,,,25.0,848.0,,,,,,,2020,WR,8.9,8.9,0.8,0.8,182.0,194.0,453.0,483.0,182.0,194.0,449.0,478.0,False,False
5000,16.0,,,,,,,,,97.0,448.0,1.0,10.0,185.0,13.0,11.0,53.0,67.0,402.0,4.0,72.0,330.0,1.0,11.0,2.0,,,551.0,1173.0,,,,,,,2020,RB,168.0,168.0,10.5,10.5,26.0,35.0,97.0,142.0,26.0,35.0,94.0,133.0,True,True
6231,8.0,,,,,,,,,3.0,6.0,,,3.0,,,,,,,,,,,,,,46.0,551.0,,,,,,,2020,QB,0.6,0.6,0.1,0.1,76.0,76.0,549.0,545.0,72.0,75.0,545.0,544.0,False,False
3242,15.0,,,,,,,,,239.0,955.0,10.0,15.0,384.0,56.0,23.0,25.0,31.0,137.0,,-7.0,144.0,2.0,2.0,3.0,1.0,,627.0,1102.0,,,2.0,,,,2020,RB,196.2,196.2,13.1,13.1,15.0,25.0,69.0,95.0,15.0,25.0,69.0,91.0,True,True
2251,16.0,1.0,1.0,28.0,,,,28.0,,3.0,5.0,,,5.0,1.0,,72.0,110.0,670.0,6.0,382.0,288.0,7.0,17.0,,,,1036.0,1116.0,,,,,1.0,,2020,TE,178.6,178.1,11.2,11.1,3.0,6.0,86.0,124.0,3.0,6.0,84.0,119.0,True,True
4234,16.0,,,,,,,,,1.0,4.0,,,3.0,,,14.0,24.0,154.0,,107.0,47.0,,2.0,,,,231.0,1155.0,,,,,,,2020,WR,29.8,29.8,1.9,1.9,140.0,166.0,339.0,416.0,140.0,166.0,338.0,413.0,False,False
6744,16.0,1.0,1.0,15.0,,,,15.0,,2.0,-4.0,,,,,1.0,53.0,79.0,419.0,6.0,255.0,164.0,2.0,7.0,2.0,,,821.0,1168.0,,,,,,,2020,WR,131.1,130.8,8.2,8.2,59.0,78.0,144.0,199.0,59.0,78.0,140.0,195.0,False,False
5038,16.0,,,,,,,,,,,,,,,,59.0,105.0,843.0,5.0,597.0,246.0,6.0,12.0,,,,1003.0,1155.0,,,,,2.0,,2020,WR,177.3,177.3,11.1,11.1,39.0,50.0,89.0,127.0,39.0,50.0,85.0,119.0,False,False
6783,16.0,,,,,,,,,,,,,,,,52.0,113.0,856.0,3.0,572.0,284.0,10.0,5.0,2.0,,,818.0,1099.0,,,,,2.0,,2020,WR,159.6,159.6,10.0,10.0,45.0,58.0,107.0,149.0,45.0,58.0,103.0,141.0,False,False
4038,3.0,,,,,,,,,,,,,,,,2.0,7.0,17.0,,14.0,3.0,1.0,,,,,92.0,244.0,,,,,,,2020,WR,3.7,3.7,1.2,1.2,197.0,184.0,493.0,457.0,197.0,184.0,491.0,453.0,False,False
4054,15.0,,,,,,,,,,,,,,,,31.0,39.0,394.0,2.0,212.0,182.0,1.0,5.0,1.0,1.0,,511.0,1045.0,,,,,1.0,,2020,TE,82.4,82.4,5.5,5.5,30.0,34.0,219.0,258.0,30.0,34.0,219.0,258.0,False,False
4421,16.0,,,,,,,,,,,,,,,,25.0,40.0,209.0,3.0,129.0,80.0,2.0,10.0,,,,382.0,1087.0,,,,,,,2020,TE,63.9,63.9,4.0,4.0,42.0,48.0,249.0,308.0,42.0,48.0,247.0,307.0,False,False
5024,16.0,,,,,,,,,,,,,,,,30.0,56.0,392.0,5.0,241.0,151.0,3.0,7.0,,,,494.0,1117.0,,,,,,,2020,WR,99.2,99.2,6.2,6.2,80.0,101.0,186.0,243.0,80.0,102.0,184.0,244.0,False,False
1911,13.0,,,,,,,,,,,,,,,,33.0,48.0,432.0,3.0,245.0,187.0,3.0,8.0,1.0,,,548.0,866.0,,,,,1.0,,2020,WR,96.2,96.2,7.4,7.4,85.0,86.0,194.0,216.0,85.0,86.0,192.0,213.0,False,False
2197,15.0,,,,,,,,,,,,,,,,81.0,119.0,1150.0,6.0,781.0,369.0,1.0,10.0,,,,818.0,934.0,,,,,3.0,,2020,WR,238.0,238.0,15.9,15.9,16.0,17.0,45.0,56.0,16.0,17.0,39.0,48.0,True,True
5844,16.0,,,,,,,,,1.0,,,,,,,67.0,101.0,723.0,6.0,394.0,329.0,7.0,15.0,1.0,1.0,,763.0,1035.0,,,,,,,2020,TE,173.3,173.3,10.8,10.8,5.0,8.0,91.0,135.0,5.0,8.0,87.0,127.0,True,True
367,15.0,,,,,,,,,,,,,,,,37.0,60.0,504.0,7.0,383.0,121.0,2.0,12.0,1.0,1.0,,478.0,1027.0,,,,,,,2020,TE,127.4,127.4,8.5,8.5,19.0,23.0,148.0,190.0,19.0,23.0,144.0,185.0,False,False
515,16.0,,,,,,,,,,,,,,,,45.0,77.0,623.0,7.0,377.0,246.0,2.0,14.0,1.0,,,818.0,1086.0,,,,,1.0,,2020,TE,151.3,151.3,9.5,9.5,9.0,14.0,117.0,160.0,8.0,13.0,113.0,153.0,True,True
1149,7.0,,,,,,,,,,,,,,,,6.0,13.0,115.0,1.0,90.0,25.0,1.0,2.0,,,,214.0,518.0,,,,,,,2020,WR,23.5,23.5,3.4,3.4,153.0,132.0,363.0,333.0,153.0,132.0,360.0,330.0,False,False
4037,12.0,,,,,,,,,,,,,,,,65.0,84.0,840.0,7.0,556.0,284.0,3.0,9.0,1.0,,,682.0,804.0,,,,,1.0,,2020,WR,193.0,193.0,16.1,16.1,32.0,15.0,71.0,53.0,32.0,15.0,71.0,45.0,False,True
5137,11.0,,,,,,,,,,,,,,,,23.0,35.0,394.0,1.0,206.0,188.0,2.0,2.0,2.0,2.0,,413.0,765.0,,,,,1.0,,2020,WR,66.4,66.4,6.0,6.0,102.0,106.0,243.0,250.0,102.0,106.0,242.0,250.0,False,False
5906,12.0,,,,,,,,,,,,,,,,24.0,44.0,288.0,3.0,128.0,160.0,4.0,9.0,2.0,2.0,,496.0,862.0,,,,,,,2020,TE,66.8,66.8,5.6,5.6,39.0,33.0,242.0,256.0,39.0,33.0,241.0,256.0,False,False
2003,5.0,,,,,,,,,,,,,,,,2.0,6.0,11.0,,10.0,1.0,1.0,,,,,56.0,338.0,,,,,,,2020,WR,3.1,3.1,0.6,0.6,199.0,200.0,498.0,498.0,199.0,200.0,497.0,494.0,False,False
1339,11.0,,,,,,,,,,,,,,,,36.0,72.0,335.0,1.0,247.0,88.0,5.0,7.0,,,,659.0,807.0,,,,,,,2020,TE,75.5,75.5,6.9,6.9,33.0,28.0,227.0,228.0,33.0,28.0,226.0,228.0,False,False
5878,14.0,,,,,,,,,2.0,,,,1.0,,1.0,33.0,57.0,309.0,2.0,164.0,145.0,1.0,10.0,1.0,1.0,,588.0,874.0,,,,,,,2020,TE,73.9,73.9,5.3,5.3,34.0,38.0,229.0,266.0,34.0,38.0,228.0,265.0,False,False
3286,16.0,,,,,,,,,,,,,,,,45.0,59.0,466.0,3.0,293.0,173.0,1.0,5.0,2.0,1.0,,683.0,1130.0,,,,,,,2020,WR,107.6,107.6,6.7,6.7,70.0,95.0,169.0,234.0,70.0,95.0,166.0,234.0,False,False
6849,9.0,,,,,,,,,,,,,,,,23.0,44.0,357.0,,251.0,106.0,1.0,2.0,,,,452.0,548.0,,,,,,,2020,WR,58.7,58.7,6.5,6.5,105.0,98.0,258.0,238.0,105.0,98.0,256.0,238.0,False,False
1555,10.0,,,,,,,,,,,,,,,,11.0,19.0,144.0,1.0,127.0,17.0,3.0,1.0,,,,169.0,620.0,,,,,,,2020,WR,31.4,31.4,3.1,3.1,137.0,140.0,330.0,348.0,137.0,140.0,330.0,345.0,False,False
2133,14.0,,,,,,,,,,,,,,,,115.0,149.0,1374.0,18.0,777.0,597.0,6.0,28.0,1.0,1.0,,786.0,928.0,,,,,7.0,,2020,WR,372.4,372.4,26.6,26.6,1.0,1.0,7.0,3.0,1.0,1.0,4.0,2.0,True,True
2822,7.0,,,,,,1.0,,,,,,,,,,23.0,35.0,228.0,2.0,186.0,42.0,1.0,6.0,,,,233.0,502.0,,,,,,,2020,WR,57.8,57.8,8.3,8.3,107.0,77.0,261.0,197.0,106.0,77.0,257.0,193.0,False,False
642,12.0,2.0,1.0,18.0,,,,-5.0,,,,,,,,,35.0,52.0,388.0,2.0,306.0,82.0,1.0,5.0,,,,439.0,765.0,,,,,,,2020,WR,86.5,86.2,7.2,7.2,93.0,91.0,208.0,224.0,93.0,91.0,208.0,222.0,False,False
830,16.0,,,,,,,,,,,,,,,,47.0,104.0,523.0,2.0,431.0,92.0,3.0,9.0,,,,850.0,1117.0,,,,,,,2020,WR,111.3,111.3,7.0,7.0,68.0,92.0,166.0,226.0,68.0,92.0,163.0,225.0,False,False
4131,5.0,,,,,,,,,,,,,,,,20.0,32.0,338.0,2.0,300.0,38.0,2.0,5.0,,,,207.0,301.0,,,,,2.0,,2020,WR,69.8,69.8,14.0,14.0,99.0,33.0,235.0,85.0,99.0,33.0,234.0,81.0,False,False
5962,8.0,,,,,,,,,,,,,,,,15.0,23.0,173.0,,123.0,50.0,1.0,2.0,,,,220.0,640.0,,,,,,,2020,WR,32.3,32.3,4.0,4.0,135.0,124.0,327.0,308.0,135.0,124.0,327.0,307.0,False,False
4040,16.0,,,,,,,,,,,,,,,,97.0,128.0,831.0,9.0,422.0,409.0,2.0,17.0,3.0,1.0,,938.0,1117.0,,,,,,,2020,WR,232.1,232.1,14.5,14.5,18.0,27.0,48.0,76.0,18.0,28.0,43.0,71.0,True,True
2216,16.0,,,,,,,,,,,,,,,,70.0,109.0,1006.0,13.0,748.0,258.0,3.0,18.0,,,,869.0,1086.0,,,,,4.0,,2020,WR,256.6,256.6,16.0,16.0,11.0,16.0,35.0,55.0,11.0,16.0,31.0,47.0,True,True
3157,11.0,,,,,,,,,1.0,,,,,,,53.0,75.0,879.0,8.0,588.0,291.0,3.0,7.0,,,,589.0,679.0,,,,,5.0,,2020,WR,198.9,198.9,18.1,18.1,29.0,7.0,66.0,32.0,29.0,7.0,66.0,28.0,True,True
963,16.0,,,,,,,,,,,,,,,,7.0,11.0,63.0,,11.0,52.0,1.0,1.0,,,,513.0,1142.0,,,,,,,2020,TE,13.3,13.3,0.8,0.8,81.0,92.0,413.0,483.0,81.0,92.0,411.0,478.0,False,False
1546,6.0,,,,,,,,,,,,,,,,,1.0,,,,,1.0,,,,,6.0,415.0,,,,,,,2020,RB,0.0,0.0,0.0,0.0,147.0,147.0,553.0,553.0,147.0,147.0,552.0,552.0,False,False
3445,11.0,,,,,,,,,,,,,,,,14.0,28.0,255.0,,206.0,49.0,2.0,1.0,,,,308.0,762.0,,,,,1.0,,2020,WR,41.5,41.5,3.8,3.8,126.0,127.0,304.0,319.0,126.0,127.0,303.0,317.0,False,False
6421,16.0,,,,,,,,,2.0,,,,1.0,,1.0,28.0,55.0,511.0,3.0,332.0,179.0,4.0,5.0,,,,878.0,1188.0,,,,,,,2020,WR,97.1,97.1,6.1,6.1,82.0,104.0,189.0,247.0,82.0,104.0,187.0,247.0,False,False
2750,13.0,,,,,,,,,,,,,,,,1.0,2.0,8.0,,4.0,4.0,1.0,1.0,2.0,1.0,,37.0,851.0,,,,,,,2020,WR,-0.2,-0.2,-0.0,-0.0,244.0,212.0,641.0,553.0,244.0,212.0,640.0,552.0,False,False
5859,14.0,,,,,,,,,,,,,,,,70.0,106.0,1075.0,11.0,648.0,427.0,5.0,12.0,2.0,1.0,1.0,782.0,965.0,,,,,4.0,,2020,WR,255.5,255.5,18.2,18.2,12.0,6.0,37.0,30.0,12.0,6.0,33.0,27.0,True,True
2291,10.0,,,,,,,,,,,,,,,,18.0,28.0,163.0,2.0,119.0,44.0,1.0,2.0,1.0,,,328.0,686.0,,,,,,,2020,WR,46.3,46.3,4.6,4.6,121.0,117.0,289.0,284.0,121.0,117.0,288.0,285.0,False,False
1500,10.0,,,,,,,,,,,,,,,,26.0,46.0,231.0,4.0,147.0,84.0,3.0,8.0,,,,257.0,766.0,,,,,,,2020,TE,73.1,73.1,7.3,7.3,36.0,26.0,231.0,221.0,36.0,26.0,230.0,218.0,False,False
3214,14.0,,,,,,,,,,,,,,,,60.0,93.0,613.0,4.0,369.0,244.0,2.0,14.0,,,,923.0,1057.0,,,,,,,2020,TE,145.3,145.3,10.4,10.4,13.0,11.0,124.0,144.0,13.0,11.0,122.0,136.0,False,True
3048,16.0,,,,,,,,,,,,,,,,6.0,8.0,52.0,,19.0,33.0,1.0,,,,,517.0,1064.0,,,,,,,2020,TE,11.2,11.2,0.7,0.7,84.0,96.0,432.0,492.0,84.0,96.0,427.0,489.0,False,False
6271,11.0,,,,,,,,,1.0,,,,,,,20.0,32.0,274.0,1.0,211.0,63.0,1.0,2.0,,,,317.0,809.0,,,,,1.0,,2020,WR,55.4,55.4,5.0,5.0,112.0,114.0,269.0,274.0,112.0,114.0,268.0,274.0,False,False
6866,15.0,,,,,,,,,,,,,,,,7.0,11.0,73.0,,55.0,18.0,2.0,1.0,1.0,1.0,,139.0,1107.0,,,,,,,2020,WR,12.3,12.3,0.8,0.8,170.0,194.0,423.0,483.0,170.0,194.0,419.0,478.0,False,False
5022,11.0,,,,,,,,,,,,,,,,46.0,65.0,524.0,3.0,318.0,206.0,1.0,6.0,,,,624.0,819.0,,,,,1.0,,2020,TE,118.4,118.4,10.8,10.8,21.0,8.0,159.0,135.0,21.0,8.0,158.0,127.0,False,False
616,16.0,,,,,,,,,,,,,,,,50.0,76.0,456.0,8.0,258.0,198.0,1.0,19.0,1.0,,,657.0,1107.0,,,,,,,2020,TE,143.6,143.6,9.0,9.0,14.0,20.0,127.0,175.0,14.0,20.0,124.0,169.0,False,True
5133,16.0,,,,,,,,,,,,,,,,19.0,26.0,194.0,1.0,68.0,126.0,2.0,,1.0,,,468.0,1109.0,,,,,,,2020,TE,44.4,44.4,2.8,2.8,51.0,57.0,294.0,356.0,51.0,57.0,292.0,353.0,False,False
2374,16.0,,,,,,,,,,,,,,,,100.0,132.0,1054.0,10.0,727.0,327.0,8.0,16.0,1.0,,,965.0,1087.0,,,,,1.0,1.0,2020,WR,271.4,271.4,17.0,17.0,8.0,12.0,27.0,44.0,8.0,12.0,24.0,38.0,True,True
6956,9.0,,,,,,,,,,,,,,,,2.0,7.0,39.0,1.0,33.0,6.0,1.0,1.0,,,,215.0,572.0,,,,,,,2020,TE,11.9,11.9,1.3,1.3,82.0,83.0,427.0,450.0,82.0,83.0,422.0,445.0,False,False
4362,15.0,,,,,,,,,,,,,,,,5.0,7.0,53.0,,43.0,10.0,1.0,1.0,,,,233.0,1037.0,,,,,,,2020,TE,10.3,10.3,0.7,0.7,87.0,96.0,438.0,492.0,87.0,96.0,435.0,489.0,False,False
4973,16.0,,,,,,,,,,,,,,,,56.0,88.0,571.0,6.0,302.0,269.0,3.0,15.0,,,,797.0,1142.0,,,,,,,2020,TE,149.1,149.1,9.3,9.3,10.0,16.0,119.0,166.0,9.0,15.0,115.0,159.0,True,True
4993,15.0,,,,,,,,,,,,,,,,53.0,85.0,703.0,6.0,539.0,164.0,2.0,14.0,,,,634.0,1015.0,,,,,1.0,,2020,TE,161.3,161.3,10.8,10.8,7.0,8.0,106.0,135.0,7.0,8.0,102.0,127.0,True,True
5955,16.0,,,,,,,,,,,,,,,,56.0,77.0,656.0,2.0,318.0,338.0,2.0,6.0,2.0,1.0,,560.0,1100.0,,,,,,,2020,WR,131.6,131.6,8.2,8.2,58.0,78.0,143.0,199.0,58.0,78.0,139.0,195.0,False,False
1388,15.0,,,,,,,,,,,,,,,,36.0,60.0,349.0,2.0,230.0,119.0,1.0,9.0,,,,564.0,963.0,,,,,,,2020,TE,82.9,82.9,5.5,5.5,29.0,34.0,217.0,258.0,29.0,34.0,217.0,258.0,False,False
4175,5.0,,,,,,,,,,,,,,,,17.0,24.0,236.0,1.0,200.0,36.0,1.0,,,,,289.0,323.0,,,,,1.0,,2020,WR,48.6,48.6,9.7,9.7,118.0,62.0,286.0,156.0,118.0,62.0,284.0,149.0,False,False
2238,9.0,,,,,,,,,,,,,,,,33.0,52.0,458.0,3.0,281.0,177.0,2.0,7.0,,,,467.0,603.0,,,,,,,2020,WR,96.8,96.8,10.8,10.8,84.0,54.0,191.0,135.0,84.0,54.0,189.0,127.0,False,False
4177,16.0,,,,,,,,,,,,,,,,16.0,25.0,176.0,1.0,147.0,29.0,2.0,2.0,1.0,1.0,,292.0,1089.0,,,,,,,2020,WR,37.6,37.6,2.4,2.4,130.0,149.0,313.0,376.0,130.0,149.0,313.0,373.0,False,False
6598,1.0,,,,,,,,,,,,,,,,1.0,2.0,5.0,,4.0,1.0,1.0,1.0,,,,5.0,77.0,,,,,,,2020,WR,1.5,1.5,1.5,1.5,210.0,174.0,537.0,436.0,210.0,174.0,532.0,430.0,False,False
4055,4.0,,,,,,,,,,,,,,,,11.0,19.0,146.0,2.0,129.0,17.0,1.0,3.0,,,,134.0,280.0,,,,,,,2020,TE,37.6,37.6,9.4,9.4,59.0,15.0,313.0,162.0,59.0,14.0,313.0,155.0,False,False
6895,13.0,,,,,,,,,,,,,,,,20.0,35.0,349.0,2.0,264.0,85.0,3.0,3.0,,,,371.0,865.0,,,,,,,2020,WR,66.9,66.9,5.1,5.1,101.0,113.0,241.0,273.0,101.0,113.0,240.0,273.0,False,False
574,6.0,,,,,,,,,,,,,,,,6.0,11.0,47.0,2.0,13.0,34.0,1.0,2.0,,,,135.0,457.0,,,,,,,2020,WR,22.7,22.7,3.8,3.8,155.0,127.0,368.0,319.0,155.0,127.0,367.0,317.0,False,False
1144,15.0,1.0,1.0,20.0,1.0,,,20.0,,,,,,,,,82.0,107.0,967.0,4.0,615.0,352.0,2.0,9.0,,,,704.0,1053.0,,,,,5.0,,2020,WR,217.5,219.1,14.5,14.6,26.0,27.0,59.0,76.0,24.0,25.0,54.0,68.0,True,True
6164,7.0,,,,,,,,,,,,,,,,3.0,7.0,35.0,,27.0,8.0,1.0,2.0,,,,53.0,442.0,,,,,,,2020,TE,6.5,6.5,0.9,0.9,97.0,91.0,475.0,477.0,97.0,91.0,472.0,472.0,False,False
4221,16.0,,,,,,,,,,,,,,,,1.0,3.0,6.0,,3.0,3.0,1.0,,,,,229.0,1116.0,,,,,,,2020,TE,1.6,1.6,0.1,0.1,115.0,117.0,534.0,545.0,115.0,117.0,529.0,544.0,False,False
4531,2.0,,,,,,,,,,,,,,,,,1.0,,,,,1.0,,,,,6.0,145.0,,,,,,,2020,TE,0.0,0.0,0.0,0.0,120.0,120.0,553.0,553.0,120.0,120.0,552.0,552.0,False,False
1619,15.0,,,,,,,,,,,,,,,,7.0,14.0,45.0,,20.0,25.0,2.0,3.0,,,,221.0,1032.0,,,,,,,2020,TE,11.5,11.5,0.8,0.8,83.0,92.0,430.0,483.0,83.0,92.0,426.0,478.0,False,False
5009,16.0,,,,,,,,,,,,,,,,31.0,46.0,287.0,3.0,159.0,128.0,4.0,4.0,2.0,2.0,,686.0,1010.0,,,,,,,2020,TE,73.7,73.7,4.6,4.6,35.0,42.0,230.0,284.0,35.0,42.0,229.0,285.0,False,False
4151,5.0,,,,,,,,,,,,,,,,2.0,4.0,5.0,,3.0,2.0,1.0,1.0,,,,118.0,424.0,,,,,,,2020,TE,2.5,2.5,0.5,0.5,106.0,105.0,510.0,514.0,106.0,105.0,509.0,508.0,False,False
1110,15.0,,,,,,,,,,,,,,,,56.0,93.0,762.0,5.0,568.0,194.0,3.0,10.0,,,,699.0,1038.0,,,,,1.0,,2020,WR,164.2,164.2,10.9,10.9,43.0,52.0,103.0,133.0,43.0,52.0,99.0,124.0,False,False
6059,13.0,,,,,,,,,,,,,,,,38.0,67.0,539.0,4.0,439.0,100.0,2.0,10.0,,,,575.0,933.0,,,,,1.0,,2020,WR,117.9,117.9,9.1,9.1,66.0,67.0,161.0,172.0,66.0,67.0,159.0,165.0,False,False
5754,16.0,,,,,,,,,,,,,,,,3.0,5.0,25.0,,11.0,14.0,1.0,,,,,119.0,1142.0,,,,,,,2020,TE,5.5,5.5,0.3,0.3,98.0,109.0,480.0,526.0,98.0,109.0,477.0,523.0,False,False
4080,16.0,1.0,1.0,29.0,,,,26.0,,,,,,,,,14.0,19.0,154.0,1.0,89.0,65.0,2.0,3.0,,,,292.0,1100.0,,,,,,,2020,WR,36.6,36.0,2.3,2.2,131.0,151.0,317.0,382.0,132.0,152.0,320.0,386.0,False,False
4050,3.0,,,,,,,,,,,,,,,,,3.0,,,,,2.0,,,,,42.0,199.0,,,,,,,2020,WR,0.0,0.0,0.0,0.0,212.0,212.0,553.0,553.0,212.0,212.0,552.0,552.0,False,False
5250,4.0,,,,,,,,,,,,,,,,2.0,6.0,37.0,,5.0,32.0,1.0,1.0,,,,27.0,283.0,,,,,,,2020,WR,5.7,5.7,1.4,1.4,192.0,179.0,479.0,443.0,192.0,179.0,476.0,437.0,False,False
111,15.0,,,,,,,,,,,,,,,,10.0,17.0,107.0,3.0,50.0,57.0,4.0,4.0,,,,424.0,991.0,,,,,,,2020,TE,38.7,38.7,2.6,2.6,57.0,62.0,311.0,367.0,57.0,62.0,311.0,365.0,False,False
6943,16.0,,,,,,,,,1.0,,,,2.0,1.0,,35.0,62.0,599.0,7.0,468.0,131.0,3.0,10.0,1.0,,,816.0,1117.0,,,,,1.0,,2020,WR,138.9,138.9,8.7,8.7,56.0,71.0,134.0,181.0,56.0,71.0,132.0,176.0,False,False
6001,16.0,,,,,,,,,,,,,,,,40.0,53.0,349.0,1.0,156.0,193.0,3.0,11.0,1.0,1.0,,894.0,1117.0,,,,,,,2020,TE,78.9,78.9,4.9,4.9,31.0,40.0,222.0,277.0,31.0,40.0,222.0,277.0,False,False
4323,12.0,,,,,,,,,,,,,,,,8.0,11.0,92.0,1.0,35.0,57.0,1.0,,,,,376.0,880.0,,,,,,,2020,TE,23.2,23.2,1.9,1.9,71.0,78.0,366.0,416.0,71.0,78.0,364.0,413.0,False,False
6824,12.0,,,,,,,,,,,,,,,,14.0,20.0,304.0,2.0,227.0,77.0,1.0,1.0,,,,277.0,813.0,,,,,,,2020,WR,56.4,56.4,4.7,4.7,110.0,116.0,267.0,282.0,110.0,116.0,264.0,283.0,False,False
5863,8.0,,,,,,,,,,,,,,,,4.0,8.0,85.0,,77.0,8.0,1.0,1.0,,,,142.0,660.0,,,,,,,2020,WR,12.5,12.5,1.6,1.6,169.0,171.0,421.0,432.0,169.0,171.0,417.0,426.0,False,False
6873,11.0,,,,,,,,,,,,,,,,7.0,11.0,91.0,,54.0,37.0,1.0,3.0,,,,197.0,712.0,,,,,,,2020,WR,16.1,16.1,1.5,1.5,163.0,174.0,402.0,436.0,163.0,174.0,402.0,430.0,False,False
868,6.0,,,,,,,,,,,,,,,,3.0,6.0,50.0,1.0,27.0,23.0,1.0,,,,,141.0,444.0,,,,,,,2020,TE,14.0,14.0,2.3,2.3,80.0,69.0,410.0,382.0,80.0,69.0,408.0,381.0,False,False
2118,15.0,,,,,,,,,,,,,,,,56.0,91.0,558.0,5.0,366.0,192.0,5.0,16.0,1.0,1.0,,778.0,1048.0,,,,,,,2020,TE,139.8,139.8,9.3,9.3,17.0,16.0,132.0,166.0,17.0,15.0,130.0,159.0,False,False
5465,16.0,,,,,,,,,,,,,,,,6.0,9.0,63.0,,23.0,40.0,1.0,,1.0,1.0,,286.0,1130.0,,,,,,,2020,TE,10.3,10.3,0.6,0.6,87.0,98.0,438.0,498.0,87.0,98.0,435.0,494.0,False,False
4854,9.0,,,,,,,,,,,,,,,,6.0,9.0,41.0,,30.0,11.0,1.0,3.0,,,,114.0,632.0,,,,,,,2020,WR,10.1,10.1,1.1,1.1,177.0,189.0,441.0,466.0,177.0,189.0,438.0,462.0,False,False
4454,15.0,,,,,,,,,,,,,,,,49.0,74.0,667.0,2.0,448.0,219.0,6.0,10.0,,,,704.0,1060.0,,,,,,,2020,WR,127.7,127.7,8.5,8.5,60.0,75.0,147.0,190.0,60.0,75.0,143.0,185.0,False,False
4995,16.0,,,,,,,,,,,,,,,,20.0,31.0,145.0,1.0,67.0,78.0,1.0,3.0,1.0,,,689.0,1064.0,,,,,,,2020,TE,40.5,40.5,2.5,2.5,55.0,64.0,309.0,373.0,55.0,64.0,309.0,370.0,False,False
2319,14.0,,,,,,,,,,,,,,,,63.0,103.0,793.0,4.0,614.0,179.0,5.0,13.0,1.0,,,743.0,951.0,,,,,3.0,,2020,WR,172.3,172.3,12.3,12.3,40.0,42.0,92.0,106.0,40.0,42.0,88.0,100.0,False,False
4229,14.0,,,,,,,,,,,,,,,,,1.0,,,,,1.0,,,,,34.0,951.0,,,,,,,2020,TE,0.0,0.0,0.0,0.0,120.0,120.0,553.0,553.0,120.0,120.0,552.0,552.0,False,False
223,13.0,,,,,,,,,,,,,,,,54.0,72.0,409.0,1.0,224.0,185.0,1.0,7.0,,,,773.0,979.0,,,,,,,2020,WR,100.9,100.9,7.8,7.8,75.0,81.0,179.0,205.0,76.0,81.0,178.0,202.0,False,False
4951,13.0,,,,,,,,,,,,,,,,53.0,93.0,706.0,5.0,541.0,165.0,2.0,11.0,,,,688.0,827.0,,,,,1.0,,2020,WR,155.6,155.6,12.0,12.0,49.0,43.0,113.0,109.0,49.0,43.0,110.0,105.0,False,False
7288,7.0,,,,,,,,,,,,,,,,1.0,4.0,10.0,,7.0,3.0,1.0,,,,,135.0,452.0,,,,,,,2020,TE,2.0,2.0,0.3,0.3,113.0,109.0,525.0,526.0,113.0,109.0,522.0,523.0,False,False
5857,15.0,,,,,,,,,,,,,,,,62.0,93.0,673.0,3.0,292.0,381.0,5.0,10.0,,,,749.0,1034.0,,,,,,,2020,TE,147.3,147.3,9.8,9.8,11.0,12.0,121.0,153.0,10.0,12.0,118.0,147.0,True,True
5094,12.0,,,,,,,,,,,,,,,,13.0,20.0,199.0,,131.0,68.0,2.0,1.0,1.0,1.0,,632.0,790.0,,,,,,,2020,TE,30.9,30.9,2.6,2.6,63.0,62.0,332.0,367.0,63.0,62.0,332.0,365.0,False,False
5012,14.0,,,,,,,,,,,,,,,,58.0,88.0,701.0,7.0,519.0,182.0,5.0,16.0,2.0,,,617.0,942.0,,,,,,,2020,TE,170.1,170.1,12.2,12.2,6.0,4.0,95.0,107.0,6.0,4.0,91.0,102.0,True,True
3202,13.0,,,,,,,,,,,,,,,,46.0,70.0,435.0,4.0,261.0,174.0,1.0,9.0,,,,705.0,905.0,,,,,,,2020,TE,113.5,113.5,8.7,8.7,22.0,22.0,165.0,181.0,22.0,22.0,162.0,176.0,False,False
1067,16.0,,,,,,,,,,,,,,,,76.0,115.0,978.0,9.0,782.0,196.0,5.0,14.0,,,,935.0,1035.0,,,,,3.0,,2020,WR,233.8,233.8,14.6,14.6,17.0,25.0,47.0,74.0,17.0,25.0,42.0,68.0,True,True
2381,15.0,,,,,,,,,,,,,,,,40.0,63.0,471.0,2.0,291.0,180.0,3.0,6.0,1.0,1.0,,435.0,960.0,,,,,,,2020,WR,97.1,97.1,6.5,6.5,82.0,98.0,189.0,238.0,82.0,98.0,187.0,238.0,False,False
5008,15.0,,,,,,,,,,,,,,,,26.0,29.0,208.0,2.0,86.0,122.0,1.0,6.0,,,,464.0,1020.0,,,,,,,2020,TE,58.8,58.8,3.9,3.9,46.0,50.0,257.0,313.0,46.0,50.0,255.0,311.0,False,False
5570,14.0,,,,,,,,,,,,,,,,20.0,30.0,201.0,2.0,128.0,73.0,1.0,4.0,2.0,1.0,,328.0,1001.0,,,,,,,2020,WR,50.1,50.1,3.6,3.6,117.0,131.0,284.0,328.0,117.0,131.0,281.0,323.0,False,False
947,9.0,,,,,,,,,,,,,,,,51.0,68.0,771.0,3.0,540.0,231.0,3.0,8.0,,,,477.0,662.0,,,,,3.0,,2020,WR,152.1,152.1,16.9,16.9,50.0,13.0,115.0,45.0,50.0,13.0,111.0,39.0,False,False
6557,12.0,,,,,,1.0,,,,,,,,,,17.0,37.0,167.0,,118.0,49.0,2.0,2.0,,,,325.0,824.0,,,,,,,2020,WR,33.7,33.7,2.8,2.8,133.0,144.0,322.0,356.0,133.0,144.0,322.0,353.0,False,False
2446,11.0,,,,,,,,,,,,,,,,5.0,8.0,49.0,2.0,36.0,13.0,1.0,2.0,,,,267.0,747.0,,,,,,,2020,TE,21.9,21.9,2.0,2.0,75.0,74.0,376.0,406.0,75.0,74.0,375.0,403.0,False,False
5045,1.0,,,,,,,,,,,,,,,,3.0,6.0,66.0,,59.0,7.0,1.0,,,,,32.0,79.0,,,,,,,2020,WR,9.6,9.6,9.6,9.6,179.0,64.0,443.0,159.0,179.0,63.0,440.0,151.0,False,False
6850,15.0,,,,,,,,,,,,,,,,24.0,38.0,238.0,3.0,121.0,117.0,3.0,5.0,2.0,2.0,,607.0,1031.0,,,,,,,2020,TE,61.8,61.8,4.1,4.1,44.0,46.0,254.0,302.0,44.0,46.0,252.0,301.0,False,False
2390,10.0,,,,,,,,,,,,,,,,12.0,16.0,119.0,3.0,75.0,44.0,1.0,5.0,,,,306.0,690.0,,,,,,,2020,TE,41.9,41.9,4.2,4.2,54.0,45.0,303.0,299.0,54.0,45.0,302.0,298.0,False,False
886,13.0,,,,,,,,,,,,,,,,,2.0,,,,,1.0,,,,,5.0,906.0,,,,,,,2020,RB,0.0,0.0,0.0,0.0,147.0,147.0,553.0,553.0,147.0,147.0,552.0,552.0,False,False
4435,16.0,,,,,,,,,,,,,,,,39.0,53.0,387.0,1.0,240.0,147.0,1.0,7.0,,,,359.0,1107.0,,,,,1.0,,2020,TE,85.7,85.7,5.4,5.4,26.0,36.0,210.0,261.0,26.0,36.0,210.0,261.0,False,False
1425,15.0,,,,,,,,,,,,,,,,9.0,12.0,86.0,,37.0,49.0,1.0,,,,,400.0,939.0,,,,,,,2020,TE,17.6,17.6,1.2,1.2,79.0,85.0,392.0,457.0,79.0,85.0,392.0,453.0,False,False
1466,15.0,2.0,1.0,4.0,,,,-3.0,2.0,,,,,,,,105.0,145.0,1416.0,11.0,833.0,583.0,2.0,20.0,1.0,1.0,,926.0,1130.0,,,,,6.0,,2020,TE,322.8,322.7,21.5,21.5,1.0,1.0,17.0,18.0,1.0,1.0,16.0,16.0,True,True
2505,16.0,,,,,,,,,,,,,,,,107.0,146.0,1196.0,9.0,624.0,572.0,4.0,23.0,2.0,2.0,,1005.0,1100.0,,,,,4.0,1.0,2020,TE,288.6,288.6,18.0,18.0,2.0,2.0,22.0,33.0,2.0,2.0,21.0,29.0,True,True
6148,8.0,,,,,,,,,,,,,,,,18.0,35.0,288.0,4.0,246.0,42.0,3.0,6.0,,,,338.0,513.0,,,,,1.0,,2020,WR,72.8,72.8,9.1,9.1,98.0,67.0,232.0,172.0,98.0,67.0,231.0,165.0,False,False
7404,4.0,,,,,,,,,,,,,,,,,1.0,,,,,1.0,,,,,73.0,267.0,,,,,,,2020,TE,0.0,0.0,0.0,0.0,120.0,120.0,553.0,553.0,120.0,120.0,552.0,552.0,False,False
2545,10.0,,,,,,,,,,,,,,,,9.0,12.0,83.0,1.0,48.0,35.0,1.0,2.0,,,,369.0,691.0,,,,,,,2020,TE,23.3,23.3,2.3,2.3,70.0,69.0,364.0,382.0,70.0,69.0,361.0,381.0,False,False
6126,13.0,,,,,,,,,,,,,,,,30.0,43.0,365.0,5.0,239.0,126.0,1.0,10.0,,,,555.0,860.0,,,,,,,2020,TE,96.5,96.5,7.4,7.4,24.0,25.0,193.0,216.0,24.0,25.0,191.0,213.0,False,False
4319,16.0,1.0,,,,,,,,,,,,,,,44.0,71.0,629.0,5.0,396.0,233.0,1.0,13.0,,,,849.0,1108.0,,,,,,,2020,WR,136.9,136.9,8.6,8.6,57.0,74.0,139.0,186.0,57.0,74.0,136.0,180.0,False,False
2460,2.0,,,,,,,,,,,,,,,,8.0,11.0,87.0,1.0,57.0,30.0,1.0,2.0,,,,102.0,166.0,,,,,,,2020,TE,22.7,22.7,11.4,11.4,72.0,5.0,368.0,121.0,72.0,5.0,367.0,115.0,False,False
5001,16.0,,,,,,,,,,,,,,,,63.0,89.0,615.0,4.0,336.0,279.0,3.0,14.0,1.0,1.0,,974.0,1155.0,,,,,,,2020,TE,146.5,146.5,9.2,9.2,12.0,19.0,122.0,169.0,11.0,18.0,119.0,162.0,True,True
4036,14.0,,,,,,,,,,,,,,,,65.0,92.0,984.0,5.0,693.0,291.0,1.0,7.0,1.0,1.0,,738.0,961.0,,,,,5.0,,2020,WR,201.4,201.4,14.4,14.4,28.0,30.0,65.0,80.0,28.0,30.0,64.0,74.0,True,True
4033,13.0,,,,,,,,,,,,,,,,19.0,29.0,213.0,2.0,131.0,82.0,1.0,6.0,,,,422.0,896.0,,,,,,,2020,TE,52.3,52.3,4.0,4.0,48.0,48.0,280.0,308.0,48.0,48.0,278.0,307.0,False,False
7002,7.0,,,,,,,,,,,,,,,,4.0,10.0,39.0,,19.0,20.0,1.0,1.0,,,,183.0,488.0,,,,,,,2020,TE,7.9,7.9,1.1,1.1,91.0,88.0,458.0,466.0,91.0,88.0,455.0,462.0,False,False
5846,16.0,,,,,,,,,,,,,,,,83.0,129.0,1303.0,10.0,940.0,363.0,7.0,16.0,1.0,1.0,,1001.0,1087.0,,,,,5.0,,2020,WR,281.3,281.3,17.6,17.6,7.0,10.0,25.0,38.0,7.0,10.0,23.0,33.0,True,True
2325,16.0,,,,,,,,,,,,,,,,48.0,82.0,896.0,8.0,666.0,230.0,5.0,10.0,,,,740.0,1100.0,,,,,3.0,,2020,WR,191.6,191.6,12.0,12.0,33.0,43.0,73.0,109.0,33.0,43.0,73.0,105.0,False,True
6139,12.0,,,,,,,,,,,,,,,,12.0,15.0,114.0,1.0,48.0,66.0,1.0,3.0,,,,207.0,811.0,,,,,,,2020,TE,29.4,29.4,2.4,2.4,65.0,66.0,342.0,376.0,65.0,66.0,341.0,373.0,False,False
4741,16.0,,,,,,,,,,,,,,,,31.0,45.0,438.0,4.0,272.0,166.0,1.0,6.0,2.0,1.0,,490.0,1173.0,,,,,,,2020,TE,96.8,96.8,6.1,6.1,23.0,31.0,191.0,247.0,23.0,31.0,189.0,247.0,False,False
4998,16.0,,,,,,,,,,,,,,,,23.0,44.0,293.0,2.0,198.0,95.0,2.0,7.0,1.0,1.0,,546.0,1099.0,,,,,,,2020,WR,62.3,62.3,3.9,3.9,103.0,125.0,251.0,313.0,103.0,125.0,249.0,311.0,False,False
5241,16.0,,,,,,,,,,,,,,,,13.0,18.0,141.0,,115.0,26.0,1.0,1.0,,,,282.0,1142.0,,,,,,,2020,WR,27.1,27.1,1.7,1.7,146.0,169.0,351.0,429.0,146.0,169.0,349.0,423.0,False,False
2474,9.0,,,,,,,,,,,,,,,,14.0,17.0,113.0,2.0,72.0,41.0,,3.0,,,,393.0,600.0,,,,,,,2020,TE,37.3,37.3,4.1,4.1,60.0,46.0,315.0,302.0,60.0,46.0,315.0,301.0,False,False
5965,16.0,,,,,,,,,,,,,,,,19.0,33.0,266.0,4.0,182.0,84.0,,5.0,,,,558.0,1055.0,,,,,,,2020,WR,69.6,69.6,4.4,4.4,100.0,120.0,236.0,294.0,100.0,120.0,235.0,293.0,False,False
4992,7.0,,,,,,,,,,,,,,,,4.0,6.0,76.0,1.0,70.0,6.0,,,1.0,1.0,,116.0,478.0,,,,,,,2020,WR,15.6,15.6,2.2,2.2,164.0,153.0,404.0,389.0,164.0,152.0,404.0,386.0,False,False
1895,2.0,1.0,1.0,20.0,,,1.0,18.0,,,,,,,,,,,,,,,,,,,,2.0,1002.0,,,,,,,2020,QB,0.8,0.4,0.4,0.2,74.0,74.0,546.0,522.0,74.0,72.0,547.0,530.0,False,False
3496,16.0,,,,,,,,,,,,,,,,8.0,11.0,106.0,,26.0,80.0,,,,,,101.0,1188.0,,,,,,,2020,TE,18.6,18.6,1.2,1.2,77.0,85.0,387.0,457.0,77.0,85.0,385.0,453.0,False,False
1800,2.0,,,,,,,,,,,,,,,,,,,,,,,,,,,14.0,123.0,,,,,,,2020,TE,0.0,0.0,0.0,0.0,120.0,120.0,553.0,553.0,120.0,120.0,552.0,552.0,False,False
6279,3.0,,,,,,,,,,,,,,,,1.0,1.0,6.0,,5.0,1.0,,,,,,14.0,249.0,,,,,,,2020,TE,1.6,1.6,0.5,0.5,115.0,105.0,534.0,514.0,115.0,105.0,529.0,508.0,False,False
5007,8.0,,,,,,,,,,,,,,,,33.0,40.0,400.0,3.0,252.0,148.0,,11.0,4.0,3.0,,302.0,617.0,,,,,1.0,,2020,WR,87.0,87.0,10.9,10.9,91.0,52.0,206.0,133.0,91.0,52.0,206.0,124.0,False,False
6966,1.0,,,,,,,,,,,,,,,,,,,,,,,,,,,,66.0,,,,,,,2020,RB,0.0,0.0,0.0,0.0,147.0,147.0,553.0,553.0,147.0,147.0,552.0,552.0,False,False
6519,8.0,,,,,,,,,,,,,,,,5.0,8.0,46.0,,28.0,18.0,,1.0,1.0,1.0,,142.0,528.0,,,,,,,2020,WR,7.6,7.6,1.0,1.0,184.0,191.0,464.0,474.0,184.0,191.0,460.0,469.0,False,False
3278,16.0,,,,,,,,,,,,,,,,5.0,8.0,73.0,,38.0,35.0,,,1.0,,,146.0,1064.0,,,,,,,2020,WR,12.3,12.3,0.8,0.8,170.0,194.0,423.0,483.0,170.0,194.0,419.0,478.0,False,False
6323,10.0,,,,,,,,,,,,,,,,,,,,,,,,,,,70.0,695.0,,,,,,,2020,RB,0.0,0.0,0.0,0.0,147.0,147.0,553.0,553.0,147.0,147.0,552.0,552.0,False,False
6927,6.0,,,,,,,,,,,,,,,,7.0,13.0,106.0,1.0,48.0,58.0,,2.0,,,,123.0,511.0,,,,,,,2020,WR,23.6,23.6,3.9,3.9,152.0,125.0,362.0,313.0,152.0,125.0,359.0,311.0,False,False
3269,3.0,,,,,,,,,,,,,,,,,,,,,,,,,,,14.0,227.0,,,,,,,2020,WR,0.0,0.0,0.0,0.0,212.0,212.0,553.0,553.0,212.0,212.0,552.0,552.0,False,False
6970,1.0,,,,,,,,,,,,,,,,,,,,,,,,,,,,70.0,,,,,,,2020,TE,0.0,0.0,0.0,0.0,120.0,120.0,553.0,553.0,120.0,120.0,552.0,552.0,False,False
1587,14.0,,,,,,,,,,,,,,,,15.0,20.0,99.0,,20.0,79.0,,2.0,,,,491.0,967.0,,,,,,,2020,TE,24.9,24.9,1.8,1.8,68.0,80.0,358.0,424.0,68.0,80.0,356.0,418.0,False,False
5132,6.0,,,,,,,,,,,,,,,,5.0,8.0,60.0,,50.0,10.0,,2.0,,,,87.0,382.0,,,,,,,2020,WR,11.0,11.0,1.8,1.8,174.0,167.0,433.0,424.0,174.0,167.0,428.0,418.0,False,False
5092,8.0,,,,,,,,,,,,,,,,8.0,15.0,80.0,1.0,20.0,60.0,,5.0,,,,137.0,540.0,,,,,,,2020,TE,22.0,22.0,2.8,2.8,74.0,57.0,374.0,356.0,74.0,57.0,373.0,353.0,False,False
1718,16.0,,,,,,,,,,,,,,,,1.0,1.0,14.0,,-4.0,18.0,,,,,,9.0,1100.0,,,,,,,2020,TE,2.4,2.4,0.2,0.2,107.0,113.0,511.0,533.0,107.0,113.0,510.0,530.0,False,False
5290,2.0,,,,,,,,,,,,,,,,3.0,4.0,19.0,,15.0,4.0,,1.0,,,,60.0,156.0,,,,,,,2020,WR,4.9,4.9,2.4,2.4,194.0,149.0,486.0,376.0,194.0,149.0,483.0,373.0,False,False
2463,16.0,,,,,,,,,,,,,,,,14.0,22.0,129.0,2.0,56.0,73.0,,7.0,,,,451.0,1035.0,,,,,,,2020,TE,38.9,38.9,2.4,2.4,56.0,66.0,310.0,376.0,56.0,66.0,310.0,373.0,False,False
3568,2.0,,,,,,,,,,,,,,,,,,,,,,,,,,,3.0,123.0,,,,,,,2020,WR,0.0,0.0,0.0,0.0,212.0,212.0,553.0,553.0,212.0,212.0,552.0,552.0,False,False
7088,13.0,,,,,,,,,,,,,,,,,,,,,,,,,,,,950.0,,,,,,,2020,RB,0.0,0.0,0.0,0.0,147.0,147.0,553.0,553.0,147.0,147.0,552.0,552.0,False,False
5957,7.0,,,,,,,,,,,,,,,,1.0,2.0,3.0,,3.0,,,,,,,47.0,442.0,,,,,,,2020,TE,1.3,1.3,0.2,0.2,118.0,113.0,540.0,533.0,118.0,113.0,536.0,530.0,False,False
6146,15.0,,,,,,,,,,,,,,,,18.0,21.0,112.0,,23.0,89.0,,3.0,1.0,,,457.0,957.0,,,,,,,2020,TE,29.2,29.2,1.9,1.9,66.0,78.0,344.0,416.0,66.0,78.0,343.0,413.0,False,False
1373,1.0,5.0,4.0,33.0,,,1.0,19.0,1.0,2.0,-2.0,,,,1.0,1.0,,,,,,,,,1.0,,,18.0,1087.0,,,,,,,2020,QB,1.1,0.5,1.1,0.5,73.0,69.0,544.0,466.0,73.0,68.0,546.0,508.0,False,False
6018,2.0,,,,,,,,,,,,,,,,,,,,,,,,,,,20.0,150.0,,,,,,,2020,TE,0.0,0.0,0.0,0.0,120.0,120.0,553.0,553.0,120.0,120.0,552.0,552.0,False,False
7496,14.0,,,,,,,,,,,,,,,,3.0,8.0,33.0,,28.0,5.0,,1.0,,,,165.0,948.0,,,,,,,2020,WR,6.3,6.3,0.5,0.5,191.0,202.0,477.0,514.0,191.0,202.0,474.0,508.0,False,False
5773,9.0,,,,,,,,,,,,,,,,11.0,17.0,180.0,,157.0,23.0,,3.0,,,,303.0,666.0,,,,,,,2020,WR,29.0,29.0,3.2,3.2,144.0,136.0,347.0,343.0,144.0,136.0,346.0,340.0,False,False
2146,14.0,,,,,,,,,,,,,,,,24.0,31.0,345.0,2.0,250.0,95.0,,3.0,,,,279.0,1018.0,,,,,,,2020,TE,70.5,70.5,5.0,5.0,37.0,39.0,234.0,274.0,37.0,39.0,233.0,274.0,False,False
7066,9.0,,,,,,,,,,,,,,,,,,,,,,,,2.0,,,1.0,672.0,,,,,,,2020,WR,0.0,0.0,0.0,0.0,212.0,212.0,553.0,553.0,212.0,212.0,552.0,552.0,False,False
6857,14.0,,,,,,,,,,,,,,,,18.0,31.0,272.0,2.0,188.0,84.0,,5.0,,,,230.0,906.0,,,,,,,2020,WR,57.2,57.2,4.1,4.1,109.0,123.0,264.0,302.0,109.0,123.0,261.0,301.0,False,False
4491,11.0,,,,,,,,,,,,,,,,1.0,1.0,11.0,,1.0,10.0,,,,,,35.0,775.0,,,,,,,2020,WR,2.1,2.1,0.2,0.2,208.0,207.0,522.0,533.0,208.0,207.0,520.0,530.0,False,False
7483,1.0,,,,,,,,,,,,,,,,,,,,,,,,,,,5.0,74.0,,,,,,,2020,TE,0.0,0.0,0.0,0.0,120.0,120.0,553.0,553.0,120.0,120.0,552.0,552.0,False,False
5781,6.0,,,,,,,,,,,,,,,,,,,,,,,,,,,2.0,468.0,,,,,,,2020,WR,0.0,0.0,0.0,0.0,212.0,212.0,553.0,553.0,212.0,212.0,552.0,552.0,False,False
812,10.0,,,,,,,,,,,,,,,,4.0,6.0,35.0,2.0,15.0,20.0,,3.0,,,,173.0,681.0,,,,,,,2020,TE,19.5,19.5,2.0,2.0,76.0,74.0,385.0,406.0,76.0,74.0,384.0,403.0,False,False
6386,1.0,,,,,,,,,,,,,,,,,,,,,,,,,,,1.0,60.0,,,,,,,2020,WR,0.0,0.0,0.0,0.0,212.0,212.0,553.0,553.0,212.0,212.0,552.0,552.0,False,False
4443,13.0,,,,,,,,,,,,,,,,14.0,16.0,163.0,2.0,87.0,76.0,,4.0,,,,280.0,814.0,,,,,,,2020,TE,42.3,42.3,3.3,3.3,53.0,55.0,298.0,337.0,53.0,55.0,297.0,334.0,False,False
7078,1.0,,,,,,,,,,,,,,,,,,,,,,,,,,,4.0,72.0,,,,,,,2020,WR,0.0,0.0,0.0,0.0,212.0,212.0,553.0,553.0,212.0,212.0,552.0,552.0,False,False
5539,1.0,,,,,,,,,,,,,,,,,,,,,,,,,,,3.0,82.0,,,,,,,2020,WR,0.0,0.0,0.0,0.0,212.0,212.0,553.0,553.0,212.0,212.0,552.0,552.0,False,False
1737,2.0,10.0,5.0,46.0,,,,18.0,,,,,,,,,,,,,,,,,,,,15.0,1097.0,,,,,,,2020,QB,1.8,0.9,0.9,0.5,70.0,70.0,531.0,477.0,69.0,68.0,540.0,508.0,False,False
6247,2.0,,,,,,,,,,,,,,,,,,,,,,,,,,,35.0,141.0,,,,,,,2020,WR,0.0,0.0,0.0,0.0,212.0,212.0,553.0,553.0,212.0,212.0,552.0,552.0,False,False
4420,2.0,,,,,,,,,,,,,,,,1.0,1.0,12.0,,10.0,2.0,,,,,,31.0,154.0,,,,,,,2020,WR,2.2,2.2,1.1,1.1,207.0,189.0,518.0,466.0,207.0,189.0,516.0,462.0,False,False
6985,1.0,,,,,,,,,,,,,,,,,,,,,,,,,,,2.0,67.0,,,,,,,2020,WR,0.0,0.0,0.0,0.0,212.0,212.0,553.0,553.0,212.0,212.0,552.0,552.0,False,False
4696,4.0,,,,,,,,,,,,,,,,,,,,,,,,,,,7.0,287.0,,,,,,,2020,RB,0.0,0.0,0.0,0.0,147.0,147.0,553.0,553.0,147.0,147.0,552.0,552.0,False,False
7106,2.0,,,,,,,,,,,,,,,,2.0,6.0,35.0,,21.0,14.0,,1.0,,,,39.0,197.0,,,,,,,2020,TE,5.5,5.5,2.8,2.8,98.0,57.0,480.0,356.0,98.0,57.0,477.0,353.0,False,False
928,10.0,1.0,,,,,,,1.0,,,,,,,,38.0,48.0,441.0,3.0,276.0,165.0,,7.0,,,,374.0,620.0,,,,,,,2020,WR,100.1,100.1,10.0,10.0,77.0,58.0,182.0,149.0,78.0,58.0,181.0,141.0,False,False
1612,1.0,5.0,1.0,18.0,,,,5.0,,,,,,,,,,,,,,,,,,,,5.0,201.0,,,,,,,2020,QB,0.7,0.4,0.7,0.4,75.0,71.0,548.0,492.0,74.0,70.0,547.0,518.0,False,False
6246,7.0,,,,,,,,,,,,,,,,,,,,,,,,,,,20.0,469.0,,,,,,,2020,RB,0.0,0.0,0.0,0.0,147.0,147.0,553.0,553.0,147.0,147.0,552.0,552.0,False,False
3846,1.0,,,,,,,,,,,,,,,,,,,,,,,,,,,4.0,76.0,,,,,,,2020,WR,0.0,0.0,0.0,0.0,212.0,212.0,553.0,553.0,212.0,212.0,552.0,552.0,False,False
2360,9.0,,,,,,,,,,,,,,,,8.0,10.0,102.0,1.0,36.0,66.0,,3.0,,,,333.0,654.0,,,,,,,2020,TE,24.2,24.2,2.7,2.7,69.0,61.0,360.0,363.0,69.0,61.0,358.0,360.0,False,False
6870,12.0,,,,,,,,,,,,,,,,11.0,15.0,193.0,1.0,73.0,120.0,,1.0,,,,266.0,812.0,,,,,,,2020,WR,36.3,36.3,3.0,3.0,132.0,141.0,320.0,351.0,131.0,141.0,319.0,349.0,False,False
6988,4.0,,,,,,,,,,,,,,,,,,,,,,,,,,,,276.0,,,,,,,2020,RB,0.0,0.0,0.0,0.0,147.0,147.0,553.0,553.0,147.0,147.0,552.0,552.0,False,False
5260,7.0,,,,,,,,,,,,,,,,1.0,3.0,13.0,,12.0,1.0,,1.0,,,,50.0,444.0,,,,,,,2020,WR,2.3,2.3,0.3,0.3,205.0,206.0,516.0,526.0,205.0,206.0,514.0,523.0,False,False
943,12.0,,,,,,,,,,,,,,,,28.0,37.0,334.0,1.0,170.0,164.0,,5.0,1.0,1.0,,589.0,814.0,,,,,,,2020,TE,65.4,65.4,5.4,5.4,40.0,36.0,245.0,261.0,40.0,36.0,244.0,261.0,False,False
7352,1.0,,,,,,,,,,,,,,,,,,,,,,,,,,,,66.0,,,,,,,2020,WR,0.0,0.0,0.0,0.0,212.0,212.0,553.0,553.0,212.0,212.0,552.0,552.0,False,False
7438,1.0,,,,,,,,,,,,,,,,,,,,,,,,,,,2.0,81.0,,,,,,,2020,WR,0.0,0.0,0.0,0.0,212.0,212.0,553.0,553.0,212.0,212.0,552.0,552.0,False,False
5938,3.0,,,,,,,,,,,,,,,,3.0,5.0,46.0,1.0,36.0,10.0,,1.0,,,,67.0,196.0,,,,,,,2020,WR,13.6,13.6,4.5,4.5,166.0,119.0,411.0,290.0,166.0,119.0,409.0,290.0,False,False
3476,1.0,,,,,,,,,,,,,,,,,,,,,,,,,,,,53.0,,,,,,,2020,WR,0.0,0.0,0.0,0.0,212.0,212.0,553.0,553.0,212.0,212.0,552.0,552.0,False,False
4571,1.0,,,,,,,,,,,,,,,,1.0,1.0,12.0,,12.0,,,,,,,26.0,73.0,,,,,,,2020,TE,2.2,2.2,2.2,2.2,109.0,71.0,518.0,389.0,109.0,71.0,516.0,386.0,False,False
7244,3.0,,,,,,,,,,,,,,,,5.0,11.0,60.0,,49.0,11.0,,,,,,93.0,244.0,,,,,,,2020,WR,11.0,11.0,3.7,3.7,174.0,130.0,433.0,327.0,174.0,130.0,428.0,322.0,False,False
5163,15.0,,,,,,,,,3.0,,,,,,,8.0,9.0,67.0,1.0,20.0,47.0,,2.0,,,,71.0,1043.0,,,,,,,2020,RB,20.7,20.7,1.4,1.4,102.0,116.0,381.0,443.0,102.0,116.0,381.0,437.0,False,False
4468,8.0,,,,,,,,,,,,,,,,,1.0,,,,,,,,,,70.0,520.0,,,,,,,2020,TE,0.0,0.0,0.0,0.0,120.0,120.0,553.0,553.0,120.0,120.0,552.0,552.0,False,False
3695,16.0,,,,,,,,,,,,,,,,,1.0,,,,,,1.0,,,,91.0,1107.0,,,,,,,2020,TE,0.0,0.0,0.0,0.0,120.0,120.0,553.0,553.0,120.0,120.0,552.0,552.0,False,False
4351,15.0,,,,,,,,,,,,,,,,51.0,79.0,742.0,6.0,504.0,238.0,,10.0,,,,763.0,1033.0,,,,,3.0,,2020,WR,167.2,167.2,11.1,11.1,41.0,50.0,98.0,127.0,41.0,50.0,95.0,119.0,False,False
1706,14.0,,,,,,,,,,,,,,,,23.0,33.0,251.0,3.0,160.0,91.0,,8.0,1.0,1.0,,551.0,964.0,,,,,,,2020,TE,64.1,64.1,4.6,4.6,41.0,42.0,248.0,284.0,41.0,42.0,246.0,285.0,False,False
6926,4.0,,,,,,,,,,,,,,,,,,,,,,,,,,,,269.0,,,,,,,2020,TE,0.0,0.0,0.0,0.0,120.0,120.0,553.0,553.0,120.0,120.0,552.0,552.0,False,False
3328,13.0,,,,,,,,,,,,,,,,37.0,52.0,599.0,4.0,517.0,82.0,,8.0,3.0,,,518.0,873.0,,,,,1.0,,2020,WR,122.9,122.9,9.5,9.5,63.0,65.0,155.0,160.0,63.0,65.0,154.0,153.0,False,False
5134,1.0,,,,,,,,,,,,,,,,1.0,2.0,13.0,,4.0,9.0,,,,,,37.0,72.0,,,,,,,2020,WR,2.3,2.3,2.3,2.3,205.0,151.0,516.0,382.0,205.0,151.0,514.0,381.0,False,False
695,5.0,,,,,,,,,,,,,,,,3.0,6.0,40.0,,30.0,10.0,,,1.0,,,60.0,349.0,,,,,,,2020,WR,7.0,7.0,1.4,1.4,186.0,179.0,469.0,443.0,186.0,179.0,467.0,437.0,False,False
6069,6.0,,,,,,,,,,,,,,,,,,,,,,,,,,,21.0,374.0,,,,,,,2020,WR,0.0,0.0,0.0,0.0,212.0,212.0,553.0,553.0,212.0,212.0,552.0,552.0,False,False
6964,14.0,,,,,,,,,,,,,,,,,,,,,,,,,,,65.0,1082.0,,,,,,,2020,TE,0.0,0.0,0.0,0.0,120.0,120.0,553.0,553.0,120.0,120.0,552.0,552.0,False,False
5277,14.0,,,,,,,,,,,,,,,,7.0,11.0,36.0,,6.0,30.0,,2.0,,,,150.0,1130.0,,,,,,,2020,TE,10.6,10.6,0.8,0.8,85.0,92.0,436.0,483.0,85.0,92.0,433.0,478.0,False,False
4416,6.0,,,,,,,,,,,,,,,,3.0,4.0,27.0,1.0,16.0,11.0,,2.0,,,,81.0,430.0,,,,,,,2020,WR,11.7,11.7,2.0,2.0,173.0,161.0,428.0,406.0,173.0,161.0,424.0,403.0,False,False
4660,1.0,,,,,,,,,,,,,,,,,,,,,,,,,,,17.0,57.0,,,,,,,2020,TE,0.0,0.0,0.0,0.0,120.0,120.0,553.0,553.0,120.0,120.0,552.0,552.0,False,False
5102,5.0,,,,,,,,,,,,,,,,2.0,3.0,23.0,,23.0,,,,,,,64.0,334.0,,,,,,,2020,WR,4.3,4.3,0.9,0.9,195.0,193.0,490.0,477.0,195.0,193.0,488.0,472.0,False,False
4602,16.0,,,,,,,,,,,,,,,,52.0,59.0,586.0,11.0,352.0,234.0,,11.0,,,,646.0,1054.0,,,,,,,2020,TE,176.6,176.6,11.0,11.0,4.0,7.0,90.0,129.0,4.0,7.0,86.0,122.0,True,True
4125,3.0,,,,,,,,,,,,,,,,,1.0,,,,,,,,,,24.0,181.0,,,,,,,2020,WR,0.0,0.0,0.0,0.0,212.0,212.0,553.0,553.0,212.0,212.0,552.0,552.0,False,False
4189,8.0,,,,,,,,,,,,,,,,3.0,4.0,16.0,,9.0,7.0,,,,,,96.0,519.0,,,,,,,2020,TE,4.6,4.6,0.6,0.6,102.0,98.0,487.0,498.0,102.0,98.0,485.0,494.0,False,False
5919,1.0,,,,,,,,,,,,,,,,,,,,,,,,,,,,68.0,,,,,,,2020,RB,0.0,0.0,0.0,0.0,147.0,147.0,553.0,553.0,147.0,147.0,552.0,552.0,False,False
5005,1.0,,,,,,,,,,,,,,,,1.0,1.0,16.0,,13.0,3.0,,,,,,9.0,113.0,,,,,,,2020,WR,2.6,2.6,2.6,2.6,203.0,146.0,505.0,367.0,203.0,146.0,503.0,365.0,False,False
6957,14.0,,,,,,,,,,,,,,,,1.0,3.0,14.0,,6.0,8.0,,,,,,26.0,910.0,,,,,,,2020,WR,2.4,2.4,0.2,0.2,204.0,207.0,511.0,533.0,204.0,207.0,510.0,530.0,False,False
7466,8.0,,,,,,,,,,,,,,,,,,,,,,,,,,,2.0,505.0,,,,,,,2020,RB,0.0,0.0,0.0,0.0,147.0,147.0,553.0,553.0,147.0,147.0,552.0,552.0,False,False
2755,7.0,,,,,,,,,,,,,,,,,1.0,,,,,,,,,,130.0,458.0,,,,,,,2020,TE,0.0,0.0,0.0,0.0,120.0,120.0,553.0,553.0,120.0,120.0,552.0,552.0,False,False
1592,16.0,,,,,,,,,,,,,,,,21.0,29.0,312.0,4.0,135.0,177.0,,4.0,,,,549.0,1002.0,,,,,,,2020,TE,76.2,76.2,4.8,4.8,32.0,41.0,225.0,278.0,32.0,41.0,225.0,278.0,False,False
6869,15.0,,,,,,,,,,,,,,,,15.0,16.0,171.0,1.0,54.0,117.0,,3.0,,,,402.0,1021.0,,,,,,,2020,TE,38.1,38.1,2.5,2.5,58.0,64.0,312.0,373.0,58.0,64.0,312.0,370.0,False,False
3894,4.0,,,,,,,,,,,,,,,,,,,,,,,,,,,92.0,279.0,,,,,,,2020,TE,0.0,0.0,0.0,0.0,120.0,120.0,553.0,553.0,120.0,120.0,552.0,552.0,False,False
6142,5.0,,,,,,,,,,,,,,,,,,,,,,,,,,,9.0,363.0,,,,,,,2020,TE,0.0,0.0,0.0,0.0,120.0,120.0,553.0,553.0,120.0,120.0,552.0,552.0,False,False
606,2.0,,,,,,,,,,,,,,,,,,,,,,,,,,,,122.0,,,,,,,2020,QB,0.0,0.0,0.0,0.0,77.0,77.0,553.0,553.0,76.0,76.0,552.0,552.0,False,False
6846,5.0,,,,,,,,,,,,,,,,1.0,3.0,44.0,,32.0,12.0,,1.0,,,,26.0,323.0,,,,,,,2020,TE,5.4,5.4,1.1,1.1,100.0,88.0,483.0,466.0,100.0,88.0,480.0,462.0,False,False
6223,2.0,,,,,,,,,,,,,,,,,,,,,,,,,,,9.0,134.0,,,,,,,2020,WR,0.0,0.0,0.0,0.0,212.0,212.0,553.0,553.0,212.0,212.0,552.0,552.0,False,False
5985,16.0,,,,,,,,,,,,,,,,7.0,9.0,140.0,2.0,89.0,51.0,,1.0,,,,261.0,1100.0,,,,,,,2020,TE,33.0,33.0,2.1,2.1,61.0,72.0,324.0,394.0,61.0,72.0,324.0,393.0,False,False
23,16.0,,,,,,,,,,,,,,,,13.0,17.0,69.0,2.0,49.0,20.0,,6.0,,,,415.0,1100.0,,,,,,,2020,TE,31.9,31.9,2.0,2.0,62.0,74.0,329.0,406.0,62.0,74.0,329.0,403.0,False,False
3041,1.0,,,,,,,,,,,,,,,,,,,,,,,,,,,3.0,46.0,,,,,,,2020,TE,0.0,0.0,0.0,0.0,120.0,120.0,553.0,553.0,120.0,120.0,552.0,552.0,False,False
4605,5.0,,,,,,,,,,,,,,,,,,,,,,,,,,,44.0,373.0,,,,,,,2020,TE,0.0,0.0,0.0,0.0,120.0,120.0,553.0,553.0,120.0,120.0,552.0,552.0,False,False
5233,8.0,,,,,,,,,,,,,,,,1.0,1.0,2.0,,,2.0,,1.0,,,,80.0,558.0,,,,,,,2020,TE,1.2,1.2,0.2,0.2,119.0,113.0,543.0,533.0,119.0,113.0,538.0,530.0,False,False
3258,15.0,,,,,,,,,,,,,,,,14.0,21.0,95.0,1.0,31.0,64.0,,3.0,,,,371.0,1034.0,,,,,,,2020,TE,29.5,29.5,2.0,2.0,64.0,74.0,341.0,406.0,64.0,74.0,340.0,403.0,False,False
7204,14.0,,,,,,,,,,,,,,,,2.0,2.0,16.0,1.0,8.0,8.0,,1.0,,,,83.0,978.0,,,,,,,2020,RB,9.6,9.6,0.7,0.7,120.0,130.0,443.0,492.0,120.0,130.0,440.0,489.0,False,False
5117,6.0,,,,,,,,,,,,,,,,1.0,2.0,3.0,1.0,3.0,,,1.0,,,,9.0,393.0,,,,,,,2020,TE,7.3,7.3,1.2,1.2,93.0,85.0,465.0,457.0,93.0,85.0,462.0,453.0,False,False
5101,2.0,,,,,,,,,,,,,,,,,,,,,,,,,,,10.0,134.0,,,,,,,2020,WR,0.0,0.0,0.0,0.0,212.0,212.0,553.0,553.0,212.0,212.0,552.0,552.0,False,False
7357,14.0,,,,,,,,,,,,,,,,,,,,,,,,,,,3.0,987.0,,,,,,,2020,WR,0.0,0.0,0.0,0.0,212.0,212.0,553.0,553.0,212.0,212.0,552.0,552.0,False,False
6843,4.0,,,,,,,,,,,,,,,,11.0,15.0,121.0,1.0,48.0,73.0,,4.0,,,,88.0,284.0,,,,,,,2020,TE,29.1,29.1,7.3,7.3,67.0,26.0,346.0,221.0,67.0,26.0,345.0,218.0,False,False
7087,14.0,,,,,,,,,,,,,,,,1.0,1.0,11.0,1.0,-4.0,15.0,,1.0,,,,4.0,1008.0,,,,,,,2020,RB,8.1,8.1,0.6,0.6,124.0,131.0,457.0,498.0,124.0,131.0,454.0,494.0,False,False
5080,5.0,,,,,,,,,,,,,,,,4.0,10.0,63.0,,53.0,10.0,,4.0,1.0,,,130.0,328.0,,,,,,,2020,WR,10.3,10.3,2.1,2.1,176.0,156.0,438.0,394.0,176.0,156.0,435.0,393.0,False,False
4752,1.0,,,,,,,,,,,,,,,,,,,,,,,,,,,5.0,66.0,,,,,,,2020,WR,0.0,0.0,0.0,0.0,212.0,212.0,553.0,553.0,212.0,212.0,552.0,552.0,False,False
6089,5.0,,,,,,,,,,,,,,,,,,,,,,,,,,,28.0,346.0,,,,,,,2020,TE,0.0,0.0,0.0,0.0,120.0,120.0,553.0,553.0,120.0,120.0,552.0,552.0,False,False
5199,13.0,,,,,,,,,,,,,,,,13.0,17.0,160.0,1.0,92.0,68.0,,3.0,,,1.0,200.0,919.0,,,,,,,2020,WR,41.0,41.0,3.2,3.2,127.0,136.0,305.0,343.0,127.0,136.0,304.0,340.0,False,False
7032,10.0,,,,,,,,,,,,,,,,6.0,9.0,63.0,,45.0,18.0,,,,,,75.0,675.0,,,,,,,2020,WR,12.3,12.3,1.2,1.2,170.0,184.0,423.0,457.0,170.0,184.0,419.0,453.0,False,False
5139,1.0,,,,,,,,,,,,,,,,,,,,,,,,,,,3.0,67.0,,,,,,,2020,WR,0.0,0.0,0.0,0.0,212.0,212.0,553.0,553.0,212.0,212.0,552.0,552.0,False,False
4218,12.0,,,,,,,,,,,,,,,,10.0,21.0,86.0,,43.0,43.0,,7.0,,,,205.0,848.0,,,,,,,2020,WR,18.6,18.6,1.6,1.6,159.0,171.0,387.0,432.0,159.0,171.0,385.0,426.0,False,False
1642,16.0,,,,,,,,,,,,,,,,5.0,6.0,46.0,,20.0,26.0,,,,,,282.0,1040.0,,,,,,,2020,TE,9.6,9.6,0.6,0.6,89.0,98.0,443.0,498.0,89.0,98.0,440.0,494.0,False,False
2751,16.0,,,,,,,,,,,,,,,,2.0,2.0,31.0,,10.0,21.0,,,,,,28.0,1010.0,,,,,,,2020,TE,5.1,5.1,0.3,0.3,101.0,109.0,484.0,526.0,101.0,109.0,481.0,523.0,False,False
5285,16.0,,,,,,,,,,,,,,,,19.0,24.0,245.0,1.0,138.0,107.0,,3.0,,,,510.0,1118.0,,,,,,,2020,TE,49.5,49.5,3.1,3.1,49.0,56.0,285.0,348.0,49.0,56.0,282.0,345.0,False,False
1603,8.0,,,,,,,,,,,,,,,,1.0,3.0,12.0,,10.0,2.0,,1.0,,,,89.0,500.0,,,,,,,2020,TE,2.2,2.2,0.3,0.3,109.0,109.0,518.0,526.0,109.0,109.0,516.0,523.0,False,False
6535,1.0,,,,,,,,,,,,,,,,,,,,,,,,,,,30.0,64.0,,,,,,,2020,TE,0.0,0.0,0.0,0.0,120.0,120.0,553.0,553.0,120.0,120.0,552.0,552.0,False,False
4489,4.0,,,,,,,,,,,,,,,,1.0,2.0,10.0,,5.0,5.0,,1.0,,,,5.0,267.0,,,,,,,2020,WR,2.0,2.0,0.5,0.5,209.0,202.0,525.0,514.0,209.0,202.0,522.0,508.0,False,False
7075,14.0,,,,,,,,,,,,,,,,3.0,4.0,36.0,,11.0,25.0,,1.0,,,,119.0,976.0,,,,,,,2020,TE,6.6,6.6,0.5,0.5,96.0,105.0,473.0,514.0,96.0,105.0,470.0,508.0,False,False
1329,5.0,,,,,,,,,,,,,,,,14.0,26.0,118.0,,82.0,36.0,,2.0,,,,277.0,335.0,,,,,,,2020,WR,25.8,25.8,5.2,5.2,148.0,111.0,354.0,269.0,148.0,111.0,352.0,269.0,False,False
5197,3.0,,,,,,,,,,,,,,,,,2.0,,,,,,,,,,19.0,199.0,,,,,,,2020,WR,0.0,0.0,0.0,0.0,212.0,212.0,553.0,553.0,212.0,212.0,552.0,552.0,False,False
1777,14.0,,,,,,,,,,,,,,,,8.0,10.0,46.0,1.0,9.0,37.0,,1.0,1.0,,,366.0,964.0,,,,,,,2020,TE,18.6,18.6,1.3,1.3,77.0,83.0,387.0,450.0,77.0,83.0,385.0,445.0,False,False
4085,16.0,,,,,,,,,,,,,,,,12.0,22.0,150.0,3.0,49.0,101.0,,6.0,,,,375.0,1089.0,,,,,,,2020,TE,45.0,45.0,2.8,2.8,50.0,57.0,291.0,356.0,50.0,57.0,290.0,353.0,False,False
5886,2.0,,,,,,,,,,,,,,,,,1.0,,,,,,1.0,,,,1.0,156.0,,,,,,,2020,TE,0.0,0.0,0.0,0.0,120.0,120.0,553.0,553.0,120.0,120.0,552.0,552.0,False,False
2039,7.0,,,,,,,,,,,,,,,,4.0,6.0,31.0,,9.0,22.0,,,,,,98.0,464.0,,,,,,,2020,WR,7.1,7.1,1.0,1.0,185.0,191.0,467.0,474.0,185.0,191.0,465.0,469.0,False,False
5275,3.0,,,,,,,,,,,,,,,,,1.0,,,,,,,,,,21.0,219.0,,,,,,,2020,WR,0.0,0.0,0.0,0.0,212.0,212.0,553.0,553.0,212.0,212.0,552.0,552.0,False,False
3333,8.0,,,,,,,,,,,,,,,,1.0,2.0,10.0,,4.0,6.0,,,,,,64.0,558.0,,,,,,,2020,TE,2.0,2.0,0.2,0.2,113.0,113.0,525.0,533.0,113.0,113.0,522.0,530.0,False,False
3297,4.0,,,,,,,,,,,,,,,,,3.0,,,,,,,,,,28.0,412.0,,,,,,,2020,WR,0.0,0.0,0.0,0.0,212.0,212.0,553.0,553.0,212.0,212.0,552.0,552.0,False,False
3296,4.0,,,,,,,,,,,,,,,,,1.0,,,,,,,,,,49.0,285.0,,,,,,,2020,TE,0.0,0.0,0.0,0.0,120.0,120.0,553.0,553.0,120.0,120.0,552.0,552.0,False,False
5171,1.0,,,,,,,,,,,,,,,,,1.0,,,,,,,,,,12.0,69.0,,,,,,,2020,TE,0.0,0.0,0.0,0.0,120.0,120.0,553.0,553.0,120.0,120.0,552.0,552.0,False,False
4146,2.0,,,,,,,,,,,,,,,,1.0,1.0,4.0,,4.0,,,1.0,1.0,1.0,,18.0,132.0,,,,,,,2020,WR,-0.6,-0.6,-0.3,-0.3,245.0,245.0,643.0,628.0,245.0,245.0,642.0,627.0,False,False
5154,15.0,,,,,,,,,,,,,,,,5.0,7.0,50.0,,23.0,27.0,,1.0,,,,81.0,1097.0,,,,,,,2020,WR,10.0,10.0,0.7,0.7,178.0,198.0,442.0,492.0,178.0,198.0,439.0,489.0,False,False
6074,13.0,,,,,,,,,,,,,,,,10.0,20.0,159.0,3.0,103.0,56.0,,7.0,,,,185.0,950.0,,,,,,,2020,TE,43.9,43.9,3.4,3.4,52.0,54.0,295.0,333.0,52.0,54.0,293.0,330.0,False,False
6439,1.0,,,,,,,,,,,,,,,,,,,,,,,,,,,,146.0,,,,,,,2020,TE,0.0,0.0,0.0,0.0,120.0,120.0,553.0,553.0,120.0,120.0,552.0,552.0,False,False
6529,3.0,,,,,,,,,,,,,,,,,,,,,,,,,,,8.0,284.0,,,,,,,2020,TE,0.0,0.0,0.0,0.0,120.0,120.0,553.0,553.0,120.0,120.0,552.0,552.0,False,False
1048,1.0,,,,,,,,,,,,,,,,2.0,2.0,6.0,,2.0,4.0,,,,,,5.0,50.0,,,,,,,2020,RB,2.6,2.6,2.6,2.6,134.0,104.0,505.0,367.0,134.0,104.0,503.0,365.0,False,False
5010,16.0,,,,,,,,,,,,,,,,24.0,29.0,251.0,2.0,82.0,169.0,,4.0,,,,567.0,1087.0,,,,,,,2020,TE,61.1,61.1,3.8,3.8,45.0,52.0,255.0,319.0,45.0,52.0,253.0,317.0,False,False
6032,1.0,,,,,,,,,,,,,,,,,,,,,,,,,,,3.0,74.0,,,,,,,2020,WR,0.0,0.0,0.0,0.0,212.0,212.0,553.0,553.0,212.0,212.0,552.0,552.0,False,False
7050,2.0,,,,,,,,,,,,,,,,1.0,2.0,12.0,,1.0,11.0,,,,,,31.0,143.0,,,,,,,2020,TE,2.2,2.2,1.1,1.1,109.0,88.0,518.0,466.0,109.0,88.0,516.0,462.0,False,False
7175,2.0,,,,,,,,,,,,,,,,,,,,,,,,,,,,143.0,,,,,,,2020,WR,0.0,0.0,0.0,0.0,212.0,212.0,553.0,553.0,212.0,212.0,552.0,552.0,False,False
4536,4.0,,,,,,,,,,,,,,,,1.0,1.0,3.0,1.0,3.0,,,1.0,,,,13.0,351.0,,,,,,,2020,TE,7.3,7.3,1.8,1.8,93.0,80.0,465.0,424.0,93.0,80.0,462.0,418.0,False,False
3852,10.0,,,,,,,,,,,,,,,,7.0,10.0,58.0,,27.0,31.0,,1.0,,,,75.0,678.0,,,,,,,2020,WR,12.8,12.8,1.3,1.3,168.0,182.0,417.0,450.0,168.0,182.0,414.0,445.0,False,False
3155,5.0,,,,,,,,,,,,,,,,6.0,7.0,49.0,2.0,36.0,13.0,,3.0,,,,61.0,333.0,,,,,,,2020,WR,22.9,22.9,4.6,4.6,154.0,117.0,367.0,284.0,154.0,117.0,365.0,285.0,False,False
2476,15.0,,,,,,,,,,,,,,,,28.0,38.0,262.0,,168.0,94.0,,1.0,,,,450.0,966.0,,,,,,,2020,TE,54.2,54.2,3.6,3.6,47.0,53.0,273.0,328.0,47.0,53.0,272.0,323.0,False,False
5130,9.0,,,,,,,,,,,,,,,,14.0,22.0,150.0,,92.0,58.0,,4.0,,,,176.0,640.0,,,,,,,2020,WR,29.0,29.0,3.2,3.2,144.0,136.0,347.0,343.0,144.0,136.0,346.0,340.0,False,False
2821,6.0,,,,,,,,,,,,,,,,1.0,1.0,22.0,1.0,22.0,,,,,,,17.0,434.0,,,,,,,2020,WR,9.2,9.2,1.5,1.5,181.0,174.0,451.0,436.0,181.0,174.0,448.0,430.0,False,False
7351,1.0,,,,,,,,,,,,,,,,,,,,,,,,,,,1.0,64.0,,,,,,,2020,WR,0.0,0.0,0.0,0.0,212.0,212.0,553.0,553.0,212.0,212.0,552.0,552.0,False,False
6763,1.0,,,,,,,,,,,,,,,,,,,,,,,,,,,2.0,63.0,,,,,,,2020,WR,0.0,0.0,0.0,0.0,212.0,212.0,553.0,553.0,212.0,212.0,552.0,552.0,False,False
7085,1.0,,,,,,,,,,,,,,,,,,,,,,,,,,,6.0,206.0,,,,,,,2020,WR,0.0,0.0,0.0,0.0,212.0,212.0,553.0,553.0,212.0,212.0,552.0,552.0,False,False
312,16.0,,,,,,,,,,,,,,,,,,,,,,,,,,,7.0,1022.0,,,,,,,2020,WR,0.0,0.0,0.0,0.0,212.0,212.0,553.0,553.0,212.0,212.0,552.0,552.0,False,False
2312,3.0,,,,,,,,,,,,,,,,,,,,,,,,,,,9.0,196.0,,,,,,,2020,WR,0.0,0.0,0.0,0.0,212.0,212.0,553.0,553.0,212.0,212.0,552.0,552.0,False,False
2214,16.0,,,,,,,,,,,,,,,,28.0,34.0,282.0,2.0,211.0,71.0,,4.0,,,,320.0,1086.0,,,,,,,2020,TE,68.2,68.2,4.3,4.3,38.0,44.0,239.0,296.0,38.0,44.0,238.0,295.0,False,False
5310,5.0,,,,,,,,,,,,,,,,2.0,4.0,20.0,,17.0,3.0,,,,,,57.0,428.0,,,,,,,2020,WR,4.0,4.0,0.8,0.8,196.0,194.0,491.0,483.0,196.0,194.0,489.0,478.0,False,False
902,3.0,,,,,,,,,,,,,,,,,,,,,,,,1.0,1.0,,1.0,204.0,,,,,,,2020,WR,-2.0,-2.0,-0.7,-0.7,246.0,246.0,646.0,630.0,246.0,246.0,645.0,630.0,False,False
6451,16.0,,,,,,,,,,,,,,,,1.0,2.0,11.0,,,11.0,,,,,,94.0,1097.0,,,,,,,2020,TE,2.1,2.1,0.1,0.1,112.0,117.0,522.0,545.0,112.0,117.0,520.0,544.0,False,False
6989,11.0,,,,,,,,,,,,,,,,21.0,27.0,213.0,,155.0,58.0,,3.0,,,,271.0,750.0,,,,,,,2020,WR,42.3,42.3,3.8,3.8,124.0,127.0,298.0,319.0,124.0,127.0,297.0,317.0,False,False
4314,16.0,,,,,,,,,,,,,,,,4.0,4.0,53.0,,8.0,45.0,,1.0,,,,123.0,1153.0,,,,,,,2020,TE,9.3,9.3,0.6,0.6,90.0,98.0,448.0,498.0,90.0,98.0,447.0,494.0,False,False
6293,7.0,,,,,,,,,,,,,,,,1.0,1.0,6.0,,-2.0,8.0,,,,,,7.0,433.0,,,,,,,2020,RB,1.6,1.6,0.2,0.2,140.0,141.0,534.0,533.0,140.0,141.0,529.0,530.0,False,False
7082,6.0,,,,,,,,,,,,,,,,3.0,5.0,16.0,,15.0,1.0,,,1.0,,,141.0,352.0,,,,,,,2020,TE,4.6,4.6,0.8,0.8,102.0,92.0,487.0,483.0,102.0,92.0,485.0,478.0,False,False
6088,16.0,,,,,,,,,,,,,,,,14.0,19.0,189.0,,132.0,57.0,,,,,,246.0,1109.0,,,,,,,2020,WR,32.9,32.9,2.1,2.1,134.0,156.0,325.0,394.0,134.0,156.0,325.0,393.0,False,False
6181,12.0,,,,,,,,,1.0,,,,,1.0,,1.0,2.0,5.0,,5.0,,,1.0,,,,150.0,780.0,,,,,,,2020,TE,1.5,1.5,0.1,0.1,117.0,117.0,537.0,545.0,117.0,117.0,532.0,544.0,False,False
7131,8.0,,,,,,,,,,,,,,,,,2.0,,,,,,1.0,,,,34.0,506.0,,,,,,,2020,TE,0.0,0.0,0.0,0.0,120.0,120.0,553.0,553.0,120.0,120.0,552.0,552.0,False,False
5374,11.0,,,,,,,,,,,,,,,,7.0,11.0,94.0,,75.0,19.0,,,,,,162.0,747.0,,,,,,,2020,WR,16.4,16.4,1.5,1.5,162.0,174.0,398.0,436.0,162.0,174.0,399.0,430.0,False,False
7502,5.0,,,,,,,,,,,,,,,,2.0,2.0,26.0,1.0,16.0,10.0,,1.0,,,,68.0,305.0,,,,,,,2020,TE,10.6,10.6,2.1,2.1,85.0,72.0,436.0,394.0,85.0,72.0,433.0,393.0,False,False
5409,11.0,,,,,,,,,,,,,,,,3.0,7.0,41.0,,29.0,12.0,,,,,,76.0,767.0,,,,,,,2020,TE,7.1,7.1,0.6,0.6,95.0,98.0,467.0,498.0,95.0,98.0,465.0,494.0,False,False
6960,14.0,,,,,,,,,,,,,,,,12.0,18.0,169.0,2.0,97.0,72.0,,4.0,,,,269.0,953.0,,,,,,,2020,WR,40.9,40.9,2.9,2.9,128.0,142.0,306.0,354.0,128.0,142.0,305.0,351.0,False,False
4252,10.0,,,,,,,,,,,,,,,,28.0,44.0,276.0,,203.0,73.0,,4.0,,,,380.0,730.0,,,,,,,2020,WR,55.6,55.6,5.6,5.6,111.0,107.0,268.0,256.0,111.0,107.0,267.0,256.0,False,False
6387,16.0,,,,,,,,,,,,,,,,,,,,,,,,3.0,1.0,,8.0,1153.0,,,,,,,2020,WR,-2.0,-2.0,-0.1,-0.1,246.0,244.0,646.0,626.0,246.0,244.0,645.0,624.0,False,False
6992,1.0,,,,,,,,,,,,,,,,,,,,,,,,,,,,81.0,,,,,,,2020,RB,0.0,0.0,0.0,0.0,147.0,147.0,553.0,553.0,147.0,147.0,552.0,552.0,False,False
1567,4.0,,,,,,,,,,,,,,,,5.0,5.0,20.0,,-22.0,42.0,,,1.0,1.0,,31.0,243.0,,,,,,,2020,WR,5.0,5.0,1.2,1.2,193.0,184.0,485.0,457.0,193.0,184.0,482.0,453.0,False,False
7135,16.0,,,,,,,,,,,,,,,,13.0,21.0,159.0,2.0,58.0,101.0,,4.0,,,,360.0,1087.0,,,,,,,2020,WR,40.9,40.9,2.6,2.6,128.0,146.0,306.0,367.0,128.0,146.0,305.0,365.0,False,False
4647,15.0,,,,,,,,,,,,,,,,1.0,2.0,7.0,1.0,7.0,,,1.0,,,,191.0,997.0,,,,,,,2020,TE,7.7,7.7,0.5,0.5,92.0,105.0,461.0,514.0,92.0,105.0,458.0,508.0,False,False
5873,5.0,,,,,,,,,,,,,,,,4.0,4.0,39.0,,36.0,3.0,,1.0,,,,42.0,332.0,,,,,,,2020,WR,7.9,7.9,1.6,1.6,183.0,171.0,458.0,432.0,183.0,171.0,455.0,426.0,False,False
6865,6.0,,,,,,,,,,,,,,,,2.0,2.0,16.0,,11.0,5.0,,1.0,,,,51.0,409.0,,,,,,,2020,TE,3.6,3.6,0.6,0.6,104.0,98.0,494.0,498.0,104.0,98.0,492.0,494.0,False,False
6233,2.0,,,,,,,,,,,,,,,,,,,,,,,,,,,,131.0,,,,,,,2020,TE,0.0,0.0,0.0,0.0,120.0,120.0,553.0,553.0,120.0,120.0,552.0,552.0,False,False
3309,1.0,,,,,,,,,,,,,,,,,,,,,,,,,,,,72.0,,,,,,,2020,RB,0.0,0.0,0.0,0.0,147.0,147.0,553.0,553.0,147.0,147.0,552.0,552.0,False,False
7013,,,,,,,,,,,,,,,,,,,,,,,,,,,,,218.0,,,,,,,2020,QB,0.0,0.0,,,77.0,,553.0,,76.0,,552.0,,False,False
3318,,,,,,,,,,,,,,,,,,,,,,,,,,,,,58.0,,,,,,,2020,QB,0.0,0.0,,,77.0,,553.0,,76.0,,552.0,,False,False
7159,,,,,,,,,,,,,,,,,,,,,,,,,,,,,157.0,,,,,,,2020,QB,0.0,0.0,,,77.0,,553.0,,76.0,,552.0,,False,False
4574,,,,,,,,,,,,,,,,,,,,,,,,,,,,,72.0,,,,,,,2020,QB,0.0,0.0,,,77.0,,553.0,,76.0,,552.0,,False,False
5244,,,,,,,,,,,,,,,,,,,,,,,,,,,,,73.0,,,,,,,2020,WR,0.0,0.0,,,212.0,,553.0,,212.0,,552.0,,False,False
1979,,,,,,,,,,,,,,,,,,,,,,,,,,,,,77.0,,,,,,,2020,QB,0.0,0.0,,,77.0,,553.0,,76.0,,552.0,,False,False
6159,,,,,,,,,,,,,,,,,,,,,,,,,,,,,132.0,,,,,,,2020,RB,0.0,0.0,,,147.0,,553.0,,147.0,,552.0,,False,False
4863,,,,,,,,,,,,,,,,,,,,,,,,,,,,,123.0,,,,,,,2020,QB,0.0,0.0,,,77.0,,553.0,,76.0,,552.0,,False,False
4263,,,,,,,,,,,,,,,,,,,,,,,,,,,,,83.0,,,,,,,2020,RB,0.0,0.0,,,147.0,,553.0,,147.0,,552.0,,False,False
5903,,,,,,,,,,,,,,,,,,,,,,,,,,,,,429.0,,,,,,,2020,QB,0.0,0.0,,,77.0,,553.0,,76.0,,552.0,,False,False
6147,,,,,,,,,,,,,,,,,,,,,,,,,,,,,113.0,,,,,,,2020,QB,0.0,0.0,,,77.0,,553.0,,76.0,,552.0,,False,False
2394,,,,,,,,,,,,,,,,,,,,,,,,,,,,,1109.0,,,,,,,2020,QB,0.0,0.0,,,77.0,,553.0,,76.0,,552.0,,False,False
5089,,,,,,,,,,,,,,,,,,,,,,,,,,,,,439.0,,,,,,,2020,QB,0.0,0.0,,,77.0,,553.0,,76.0,,552.0,,False,False
233,,,,,,,,,,,,,,,,,,,,,,,,,,,,,53.0,,,,,,,2020,QB,0.0,0.0,,,77.0,,553.0,,76.0,,552.0,,False,False
7098,,,,,,,,,,,,,,,,,,,,,,,,,,,,,57.0,,,,,,,2020,RB,0.0,0.0,,,147.0,,553.0,,147.0,,552.0,,False,False
7038,,,,,,,,,,,,,,,,,,,,,,,,,,,,,67.0,,,,,,,2020,RB,0.0,0.0,,,147.0,,553.0,,147.0,,552.0,,False,False
7926,,,,,,,,,,,,,,,,,,,,,,,,,,,,,,,,,,,,2021,TE,0.0,0.0,,,122.0,,566.0,,122.0,,565.0,,False,False
1408,8.0,,,,,,,,,39.0,101.0,2.0,3.0,39.0,7.0,4.0,5.0,7.0,30.0,1.0,4.0,26.0,1.0,1.0,,,,147.0,527.0,,,,,,,2021,RB,36.1,36.1,4.5,4.5,89.0,83.0,325.0,291.0,89.0,83.0,324.0,288.0,False,False
7918,,,,,,,,,,,,,,,,,,,,,,,,,,,,,,,,,,,,2021,RB,0.0,0.0,,,149.0,,566.0,,149.0,,565.0,,False,False
2474,5.0,,,,,,,,,,,,,,,,1.0,2.0,2.0,,2.0,,1.0,1.0,,,,95.0,362.0,,,,,,,2021,TE,1.2,1.2,0.2,0.2,118.0,116.0,549.0,544.0,118.0,116.0,546.0,542.0,False,False
3342,15.0,,,,,,,,,5.0,33.0,,2.0,14.0,,,11.0,17.0,132.0,2.0,29.0,103.0,2.0,2.0,3.0,3.0,1.0,148.0,992.0,,,,,,,2021,WR,39.5,39.5,2.6,2.6,130.0,150.0,315.0,377.0,130.0,150.0,313.0,376.0,False,False
6918,12.0,,,,,,,,,54.0,149.0,,3.0,73.0,3.0,7.0,12.0,19.0,117.0,,4.0,113.0,4.0,3.0,,,,170.0,887.0,,,,,,,2021,RB,38.6,38.6,3.2,3.2,86.0,96.0,317.0,349.0,86.0,96.0,315.0,348.0,False,False
6137,13.0,,,,,,,,,,,,,,,,9.0,12.0,44.0,1.0,30.0,14.0,1.0,1.0,1.0,,,267.0,883.0,,,,,,,2021,TE,19.4,19.4,1.5,1.5,73.0,73.0,383.0,435.0,73.0,73.0,382.0,434.0,False,False
6786,16.0,,,,,,,,,9.0,76.0,,,14.0,2.0,2.0,79.0,120.0,1102.0,6.0,661.0,441.0,8.0,10.0,,,,882.0,1154.0,,,,,3.0,,2021,WR,238.8,238.8,14.9,14.9,20.0,21.0,46.0,59.0,20.0,21.0,42.0,53.0,True,True
5038,9.0,,,,,,,,,,,,,,,,35.0,62.0,445.0,2.0,322.0,123.0,3.0,8.0,,,,498.0,664.0,,,,,1.0,,2021,WR,93.5,93.5,10.4,10.4,76.0,46.0,189.0,139.0,76.0,46.0,189.0,130.0,False,False
6783,10.0,,,,,,,,,2.0,3.0,,,3.0,,,38.0,56.0,467.0,,280.0,187.0,1.0,3.0,1.0,,,412.0,693.0,,,,,,,2021,WR,85.0,85.0,8.5,8.5,85.0,67.0,203.0,180.0,85.0,67.0,203.0,178.0,False,False
5965,8.0,,,,,,,,,,,,,,,,1.0,1.0,6.0,,6.0,,,,,,,35.0,515.0,,,,,,,2021,WR,1.6,1.6,0.2,0.2,218.0,218.0,542.0,544.0,218.0,218.0,538.0,542.0,False,False
4992,3.0,1.0,1.0,16.0,,,,13.0,,,,,,,,,10.0,16.0,87.0,1.0,49.0,38.0,2.0,2.0,1.0,,,82.0,207.0,,,,,,,2021,WR,25.3,25.0,8.4,8.3,147.0,69.0,362.0,183.0,147.0,71.0,360.0,183.0,False,False
4038,10.0,,,,,,,,,1.0,16.0,,,3.0,,,11.0,20.0,224.0,1.0,185.0,39.0,1.0,1.0,1.0,,,213.0,785.0,,,,,,,2021,WR,41.0,41.0,4.1,4.1,128.0,120.0,313.0,305.0,128.0,120.0,310.0,302.0,False,False
5122,16.0,,,,,,,,,87.0,373.0,7.0,4.0,164.0,19.0,3.0,13.0,16.0,83.0,,-13.0,96.0,,1.0,1.0,1.0,,219.0,1120.0,,,,,,,2021,RB,98.6,98.6,6.2,6.2,57.0,67.0,185.0,239.0,57.0,67.0,185.0,237.0,False,False
2320,16.0,,,,,,,,,203.0,918.0,8.0,20.0,370.0,37.0,19.0,28.0,38.0,213.0,2.0,27.0,186.0,3.0,5.0,3.0,3.0,,514.0,1004.0,,,3.0,,,,2021,RB,201.1,201.1,12.6,12.6,19.0,23.0,73.0,92.0,19.0,23.0,67.0,80.0,True,True
1895,,,,,,,,,,,,,,,,,,,,,,,,,,,,,,,,,,,,2021,QB,0.0,0.0,,,74.0,,566.0,,73.0,,565.0,,False,False
1387,16.0,1.0,,,,,,,,122.0,427.0,3.0,2.0,199.0,17.0,16.0,25.0,32.0,186.0,,45.0,141.0,,3.0,1.0,,,338.0,1009.0,,,1.0,,,,2021,RB,106.3,106.3,6.6,6.6,52.0,60.0,175.0,228.0,52.0,60.0,174.0,227.0,False,False
7553,17.0,,,,,,,,,,,,,,,,68.0,110.0,1026.0,1.0,713.0,313.0,5.0,14.0,,,,737.0,1002.0,,,,,3.0,,2021,TE,182.6,182.6,10.7,10.7,5.0,10.0,83.0,130.0,5.0,10.0,80.0,123.0,True,True
2025,14.0,1.0,,,,,1.0,,1.0,4.0,17.0,,2.0,20.0,,1.0,25.0,39.0,213.0,,70.0,143.0,4.0,2.0,,,,337.0,1086.0,,,,,,,2021,WR,48.0,48.0,3.4,3.4,122.0,138.0,297.0,344.0,122.0,138.0,295.0,343.0,False,False
19,2.0,42.0,27.0,338.0,3.0,,2.0,163.0,7.0,2.0,3.0,,,2.0,,,,,,,,,,,1.0,1.0,,66.0,980.0,,,,,,,2021,QB,23.8,23.1,11.9,11.5,49.0,35.0,364.0,106.0,48.0,27.0,365.0,106.0,False,False
4054,17.0,,,,,,,,,,,,,,,,24.0,45.0,316.0,4.0,166.0,150.0,2.0,9.0,1.0,,,588.0,1057.0,,,,,,,2021,TE,79.6,79.6,4.7,4.7,27.0,38.0,221.0,283.0,27.0,38.0,217.0,279.0,False,False
7944,6.0,,,,,,,,,,,,,,,,2.0,3.0,26.0,,26.0,,,,,,,62.0,474.0,,,,,,,2021,WR,4.6,4.6,0.8,0.8,200.0,195.0,497.0,484.0,200.0,195.0,496.0,482.0,False,False
1550,,,,,,,,,,,,,,,,,,,,,,,,,,,,,,,,,,,,2021,QB,0.0,0.0,,,74.0,,566.0,,73.0,,565.0,,False,False
3423,17.0,,,,,,,,,3.0,36.0,,,34.0,1.0,,53.0,110.0,519.0,5.0,343.0,176.0,7.0,8.0,,,,924.0,1077.0,,,,,,,2021,WR,138.5,138.5,8.1,8.1,50.0,74.0,130.0,191.0,50.0,74.0,127.0,189.0,False,False
3496,17.0,,,,,,,,,,,,,,,,16.0,19.0,165.0,1.0,36.0,129.0,,1.0,,,,320.0,1103.0,,,,,,,2021,TE,38.5,38.5,2.3,2.3,58.0,65.0,318.0,389.0,58.0,65.0,316.0,390.0,False,False
1800,1.0,,,,,,,,,,,,,,,,,,,,,,,,,,,,56.0,,,,,,,2021,TE,0.0,0.0,0.0,0.0,122.0,122.0,566.0,565.0,122.0,122.0,565.0,564.0,False,False
5100,5.0,,,,,,,,,,,,,,,,,,,,,,,,,,,1.0,344.0,,,,,,,2021,RB,0.0,0.0,0.0,0.0,149.0,148.0,566.0,565.0,149.0,148.0,565.0,564.0,False,False
7938,1.0,,,,,,,,,,,,,,,,,,,,,,,,,,,3.0,67.0,,,,,,,2021,TE,0.0,0.0,0.0,0.0,122.0,122.0,566.0,565.0,122.0,122.0,565.0,564.0,False,False
7013,,,,,,,,,,,,,,,,,,,,,,,,,,,,,63.0,,,,,,,2021,QB,0.0,0.0,,,74.0,,566.0,,73.0,,565.0,,False,False
7862,,,,,,,,,,,,,,,,,,,,,,,,,,,,,343.0,,,,,,,2021,WR,0.0,0.0,,,224.0,,566.0,,224.0,,565.0,,False,False
6279,1.0,,,,,,,,,,,,,,,,,,,,,,,,,,,,83.0,,,,,,,2021,TE,0.0,0.0,0.0,0.0,122.0,122.0,566.0,565.0,122.0,122.0,565.0,564.0,False,False
6381,,,,,,,,,,,,,,,,,,,,,,,,,,,,,,,,,,,,2021,WR,0.0,0.0,,,224.0,,566.0,,224.0,,565.0,,False,False
6908,4.0,,,,,,,,,8.0,31.0,,,8.0,,1.0,,,,,,,,,,,,24.0,463.0,,,,,,,2021,RB,3.1,3.1,0.8,0.8,136.0,131.0,518.0,484.0,136.0,131.0,517.0,482.0,False,False
5007,2.0,,,,,,,,,,,,,,,,1.0,1.0,5.0,,5.0,,,,,,,33.0,138.0,,,,,,,2021,WR,1.5,1.5,0.8,0.8,219.0,195.0,543.0,484.0,219.0,195.0,540.0,482.0,False,False
6823,1.0,5.0,2.0,25.0,,1.0,,18.0,,,,,,,,,,,,,,,,,,,,5.0,401.0,,,,,,,2021,QB,-1.0,-1.5,-1.0,-1.5,117.0,84.0,845.0,675.0,117.0,84.0,846.0,675.0,False,False
7585,13.0,394.0,263.0,2664.0,16.0,10.0,31.0,1419.0,27.0,18.0,44.0,,,4.0,2.0,1.0,,,,,,,,,5.0,1.0,,686.0,1009.0,4.0,,,,,,2021,QB,161.0,139.7,12.4,10.7,29.0,33.0,106.0,97.0,27.0,34.0,125.0,123.0,False,False
2359,17.0,,,,,,,,,51.0,166.0,,2.0,65.0,7.0,8.0,38.0,53.0,289.0,1.0,-5.0,294.0,2.0,6.0,,,,274.0,1091.0,,,,,,,2021,RB,89.5,89.5,5.3,5.3,58.0,70.0,195.0,255.0,58.0,70.0,194.0,252.0,False,False
5854,6.0,111.0,67.0,787.0,2.0,2.0,9.0,447.0,9.0,10.0,53.0,2.0,,5.0,2.0,1.0,1.0,1.0,1.0,,-5.0,6.0,,1.0,2.0,1.0,,234.0,1081.0,,,,,,,2021,QB,51.9,40.1,8.6,6.7,41.0,47.0,278.0,177.0,42.0,48.0,311.0,223.0,False,False
7593,9.0,,,,,,,,,41.0,167.0,1.0,3.0,79.0,1.0,5.0,3.0,4.0,26.0,,8.0,18.0,1.0,,,,,107.0,600.0,,,,,,,2021,RB,28.3,28.3,3.1,3.1,96.0,101.0,352.0,360.0,96.0,101.0,350.0,358.0,False,False
3294,16.0,596.0,410.0,4449.0,37.0,10.0,30.0,2425.0,97.0,48.0,146.0,1.0,,25.0,16.0,1.0,,,,,,,,,14.0,6.0,,1114.0,1155.0,3.0,2.0,,,,,2021,QB,328.6,313.6,20.5,19.6,8.0,9.0,14.0,15.0,7.0,7.0,14.0,14.0,True,True
421,17.0,601.0,404.0,4886.0,41.0,17.0,30.0,2757.0,112.0,32.0,43.0,,,7.0,7.0,1.0,,,,,,,,,5.0,2.0,,1000.0,1024.0,7.0,,,,,,2021,QB,339.7,324.0,20.0,19.1,6.0,11.0,12.0,18.0,6.0,8.0,12.0,15.0,True,True
7828,16.0,,,,,,,,,,,,,,,,7.0,10.0,36.0,1.0,18.0,18.0,1.0,5.0,,,,289.0,1195.0,,,,,,,2021,TE,16.6,16.6,1.0,1.0,79.0,88.0,401.0,467.0,79.0,88.0,399.0,466.0,False,False
4814,,,,,,,,,,,,,,,,,,,,,,,,,,,,,,,,,,,,2021,WR,0.0,0.0,,,224.0,,566.0,,224.0,,565.0,,False,False
5052,16.0,,,,,,,,,101.0,428.0,4.0,5.0,185.0,13.0,11.0,10.0,13.0,64.0,,-13.0,77.0,1.0,1.0,2.0,2.0,,219.0,1123.0,,,,,,,2021,RB,79.2,79.2,5.0,5.0,63.0,76.0,223.0,270.0,63.0,76.0,219.0,265.0,False,False
5995,,,,,,,,,,,,,,,,,,,,,,,,,,,,,,,,,,,,2021,RB,0.0,0.0,,,149.0,,566.0,,149.0,,565.0,,False,False
4421,7.0,,,,,,,,,,,,,,,,9.0,14.0,55.0,1.0,27.0,28.0,1.0,4.0,,,,133.0,451.0,,,,,,,2021,TE,20.5,20.5,2.9,2.9,72.0,61.0,378.0,366.0,72.0,61.0,377.0,364.0,False,False
6081,11.0,,,,,,,,,,,,,,,,4.0,7.0,37.0,,24.0,13.0,2.0,2.0,1.0,,,144.0,647.0,,,,,,,2021,TE,7.7,7.7,0.7,0.7,95.0,96.0,462.0,496.0,95.0,96.0,458.0,493.0,False,False
3318,1.0,,,,,,,,,,,,,,,,,,,,,,,,,,,7.0,63.0,,,,,,,2021,QB,0.0,0.0,0.0,0.0,74.0,74.0,566.0,565.0,73.0,73.0,565.0,564.0,False,False
5269,2.0,,,,,,,,,,,,,,,,,1.0,,,,,,1.0,,,,16.0,152.0,,,,,,,2021,TE,0.0,0.0,0.0,0.0,122.0,122.0,566.0,565.0,122.0,122.0,565.0,564.0,False,False
89,4.0,16.0,11.0,82.0,,,,58.0,1.0,8.0,,,,,2.0,,,,,,,,,,2.0,,,31.0,1195.0,,,,,,,2021,QB,3.3,1.6,0.8,0.4,64.0,66.0,515.0,484.0,64.0,67.0,538.0,518.0,False,False
7159,,,,,,,,,,,,,,,,,,,,,,,,,,,,,334.0,,,,,,,2021,QB,0.0,0.0,,,74.0,,566.0,,73.0,,565.0,,False,False
7863,3.0,,,,,,,,,4.0,29.0,1.0,,,,1.0,,,,,,,,,,,,8.0,355.0,,,,,,,2021,RB,8.9,8.9,3.0,3.0,119.0,104.0,449.0,364.0,119.0,104.0,446.0,362.0,False,False
6075,7.0,,,,,,,,,,,,,,,,2.0,3.0,21.0,2.0,21.0,,1.0,3.0,,,,6.0,715.0,,,,,,,2021,TE,16.1,16.1,2.3,2.3,80.0,65.0,402.0,389.0,80.0,65.0,400.0,390.0,False,False
7049,16.0,,,,,,,,,,,,,,,,24.0,38.0,282.0,5.0,179.0,103.0,5.0,7.0,1.0,,,293.0,1021.0,,,,,,,2021,WR,82.2,82.2,5.1,5.1,91.0,106.0,213.0,265.0,91.0,106.0,210.0,260.0,False,False
5024,15.0,,,,,,,,,2.0,13.0,,,3.0,,,24.0,44.0,285.0,2.0,206.0,79.0,2.0,8.0,,,,480.0,1097.0,,,,,,,2021,WR,65.8,65.8,4.4,4.4,108.0,115.0,247.0,295.0,108.0,115.0,246.0,291.0,False,False
8070,,,,,,,,,,,,,,,,,,,,,,,,,,,,,264.0,,,,,,,2021,WR,0.0,0.0,,,224.0,,566.0,,224.0,,565.0,,False,False
6519,,,,,,,,,,,,,,,,,,,,,,,,,,,,,,,,,,,,2021,WR,0.0,0.0,,,224.0,,566.0,,224.0,,565.0,,False,False
4943,12.0,406.0,243.0,2527.0,9.0,13.0,35.0,1134.0,41.0,48.0,222.0,5.0,2.0,17.0,9.0,1.0,,,,,,,,,9.0,4.0,,700.0,756.0,3.0,,,,,,2021,QB,161.3,128.7,13.4,10.7,28.0,29.0,105.0,83.0,29.0,34.0,139.0,123.0,False,False
4026,,,,,,,,,,,,,,,,,,,,,,,,,,,,,,,,,,,,2021,QB,0.0,0.0,,,74.0,,566.0,,73.0,,565.0,,False,False
829,8.0,236.0,149.0,1515.0,8.0,9.0,18.0,766.0,22.0,16.0,76.0,,,4.0,8.0,,,,,,,,,,1.0,1.0,,330.0,904.0,2.0,,,,,,2021,QB,84.2,69.9,10.5,8.7,35.0,42.0,207.0,136.0,36.0,45.0,238.0,174.0,False,False
7534,2.0,,,,,,,,,,,,,,,,1.0,1.0,34.0,,30.0,4.0,,,,,,49.0,189.0,,,,,,,2021,WR,4.4,4.4,2.2,2.2,201.0,158.0,499.0,394.0,201.0,158.0,498.0,394.0,False,False
7905,,,,,,,,,,,,,,,,,,,,,,,,,,,,,,,,,,,,2021,TE,0.0,0.0,,,122.0,,566.0,,122.0,,565.0,,False,False
4330,3.0,,,,,,,,,,,,,,,,,,,,,,,,,,,10.0,240.0,,,,,,,2021,WR,0.0,0.0,0.0,0.0,224.0,224.0,566.0,565.0,224.0,224.0,565.0,564.0,False,False
3278,8.0,,,,,,,,,1.0,3.0,,,,,,4.0,11.0,33.0,,26.0,7.0,,3.0,1.0,,,148.0,503.0,,,,,,,2021,WR,7.6,7.6,1.0,1.0,185.0,189.0,464.0,467.0,185.0,189.0,460.0,466.0,False,False
6196,,,,,,,,,,,,,,,,,,,,,,,,,,,,,,,,,,,,2021,RB,0.0,0.0,,,149.0,,566.0,,149.0,,565.0,,False,False
7794,14.0,,,,,,,,,17.0,77.0,,,17.0,1.0,,15.0,17.0,151.0,2.0,39.0,112.0,,4.0,,,,65.0,847.0,,,,,,,2021,RB,49.8,49.8,3.6,3.6,79.0,92.0,289.0,333.0,79.0,92.0,288.0,331.0,False,False
6323,12.0,,,,,,,,,,,,,,,,,,,,,,,,,,,55.0,790.0,,,,,,,2021,RB,0.0,0.0,0.0,0.0,149.0,148.0,566.0,565.0,149.0,148.0,565.0,564.0,False,False
7606,10.0,3.0,1.0,19.0,,,1.0,13.0,,3.0,6.0,,,1.0,1.0,1.0,39.0,57.0,420.0,,192.0,228.0,2.0,5.0,,,,301.0,719.0,,,,,1.0,,2021,WR,84.4,84.0,8.4,8.4,87.0,69.0,205.0,183.0,87.0,69.0,205.0,181.0,False,False
6927,17.0,,,,,,,,,1.0,3.0,,,,,,43.0,62.0,647.0,1.0,395.0,252.0,1.0,7.0,,,,771.0,1120.0,,,,,1.0,,2021,WR,116.0,116.0,6.8,6.8,61.0,87.0,162.0,220.0,61.0,87.0,160.0,218.0,False,False
4061,1.0,,,,,,,,,2.0,-3.0,,,,,,,,,,,,,,,,,4.0,125.0,,,,,,,2021,QB,-0.3,-0.3,-0.3,-0.3,115.0,81.0,842.0,671.0,114.0,80.0,841.0,670.0,False,False
3269,13.0,,,,,,,,,,,,,,,,21.0,22.0,227.0,2.0,77.0,150.0,,2.0,,,,203.0,675.0,,,,,1.0,,2021,WR,57.7,57.7,4.4,4.4,115.0,115.0,266.0,295.0,115.0,115.0,265.0,291.0,False,False
6970,3.0,,,,,,,,,,,,,,,,,1.0,,,,,1.0,1.0,,,,25.0,131.0,,,,,,,2021,TE,0.0,0.0,0.0,0.0,122.0,122.0,566.0,565.0,122.0,122.0,565.0,564.0,False,False
1911,9.0,,,,,,,,,,,,,,,,4.0,8.0,38.0,,26.0,12.0,1.0,2.0,,,,56.0,616.0,,,,,,,2021,WR,7.8,7.8,0.9,0.9,184.0,192.0,460.0,477.0,184.0,192.0,457.0,475.0,False,False
1034,17.0,,,,,,,,,44.0,226.0,1.0,2.0,80.0,8.0,7.0,41.0,49.0,405.0,2.0,-7.0,412.0,2.0,9.0,1.0,,,314.0,1043.0,,,,,,,2021,RB,122.1,122.1,7.2,7.2,41.0,59.0,151.0,214.0,41.0,59.0,148.0,212.0,False,False
5026,13.0,,,,,,,,,,,,,,,,32.0,50.0,377.0,3.0,264.0,113.0,2.0,8.0,1.0,,,468.0,668.0,,,,,,,2021,WR,87.7,87.7,6.7,6.7,81.0,90.0,197.0,225.0,81.0,90.0,197.0,223.0,False,False
6395,8.0,,,,,,,,,,,,,,,,10.0,22.0,103.0,,52.0,51.0,3.0,1.0,,,,279.0,614.0,,,,,,,2021,WR,20.3,20.3,2.5,2.5,152.0,153.0,379.0,382.0,152.0,153.0,378.0,381.0,False,False
7608,17.0,,,,,,,,,103.0,433.0,2.0,9.0,180.0,8.0,6.0,14.0,16.0,96.0,,-5.0,101.0,1.0,2.0,1.0,,,296.0,1040.0,,,1.0,,,,2021,RB,80.9,80.9,4.8,4.8,62.0,79.0,217.0,279.0,62.0,79.0,213.0,275.0,False,False
6402,1.0,,,,,,,,,,,,,,,,,,,,,,,,,,,5.0,240.0,,,,,,,2021,WR,0.0,0.0,0.0,0.0,224.0,224.0,566.0,565.0,224.0,224.0,565.0,564.0,False,False
7412,,,,,,,,,,,,,,,,,,,,,,,,,,,,,,,,,,,,2021,RB,0.0,0.0,,,149.0,,566.0,,149.0,,565.0,,False,False
7499,1.0,,,,,,,,,,,,,,,,,,,,,,,,,,,1.0,135.0,,,,,,,2021,TE,0.0,0.0,0.0,0.0,122.0,122.0,566.0,565.0,122.0,122.0,565.0,564.0,False,False
7526,16.0,,,,,,,,,2.0,3.0,1.0,,1.0,1.0,,104.0,140.0,1015.0,6.0,576.0,439.0,7.0,15.0,2.0,1.0,,842.0,1086.0,,,,,1.0,,2021,WR,247.8,247.8,15.5,15.5,15.0,17.0,38.0,49.0,15.0,17.0,35.0,46.0,True,True
5911,,,,,,,,,,,,,,,,,,,,,,,,,,,,,,,,,,,,2021,WR,0.0,0.0,,,224.0,,566.0,,224.0,,565.0,,False,False
2944,1.0,,,,,,,,,,,,,,,,,,,,,,,,,,,9.0,67.0,,,,,,,2021,TE,0.0,0.0,0.0,0.0,122.0,122.0,566.0,565.0,122.0,122.0,565.0,564.0,False,False
345,6.0,11.0,9.0,227.0,1.0,,,84.0,2.0,11.0,-8.0,,,1.0,,,,,,,,,,,,,,41.0,1043.0,,,,,,,2021,QB,12.3,9.7,2.0,1.6,57.0,60.0,428.0,404.0,57.0,60.0,440.0,425.0,False,False
6820,10.0,,,,,,,,,119.0,517.0,4.0,7.0,208.0,12.0,8.0,19.0,23.0,129.0,2.0,-40.0,169.0,1.0,3.0,2.0,2.0,,342.0,680.0,,,2.0,,,,2021,RB,119.6,119.6,12.0,12.0,44.0,29.0,156.0,104.0,44.0,29.0,154.0,94.0,False,False
7008,,,,,,,,,,,,,,,,,,,,,,,,,,,,,,,,,,,,2021,QB,0.0,0.0,,,74.0,,566.0,,73.0,,565.0,,False,False
7713,9.0,,,,,,,,,1.0,11.0,,,1.0,,,6.0,12.0,43.0,,19.0,24.0,,,,,,81.0,850.0,,,,,,,2021,WR,11.4,11.4,1.3,1.3,172.0,184.0,431.0,448.0,172.0,184.0,428.0,445.0,False,False
5092,,,,,,,,,,,,,,,,,,,,,,,,,,,,,,,,,,,,2021,TE,0.0,0.0,,,122.0,,566.0,,122.0,,565.0,,False,False
2197,16.0,,,,,,,,,2.0,21.0,,,6.0,,,90.0,134.0,1037.0,6.0,680.0,357.0,5.0,10.0,,,,813.0,1009.0,,,,,4.0,,2021,WR,239.8,239.8,15.0,15.0,19.0,20.0,45.0,56.0,19.0,20.0,41.0,52.0,True,True
1718,5.0,,,,,,,,,,,,,,,,2.0,2.0,13.0,,7.0,6.0,,,,,,33.0,292.0,,,,,,,2021,TE,3.3,3.3,0.7,0.7,109.0,96.0,515.0,496.0,109.0,96.0,515.0,493.0,False,False
5870,11.0,361.0,232.0,2428.0,10.0,7.0,22.0,1334.0,42.0,62.0,298.0,2.0,1.0,42.0,13.0,2.0,1.0,1.0,16.0,,13.0,3.0,,,7.0,3.0,,673.0,712.0,,1.0,,,,,2021,QB,165.5,137.0,15.0,12.5,27.0,19.0,99.0,56.0,28.0,21.0,132.0,84.0,False,False
2463,14.0,,,,,,,,,,,,,,,,7.0,8.0,62.0,1.0,44.0,18.0,,2.0,,,,240.0,1040.0,,,,,,,2021,TE,19.2,19.2,1.4,1.4,74.0,74.0,384.0,440.0,74.0,74.0,383.0,438.0,False,False
3568,,,,,,,,,,,,,,,,,,,,,,,,,,,,,,,,,,,,2021,WR,0.0,0.0,,,224.0,,566.0,,224.0,,565.0,,False,False
2391,13.0,,,,,,,,,67.0,228.0,,3.0,107.0,7.0,4.0,32.0,42.0,225.0,1.0,34.0,191.0,1.0,7.0,1.0,1.0,,300.0,889.0,,,,,,,2021,RB,81.3,81.3,6.3,6.3,61.0,65.0,216.0,235.0,61.0,65.0,212.0,233.0,False,False
7064,1.0,,,,,,,,,2.0,7.0,,,5.0,,,2.0,2.0,11.0,,-4.0,15.0,,,,,,6.0,68.0,,,,,,,2021,RB,3.8,3.8,3.8,3.8,133.0,88.0,507.0,322.0,133.0,88.0,507.0,318.0,False,False
5844,12.0,,,,,,,,,,,,,,,,61.0,84.0,583.0,4.0,384.0,199.0,1.0,9.0,,,,658.0,785.0,,,,,,,2021,TE,143.3,143.3,11.9,11.9,15.0,7.0,125.0,106.0,15.0,7.0,121.0,96.0,False,True
3664,11.0,,,,,,,,,48.0,212.0,2.0,1.0,89.0,6.0,3.0,43.0,53.0,397.0,2.0,17.0,380.0,,3.0,,,,343.0,755.0,,,,,,,2021,RB,127.9,127.9,11.6,11.6,39.0,32.0,144.0,113.0,39.0,32.0,142.0,102.0,False,False
4127,3.0,2.0,2.0,33.0,,,,27.0,,1.0,2.0,,,,,,,,,,,,,,,,,7.0,1017.0,,,,,,,2021,QB,1.5,0.9,0.5,0.3,68.0,69.0,543.0,510.0,66.0,68.0,552.0,528.0,False,False
7601,14.0,,,,,,,,,18.0,76.0,,3.0,52.0,5.0,3.0,54.0,64.0,435.0,1.0,-3.0,438.0,1.0,8.0,3.0,1.0,,432.0,955.0,,,,,1.0,,2021,WR,111.1,111.1,7.9,7.9,64.0,78.0,166.0,201.0,64.0,78.0,165.0,199.0,False,False
367,16.0,,,,,,,,,,,,,,,,48.0,83.0,564.0,4.0,322.0,242.0,6.0,13.0,,,,579.0,1103.0,,,,,,,2021,TE,128.4,128.4,8.0,8.0,18.0,21.0,142.0,197.0,18.0,21.0,140.0,195.0,False,False
5196,2.0,,,,,,,,,,,,,,,,2.0,2.0,8.0,,2.0,6.0,,,,,,20.0,180.0,,,,,,,2021,TE,2.8,2.8,1.4,1.4,112.0,74.0,522.0,440.0,112.0,74.0,521.0,438.0,False,False
5170,14.0,,,,,,,,,88.0,249.0,1.0,,58.0,8.0,10.0,4.0,5.0,45.0,1.0,-8.0,53.0,1.0,1.0,,,,144.0,897.0,,,,,,,2021,RB,45.4,45.4,3.2,3.2,83.0,96.0,304.0,349.0,83.0,96.0,302.0,348.0,False,False
6790,13.0,1.0,,,,,,,,151.0,617.0,5.0,9.0,224.0,19.0,16.0,62.0,78.0,452.0,2.0,-45.0,497.0,6.0,8.0,2.0,1.0,,528.0,776.0,,,2.0,,,,2021,RB,212.9,212.9,16.4,16.4,16.0,11.0,64.0,39.0,16.0,11.0,59.0,39.0,True,True
6146,10.0,,,,,,,,,,,,,,,,3.0,3.0,33.0,,22.0,11.0,,,,,,192.0,654.0,,,,,,,2021,TE,6.3,6.3,0.6,0.6,99.0,98.0,476.0,500.0,99.0,98.0,475.0,497.0,False,False
1373,5.0,95.0,65.0,702.0,5.0,1.0,13.0,342.0,10.0,9.0,42.0,1.0,2.0,14.0,1.0,,,,,,,,,,1.0,1.0,,203.0,933.0,,,,,,,2021,QB,54.3,50.2,10.9,10.0,40.0,40.0,274.0,127.0,40.0,37.0,284.0,135.0,False,False
7162,,,,,,,,,,,,,,,,,,,,,,,,,,,,,,,,,,,,2021,TE,0.0,0.0,,,122.0,,566.0,,122.0,,565.0,,False,False
6768,13.0,388.0,263.0,2653.0,16.0,10.0,20.0,1447.0,52.0,42.0,128.0,3.0,,24.0,9.0,,,,,,,,,,9.0,1.0,,709.0,897.0,1.0,,,,,,2021,QB,180.9,159.9,13.9,12.3,25.0,23.0,86.0,75.0,24.0,22.0,102.0,87.0,False,True
6130,17.0,,,,,,,,,188.0,870.0,7.0,13.0,414.0,38.0,12.0,40.0,50.0,228.0,1.0,-8.0,236.0,5.0,6.0,5.0,,,656.0,1116.0,,,1.0,,,,2021,RB,199.8,199.8,11.8,11.8,20.0,31.0,74.0,110.0,20.0,31.0,68.0,99.0,True,True
5004,1.0,,,,,,,,,1.0,4.0,1.0,,,1.0,,,,,,,,,,,,,5.0,62.0,,,,,,,2021,RB,6.4,6.4,6.4,6.4,123.0,63.0,473.0,232.0,123.0,63.0,472.0,231.0,False,False
6904,15.0,432.0,265.0,3144.0,16.0,9.0,26.0,1680.0,54.0,139.0,784.0,10.0,9.0,142.0,30.0,7.0,,1.0,,,,,,1.0,9.0,2.0,,954.0,975.0,2.0,,,,,,2021,QB,310.2,279.3,20.7,18.6,10.0,7.0,17.0,13.0,11.0,10.0,23.0,19.0,True,True
2450,,,,,,,,,,,,,,,,,,,,,,,,,,,,,397.0,,,,,,,2021,QB,0.0,0.0,,,74.0,,566.0,,73.0,,565.0,,False,False
7538,13.0,383.0,213.0,2334.0,9.0,11.0,44.0,1246.0,41.0,29.0,185.0,4.0,1.0,59.0,8.0,,,1.0,,,,,,1.0,5.0,1.0,,695.0,756.0,,,,,,,2021,QB,147.9,119.2,11.4,9.2,30.0,39.0,119.0,118.0,31.0,40.0,155.0,157.0,False,False
7561,11.0,,,,,,,,,207.0,963.0,5.0,14.0,458.0,21.0,20.0,19.0,20.0,137.0,1.0,-14.0,151.0,1.0,1.0,,,,404.0,836.0,,,5.0,,,,2021,RB,175.0,175.0,15.9,15.9,25.0,13.0,92.0,42.0,25.0,13.0,88.0,42.0,True,True
5828,15.0,,,,,,,,,,,,,,,,1.0,4.0,-3.0,,-3.0,,,1.0,2.0,2.0,,54.0,974.0,,,,,,,2021,WR,-3.3,-3.3,-0.2,-0.2,344.0,265.0,852.0,668.0,344.0,265.0,851.0,667.0,False,False
3209,16.0,,,,,,,,,145.0,593.0,2.0,2.0,218.0,15.0,15.0,40.0,45.0,268.0,1.0,-21.0,289.0,2.0,2.0,,,,489.0,1041.0,,,,,,,2021,RB,144.1,144.1,9.0,9.0,34.0,46.0,124.0,167.0,34.0,46.0,120.0,162.0,False,True
7458,,,,,,,,,,,,,,,,,,,,,,,,,,,,,,,,,,,,2021,WR,0.0,0.0,,,224.0,,566.0,,224.0,,565.0,,False,False
7427,6.0,,,,,,,,,,,,,,,,,,,,,,,,,,,20.0,394.0,,,,,,,2021,TE,0.0,0.0,0.0,0.0,122.0,122.0,566.0,565.0,122.0,122.0,565.0,564.0,False,False
515,12.0,,,,,,,,,,,,,,,,55.0,88.0,802.0,6.0,452.0,350.0,5.0,10.0,,,,584.0,927.0,,,,,3.0,,2021,TE,177.2,177.2,14.8,14.8,7.0,3.0,90.0,61.0,7.0,3.0,86.0,55.0,True,True
6068,3.0,,,,,,,,,1.0,-3.0,,,,,1.0,1.0,1.0,7.0,,4.0,3.0,,,,,,11.0,259.0,,,,,,,2021,RB,1.4,1.4,0.5,0.5,141.0,136.0,546.0,510.0,141.0,136.0,542.0,507.0,False,False
6111,,,,,,,,,,,,,,,,,,,,,,,,,,,,,,,,,,,,2021,QB,0.0,0.0,,,74.0,,566.0,,73.0,,565.0,,False,False
6018,17.0,,,,,,,,,,,,,,,,19.0,25.0,167.0,,39.0,128.0,,5.0,,,,429.0,1097.0,,,,,,,2021,TE,35.7,35.7,2.1,2.1,61.0,69.0,327.0,399.0,61.0,69.0,326.0,399.0,False,False
7583,4.0,,,,,,,,,3.0,9.0,,,2.0,1.0,,,,,,,,,,,,,18.0,517.0,,,,,,,2021,QB,0.9,0.9,0.2,0.2,69.0,71.0,555.0,544.0,66.0,69.0,552.0,542.0,False,False
5284,9.0,,,,,,,,,79.0,294.0,2.0,2.0,99.0,9.0,4.0,7.0,8.0,31.0,,-12.0,43.0,,3.0,1.0,,,222.0,573.0,,,1.0,,,,2021,RB,53.5,53.5,5.9,5.9,74.0,69.0,276.0,245.0,74.0,69.0,275.0,243.0,False,False
6380,3.0,,,,,,,,,,,,,,,,1.0,3.0,17.0,,4.0,13.0,,,,,,21.0,192.0,,,,,,,2021,WR,2.7,2.7,0.9,0.9,211.0,192.0,524.0,477.0,211.0,192.0,523.0,475.0,False,False
5289,4.0,,,,,,,,,2.0,15.0,,,4.0,,,2.0,5.0,15.0,1.0,14.0,1.0,,2.0,,,,62.0,285.0,,,,,,,2021,WR,11.0,11.0,2.8,2.8,173.0,145.0,433.0,371.0,173.0,145.0,431.0,370.0,False,False
2583,1.0,,,,,,,,,,,,,,,,2.0,3.0,14.0,,6.0,8.0,,1.0,,,,39.0,92.0,,,,,,,2021,WR,3.4,3.4,3.4,3.4,207.0,138.0,513.0,344.0,207.0,138.0,513.0,343.0,False,False
1071,8.0,,,,,,,,,,,,,,,,15.0,24.0,177.0,,133.0,44.0,1.0,3.0,,,,240.0,507.0,,,,,,,2021,WR,32.7,32.7,4.1,4.1,139.0,120.0,339.0,305.0,139.0,120.0,339.0,302.0,False,False
6804,6.0,62.0,36.0,411.0,2.0,3.0,3.0,178.0,7.0,12.0,27.0,,,3.0,,,,,,,,,,,3.0,1.0,,94.0,1048.0,,,,,,,2021,QB,19.1,14.9,3.2,2.5,51.0,58.0,386.0,349.0,51.0,58.0,408.0,381.0,False,False
3225,16.0,1.0,1.0,46.0,,,,-4.0,,2.0,22.0,,1.0,13.0,,,67.0,94.0,828.0,5.0,439.0,389.0,,7.0,1.0,,,808.0,1046.0,,,,,1.0,,2021,WR,185.8,184.9,11.6,11.6,31.0,38.0,81.0,113.0,31.0,38.0,79.0,102.0,False,True
5121,16.0,,,,,,,,,7.0,40.0,2.0,,12.0,2.0,,46.0,65.0,431.0,2.0,189.0,242.0,1.0,8.0,1.0,1.0,1.0,390.0,1066.0,,,,,,,2021,WR,121.1,121.1,7.6,7.6,60.0,81.0,154.0,207.0,60.0,81.0,152.0,204.0,False,False
7093,,,,,,,,,,,,,,,,,,,,,,,,,,,,,,,,,,,,2021,RB,0.0,0.0,,,149.0,,566.0,,149.0,,565.0,,False,False
24,17.0,560.0,375.0,3968.0,20.0,12.0,40.0,2238.0,83.0,40.0,82.0,1.0,,15.0,11.0,1.0,,,,,,,,,11.0,4.0,,973.0,1002.0,4.0,,,,,,2021,QB,228.9,189.6,13.5,11.2,18.0,27.0,53.0,80.0,20.0,31.0,74.0,111.0,False,True
2257,12.0,,,,,,,,,72.0,253.0,1.0,3.0,115.0,10.0,9.0,12.0,21.0,65.0,,-10.0,75.0,1.0,1.0,2.0,2.0,,292.0,827.0,,,,,,,2021,RB,45.8,45.8,3.8,3.8,82.0,88.0,302.0,322.0,82.0,88.0,299.0,318.0,False,False
7956,,,,,,,,,,,,,,,,,,,,,,,,,,,,,,,,,,,,2021,WR,0.0,0.0,,,224.0,,566.0,,224.0,,565.0,,False,False
7496,16.0,,,,,,,,,,,,,,,,38.0,57.0,476.0,4.0,332.0,144.0,2.0,10.0,1.0,1.0,,611.0,1116.0,,,,,1.0,,2021,WR,109.6,109.6,6.8,6.8,65.0,87.0,167.0,220.0,65.0,87.0,166.0,218.0,False,False
3634,16.0,,,,,,,,,4.0,28.0,,,3.0,,,48.0,71.0,576.0,4.0,314.0,262.0,3.0,6.0,,,,700.0,1043.0,,,,,2.0,,2021,WR,136.4,136.4,8.5,8.5,52.0,67.0,135.0,180.0,52.0,67.0,133.0,178.0,False,False
5773,16.0,,,,,,,,,,,,,,,,13.0,27.0,157.0,,120.0,37.0,2.0,5.0,,,,238.0,951.0,,,,,,,2021,WR,28.7,28.7,1.8,1.8,143.0,167.0,349.0,418.0,143.0,167.0,348.0,415.0,False,False
4574,5.0,47.0,30.0,422.0,3.0,1.0,3.0,209.0,4.0,9.0,-8.0,,,,,,,,,,,,,,1.0,1.0,,113.0,1228.0,1.0,,,,,,2021,QB,26.1,23.6,5.2,4.7,48.0,52.0,360.0,261.0,47.0,50.0,363.0,279.0,False,False
4037,14.0,,,,,,,,,4.0,21.0,1.0,,8.0,1.0,,98.0,128.0,1103.0,5.0,517.0,586.0,5.0,25.0,2.0,2.0,,833.0,982.0,,,,,5.0,,2021,WR,252.4,252.4,18.0,18.0,13.0,7.0,35.0,28.0,13.0,7.0,32.0,28.0,True,True
5244,,,,,,,,,,,,,,,,,,,,,,,,,,,,,,,,,,,,2021,WR,0.0,0.0,,,224.0,,566.0,,224.0,,565.0,,False,False
5137,,,,,,,,,,,,,,,,,,,,,,,,,,,,,,,,,,,,2021,WR,0.0,0.0,,,224.0,,566.0,,224.0,,565.0,,False,False
5013,3.0,,,,,,,,,,,,,,,,6.0,12.0,25.0,1.0,15.0,10.0,,1.0,,,,95.0,245.0,,,,,,,2021,WR,14.5,14.5,4.8,4.8,164.0,111.0,412.0,279.0,164.0,111.0,412.0,275.0,False,False
2146,3.0,,,,,,,,,,,,,,,,2.0,2.0,11.0,,1.0,10.0,,1.0,,,,69.0,208.0,,,,,,,2021,TE,3.1,3.1,1.0,1.0,111.0,88.0,518.0,467.0,111.0,88.0,517.0,466.0,False,False
5906,15.0,,,,,,,,,,4.0,,,,,,49.0,71.0,587.0,9.0,310.0,277.0,4.0,18.0,,,,842.0,976.0,,,,,1.0,,2021,TE,164.1,164.1,10.9,10.9,11.0,9.0,103.0,127.0,11.0,9.0,98.0,121.0,True,True
7812,5.0,,,,,,,,,,,,,,,,,,,,,,,,,,,7.0,578.0,,,,,,,2021,WR,0.0,0.0,0.0,0.0,224.0,224.0,566.0,565.0,224.0,224.0,565.0,564.0,False,False
7066,17.0,,,,,,,,,1.0,10.0,,,2.0,,,50.0,82.0,655.0,7.0,476.0,179.0,2.0,9.0,,,,735.0,1093.0,,,,,,,2021,WR,158.5,158.5,9.3,9.3,41.0,57.0,110.0,161.0,41.0,56.0,105.0,153.0,False,False
1979,,,,,,,,,,,,,,,,,,,,,,,,,,,,,115.0,,,,,,,2021,QB,0.0,0.0,,,74.0,,566.0,,73.0,,565.0,,False,False
8008,,,,,,,,,,,,,,,,,,,,,,,,,,,,,,,,,,,,2021,WR,0.0,0.0,,,224.0,,566.0,,224.0,,565.0,,False,False
260,4.0,85.0,57.0,638.0,5.0,2.0,3.0,355.0,14.0,9.0,28.0,,,6.0,1.0,1.0,,,,,,,,,2.0,,,128.0,428.0,2.0,,,,,,2021,QB,48.3,45.6,12.1,11.4,42.0,34.0,295.0,102.0,41.0,29.0,300.0,108.0,False,False
2711,16.0,494.0,321.0,3419.0,20.0,15.0,38.0,1655.0,48.0,60.0,313.0,1.0,1.0,35.0,11.0,1.0,1.0,1.0,-2.0,,-4.0,2.0,,,7.0,2.0,,960.0,1068.0,1.0,,,,,,2021,QB,222.9,194.5,13.9,12.2,20.0,23.0,59.0,75.0,18.0,23.0,72.0,90.0,False,True
6857,12.0,,,,,,,,,,,,,,,,11.0,21.0,105.0,,87.0,18.0,1.0,1.0,,,,219.0,710.0,,,,,,,2021,WR,21.5,21.5,1.8,1.8,150.0,167.0,374.0,418.0,150.0,167.0,373.0,415.0,False,False
4157,,,,,,,,,,,,,,,,,,,,,,,,,,,,,,,,,,,,2021,RB,0.0,0.0,,,149.0,,566.0,,149.0,,565.0,,False,False
7533,14.0,,,,,,,,,6.0,39.0,,,3.0,,2.0,10.0,23.0,135.0,1.0,125.0,10.0,,2.0,,,,259.0,842.0,,,,,,,2021,WR,33.4,33.4,2.4,2.4,137.0,154.0,337.0,385.0,137.0,154.0,336.0,386.0,False,False
1837,15.0,441.0,301.0,3810.0,20.0,12.0,29.0,1847.0,55.0,38.0,51.0,3.0,,10.0,3.0,,,,,,,,,,8.0,3.0,,843.0,959.0,5.0,,,,,,2021,QB,235.5,199.3,15.7,13.3,17.0,17.0,48.0,46.0,17.0,18.0,69.0,74.0,False,True
1166,16.0,561.0,372.0,4221.0,33.0,7.0,28.0,2414.0,71.0,29.0,115.0,1.0,,18.0,4.0,,,,,,,,,,12.0,2.0,,1039.0,1093.0,6.0,,,,,,2021,QB,312.3,293.9,19.5,18.4,9.0,12.0,16.0,19.0,9.0,11.0,19.0,21.0,True,True
5185,15.0,,,,,,,,,3.0,32.0,,,3.0,,,40.0,60.0,513.0,8.0,346.0,167.0,,14.0,,,,695.0,989.0,,,,,,,2021,WR,142.5,142.5,9.5,9.5,48.0,53.0,127.0,156.0,48.0,53.0,123.0,149.0,False,False
4491,16.0,,,,,,,,,,,,,,,,2.0,5.0,24.0,,16.0,8.0,1.0,,,,,75.0,1195.0,,,,,,,2021,WR,4.4,4.4,0.3,0.3,201.0,212.0,499.0,530.0,201.0,212.0,498.0,528.0,False,False
7842,15.0,,,,,,,,,,,,,,,,7.0,11.0,56.0,,28.0,28.0,1.0,1.0,1.0,,,222.0,874.0,,,,,,,2021,TE,12.6,12.6,0.8,0.8,86.0,95.0,425.0,484.0,86.0,95.0,423.0,482.0,False,False
5136,1.0,,,,,,,,,,,,,,,,,,,,,,,,,,,,54.0,,,,,,,2021,RB,0.0,0.0,0.0,0.0,149.0,148.0,566.0,565.0,149.0,148.0,565.0,564.0,False,False
4082,5.0,,,,,,,,,4.0,11.0,,,4.0,,1.0,6.0,9.0,27.0,,-13.0,40.0,,1.0,,,,84.0,369.0,,,,,,,2021,WR,9.8,9.8,2.0,2.0,177.0,162.0,442.0,404.0,177.0,162.0,438.0,404.0,False,False
7048,,,,,,,,,,,,,,,,,,,,,,,,,,,,,,,,,,,,2021,RB,0.0,0.0,,,149.0,,566.0,,149.0,,565.0,,False,False
1049,17.0,531.0,357.0,3734.0,21.0,14.0,47.0,1954.0,79.0,55.0,270.0,7.0,2.0,59.0,14.0,1.0,,,,,,,,,10.0,4.0,,1100.0,1116.0,2.0,,,,,,2021,QB,270.4,237.7,15.9,14.0,13.0,15.0,27.0,42.0,13.0,17.0,44.0,69.0,False,True
3239,,,,,,,,,,,,,,,,,,,,,,,,,,,,,,,,,,,,2021,TE,0.0,0.0,,,122.0,,566.0,,122.0,,565.0,,False,False
1339,17.0,,,,,,,,,1.0,4.0,,,,1.0,,74.0,112.0,763.0,5.0,422.0,341.0,6.0,20.0,,,,778.0,1065.0,,,,,,,2021,TE,180.7,180.7,10.6,10.6,6.0,11.0,88.0,134.0,6.0,11.0,84.0,129.0,True,True
5878,13.0,,,,,,,,,,,,,,,,12.0,22.0,184.0,,159.0,25.0,1.0,1.0,1.0,1.0,,314.0,704.0,,,,,,,2021,TE,28.4,28.4,2.2,2.2,66.0,67.0,351.0,394.0,66.0,67.0,349.0,394.0,False,False
7143,,,,,,,,,,,,,,,,,,,,,,,,,,,,,,,,,,,,2021,QB,0.0,0.0,,,74.0,,566.0,,73.0,,565.0,,False,False
4046,17.0,658.0,436.0,4839.0,37.0,13.0,28.0,2140.0,100.0,66.0,381.0,2.0,,15.0,17.0,1.0,,,,,,,,,9.0,4.0,,1164.0,1195.0,3.0,2.0,,,,,2021,QB,371.7,348.9,21.9,20.5,4.0,5.0,6.0,9.0,4.0,5.0,8.0,11.0,True,True
3286,17.0,,,,,,,,,,,,,,,,25.0,41.0,264.0,3.0,202.0,62.0,1.0,3.0,,,,696.0,1195.0,,,,,,,2021,WR,69.4,69.4,4.1,4.1,104.0,120.0,241.0,305.0,104.0,120.0,239.0,302.0,False,False
7609,16.0,,,,,,,,,7.0,24.0,,,10.0,,,18.0,21.0,181.0,2.0,-18.0,199.0,1.0,1.0,4.0,,,125.0,1041.0,,,,,,,2021,RB,50.5,50.5,3.2,3.2,77.0,96.0,284.0,349.0,77.0,96.0,282.0,348.0,False,False
4551,,,,,,,,,,,,,,,,,,,,,,,,,,,,,125.0,,,,,,,2021,WR,0.0,0.0,,,224.0,,566.0,,224.0,,565.0,,False,False
6171,5.0,,,,,,,,,,,,,,,,,,,,,,,,,,,4.0,222.0,,,,,,,2021,WR,0.0,0.0,0.0,0.0,224.0,224.0,566.0,565.0,224.0,224.0,565.0,564.0,False,False
956,14.0,,,,,,,,,160.0,554.0,2.0,9.0,322.0,23.0,9.0,27.0,35.0,162.0,,-2.0,164.0,,5.0,1.0,1.0,,400.0,968.0,,,,,,,2021,RB,108.6,108.6,7.8,7.8,49.0,54.0,170.0,204.0,49.0,54.0,169.0,202.0,False,False
7564,17.0,,,,,,,,,7.0,21.0,,3.0,7.0,1.0,2.0,81.0,128.0,1455.0,13.0,806.0,649.0,11.0,12.0,2.0,1.0,,935.0,1046.0,,,,,3.0,2.0,2021,WR,318.6,318.6,18.7,18.7,5.0,5.0,15.0,20.0,5.0,5.0,13.0,17.0,True,True
5293,2.0,,,,,,,,,,,,,,,,,,,,,,,,,,,24.0,126.0,,,,,,,2021,WR,0.0,0.0,0.0,0.0,224.0,224.0,566.0,565.0,224.0,224.0,565.0,564.0,False,False
7746,2.0,,,,,,,,,,,,,,,,,,,,,,,,,,,,53.0,,,,,,,2021,WR,0.0,0.0,0.0,0.0,224.0,224.0,566.0,565.0,224.0,224.0,565.0,564.0,False,False
7587,15.0,,,,,,,,,1.0,-4.0,,,,,1.0,12.0,25.0,165.0,,131.0,34.0,2.0,3.0,,,,315.0,998.0,,,,,,,2021,WR,28.1,28.1,1.9,1.9,145.0,165.0,355.0,414.0,145.0,165.0,353.0,411.0,False,False
7483,,,,,,,,,,,,,,,,,,,,,,,,,,,,,70.0,,,,,,,2021,TE,0.0,0.0,,,122.0,,566.0,,122.0,,565.0,,False,False
6797,17.0,672.0,443.0,5014.0,38.0,15.0,31.0,2602.0,104.0,63.0,302.0,3.0,2.0,48.0,22.0,1.0,,,,,,,,,1.0,1.0,,1098.0,1103.0,9.0,,,,,,2021,QB,386.8,362.5,22.8,21.3,3.0,3.0,5.0,6.0,3.0,3.0,5.0,9.0,True,True
6849,11.0,,,,,,,,,,,,,,,,8.0,23.0,133.0,,84.0,49.0,2.0,2.0,,,,244.0,993.0,,,,,,,2021,WR,21.3,21.3,1.9,1.9,151.0,165.0,376.0,414.0,151.0,165.0,375.0,411.0,False,False
5884,,,,,,,,,,,,,,,,,,,,,,,,,,,,,,,,,,,,2021,WR,0.0,0.0,,,224.0,,566.0,,224.0,,565.0,,False,False
5781,14.0,,,,,,,,,,,,,,,,12.0,16.0,149.0,3.0,75.0,74.0,1.0,5.0,,,,126.0,1006.0,,,,,,,2021,WR,44.9,44.9,3.2,3.2,126.0,141.0,305.0,349.0,126.0,141.0,303.0,348.0,False,False
6801,14.0,,,,,,,,,,,,,,,,74.0,110.0,1091.0,6.0,801.0,290.0,5.0,11.0,1.0,1.0,,711.0,1046.0,,,,,4.0,,2021,WR,225.1,225.1,16.1,16.1,24.0,13.0,57.0,40.0,24.0,13.0,53.0,40.0,True,True
1555,13.0,,,,,,,,,1.0,1.0,,,,,,6.0,23.0,68.0,1.0,58.0,10.0,1.0,2.0,,,,274.0,851.0,,,,,,,2021,WR,18.9,18.9,1.5,1.5,157.0,178.0,391.0,435.0,157.0,179.0,389.0,434.0,False,False
812,16.0,,,,,,,,,,,,,,,,9.0,11.0,65.0,1.0,34.0,31.0,,2.0,,,,307.0,948.0,,,,,,,2021,TE,21.5,21.5,1.3,1.3,71.0,77.0,374.0,448.0,71.0,77.0,373.0,445.0,False,False
7359,3.0,,,,,,,,,,,,,,,,,,,,,,,,,,,3.0,69.0,,,,,,,2021,TE,0.0,0.0,0.0,0.0,122.0,122.0,566.0,565.0,122.0,122.0,565.0,564.0,False,False
3433,17.0,,,,,,,,,,,,,,,,3.0,4.0,55.0,,25.0,30.0,,,,,,54.0,1077.0,,,,,,,2021,WR,8.5,8.5,0.5,0.5,181.0,205.0,452.0,510.0,181.0,205.0,451.0,507.0,False,False
4111,9.0,,,,,,,,,133.0,566.0,3.0,9.0,261.0,21.0,12.0,9.0,11.0,123.0,,2.0,121.0,1.0,2.0,2.0,1.0,,195.0,538.0,,,3.0,,,,2021,RB,99.9,99.9,11.1,11.1,56.0,36.0,184.0,123.0,56.0,36.0,184.0,116.0,False,False
6386,3.0,,,,,,,,,1.0,-3.0,,,,,1.0,,,,,,,,,,,,5.0,119.0,,,,,,,2021,WR,-0.3,-0.3,-0.1,-0.1,341.0,264.0,842.0,664.0,341.0,264.0,841.0,663.0,False,False
4443,15.0,,,,,,,,,,,,,,,,23.0,34.0,171.0,,65.0,106.0,1.0,,1.0,1.0,,573.0,879.0,,,,,,,2021,TE,38.1,38.1,2.5,2.5,59.0,64.0,320.0,382.0,59.0,64.0,318.0,381.0,False,False
2399,14.0,,,,,,,,,15.0,44.0,,2.0,25.0,,3.0,16.0,26.0,95.0,,8.0,87.0,2.0,2.0,,,,270.0,877.0,,,,,,,2021,RB,29.9,29.9,2.1,2.1,94.0,113.0,347.0,399.0,94.0,113.0,346.0,399.0,False,False
7539,,,,,,,,,,,,,,,,,,,,,,,,,,,,,71.0,,,,,,,2021,RB,0.0,0.0,,,149.0,,566.0,,149.0,,565.0,,False,False
4994,17.0,,,,,,,,,12.0,36.0,,,21.0,,3.0,2.0,7.0,8.0,,-2.0,10.0,2.0,1.0,,,,58.0,1097.0,,,,,,,2021,RB,6.4,6.4,0.4,0.4,123.0,138.0,473.0,521.0,123.0,138.0,472.0,518.0,False,False
1737,7.0,72.0,47.0,462.0,3.0,1.0,5.0,142.0,12.0,12.0,22.0,,,6.0,6.0,,,,,,,,,,1.0,1.0,,108.0,1041.0,,,,,,,2021,QB,28.7,25.4,4.1,3.6,47.0,55.0,349.0,305.0,46.0,55.0,359.0,331.0,False,False
6247,2.0,,,,,,,,,,,,,,,,3.0,4.0,56.0,,30.0,26.0,,,,,,53.0,133.0,,,,,,,2021,WR,8.6,8.6,4.3,4.3,180.0,117.0,451.0,300.0,180.0,117.0,450.0,296.0,False,False
7854,2.0,,,,,,,,,,,,,,,,,,,,,,,,,,,11.0,189.0,,,,,,,2021,TE,0.0,0.0,0.0,0.0,122.0,122.0,566.0,565.0,122.0,122.0,565.0,564.0,False,False
5253,1.0,,,,,,,,,,,,,,,,,,,,,,,,,,,9.0,81.0,,,,,,,2021,TE,0.0,0.0,0.0,0.0,122.0,122.0,566.0,565.0,122.0,122.0,565.0,564.0,False,False
1346,14.0,,,,,,,,,2.0,-1.0,,,1.0,1.0,1.0,20.0,40.0,313.0,1.0,230.0,83.0,2.0,3.0,,,,367.0,829.0,,,,,1.0,,2021,WR,59.2,59.2,4.2,4.2,113.0,118.0,263.0,302.0,113.0,118.0,262.0,299.0,False,False
4881,12.0,382.0,246.0,2882.0,16.0,13.0,38.0,1734.0,47.0,134.0,767.0,2.0,11.0,282.0,15.0,4.0,,,,,,,,,6.0,3.0,,810.0,890.0,1.0,1.0,2.0,,,,2021,QB,246.0,220.3,20.5,18.4,15.0,9.0,40.0,15.0,16.0,11.0,56.0,21.0,False,True
7860,,,,,,,,,,,,,,,,,,,,,,,,,,,,,,,,,,,,2021,WR,0.0,0.0,,,224.0,,566.0,,224.0,,565.0,,False,False
167,17.0,719.0,485.0,5316.0,43.0,12.0,22.0,2762.0,120.0,28.0,81.0,2.0,,14.0,8.0,,,,,,,,,,4.0,3.0,,1088.0,1123.0,6.0,3.0,,,,,2021,QB,398.7,378.4,23.5,22.3,2.0,2.0,3.0,4.0,2.0,2.0,4.0,6.0,True,True
4219,14.0,,,,,,,,,41.0,156.0,,1.0,60.0,5.0,3.0,28.0,38.0,240.0,1.0,-8.0,248.0,2.0,5.0,,,,269.0,972.0,,,,,,,2021,RB,73.6,73.6,5.3,5.3,65.0,70.0,233.0,255.0,65.0,70.0,230.0,252.0,False,False
2133,16.0,,,,,,,,,,,,,,,,123.0,169.0,1553.0,11.0,961.0,592.0,4.0,27.0,,,,864.0,1048.0,,,,,7.0,1.0,2021,WR,362.3,362.3,22.6,22.6,2.0,2.0,7.0,7.0,2.0,2.0,6.0,5.0,True,True
96,16.0,531.0,366.0,4115.0,37.0,4.0,30.0,1948.0,110.0,33.0,101.0,3.0,,17.0,7.0,,1.0,1.0,-4.0,,-4.0,,,1.0,3.0,,,952.0,1048.0,4.0,,,,,,2021,QB,341.3,333.0,21.3,20.8,5.0,6.0,11.0,12.0,5.0,4.0,11.0,10.0,True,True
5872,16.0,2.0,1.0,24.0,1.0,,,24.0,1.0,59.0,365.0,8.0,9.0,162.0,14.0,7.0,77.0,120.0,1405.0,6.0,637.0,768.0,10.0,9.0,4.0,2.0,,779.0,963.0,,,,,5.0,,2021,WR,349.0,350.5,21.8,21.9,3.0,3.0,8.0,10.0,3.0,3.0,7.0,7.0,True,True
4420,3.0,,,,,,,,,,,,,,,,4.0,7.0,33.0,,16.0,17.0,,2.0,,,,147.0,214.0,,,,,,,2021,WR,7.3,7.3,2.4,2.4,186.0,154.0,466.0,385.0,186.0,154.0,463.0,386.0,False,False
827,6.0,150.0,91.0,966.0,5.0,5.0,13.0,473.0,23.0,19.0,151.0,3.0,4.0,65.0,4.0,,,,,,,,,,3.0,,,323.0,656.0,,,,,,,2021,QB,81.7,72.4,13.6,12.1,37.0,25.0,215.0,78.0,35.0,24.0,232.0,92.0,False,False
2822,17.0,,,,,,,,,,,,,,,,41.0,62.0,383.0,,233.0,150.0,3.0,4.0,,,,621.0,1068.0,,,,,,,2021,WR,79.3,79.3,4.7,4.7,96.0,113.0,222.0,283.0,96.0,113.0,218.0,279.0,False,False
6985,8.0,,,,,,,,,,,,,,,,2.0,4.0,21.0,1.0,18.0,3.0,,1.0,,,,64.0,517.0,,,,,,,2021,WR,10.1,10.1,1.3,1.3,176.0,184.0,440.0,448.0,176.0,184.0,437.0,445.0,False,False
4892,14.0,418.0,253.0,3010.0,17.0,13.0,43.0,1632.0,44.0,37.0,134.0,1.0,1.0,18.0,4.0,,,,11.0,,11.0,,,,6.0,3.0,,877.0,970.0,2.0,,,,,,2021,QB,180.9,154.7,12.9,11.0,25.0,32.0,86.0,90.0,25.0,33.0,108.0,118.0,False,False
4137,15.0,,,,,,,,,202.0,752.0,15.0,19.0,402.0,41.0,14.0,37.0,39.0,375.0,3.0,3.0,372.0,,1.0,2.0,,,552.0,955.0,,,,,,,2021,RB,257.7,257.7,17.2,17.2,6.0,9.0,33.0,32.0,6.0,9.0,30.0,32.0,True,True
4696,2.0,,,,,,,,,,,,,,,,,,,,,,,,,,,,153.0,,,,,,,2021,RB,0.0,0.0,0.0,0.0,149.0,148.0,566.0,565.0,149.0,148.0,565.0,564.0,False,False
7106,1.0,,,,,,,,,,,,,,,,,,,,,,,,,,,1.0,201.0,,,,,,,2021,TE,0.0,0.0,0.0,0.0,122.0,122.0,566.0,565.0,122.0,122.0,565.0,564.0,False,False
928,12.0,,,,,,,,,1.0,1.0,,1.0,1.0,,,28.0,39.0,375.0,5.0,237.0,138.0,2.0,12.0,1.0,1.0,,371.0,787.0,,,,,,,2021,WR,93.6,93.6,7.8,7.8,75.0,80.0,188.0,204.0,75.0,80.0,188.0,202.0,False,False
5347,17.0,,,,,,,,,56.0,276.0,2.0,7.0,131.0,5.0,3.0,40.0,57.0,310.0,1.0,34.0,276.0,2.0,4.0,3.0,2.0,,343.0,1057.0,,,,,,,2021,RB,112.6,112.6,6.6,6.6,48.0,60.0,164.0,228.0,48.0,60.0,162.0,227.0,False,False
7607,14.0,,,,,,,,,147.0,639.0,4.0,12.0,335.0,25.0,15.0,36.0,55.0,325.0,,-16.0,341.0,3.0,2.0,1.0,1.0,,425.0,874.0,,,1.0,,,,2021,RB,156.4,156.4,11.2,11.2,29.0,35.0,111.0,120.0,29.0,35.0,106.0,111.0,True,True
5432,14.0,,,,,,,,,1.0,7.0,,,2.0,,,15.0,23.0,211.0,2.0,169.0,42.0,1.0,4.0,,,,248.0,937.0,,,,,,,2021,WR,48.8,48.8,3.5,3.5,121.0,136.0,292.0,339.0,121.0,136.0,291.0,338.0,False,False
7599,7.0,,,,,,,,,15.0,74.0,2.0,,24.0,2.0,2.0,4.0,5.0,23.0,,2.0,21.0,,,,,,36.0,647.0,,,,,,,2021,RB,25.7,25.7,3.7,3.7,100.0,90.0,361.0,330.0,100.0,90.0,358.0,328.0,False,False
2346,,,,,,,,,,,,,,,,,,,,,,,,,,,,,,,,,,,,2021,TE,0.0,0.0,,,122.0,,566.0,,122.0,,565.0,,False,False
5223,,,,,,,,,,,,,,,,,,,,,,,,,,,,,,,,,,,,2021,WR,0.0,0.0,,,224.0,,566.0,,224.0,,565.0,,False,False
642,,,,,,,,,,,,,,,,,,,,,,,,,,,,,,,,,,,,2021,WR,0.0,0.0,,,224.0,,566.0,,224.0,,565.0,,False,False
7990,,,,,,,,,,,,,,,,,,,,,,,,,,,,,,,,,,,,2021,RB,0.0,0.0,,,149.0,,566.0,,149.0,,565.0,,False,False
1612,,,,,,,,,,,,,,,,,,,,,,,,,,,,,,,,,,,,2021,QB,0.0,0.0,,,74.0,,566.0,,73.0,,565.0,,False,False
7279,,,,,,,,,,,,,,,,,,,,,,,,,,,,,,,,,,,,2021,WR,0.0,0.0,,,224.0,,566.0,,224.0,,565.0,,False,False
5947,17.0,2.0,2.0,45.0,,,,11.0,,1.0,9.0,,,1.0,,,83.0,126.0,866.0,2.0,643.0,223.0,3.0,13.0,1.0,1.0,,879.0,1043.0,,,,,,,2021,WR,182.3,181.4,10.7,10.7,32.0,43.0,84.0,130.0,34.0,43.0,83.0,123.0,False,True
2462,,,,,,,,,,,,,,,,,,,,,,,,,,,,,,,,,,,,2021,WR,0.0,0.0,,,224.0,,566.0,,224.0,,565.0,,False,False
3846,,,,,,,,,,,,,,,,,,,,,,,,,,,,,,,,,,,,2021,WR,0.0,0.0,,,224.0,,566.0,,224.0,,565.0,,False,False
2360,5.0,,,,,,,,,,,,,,,,16.0,17.0,193.0,1.0,68.0,125.0,,1.0,,,,221.0,336.0,,,,,,,2021,TE,41.3,41.3,8.3,8.3,56.0,19.0,312.0,187.0,56.0,19.0,309.0,183.0,False,False
830,16.0,,,,,,,,,,,,,,,,54.0,92.0,848.0,3.0,666.0,182.0,3.0,17.0,,,,819.0,1096.0,,,,,2.0,,2021,WR,160.8,160.8,10.0,10.0,39.0,48.0,107.0,144.0,39.0,48.0,101.0,135.0,False,False
8068,2.0,,,,,,,,,,,,,,,,2.0,2.0,11.0,,11.0,,,,,,,,,,,,,,,2021,WR,3.1,3.1,1.6,1.6,209.0,173.0,518.0,428.0,209.0,173.0,517.0,425.0,False,False
5977,,,,,,,,,,,,,,,,,,,,,,,,,,,,,,,,,,,,2021,WR,0.0,0.0,,,224.0,,566.0,,224.0,,565.0,,False,False
3271,15.0,,,,,,,,,,,,,,,,61.0,85.0,560.0,5.0,279.0,281.0,3.0,18.0,1.0,,,822.0,1024.0,,,,,,,2021,TE,147.0,147.0,9.8,9.8,14.0,14.0,121.0,152.0,14.0,13.0,117.0,143.0,False,True
1502,,,,,,,,,,,,,,,,,,,,,,,,,,,,,,,,,,,,2021,RB,0.0,0.0,,,149.0,,566.0,,149.0,,565.0,,False,False
7174,,,,,,,,,,,,,,,,,,,,,,,,,,,,,140.0,,,,,,,2021,WR,0.0,0.0,,,224.0,,566.0,,224.0,,565.0,,False,False
2342,5.0,,,,,,,,,,,,,,,,,1.0,,,,,,,,,,9.0,74.0,,,,,,,2021,WR,0.0,0.0,0.0,0.0,224.0,224.0,566.0,565.0,224.0,224.0,565.0,564.0,False,False
4988,14.0,,,,,,,,,228.0,1259.0,8.0,20.0,648.0,39.0,20.0,20.0,25.0,174.0,1.0,2.0,172.0,,1.0,2.0,1.0,,466.0,911.0,,,5.0,,,,2021,RB,225.3,225.3,16.1,16.1,13.0,12.0,56.0,40.0,13.0,12.0,52.0,40.0,True,True
1535,16.0,1.0,,,,,,,,153.0,618.0,6.0,7.0,289.0,31.0,10.0,52.0,69.0,548.0,5.0,163.0,385.0,1.0,12.0,2.0,,,455.0,948.0,,,1.0,,1.0,,2021,RB,238.6,238.6,14.9,14.9,9.0,17.0,47.0,59.0,9.0,17.0,43.0,53.0,True,True
6317,,,,,,,,,,,,,,,,,,,,,,,,,,,,,,,,,,,,2021,QB,0.0,0.0,,,74.0,,566.0,,73.0,,565.0,,False,False
7569,14.0,,,,,,,,,,,,,,,,33.0,61.0,446.0,1.0,313.0,133.0,1.0,6.0,,,,495.0,848.0,,,,,,,2021,WR,83.6,83.6,6.0,6.0,88.0,96.0,208.0,244.0,88.0,96.0,206.0,242.0,False,False
6659,5.0,,,,,,,,,55.0,230.0,,4.0,134.0,5.0,7.0,7.0,8.0,52.0,,-4.0,56.0,,,,,,112.0,258.0,,,1.0,,,,2021,RB,37.2,37.2,7.4,7.4,87.0,57.0,321.0,211.0,87.0,57.0,319.0,208.0,False,False
4131,14.0,,,,,,,,,,,,,,,,37.0,76.0,521.0,,402.0,119.0,1.0,10.0,,,,623.0,834.0,,,,,1.0,,2021,WR,91.1,91.1,6.5,6.5,78.0,93.0,191.0,231.0,78.0,93.0,191.0,230.0,False,False
5973,14.0,,,,,,,,,,,,,,,,9.0,15.0,66.0,,41.0,25.0,,2.0,1.0,,,136.0,1090.0,,,,,,,2021,TE,15.6,15.6,1.1,1.1,82.0,83.0,406.0,460.0,82.0,83.0,404.0,458.0,False,False
6870,16.0,,,,,,,,,1.0,,,,,,,34.0,59.0,571.0,3.0,381.0,190.0,1.0,8.0,1.0,,,755.0,1060.0,,,,,,,2021,WR,109.1,109.1,6.8,6.8,66.0,87.0,169.0,220.0,66.0,87.0,168.0,218.0,False,False
5128,5.0,,,,,,,,,6.0,-6.0,,,,,,,,,,,,,,,,,9.0,1116.0,,,,,,,2021,QB,-0.6,-0.6,-0.1,-0.1,116.0,79.0,844.0,664.0,115.0,78.0,843.0,663.0,False,False
6168,,,,,,,,,,,,,,,,,,,,,,,,,,,,,,,,,,,,2021,WR,0.0,0.0,,,224.0,,566.0,,224.0,,565.0,,False,False
6988,,,,,,,,,,,,,,,,,,,,,,,,,,,,,,,,,,,,2021,RB,0.0,0.0,,,149.0,,566.0,,149.0,,565.0,,False,False
7021,,,,,,,,,,,,,,,,,,,,,,,,,,,,,,,,,,,,2021,RB,0.0,0.0,,,149.0,,566.0,,149.0,,565.0,,False,False
5260,2.0,,,,,,,,,,,,,,,,,1.0,,,,,,1.0,,,,29.0,195.0,,,,,,,2021,WR,0.0,0.0,0.0,0.0,224.0,224.0,566.0,565.0,224.0,224.0,565.0,564.0,False,False
7083,7.0,188.0,122.0,1081.0,3.0,4.0,18.0,632.0,24.0,47.0,294.0,2.0,1.0,36.0,5.0,1.0,,,,,,,,,4.0,3.0,,302.0,1171.0,,,,,,,2021,QB,82.6,67.0,11.8,9.6,36.0,36.0,210.0,110.0,37.0,39.0,244.0,148.0,False,False
5987,16.0,,,,,,,,,134.0,491.0,3.0,14.0,258.0,28.0,16.0,32.0,39.0,228.0,1.0,-10.0,238.0,1.0,7.0,1.0,1.0,,359.0,1093.0,,,2.0,,,,2021,RB,129.9,129.9,8.1,8.1,37.0,51.0,138.0,191.0,37.0,51.0,136.0,189.0,False,False
6396,,,,,,,,,,,,,,,,,,,,,,,,,,,,,63.0,,,,,,,2021,TE,0.0,0.0,,,122.0,,566.0,,122.0,,565.0,,False,False
5962,,,,,,,,,,,,,,,,,,,,,,,,,,,,,,,,,,,,2021,WR,0.0,0.0,,,224.0,,566.0,,224.0,,565.0,,False,False
7694,16.0,,,,,,,,,3.0,11.0,1.0,,,3.0,,20.0,35.0,180.0,1.0,110.0,70.0,2.0,4.0,,,,479.0,1077.0,,,,,,,2021,TE,51.1,51.1,3.2,3.2,47.0,57.0,282.0,349.0,47.0,57.0,280.0,348.0,False,False
6153,,,,,,,,,,,,,,,,,,,,,,,,,,,,,,,,,,,,2021,RB,0.0,0.0,,,149.0,,566.0,,149.0,,565.0,,False,False
5076,4.0,,,,,,,,,2.0,13.0,,,6.0,,,,,,,,,,,,,,3.0,432.0,,,,,,,2021,RB,1.3,1.3,0.3,0.3,142.0,140.0,548.0,530.0,142.0,140.0,544.0,528.0,False,False
7596,11.0,,,,,,,,,5.0,54.0,1.0,1.0,10.0,2.0,,43.0,77.0,538.0,5.0,332.0,206.0,1.0,7.0,,,,476.0,1000.0,,,,,1.0,,2021,WR,140.2,140.2,12.7,12.7,49.0,33.0,128.0,91.0,49.0,33.0,124.0,79.0,False,False
6040,9.0,,,,,,,,,,,,,,,,3.0,7.0,22.0,1.0,15.0,7.0,,1.0,,,,171.0,606.0,,,,,,,2021,TE,11.2,11.2,1.2,1.2,87.0,80.0,432.0,455.0,87.0,80.0,429.0,452.0,False,False
5209,8.0,,,,,,,,,4.0,35.0,,,8.0,,,2.0,2.0,22.0,,-2.0,24.0,,,,,,25.0,650.0,,,,,,,2021,RB,7.7,7.7,1.0,1.0,121.0,128.0,462.0,467.0,121.0,128.0,458.0,466.0,False,False
4663,16.0,,,,,,,,,206.0,911.0,12.0,12.0,393.0,46.0,16.0,70.0,94.0,647.0,8.0,19.0,628.0,6.0,16.0,4.0,3.0,,653.0,1103.0,,,1.0,,,,2021,RB,341.8,341.8,21.4,21.4,2.0,3.0,10.0,11.0,2.0,3.0,10.0,8.0,True,True
943,16.0,,,,,,,,,,,,,,,,26.0,39.0,257.0,1.0,120.0,137.0,,8.0,,,,466.0,981.0,,,,,,,2021,TE,57.7,57.7,3.6,3.6,42.0,52.0,266.0,333.0,42.0,52.0,265.0,331.0,False,False
7521,,,,,,,,,,,,,,,,,,,,,,,,,,,,,,,,,,,,2021,WR,0.0,0.0,,,224.0,,566.0,,224.0,,565.0,,False,False
5902,17.0,,,,,,,,,,,,,,,,7.0,12.0,59.0,,18.0,41.0,1.0,1.0,,,,138.0,933.0,,,,,,,2021,WR,12.9,12.9,0.8,0.8,168.0,195.0,421.0,484.0,168.0,195.0,419.0,482.0,False,False
7352,1.0,,,,,,,,,,,,,,,,,,,,,,,,,,,,55.0,,,,,,,2021,WR,0.0,0.0,0.0,0.0,224.0,224.0,566.0,565.0,224.0,224.0,565.0,564.0,False,False
7438,3.0,,,,,,,,,,,,,,,,4.0,8.0,42.0,2.0,37.0,5.0,1.0,1.0,,,,67.0,198.0,,,,,,,2021,WR,20.2,20.2,6.7,6.7,153.0,90.0,380.0,225.0,153.0,90.0,379.0,223.0,False,False
7339,5.0,,,,,,,,,,,,,,,,,,,,,,,,1.0,1.0,,,321.0,,,,,,,2021,WR,-2.0,-2.0,-0.4,-0.4,342.0,267.0,849.0,672.0,342.0,267.0,848.0,671.0,False,False
5938,10.0,,,,,,,,,,,,,,,,13.0,18.0,249.0,2.0,148.0,101.0,,1.0,,,,209.0,881.0,,,,,,,2021,WR,49.9,49.9,5.0,5.0,119.0,109.0,288.0,270.0,119.0,109.0,287.0,265.0,False,False
7065,,,,,,,,,,,,,,,,,,,,,,,,,,,,,,,,,,,,2021,TE,0.0,0.0,,,122.0,,566.0,,122.0,,565.0,,False,False
4040,5.0,,,,,,,,,3.0,9.0,1.0,1.0,4.0,1.0,,15.0,28.0,129.0,,61.0,68.0,,,,,,222.0,322.0,,,,,,,2021,WR,34.8,34.8,7.0,7.0,133.0,85.0,329.0,217.0,133.0,85.0,328.0,215.0,False,False
7316,2.0,,,,,,,,,,,,,,,,,1.0,,,,,1.0,,,,,7.0,133.0,,,,,,,2021,RB,0.0,0.0,0.0,0.0,149.0,148.0,566.0,565.0,149.0,148.0,565.0,564.0,False,False
5110,14.0,,,,,,,,,,,,,,,,66.0,94.0,770.0,4.0,510.0,260.0,5.0,13.0,2.0,2.0,,567.0,1002.0,,,,,2.0,,2021,WR,167.0,167.0,11.9,11.9,38.0,36.0,97.0,106.0,38.0,36.0,93.0,96.0,False,False
6363,,,,,,,,,,,,,,,,,,,,,,,,,,,,,,,,,,,,2021,WR,0.0,0.0,,,224.0,,566.0,,224.0,,565.0,,False,False
3321,17.0,,,,,,,,,9.0,96.0,,,11.0,2.0,1.0,111.0,159.0,1239.0,9.0,795.0,444.0,7.0,23.0,2.0,1.0,,867.0,1195.0,,,,,3.0,,2021,WR,302.5,302.5,17.8,17.8,6.0,8.0,21.0,29.0,6.0,8.0,18.0,29.0,True,True
8013,,,,,,,,,,,,,,,,,,,,,,,,,,,,,,,,,,,,2021,WR,0.0,0.0,,,224.0,,566.0,,224.0,,565.0,,False,False
4571,7.0,,,,,,,,,,,,,,,,11.0,18.0,96.0,2.0,58.0,38.0,,6.0,,,,275.0,585.0,,,,,,,2021,TE,32.6,32.6,4.7,4.7,64.0,38.0,340.0,283.0,64.0,38.0,340.0,279.0,False,False
6185,,,,,,,,,,,,,,,,,,,,,,,,,,,,,278.0,,,,,,,2021,QB,0.0,0.0,,,74.0,,566.0,,73.0,,565.0,,False,False
2216,16.0,,,,,,,,,1.0,10.0,,,2.0,,,74.0,114.0,1035.0,14.0,776.0,259.0,2.0,18.0,,,,872.0,1056.0,,,,,2.0,,2021,WR,266.5,266.5,16.7,16.7,9.0,11.0,28.0,36.0,9.0,11.0,26.0,35.0,True,True
7562,8.0,,,,,,,,,,,,,,,,,,,,,,,,1.0,,,10.0,509.0,,,,,,,2021,WR,0.0,0.0,0.0,0.0,224.0,224.0,566.0,565.0,224.0,224.0,565.0,564.0,False,False
6959,,,,,,,,,,,,,,,,,,,,,,,,,,,,,,,,,,,,2021,RB,0.0,0.0,,,149.0,,566.0,,149.0,,565.0,,False,False
3157,2.0,,,,,,,,,,,,,,,,4.0,8.0,26.0,,16.0,10.0,,,,,,65.0,135.0,,,,,,,2021,WR,6.6,6.6,3.3,3.3,188.0,140.0,468.0,346.0,188.0,140.0,466.0,345.0,False,False
963,12.0,,,,,,,,,,,,,,,,2.0,2.0,12.0,,6.0,6.0,,,,,,140.0,740.0,,,,,,,2021,TE,3.2,3.2,0.3,0.3,110.0,111.0,517.0,530.0,110.0,111.0,516.0,528.0,False,False
7244,5.0,,,,,,,,,,,,,,,,4.0,4.0,64.0,,48.0,16.0,,,,,,76.0,261.0,,,,,,,2021,WR,10.4,10.4,2.1,2.1,174.0,160.0,437.0,399.0,174.0,160.0,434.0,399.0,False,False
7107,2.0,,,,,,,,,13.0,51.0,,,,1.0,1.0,,1.0,,,,,,,,,,31.0,269.0,,,,,,,2021,RB,5.1,5.1,2.6,2.6,127.0,108.0,490.0,377.0,127.0,108.0,489.0,376.0,False,False
2161,13.0,,,,,,,,,12.0,62.0,,,11.0,2.0,,13.0,20.0,107.0,1.0,-18.0,125.0,1.0,4.0,,,,172.0,931.0,,,,,,,2021,RB,35.9,35.9,2.8,2.8,90.0,107.0,326.0,371.0,90.0,107.0,325.0,370.0,False,False
7867,4.0,,,,,,,,,,,,,,,,,,,,,,,,,,,,61.0,,,,,,,2021,RB,0.0,0.0,0.0,0.0,149.0,148.0,566.0,565.0,149.0,148.0,565.0,564.0,False,False
7535,7.0,,,,,,,,,,,,,,,,1.0,3.0,8.0,,4.0,4.0,,,,,,90.0,592.0,,,,,,,2021,TE,1.8,1.8,0.3,0.3,116.0,111.0,538.0,530.0,116.0,111.0,534.0,528.0,False,False
5142,2.0,,,,,,,,,2.0,-1.0,,,,,,,,,,,,,,,,,2.0,202.0,,,,,,,2021,QB,-0.1,-0.1,-0.0,-0.0,113.0,74.0,839.0,565.0,112.0,73.0,838.0,564.0,False,False
1546,3.0,,,,,,,,,4.0,,,,,,1.0,,,,,,,,,,,,,141.0,,,,,,,2021,RB,0.0,0.0,0.0,0.0,149.0,148.0,566.0,565.0,149.0,148.0,565.0,564.0,False,False
5163,9.0,,,,,,,,,1.0,4.0,,,4.0,,,1.0,1.0,4.0,,4.0,,,,,,,19.0,741.0,,,,,,,2021,RB,1.8,1.8,0.2,0.2,140.0,142.0,538.0,544.0,140.0,142.0,534.0,542.0,False,False
7530,10.0,,,,,,,,,,,,,,,,1.0,4.0,14.0,,3.0,11.0,1.0,,,,,20.0,795.0,,,,,,,2021,WR,2.4,2.4,0.2,0.2,212.0,218.0,525.0,544.0,212.0,218.0,524.0,542.0,False,False
6909,,,,,,,,,,,,,,,,,,,,,,,,,,,,,,,,,,,,2021,WR,0.0,0.0,,,224.0,,566.0,,224.0,,565.0,,False,False
3445,7.0,,,,,,,,,2.0,-2.0,,,4.0,,1.0,9.0,19.0,160.0,,65.0,95.0,,3.0,,,,200.0,457.0,,,,,1.0,,2021,WR,26.8,26.8,3.8,3.8,146.0,130.0,357.0,322.0,146.0,130.0,355.0,318.0,False,False
3178,,,,,,,,,,,,,,,,,,,,,,,,,,,,,78.0,,,,,,,2021,WR,0.0,0.0,,,224.0,,566.0,,224.0,,565.0,,False,False
7378,,,,,,,,,,,,,,,,,,,,,,,,,,,,,,,,,,,,2021,TE,0.0,0.0,,,122.0,,566.0,,122.0,,565.0,,False,False
6421,16.0,,,,,,,,,7.0,34.0,,1.0,20.0,,2.0,31.0,48.0,448.0,3.0,282.0,166.0,3.0,7.0,1.0,,,563.0,1103.0,,,,,,,2021,WR,97.2,97.2,6.1,6.1,73.0,95.0,186.0,243.0,73.0,95.0,186.0,241.0,False,False
4468,16.0,,,,,,,,,,,,,,,,5.0,5.0,47.0,1.0,22.0,25.0,,2.0,,,,296.0,1009.0,,,,,,,2021,TE,15.7,15.7,1.0,1.0,81.0,88.0,405.0,467.0,81.0,88.0,403.0,466.0,False,False
3695,13.0,,,,,,,,,,,,,,,,,,,,,,,,,,,70.0,851.0,,,,,,,2021,TE,0.0,0.0,0.0,0.0,122.0,122.0,566.0,565.0,122.0,122.0,565.0,564.0,False,False
7703,9.0,,,,,,,,,,,,,,,,,,,,,,,,,,,15.0,587.0,,,,,,,2021,WR,0.0,0.0,0.0,0.0,224.0,224.0,566.0,565.0,224.0,224.0,565.0,564.0,False,False
4351,16.0,,,,,,,,,,,,,,,,53.0,85.0,734.0,5.0,532.0,202.0,2.0,11.0,,,,849.0,1081.0,,,,,,,2021,WR,156.4,156.4,9.8,9.8,42.0,52.0,111.0,152.0,42.0,52.0,106.0,143.0,False,False
4863,4.0,11.0,2.0,19.0,,2.0,,8.0,,,,,,,,,,,,,,,,,,,,26.0,827.0,,,,,,,2021,QB,-3.2,-3.6,-0.8,-0.9,119.0,83.0,851.0,674.0,119.0,83.0,852.0,674.0,False,False
2410,12.0,,,,,,1.0,,,,,,,,,,51.0,71.0,447.0,2.0,271.0,176.0,2.0,11.0,1.0,1.0,,531.0,874.0,,,,,,,2021,WR,105.7,105.7,8.8,8.8,69.0,62.0,176.0,173.0,69.0,62.0,175.0,169.0,False,False
6984,11.0,,,,,,,,,54.0,142.0,,2.0,58.0,4.0,5.0,5.0,8.0,29.0,,1.0,28.0,,1.0,,,,118.0,599.0,,,,,,,2021,RB,22.1,22.1,2.0,2.0,104.0,115.0,371.0,404.0,104.0,115.0,370.0,404.0,False,False
1706,17.0,,,,,,,,,,,,,,,,29.0,43.0,302.0,3.0,177.0,125.0,4.0,7.0,,,,611.0,1057.0,,,,,,,2021,TE,77.2,77.2,4.5,4.5,29.0,42.0,227.0,291.0,29.0,42.0,224.0,288.0,False,False
3198,8.0,1.0,1.0,5.0,1.0,,,5.0,1.0,219.0,937.0,10.0,10.0,487.0,32.0,21.0,18.0,20.0,154.0,,-6.0,160.0,,2.0,1.0,,,411.0,578.0,,,5.0,,,,2021,RB,201.3,203.2,25.2,25.4,18.0,1.0,72.0,2.0,18.0,1.0,65.0,2.0,True,True
6885,12.0,,,,,,,,,36.0,180.0,2.0,5.0,109.0,5.0,5.0,4.0,8.0,26.0,,12.0,14.0,2.0,1.0,,,,84.0,867.0,,,,,,,2021,RB,36.6,36.6,3.1,3.1,88.0,101.0,323.0,360.0,88.0,101.0,322.0,358.0,False,False
6694,17.0,,,,,,,,,100.0,534.0,3.0,9.0,217.0,17.0,7.0,19.0,25.0,137.0,,-1.0,138.0,3.0,1.0,1.0,,,284.0,1041.0,,,2.0,,,,2021,RB,108.1,108.1,6.4,6.4,50.0,63.0,171.0,232.0,50.0,63.0,170.0,231.0,False,False
6847,16.0,,,,,,,,,7.0,50.0,,,12.0,,1.0,33.0,47.0,272.0,2.0,131.0,141.0,,8.0,1.0,,,585.0,1112.0,,,,,,,2021,WR,77.2,77.2,4.8,4.8,99.0,111.0,227.0,279.0,99.0,111.0,224.0,275.0,False,False
5257,5.0,94.0,61.0,526.0,3.0,6.0,,261.0,12.0,2.0,13.0,,,1.0,1.0,,,,,,,,,,1.0,,,179.0,427.0,,,,,,,2021,QB,22.3,17.8,4.5,3.6,50.0,54.0,370.0,291.0,50.0,55.0,395.0,331.0,False,False
2750,17.0,,,,,,,,,10.0,89.0,,,6.0,1.0,1.0,24.0,44.0,296.0,3.0,218.0,78.0,2.0,2.0,3.0,,1.0,493.0,1068.0,,,,,,,2021,WR,86.5,86.5,5.1,5.1,82.0,106.0,198.0,265.0,82.0,106.0,198.0,260.0,False,False
3312,5.0,,,,,,,,,17.0,79.0,1.0,1.0,17.0,4.0,,4.0,6.0,28.0,,-8.0,36.0,,,,,,44.0,246.0,,,,,,,2021,RB,20.7,20.7,4.1,4.1,105.0,87.0,377.0,305.0,105.0,87.0,376.0,302.0,False,False
6996,11.0,,,,,,,,,16.0,68.0,1.0,2.0,18.0,4.0,1.0,23.0,29.0,157.0,,29.0,128.0,1.0,5.0,2.0,1.0,,135.0,603.0,,,,,,,2021,RB,49.5,49.5,4.5,4.5,80.0,83.0,290.0,291.0,80.0,83.0,289.0,288.0,False,False
7191,,,,,,,,,,,,,,,,,,,,,,,,,,,,,71.0,,,,,,,2021,WR,0.0,0.0,,,224.0,,566.0,,224.0,,565.0,,False,False
6906,4.0,,,,,,,,,,,,,,,,,,,,,,,,,,,20.0,284.0,,,,,,,2021,TE,0.0,0.0,0.0,0.0,122.0,122.0,566.0,565.0,122.0,122.0,565.0,564.0,False,False
2673,17.0,,,,,,,,,,,,,,,,26.0,38.0,329.0,1.0,213.0,116.0,2.0,4.0,1.0,1.0,,574.0,1040.0,,,,,,,2021,WR,62.9,62.9,3.7,3.7,111.0,134.0,254.0,330.0,111.0,134.0,253.0,328.0,False,False
4981,5.0,,,,,,,,,,,,,,,,31.0,52.0,281.0,2.0,190.0,91.0,3.0,10.0,,,,299.0,423.0,,,,,,,2021,WR,71.1,71.1,14.2,14.2,102.0,26.0,236.0,72.0,102.0,26.0,234.0,66.0,False,False
4171,12.0,,,,,,,,,,,,,,,,29.0,49.0,396.0,2.0,277.0,119.0,1.0,6.0,,,,426.0,888.0,,,,,,,2021,WR,80.6,80.6,6.7,6.7,93.0,90.0,218.0,225.0,93.0,90.0,214.0,223.0,False,False
6926,5.0,,,,,,,,,,,,,,,,1.0,1.0,9.0,,3.0,6.0,,,,,,59.0,634.0,,,,,,,2021,TE,1.9,1.9,0.4,0.4,114.0,107.0,536.0,521.0,114.0,107.0,532.0,518.0,False,False
7946,16.0,,,,,,,,,,,,,,,,4.0,5.0,22.0,,2.0,20.0,,2.0,,,,331.0,1120.0,,,,,,,2021,TE,6.2,6.2,0.4,0.4,100.0,107.0,477.0,521.0,100.0,107.0,476.0,518.0,False,False
7729,4.0,,,,,,,,,,,,,,,,5.0,8.0,49.0,1.0,46.0,3.0,,2.0,,,,99.0,409.0,,,,,,,2021,WR,15.9,15.9,4.0,4.0,162.0,126.0,404.0,316.0,162.0,126.0,402.0,312.0,False,False
7439,5.0,,,,,,,,,,,,,,,,3.0,6.0,31.0,,7.0,24.0,,1.0,,,,65.0,400.0,,,,,,,2021,TE,6.1,6.1,1.2,1.2,101.0,80.0,478.0,455.0,101.0,80.0,477.0,452.0,False,False
8077,,,,,,,,,,,,,,,,,,,,,,,,,,,,,,,,,,,,2021,RB,0.0,0.0,,,149.0,,566.0,,149.0,,565.0,,False,False
5722,1.0,,,,,,,,,,,,,,,,,,,,,,,,,,,,,,,,,,,2021,WR,0.0,0.0,0.0,0.0,224.0,224.0,566.0,565.0,224.0,224.0,565.0,564.0,False,False
3328,15.0,,,,,,,,,,,,,,,,24.0,47.0,275.0,1.0,228.0,47.0,3.0,5.0,,,,509.0,981.0,,,,,,,2021,WR,57.5,57.5,3.8,3.8,116.0,130.0,268.0,322.0,116.0,130.0,267.0,318.0,False,False
7752,2.0,,,,,,,,,,,,,,,,,,,,,,,,,,,,110.0,,,,,,,2021,WR,0.0,0.0,0.0,0.0,224.0,224.0,566.0,565.0,224.0,224.0,565.0,564.0,False,False
5859,13.0,2.0,,,,,,,,2.0,10.0,,,4.0,1.0,,63.0,105.0,869.0,5.0,621.0,248.0,8.0,11.0,,,,548.0,902.0,,,,,3.0,,2021,WR,186.9,186.9,14.4,14.4,30.0,25.0,80.0,70.0,30.0,25.0,77.0,63.0,True,True
4034,7.0,,,,,,,,,99.0,442.0,1.0,12.0,224.0,16.0,8.0,37.0,41.0,343.0,1.0,85.0,258.0,,2.0,1.0,,,272.0,670.0,,,,,,,2021,RB,127.5,127.5,18.2,18.2,40.0,7.0,146.0,24.0,40.0,7.0,144.0,24.0,False,False
6699,16.0,,,,,,,,,1.0,9.0,,,3.0,,,2.0,3.0,31.0,,17.0,14.0,,,4.0,,,64.0,976.0,,,,,,,2021,WR,6.0,6.0,0.4,0.4,192.0,209.0,481.0,521.0,192.0,209.0,480.0,518.0,False,False
5937,16.0,,,,,,,,,5.0,53.0,,,18.0,,,107.0,169.0,1161.0,8.0,634.0,527.0,4.0,21.0,2.0,2.0,,922.0,1097.0,,,,,3.0,,2021,WR,278.4,278.4,17.4,17.4,8.0,9.0,24.0,30.0,8.0,9.0,24.0,30.0,True,True
4263,,,,,,,,,,,,,,,,,,,,,,,,,,,,,,,,,,,,2021,RB,0.0,0.0,,,149.0,,566.0,,149.0,,565.0,,False,False
4162,,,,,,,,,,,,,,,,,,,,,,,,,,,,,,,,,,,,2021,WR,0.0,0.0,,,224.0,,566.0,,224.0,,565.0,,False,False
6967,1.0,,,,,,,,,,,,,,,,,,,,,,,,,,,,,,,,,,,2021,WR,0.0,0.0,0.0,0.0,224.0,224.0,566.0,565.0,224.0,224.0,565.0,564.0,False,False
4678,1.0,,,,,,,,,,,,,,,,,,,,,,,,,,,,,,,,,,,2021,TE,0.0,0.0,0.0,0.0,122.0,122.0,566.0,565.0,122.0,122.0,565.0,564.0,False,False
4455,9.0,,,,,,,,,26.0,125.0,1.0,1.0,44.0,3.0,5.0,7.0,9.0,72.0,2.0,11.0,61.0,,3.0,1.0,1.0,,80.0,744.0,,,,,,,2021,RB,42.7,42.7,4.7,4.7,84.0,81.0,309.0,283.0,84.0,81.0,306.0,279.0,False,False
7591,12.0,270.0,159.0,1870.0,7.0,10.0,36.0,1178.0,31.0,72.0,420.0,2.0,5.0,127.0,9.0,1.0,,,,,,,,,12.0,5.0,,635.0,754.0,,,1.0,,,,2021,QB,128.8,105.4,10.7,8.8,31.0,41.0,141.0,130.0,32.0,43.0,178.0,169.0,False,False
5134,3.0,,,,,,,,,,,,,,,,3.0,7.0,17.0,,1.0,16.0,,1.0,,,,64.0,138.0,,,,,,,2021,WR,4.7,4.7,1.6,1.6,199.0,173.0,496.0,428.0,199.0,173.0,495.0,425.0,False,False
2309,15.0,,,,,,,,,,,,,,,,68.0,103.0,865.0,8.0,630.0,235.0,4.0,17.0,1.0,,,835.0,1228.0,,,,,2.0,,2021,WR,206.5,206.5,13.8,13.8,27.0,29.0,68.0,77.0,27.0,29.0,63.0,70.0,True,True
7771,10.0,,,,,,,,,2.0,5.0,,,3.0,1.0,1.0,,,,,,,,,,,,20.0,571.0,,,,,,,2021,RB,0.5,0.5,0.0,0.0,147.0,148.0,561.0,565.0,147.0,148.0,559.0,564.0,False,False
2378,11.0,,,,,,,,,84.0,356.0,,6.0,187.0,13.0,9.0,11.0,16.0,49.0,,-34.0,83.0,2.0,6.0,,,,170.0,774.0,,,,,,,2021,RB,51.5,51.5,4.7,4.7,76.0,81.0,280.0,283.0,76.0,81.0,278.0,279.0,False,False
4866,13.0,,,,,,,,,162.0,593.0,2.0,4.0,265.0,11.0,19.0,41.0,57.0,263.0,2.0,-37.0,300.0,6.0,3.0,2.0,1.0,,477.0,853.0,,,1.0,,,,2021,RB,150.6,150.6,11.6,11.6,30.0,32.0,115.0,113.0,30.0,32.0,111.0,102.0,True,True
4068,16.0,,,,,,,,,,,,,,,,76.0,129.0,1146.0,9.0,734.0,412.0,6.0,19.0,,,,829.0,1103.0,,,,,4.0,,2021,WR,252.6,252.6,15.8,15.8,12.0,14.0,34.0,45.0,12.0,14.0,31.0,43.0,True,True
1833,12.0,,,,,,,,,40.0,164.0,2.0,4.0,43.0,8.0,5.0,16.0,23.0,103.0,1.0,-6.0,109.0,,1.0,,,,150.0,773.0,,,,,,,2021,RB,60.7,60.7,5.1,5.1,69.0,74.0,260.0,265.0,69.0,74.0,259.0,260.0,False,False
6662,7.0,,,,,,,,,,,,,,,,5.0,6.0,43.0,,22.0,21.0,,,,,,112.0,574.0,,,,,,,2021,TE,9.3,9.3,1.3,1.3,91.0,77.0,447.0,448.0,91.0,77.0,444.0,445.0,False,False
1244,13.0,,,,,,,,,,,,,,,,5.0,14.0,32.0,1.0,27.0,5.0,2.0,3.0,,,,219.0,861.0,,,,,,,2021,WR,14.2,14.2,1.1,1.1,165.0,187.0,413.0,460.0,165.0,187.0,413.0,458.0,False,False
5967,15.0,,,,,,,,,130.0,719.0,2.0,7.0,321.0,15.0,4.0,39.0,46.0,337.0,,-4.0,341.0,3.0,7.0,2.0,,1.0,374.0,1081.0,,,1.0,,,,2021,RB,164.6,164.6,11.0,11.0,27.0,37.0,101.0,125.0,27.0,37.0,96.0,118.0,True,True
8076,1.0,,,,,,,,,,,,,,,,,,,,,,,,,,,10.0,62.0,,,,,,,2021,WR,0.0,0.0,0.0,0.0,224.0,224.0,566.0,565.0,224.0,224.0,565.0,564.0,False,False
7379,,,,,,,,,,,,,,,,,,,,,,,,,,,,,,,,,,,,2021,TE,0.0,0.0,,,122.0,,566.0,,122.0,,565.0,,False,False
5916,13.0,,,,,,,,,149.0,688.0,5.0,3.0,286.0,24.0,6.0,29.0,40.0,176.0,3.0,-4.0,180.0,3.0,9.0,,,,507.0,966.0,,,,,,,2021,RB,163.4,163.4,12.6,12.6,28.0,23.0,104.0,92.0,28.0,23.0,99.0,80.0,True,True
6069,17.0,,,,,,,,,1.0,3.0,,,,1.0,,2.0,4.0,11.0,,-9.0,20.0,,,,,,102.0,1046.0,,,,,,,2021,WR,3.4,3.4,0.2,0.2,207.0,218.0,513.0,544.0,207.0,218.0,513.0,542.0,False,False
7536,,,,,,,,,,,,,,,,,,,,,,,,,,,,,67.0,,,,,,,2021,TE,0.0,0.0,,,122.0,,566.0,,122.0,,565.0,,False,False
7045,10.0,,,,,,,,,33.0,102.0,,2.0,43.0,5.0,3.0,5.0,6.0,38.0,,7.0,31.0,,1.0,1.0,1.0,,139.0,815.0,,,,,,,2021,RB,17.0,17.0,1.7,1.7,110.0,120.0,399.0,422.0,110.0,120.0,397.0,419.0,False,False
7086,1.0,,,,,,,,,,,,,,,,,,,,,,,,1.0,,,2.0,118.0,,,,,,,2021,WR,0.0,0.0,0.0,0.0,224.0,224.0,566.0,565.0,224.0,224.0,565.0,564.0,False,False
7210,16.0,1.0,1.0,1.0,,,,-5.0,1.0,,,,,,,,15.0,23.0,175.0,1.0,118.0,57.0,1.0,2.0,,,,258.0,1015.0,,,,,,,2021,WR,38.5,38.5,2.4,2.4,131.0,154.0,318.0,385.0,131.0,154.0,316.0,386.0,False,False
6964,9.0,,,,,,,,,,,,,,,,4.0,6.0,27.0,1.0,17.0,10.0,,1.0,,,,119.0,620.0,,,,,,,2021,TE,12.7,12.7,1.4,1.4,85.0,74.0,424.0,440.0,85.0,74.0,422.0,438.0,False,False
3214,17.0,,,,,,,,,,,,,,,,50.0,75.0,603.0,9.0,462.0,141.0,,17.0,,,,707.0,1043.0,,,,,,,2021,TE,164.3,164.3,9.7,9.7,10.0,15.0,102.0,154.0,10.0,14.0,97.0,146.0,True,True
5277,5.0,,,,,,,,,,,,,,,,1.0,1.0,,,-2.0,2.0,,,,,,14.0,282.0,,,,,,,2021,TE,1.0,1.0,0.2,0.2,119.0,116.0,553.0,544.0,119.0,116.0,550.0,542.0,False,False
3976,6.0,8.0,6.0,43.0,,1.0,,26.0,,13.0,24.0,1.0,,,1.0,,,,,,,,,,,,,28.0,1116.0,,,,,,,2021,QB,8.1,7.3,1.4,1.2,61.0,64.0,457.0,440.0,61.0,62.0,463.0,452.0,False,False
7523,17.0,602.0,359.0,3641.0,12.0,17.0,32.0,1998.0,56.0,73.0,334.0,2.0,2.0,55.0,12.0,4.0,,,,,,,,,9.0,5.0,,1010.0,1017.0,2.0,,,,,,2021,QB,199.0,150.2,11.7,8.8,23.0,37.0,75.0,112.0,26.0,43.0,113.0,169.0,False,False
4066,15.0,,,,,,,,,1.0,-3.0,,,,1.0,1.0,46.0,73.0,408.0,3.0,225.0,183.0,5.0,4.0,1.0,1.0,,684.0,911.0,,,,,,,2021,TE,102.5,102.5,6.8,6.8,24.0,26.0,182.0,220.0,24.0,26.0,182.0,218.0,False,False
3048,17.0,,,,,,,,,,,,,,,,6.0,9.0,71.0,1.0,45.0,26.0,,,,,,361.0,1017.0,,,,,,,2021,TE,19.1,19.1,1.1,1.1,75.0,83.0,386.0,460.0,75.0,83.0,385.0,458.0,False,False
3164,17.0,1.0,1.0,4.0,,,,-4.0,1.0,237.0,1002.0,10.0,9.0,401.0,35.0,16.0,47.0,65.0,287.0,2.0,9.0,278.0,3.0,14.0,1.0,1.0,,810.0,1228.0,,,2.0,,,,2021,RB,250.1,250.0,14.7,14.7,7.0,18.0,36.0,63.0,7.0,18.0,33.0,57.0,True,True
8087,1.0,,,,,,,,,,,,,,,,,,,,,,,,,,,,,,,,,,,2021,QB,0.0,0.0,0.0,0.0,74.0,74.0,566.0,565.0,73.0,73.0,565.0,564.0,False,False
5903,,,,,,,,,,,,,,,,,,,,,,,,,,,,,356.0,,,,,,,2021,QB,0.0,0.0,,,74.0,,566.0,,73.0,,565.0,,False,False
6886,15.0,,,,,,,,,14.0,96.0,,,14.0,2.0,2.0,59.0,105.0,860.0,2.0,576.0,284.0,5.0,13.0,,,,754.0,1010.0,,,,,1.0,,2021,WR,168.6,168.6,11.2,11.2,36.0,40.0,95.0,120.0,36.0,40.0,91.0,111.0,False,False
6945,16.0,,,,,,,,,258.0,1037.0,7.0,19.0,425.0,43.0,21.0,42.0,52.0,294.0,3.0,-39.0,333.0,6.0,6.0,6.0,4.0,,572.0,1068.0,,,2.0,,,,2021,RB,231.1,231.1,14.4,14.4,10.0,20.0,50.0,70.0,10.0,20.0,46.0,63.0,True,True
954,8.0,126.0,69.0,684.0,4.0,5.0,10.0,375.0,7.0,47.0,230.0,5.0,5.0,83.0,8.0,3.0,,,,,,,,,4.0,1.0,,251.0,452.0,,,,,,,2021,QB,84.4,78.7,10.5,9.8,34.0,42.0,205.0,136.0,34.0,38.0,221.0,143.0,False,False
490,2.0,,,,,,,,,2.0,-2.0,,,,,,,,,,,,,,,,,5.0,1103.0,,,,,,,2021,QB,-0.2,-0.2,-0.1,-0.1,114.0,79.0,841.0,664.0,113.0,78.0,840.0,663.0,False,False
6271,17.0,,,,,,,,,1.0,2.0,,,2.0,,,31.0,53.0,406.0,3.0,312.0,94.0,2.0,8.0,,,,571.0,1002.0,,,,,,,2021,WR,89.8,89.8,5.3,5.3,79.0,103.0,194.0,255.0,79.0,103.0,193.0,252.0,False,False
6866,6.0,,,,,,,,,,,,,,,,3.0,3.0,30.0,,18.0,12.0,,,,,,14.0,424.0,,,,,,,2021,WR,6.0,6.0,1.0,1.0,192.0,189.0,481.0,467.0,192.0,189.0,480.0,466.0,False,False
6920,1.0,,,,,,,,,,,,,,,,,,,,,,,,,,,4.0,79.0,,,,,,,2021,WR,0.0,0.0,0.0,0.0,224.0,224.0,566.0,565.0,224.0,224.0,565.0,564.0,False,False
5271,10.0,,,,,,,,,5.0,11.0,,,2.0,,,,,,,,,,,,,,6.0,588.0,,,,,,,2021,RB,1.1,1.1,0.1,0.1,144.0,145.0,551.0,556.0,144.0,145.0,548.0,553.0,False,False
4985,10.0,,,,,,,,,119.0,749.0,6.0,9.0,263.0,16.0,10.0,6.0,8.0,48.0,,-14.0,62.0,1.0,1.0,,,,210.0,646.0,,,4.0,,,,2021,RB,129.7,129.7,13.0,13.0,38.0,22.0,139.0,87.0,38.0,22.0,137.0,75.0,False,False
5917,17.0,,,,,,,,,8.0,46.0,,,4.0,1.0,,59.0,83.0,693.0,2.0,191.0,502.0,2.0,15.0,3.0,2.0,,623.0,1195.0,,,,,1.0,,2021,WR,142.9,142.9,8.4,8.4,47.0,69.0,126.0,183.0,47.0,69.0,122.0,181.0,False,False
4983,17.0,,,,,,,,,8.0,48.0,,1.0,11.0,,2.0,93.0,163.0,1157.0,4.0,731.0,426.0,9.0,13.0,1.0,1.0,,937.0,1077.0,,,,,3.0,,2021,WR,241.5,241.5,14.2,14.2,17.0,26.0,43.0,72.0,17.0,26.0,39.0,66.0,True,True
5022,15.0,,,,,,,,,,,,,,,,56.0,76.0,830.0,4.0,444.0,386.0,5.0,6.0,1.0,,,781.0,1120.0,,,,,2.0,,2021,TE,167.0,167.0,11.1,11.1,8.0,8.0,97.0,123.0,8.0,8.0,93.0,116.0,True,True
616,15.0,,,,,,,,,,,,,,,,14.0,23.0,167.0,3.0,112.0,55.0,1.0,8.0,,,,243.0,1040.0,,,,,,,2021,TE,48.7,48.7,3.2,3.2,51.0,57.0,293.0,349.0,51.0,57.0,292.0,348.0,False,False
7436,1.0,,,,,,,,,,,,,,,,,,,,,,,,,,,3.0,68.0,,,,,,,2021,WR,0.0,0.0,0.0,0.0,224.0,224.0,566.0,565.0,224.0,224.0,565.0,564.0,False,False
7556,5.0,,,,,,,,,,,,,,,,,,,,,,,,2.0,,,6.0,369.0,,,,,,,2021,WR,0.0,0.0,0.0,0.0,224.0,224.0,566.0,565.0,224.0,224.0,565.0,564.0,False,False
4273,4.0,,,,,,,,,54.0,232.0,3.0,8.0,128.0,7.0,4.0,6.0,6.0,29.0,,-13.0,42.0,,,1.0,1.0,,124.0,282.0,,,,,,,2021,RB,48.1,48.1,12.0,12.0,81.0,29.0,296.0,104.0,81.0,29.0,294.0,94.0,False,False
1689,13.0,,,,,,,,,1.0,2.0,,,2.0,,,67.0,95.0,726.0,10.0,487.0,239.0,1.0,13.0,1.0,,,758.0,905.0,,,,,1.0,,2021,WR,201.8,201.8,15.5,15.5,28.0,17.0,71.0,49.0,28.0,17.0,66.0,46.0,True,True
6955,14.0,,,,,,,,,164.0,767.0,8.0,11.0,317.0,24.0,12.0,31.0,46.0,222.0,,-8.0,230.0,4.0,2.0,4.0,2.0,,530.0,909.0,,,1.0,,,,2021,RB,175.9,175.9,12.6,12.6,24.0,23.0,91.0,92.0,24.0,23.0,87.0,80.0,True,True
5068,1.0,,,,,,,,,,,,,,,,,,,,,,,,,,,,70.0,,,,,,,2021,RB,0.0,0.0,0.0,0.0,149.0,148.0,566.0,565.0,149.0,148.0,565.0,564.0,False,False
5102,2.0,,,,,,,,,,,,,,,,,,,,,,,,,,,2.0,441.0,,,,,,,2021,WR,0.0,0.0,0.0,0.0,224.0,224.0,566.0,565.0,224.0,224.0,565.0,564.0,False,False
4602,8.0,,,,,,,,,,,,,,,,18.0,29.0,204.0,2.0,94.0,110.0,1.0,4.0,,,,306.0,509.0,,,,,,,2021,TE,50.4,50.4,6.3,6.3,49.0,28.0,285.0,235.0,49.0,28.0,283.0,233.0,False,False
7586,3.0,,,,,,,,,,,,,,,,2.0,5.0,23.0,,8.0,15.0,,,,,,82.0,147.0,,,,,,,2021,WR,4.3,4.3,1.4,1.4,203.0,181.0,501.0,440.0,203.0,181.0,500.0,438.0,False,False
4189,17.0,,,,,,,,,,,,,,,,8.0,12.0,47.0,1.0,18.0,29.0,1.0,1.0,,,,290.0,1081.0,,,,,,,2021,TE,18.7,18.7,1.1,1.1,77.0,83.0,392.0,460.0,77.0,83.0,391.0,458.0,False,False
5919,,,,,,,,,,,,,,,,,,,,,,,,,,,,,,,,,,,,2021,RB,0.0,0.0,,,149.0,,566.0,,149.0,,565.0,,False,False
5695,6.0,,,,,,,,,,,,,,,,,,,,,,,,,,1.0,3.0,320.0,,,,,,,2021,WR,6.0,6.0,1.0,1.0,192.0,189.0,481.0,467.0,192.0,189.0,480.0,466.0,False,False
5133,17.0,,,,,,,,,,,,,,,,61.0,87.0,593.0,3.0,265.0,328.0,2.0,16.0,1.0,,,892.0,1093.0,,,,,,,2021,TE,138.3,138.3,8.1,8.1,16.0,20.0,131.0,191.0,16.0,20.0,128.0,189.0,False,False
7901,,,,,,,,,,,,,,,,,,,,,,,,,,,,,,,,,,,,2021,WR,0.0,0.0,,,224.0,,566.0,,224.0,,565.0,,False,False
2374,16.0,,,,,,,,,2.0,9.0,,,,,,73.0,107.0,1175.0,8.0,898.0,277.0,,7.0,,,,762.0,933.0,,,,,5.0,,2021,WR,249.4,249.4,15.6,15.6,14.0,15.0,37.0,47.0,14.0,15.0,34.0,44.0,True,True
6957,14.0,,,,,,,,,,,,,,,,16.0,20.0,202.0,,147.0,55.0,,,,,,212.0,1027.0,,,,,,,2021,WR,36.2,36.2,2.6,2.6,132.0,150.0,324.0,377.0,132.0,150.0,323.0,376.0,False,False
3357,6.0,34.0,17.0,149.0,2.0,,4.0,27.0,6.0,7.0,-1.0,,,,2.0,1.0,,,,,,,,,1.0,,,38.0,1046.0,,,,,,,2021,QB,13.9,14.9,2.3,2.5,55.0,59.0,416.0,389.0,51.0,58.0,408.0,381.0,False,False
7573,,,,,,,,,,,,,,,,,,,,,,,,,,,,,,,,,,,,2021,WR,0.0,0.0,,,224.0,,566.0,,224.0,,565.0,,False,False
7466,4.0,,,,,,,,,1.0,3.0,,1.0,3.0,,,,,,,,,,,,,,1.0,190.0,,,,,,,2021,RB,0.3,0.3,0.1,0.1,148.0,145.0,562.0,556.0,148.0,145.0,561.0,553.0,False,False
4208,1.0,,,,,,,,,,,,,,,,,1.0,,,,,1.0,,,,,10.0,76.0,,,,,,,2021,WR,0.0,0.0,0.0,0.0,224.0,224.0,566.0,565.0,224.0,224.0,565.0,564.0,False,False
6956,1.0,,,,,,,,,,,,,,,,,,,,,,,,,,,12.0,262.0,,,,,,,2021,TE,0.0,0.0,0.0,0.0,122.0,122.0,566.0,565.0,122.0,122.0,565.0,564.0,False,False
5536,8.0,,,,,,,,,56.0,350.0,2.0,4.0,118.0,4.0,6.0,19.0,26.0,87.0,,-21.0,108.0,3.0,5.0,2.0,1.0,,164.0,493.0,,,1.0,,,,2021,RB,74.7,74.7,9.3,9.3,64.0,43.0,230.0,161.0,64.0,43.0,227.0,153.0,False,False
4362,16.0,,,,,,,,,,,,,,,,2.0,2.0,16.0,,8.0,8.0,,,,,,48.0,1086.0,,,,,,,2021,TE,3.6,3.6,0.2,0.2,108.0,116.0,509.0,544.0,108.0,116.0,509.0,542.0,False,False
4973,13.0,,,,,,,,,,,,,,,,26.0,31.0,221.0,3.0,132.0,89.0,,7.0,3.0,1.0,,398.0,817.0,,,,,,,2021,TE,64.1,64.1,4.9,4.9,38.0,35.0,251.0,274.0,38.0,35.0,250.0,270.0,False,False
2382,5.0,,,,,,,,,71.0,330.0,3.0,3.0,123.0,8.0,2.0,4.0,5.0,41.0,,-5.0,46.0,1.0,,,,,106.0,270.0,,,2.0,,,,2021,RB,63.1,63.1,12.6,12.6,66.0,23.0,253.0,92.0,66.0,23.0,252.0,80.0,False,False
6878,2.0,,,,,,,,,3.0,3.0,,,1.0,,1.0,1.0,1.0,11.0,,,11.0,,,,,,19.0,358.0,,,,,,,2021,RB,2.4,2.4,1.2,1.2,137.0,127.0,525.0,455.0,137.0,127.0,524.0,452.0,False,False
7993,1.0,,,,,,,,,1.0,9.0,,,2.0,,,2.0,2.0,6.0,,-7.0,13.0,,,,,,9.0,298.0,,,,,,,2021,RB,3.5,3.5,3.5,3.5,135.0,93.0,512.0,339.0,135.0,93.0,512.0,338.0,False,False
4993,17.0,1.0,,,,,,,,,,,,,,,73.0,112.0,780.0,2.0,560.0,220.0,3.0,9.0,,,,789.0,1086.0,,,,,1.0,,2021,TE,165.0,165.0,9.7,9.7,9.0,15.0,100.0,154.0,9.0,14.0,95.0,146.0,True,True
5248,,,,,,,,,,,,,,,,,,,,,,,,,,,,,,,,,,,,2021,RB,0.0,0.0,,,149.0,,566.0,,149.0,,565.0,,False,False
2755,17.0,,,,,,,,,,,,,,,,1.0,2.0,7.0,,3.0,4.0,,1.0,,,,282.0,1171.0,,,,,,,2021,TE,1.7,1.7,0.1,0.1,117.0,119.0,540.0,556.0,117.0,119.0,536.0,553.0,False,False
5955,17.0,,,,,,,,,3.0,3.0,,,2.0,,1.0,103.0,128.0,1038.0,9.0,586.0,452.0,2.0,23.0,5.0,1.0,,707.0,1060.0,,,,,3.0,,2021,WR,265.1,265.1,15.6,15.6,10.0,15.0,29.0,47.0,10.0,15.0,27.0,44.0,True,True
1592,9.0,,,,,,,,,,,,,,,,4.0,5.0,43.0,,16.0,27.0,,,,,,156.0,531.0,,,,,,,2021,TE,8.3,8.3,0.9,0.9,92.0,92.0,454.0,477.0,92.0,92.0,453.0,475.0,False,False
3868,10.0,,,,,,,,,9.0,40.0,,,10.0,2.0,,12.0,14.0,72.0,,5.0,67.0,,2.0,,,,93.0,721.0,,,,,,,2021,RB,23.2,23.2,2.3,2.3,101.0,110.0,366.0,389.0,101.0,110.0,364.0,390.0,False,False
5323,13.0,,,,,,,,,3.0,14.0,,,13.0,,1.0,9.0,17.0,98.0,,40.0,58.0,1.0,4.0,,,,241.0,792.0,,,,,,,2021,WR,20.2,20.2,1.6,1.6,153.0,173.0,380.0,428.0,153.0,173.0,379.0,425.0,False,False
533,8.0,99.0,74.0,740.0,3.0,1.0,6.0,288.0,10.0,22.0,37.0,,,7.0,5.0,1.0,,,,,,,,,4.0,1.0,,209.0,1096.0,1.0,,,,,,2021,QB,43.3,34.5,5.4,4.3,44.0,51.0,308.0,251.0,44.0,51.0,330.0,296.0,False,False
4175,,,,,,,,,,,,,,,,,,,,,,,,,,,,,,,,,,,,2021,WR,0.0,0.0,,,224.0,,566.0,,224.0,,565.0,,False,False
6108,2.0,,,,,,,,,2.0,12.0,,,4.0,,,,,,,,,,,,,,6.0,76.0,,,,,,,2021,RB,1.2,1.2,0.6,0.6,143.0,135.0,549.0,500.0,143.0,135.0,546.0,497.0,False,False
6869,13.0,,,,,,,,,,,,,,,,27.0,43.0,263.0,2.0,152.0,111.0,4.0,8.0,1.0,1.0,,592.0,821.0,,,,,,,2021,TE,63.3,63.3,4.9,4.9,39.0,35.0,252.0,274.0,39.0,35.0,251.0,270.0,False,False
6234,13.0,,,,,,,,,5.0,41.0,,,5.0,1.0,,36.0,59.0,570.0,3.0,329.0,241.0,3.0,5.0,2.0,1.0,,277.0,813.0,,,,,,,2021,WR,113.1,113.1,8.7,8.7,62.0,64.0,163.0,176.0,62.0,64.0,161.0,174.0,False,False
7525,17.0,,,,,,,,,,,,,,,,64.0,104.0,916.0,5.0,696.0,220.0,2.0,8.0,1.0,1.0,,916.0,1120.0,,,,,2.0,,2021,WR,187.6,187.6,11.0,11.0,29.0,42.0,79.0,125.0,29.0,42.0,75.0,118.0,True,True
3894,14.0,,,,,,,,,,,,,,,,4.0,4.0,39.0,,12.0,27.0,,,1.0,,,235.0,847.0,,,,,,,2021,TE,7.9,7.9,0.6,0.6,94.0,98.0,458.0,500.0,94.0,98.0,456.0,497.0,False,False
8002,,,,,,,,,,,,,,,,,,,,,,,,,,,,,,,,,,,,2021,QB,0.0,0.0,,,74.0,,566.0,,73.0,,565.0,,False,False
7540,16.0,,,,,,,,,1.0,11.0,,,5.0,,,4.0,8.0,45.0,,21.0,24.0,1.0,2.0,2.0,,,72.0,1048.0,,,,,,,2021,WR,9.6,9.6,0.6,0.6,179.0,202.0,446.0,500.0,179.0,202.0,443.0,497.0,False,False
3343,,,,,,,,,,,,,,,,,,,,,,,,,,,,,183.0,,,,,,,2021,QB,0.0,0.0,,,74.0,,566.0,,73.0,,565.0,,False,False
6165,15.0,,,,,,,,,,,,,,,,19.0,32.0,208.0,3.0,146.0,62.0,1.0,5.0,,,,402.0,1096.0,,,,,,,2021,WR,57.8,57.8,3.9,3.9,114.0,129.0,265.0,320.0,114.0,129.0,264.0,315.0,False,False
7578,1.0,,,,,,,,,,,,,,,,,,,,,,,,,,,,63.0,,,,,,,2021,WR,0.0,0.0,0.0,0.0,224.0,224.0,566.0,565.0,224.0,224.0,565.0,564.0,False,False
7548,,,,,,,,,,,,,,,,,,,,,,,,,,,,,81.0,,,,,,,2021,WR,0.0,0.0,,,224.0,,566.0,,224.0,,565.0,,False,False
7039,15.0,,,,,,,,,,,,,,,,5.0,6.0,33.0,,19.0,14.0,1.0,,,,,70.0,983.0,,,,,,,2021,WR,8.3,8.3,0.6,0.6,183.0,202.0,454.0,500.0,183.0,202.0,453.0,497.0,False,False
2238,4.0,,,,,,,,,,,,,,,,,3.0,,,,,,,,,,19.0,250.0,,,,,,,2021,WR,0.0,0.0,0.0,0.0,224.0,224.0,566.0,565.0,224.0,224.0,565.0,564.0,False,False
1992,12.0,,,,,,,,,,,,,,,,38.0,66.0,410.0,1.0,310.0,100.0,2.0,4.0,,,,564.0,835.0,,,,,,,2021,WR,85.0,85.0,7.1,7.1,85.0,84.0,203.0,215.0,85.0,84.0,203.0,213.0,False,False
2028,17.0,626.0,428.0,4804.0,23.0,14.0,40.0,2525.0,76.0,40.0,108.0,,,8.0,7.0,,,,,,,,,,13.0,5.0,,1052.0,1060.0,5.0,1.0,,,,,2021,QB,271.0,220.9,15.9,13.0,12.0,15.0,25.0,42.0,15.0,19.0,55.0,75.0,False,True
2749,1.0,,,,,,,,,2.0,20.0,,,2.0,,,,,,,,,,,,,,4.0,55.0,,,,,,,2021,RB,2.0,2.0,2.0,2.0,138.0,115.0,529.0,404.0,138.0,115.0,528.0,404.0,False,False
4177,17.0,,,,,,,,,,,,,,,,14.0,28.0,223.0,4.0,186.0,37.0,1.0,8.0,,,,333.0,1086.0,,,,,,,2021,WR,60.3,60.3,3.5,3.5,112.0,136.0,261.0,339.0,112.0,136.0,260.0,338.0,False,False
5848,16.0,,,,,,,,,1.0,5.0,,,3.0,,,91.0,145.0,1008.0,6.0,620.0,388.0,7.0,15.0,3.0,1.0,,866.0,1090.0,,,,,3.0,,2021,WR,232.3,232.3,14.5,14.5,21.0,23.0,49.0,68.0,21.0,23.0,45.0,61.0,True,True
6598,7.0,,,,,,,,,,,,,,,,2.0,5.0,34.0,,6.0,28.0,,1.0,,,,50.0,509.0,,,,,,,2021,WR,5.4,5.4,0.8,0.8,196.0,195.0,487.0,484.0,196.0,195.0,486.0,482.0,False,False
7101,2.0,,,,,,,,,,,,,,,,5.0,5.0,48.0,,16.0,32.0,,,,,,37.0,399.0,,,,,,,2021,RB,9.8,9.8,4.9,4.9,116.0,77.0,442.0,274.0,116.0,77.0,438.0,270.0,False,False
6770,16.0,520.0,366.0,4611.0,34.0,14.0,51.0,2332.0,54.0,40.0,118.0,2.0,2.0,34.0,9.0,,,,,,,,,,5.0,2.0,,1008.0,1046.0,3.0,3.0,,,,,2021,QB,330.2,306.0,20.6,19.1,7.0,8.0,13.0,14.0,8.0,8.0,17.0,15.0,True,True
7915,3.0,,,,,,,,,,,,,,,,,,,,,,,,,,,1.0,256.0,,,,,,,2021,WR,0.0,0.0,0.0,0.0,224.0,224.0,566.0,565.0,224.0,224.0,565.0,564.0,False,False
7308,5.0,,,,,,,,,,,,,,,,,,,,,,,,,,,37.0,394.0,,,,,,,2021,TE,0.0,0.0,0.0,0.0,122.0,122.0,566.0,565.0,122.0,122.0,565.0,564.0,False,False
5107,3.0,,,,,,,,,5.0,9.0,,,8.0,,,3.0,4.0,14.0,,-3.0,17.0,1.0,,,,,18.0,327.0,,,,,,,2021,RB,5.3,5.3,1.8,1.8,126.0,119.0,489.0,418.0,126.0,119.0,488.0,415.0,False,False
4179,,,,,,,,,,,,,,,,,,,,,,,,,,,,,,,,,,,,2021,QB,0.0,0.0,,,74.0,,566.0,,73.0,,565.0,,False,False
6037,1.0,2.0,,,,,,,,,,,,,,,,,,,,,,,,,,3.0,413.0,,,,,,,2021,QB,0.0,0.0,0.0,0.0,74.0,74.0,566.0,565.0,73.0,73.0,565.0,564.0,False,False
4055,17.0,,,,,,,,,,,,,,,,14.0,21.0,135.0,1.0,52.0,83.0,,2.0,,,,356.0,1123.0,,,,,,,2021,TE,33.5,33.5,2.0,2.0,63.0,70.0,336.0,404.0,63.0,70.0,335.0,404.0,False,False
6142,,,,,,,,,,,,,,,,,,,,,,,,,,,,,,,,,,,,2021,TE,0.0,0.0,,,122.0,,566.0,,122.0,,565.0,,False,False
6895,5.0,,,,,,,,,,,,,,,,15.0,22.0,204.0,2.0,109.0,95.0,,3.0,,,,212.0,351.0,,,,,,,2021,WR,47.4,47.4,9.5,9.5,124.0,53.0,299.0,156.0,124.0,53.0,297.0,149.0,False,False
3163,14.0,494.0,332.0,3245.0,19.0,8.0,35.0,1493.0,55.0,17.0,87.0,,,2.0,3.0,1.0,,,,,,,,,9.0,6.0,,860.0,932.0,1.0,,,,,,2021,QB,188.5,161.6,13.5,11.5,24.0,27.0,78.0,80.0,23.0,27.0,100.0,106.0,False,True
7951,,,,,,,,,,,,,,,,,,,,,,,,,,,,,,,,,,,,2021,RB,0.0,0.0,,,149.0,,566.0,,149.0,,565.0,,False,False
4039,17.0,1.0,,,,,,,,4.0,18.0,,,3.0,1.0,1.0,145.0,191.0,1947.0,16.0,1097.0,850.0,8.0,37.0,,,,960.0,1024.0,,,,,11.0,,2021,WR,459.5,459.5,27.0,27.0,1.0,1.0,1.0,1.0,1.0,1.0,1.0,1.0,True,True
7610,6.0,71.0,41.0,603.0,5.0,2.0,4.0,315.0,7.0,38.0,168.0,1.0,,54.0,4.0,2.0,,,,,,,,,,,,178.0,965.0,,,,,,,2021,QB,62.9,60.9,10.5,10.1,39.0,42.0,254.0,136.0,38.0,36.0,258.0,134.0,False,False
6846,,,,,,,,,,,,,,,,,,,,,,,,,,,,,,,,,,,,2021,TE,0.0,0.0,,,122.0,,566.0,,122.0,,565.0,,False,False
6223,7.0,,,,,,,,,,,,,,,,8.0,13.0,58.0,,27.0,31.0,1.0,3.0,2.0,1.0,,99.0,387.0,,,,,,,2021,WR,11.8,11.8,1.7,1.7,171.0,170.0,429.0,422.0,171.0,170.0,426.0,419.0,False,False
7568,9.0,,,,,,,,,,,,,,,,20.0,28.0,178.0,3.0,79.0,99.0,1.0,4.0,,,,205.0,739.0,,,,,,,2021,TE,55.8,55.8,6.2,6.2,44.0,29.0,272.0,239.0,44.0,29.0,271.0,237.0,False,False
5985,17.0,,,,,,,,,,,,,,,,30.0,44.0,373.0,3.0,184.0,189.0,4.0,5.0,1.0,,,699.0,1060.0,,,,,,,2021,TE,85.3,85.3,5.0,5.0,26.0,34.0,202.0,270.0,26.0,34.0,202.0,265.0,False,False
7563,,,,,,,,,,,,,,,,,,,,,,,,,,,,,128.0,,,,,,,2021,RB,0.0,0.0,,,149.0,,566.0,,149.0,,565.0,,False,False
7503,1.0,,,,,,,,,,,,,,,,,,,,,,,,,,,,,,,,,,,2021,TE,0.0,0.0,0.0,0.0,122.0,122.0,566.0,565.0,122.0,122.0,565.0,564.0,False,False
5162,4.0,,,,,,,,,1.0,4.0,,,,,,2.0,2.0,12.0,,3.0,9.0,,1.0,,,,14.0,271.0,,,,,,,2021,RB,3.6,3.6,0.9,0.9,134.0,130.0,509.0,477.0,134.0,130.0,509.0,475.0,False,False
536,7.0,,,,,,,,,1.0,6.0,,,1.0,,,42.0,62.0,545.0,4.0,355.0,190.0,2.0,3.0,,,,268.0,569.0,,,,,3.0,,2021,WR,127.1,127.1,18.2,18.2,57.0,6.0,147.0,24.0,57.0,6.0,145.0,24.0,False,False
7989,,,,,,,,,,,,,,,,,,,,,,,,,,,,,,,,,,,,2021,WR,0.0,0.0,,,224.0,,566.0,,224.0,,565.0,,False,False
4622,15.0,1.0,,,,,,,1.0,,,,,,,,28.0,51.0,449.0,1.0,364.0,85.0,1.0,5.0,,,,529.0,1001.0,,,,,,,2021,WR,78.9,78.9,5.3,5.3,97.0,103.0,224.0,255.0,97.0,103.0,220.0,252.0,False,False
3041,4.0,,,,,,,,,,,,,,,,,,,,,,,,,,,32.0,394.0,,,,,,,2021,TE,0.0,0.0,0.0,0.0,122.0,122.0,566.0,565.0,122.0,122.0,565.0,564.0,False,False
7531,9.0,1.0,,,,1.0,,,,3.0,6.0,,,4.0,,1.0,,,,,,,,,,,,14.0,742.0,,,,,,,2021,TE,-1.4,-1.4,-0.2,-0.2,192.0,156.0,846.0,668.0,192.0,156.0,845.0,667.0,False,False
147,16.0,,,,,,,,,1.0,4.0,,,,,,20.0,34.0,454.0,2.0,279.0,175.0,1.0,,1.0,1.0,,295.0,952.0,,,,,2.0,,2021,WR,79.8,79.8,5.0,5.0,94.0,109.0,219.0,270.0,94.0,109.0,215.0,265.0,False,False
7237,,,,,,,,,,,,,,,,,,,,,,,,,,,,,,,,,,,,2021,WR,0.0,0.0,,,224.0,,566.0,,224.0,,565.0,,False,False
7541,,,,,,,,,,,,,,,,,,,,,,,,,,,,,,,,,,,,2021,WR,0.0,0.0,,,224.0,,566.0,,224.0,,565.0,,False,False
7090,17.0,,,,,,,,,6.0,32.0,1.0,1.0,3.0,3.0,,81.0,140.0,1055.0,4.0,676.0,379.0,9.0,10.0,,,,912.0,1040.0,,,,,4.0,,2021,WR,227.7,227.7,13.4,13.4,22.0,30.0,54.0,83.0,22.0,30.0,50.0,72.0,True,True
1144,16.0,1.0,,,,,,,1.0,,,,,,,,82.0,112.0,693.0,1.0,388.0,305.0,5.0,13.0,1.0,,,649.0,1116.0,,,,,1.0,,2021,WR,159.3,159.3,10.0,10.0,40.0,48.0,108.0,144.0,40.0,48.0,103.0,135.0,False,False
1825,12.0,,,,,,1.0,,,6.0,40.0,2.0,1.0,11.0,4.0,,52.0,87.0,570.0,2.0,286.0,284.0,2.0,10.0,3.0,2.0,,485.0,751.0,,,,,1.0,,2021,WR,135.0,135.0,11.2,11.2,53.0,40.0,136.0,120.0,53.0,40.0,134.0,111.0,False,False
7612,10.0,,,,,,,,,4.0,59.0,,1.0,17.0,,,10.0,20.0,64.0,1.0,32.0,32.0,,2.0,,,,175.0,636.0,,,,,,,2021,WR,28.3,28.3,2.8,2.8,144.0,145.0,352.0,371.0,144.0,145.0,350.0,370.0,False,False
4217,14.0,,,,,,,,,3.0,20.0,,,9.0,,,71.0,95.0,910.0,6.0,460.0,450.0,2.0,9.0,2.0,1.0,,774.0,844.0,,,,,3.0,,2021,TE,204.0,204.0,14.6,14.6,4.0,4.0,70.0,66.0,4.0,4.0,64.0,60.0,True,True
7529,13.0,,,,,,,,,1.0,4.0,,,1.0,,,1.0,1.0,6.0,,1.0,5.0,,,,,,12.0,909.0,,,,,,,2021,RB,2.0,2.0,0.2,0.2,138.0,142.0,529.0,544.0,138.0,142.0,528.0,542.0,False,False
8061,,,,,,,,,,,,,,,,,,,,,,,,,,,,,,,,,,,,2021,TE,0.0,0.0,,,122.0,,566.0,,122.0,,565.0,,False,False
2306,7.0,161.0,95.0,1170.0,14.0,3.0,11.0,589.0,21.0,32.0,166.0,1.0,2.0,53.0,4.0,,,,,,,,,,2.0,1.0,,371.0,442.0,,,,,,,2021,QB,117.4,122.0,16.8,17.4,32.0,14.0,160.0,35.0,30.0,13.0,149.0,30.0,False,False
1479,16.0,1.0,,,,,,,,,,,,,,,106.0,157.0,1138.0,6.0,801.0,337.0,7.0,23.0,1.0,,,890.0,1103.0,,,,,4.0,,2021,WR,263.8,263.8,16.5,16.5,11.0,12.0,30.0,37.0,11.0,12.0,28.0,36.0,True,True
3258,8.0,,,,,,,,,,,,,,,,9.0,15.0,133.0,1.0,41.0,92.0,3.0,2.0,,,,208.0,433.0,,,,,,,2021,TE,28.3,28.3,3.5,3.5,67.0,55.0,352.0,339.0,67.0,55.0,350.0,338.0,False,False
6164,2.0,,,,,,,,,,,,,,,,,,,,,,,,,,,15.0,120.0,,,,,,,2021,TE,0.0,0.0,0.0,0.0,122.0,122.0,566.0,565.0,122.0,122.0,565.0,564.0,False,False
184,4.0,,,,,,,,,38.0,98.0,2.0,1.0,59.0,9.0,5.0,4.0,4.0,8.0,,-6.0,14.0,,1.0,1.0,,,72.0,269.0,,,,,,,2021,RB,26.6,26.6,6.6,6.6,99.0,60.0,359.0,228.0,99.0,60.0,357.0,227.0,False,False
5549,17.0,,,,,,,,,144.0,558.0,6.0,4.0,210.0,28.0,12.0,47.0,57.0,452.0,2.0,17.0,435.0,1.0,10.0,,,,568.0,1195.0,,,,,1.0,,2021,RB,198.0,198.0,11.6,11.6,22.0,32.0,77.0,113.0,22.0,32.0,71.0,102.0,True,True
4381,12.0,134.0,78.0,978.0,4.0,5.0,9.0,457.0,13.0,70.0,374.0,5.0,8.0,100.0,14.0,4.0,4.0,6.0,52.0,,2.0,50.0,,,2.0,,,405.0,868.0,,,1.0,,,,2021,TE,123.7,112.2,10.3,9.3,20.0,12.0,150.0,142.0,22.0,17.0,163.0,153.0,False,False
7899,,,,,,,,,,,,,,,,,,,,,,,,,,,,,,,,,,,,2021,WR,0.0,0.0,,,224.0,,566.0,,224.0,,565.0,,False,False
7204,16.0,,,,,,,,,3.0,3.0,,,3.0,2.0,,3.0,5.0,23.0,,1.0,22.0,,1.0,,,,137.0,1058.0,,,,,,,2021,RB,5.6,5.6,0.4,0.4,125.0,138.0,484.0,521.0,125.0,138.0,483.0,518.0,False,False
7454,,,,,,,,,,,,,,,,,,,,,,,,,,,,,73.0,,,,,,,2021,WR,0.0,0.0,,,224.0,,566.0,,224.0,,565.0,,False,False
4962,17.0,,,,,,,,,208.0,845.0,4.0,16.0,370.0,45.0,13.0,21.0,33.0,128.0,1.0,-5.0,133.0,3.0,2.0,1.0,1.0,,486.0,1024.0,,,2.0,,,,2021,RB,150.3,150.3,8.8,8.8,31.0,48.0,116.0,173.0,31.0,48.0,112.0,169.0,False,True
6167,1.0,,,,,,,,,,,,,,,,,,,,,,,,,,,,65.0,,,,,,,2021,RB,0.0,0.0,0.0,0.0,149.0,148.0,566.0,565.0,149.0,148.0,565.0,564.0,False,False
5123,12.0,,,,,,,,,3.0,4.0,,,2.0,,1.0,,,,,,,,,1.0,1.0,,11.0,785.0,,,,,,,2021,RB,-1.6,-1.6,-0.1,-0.1,197.0,168.0,847.0,664.0,197.0,168.0,847.0,663.0,False,False
4183,1.0,,,,,,,,,2.0,2.0,,,,,,,,,,,,,,,,,4.0,404.0,,,,,,,2021,QB,0.2,0.2,0.2,0.2,72.0,71.0,564.0,544.0,71.0,69.0,563.0,542.0,False,False
7320,,,,,,,,,,,,,,,,,,,,,,,,,,,,,,,,,,,,2021,WR,0.0,0.0,,,224.0,,566.0,,224.0,,565.0,,False,False
4221,17.0,,,,,,,,,,,,,,,,3.0,3.0,31.0,,12.0,19.0,,2.0,,,,184.0,1228.0,,,,,,,2021,TE,6.1,6.1,0.4,0.4,101.0,107.0,478.0,521.0,101.0,107.0,477.0,518.0,False,False
4531,13.0,,,,,,,,,,,,,,,,30.0,49.0,271.0,2.0,114.0,157.0,4.0,12.0,,,,507.0,850.0,,,,,,,2021,TE,69.1,69.1,5.3,5.3,35.0,33.0,242.0,255.0,35.0,33.0,240.0,252.0,False,False
6963,9.0,,,,,,,,,23.0,89.0,1.0,1.0,12.0,8.0,1.0,2.0,2.0,3.0,,-2.0,5.0,,1.0,,,,32.0,457.0,,,,,,,2021,RB,17.2,17.2,1.9,1.9,109.0,118.0,398.0,414.0,109.0,118.0,396.0,411.0,False,False
8057,,,,,,,,,,,,,,,,,,,,,,,,,,,,,,,,,,,,2021,QB,0.0,0.0,,,74.0,,566.0,,73.0,,565.0,,False,False
5101,,,,,,,,,,,,,,,,,,,,,,,,,,,,,,,,,,,,2021,WR,0.0,0.0,,,224.0,,566.0,,224.0,,565.0,,False,False
1619,14.0,,,,,,,,,,,,,,,,3.0,6.0,10.0,,-3.0,13.0,,1.0,,,,210.0,1020.0,,,,,,,2021,TE,4.0,4.0,0.3,0.3,107.0,111.0,505.0,530.0,107.0,111.0,504.0,528.0,False,False
7357,11.0,,,,,,,,,,,,,,,,,,,,,,,,,,,11.0,740.0,,,,,,,2021,WR,0.0,0.0,0.0,0.0,224.0,224.0,566.0,565.0,224.0,224.0,565.0,564.0,False,False
6843,14.0,,,,,,,,,,,,,,,,33.0,40.0,330.0,2.0,85.0,245.0,2.0,5.0,1.0,1.0,,421.0,890.0,,,,,,,2021,TE,76.0,76.0,5.4,5.4,30.0,32.0,229.0,251.0,30.0,32.0,226.0,249.0,False,False
6898,,,,,,,,,,,,,,,,,,,,,,,,,,,,,,,,,,,,2021,QB,0.0,0.0,,,74.0,,566.0,,73.0,,565.0,,False,False
5009,16.0,,,,,,,,,,,,,,,,4.0,7.0,40.0,1.0,9.0,31.0,2.0,1.0,,,,184.0,1093.0,,,,,,,2021,TE,14.0,14.0,0.9,0.9,84.0,92.0,415.0,477.0,84.0,92.0,415.0,475.0,False,False
6147,,,,,,,,,,,,,,,,,,,,,,,,,,,,,,,,,,,,2021,QB,0.0,0.0,,,74.0,,566.0,,73.0,,565.0,,False,False
7789,3.0,,,,,,,,,,,,,,,,,,,,,,,,,,,43.0,135.0,,,,,,,2021,WR,0.0,0.0,0.0,0.0,224.0,224.0,566.0,565.0,224.0,224.0,565.0,564.0,False,False
7087,13.0,,,,,,,,,9.0,33.0,,,12.0,,1.0,3.0,4.0,34.0,,9.0,25.0,,,,,,41.0,888.0,,,,,,,2021,RB,9.7,9.7,0.7,0.7,117.0,134.0,444.0,496.0,117.0,134.0,440.0,493.0,False,False
7084,,,,,,,,,,,,,,,,,,,,,,,,,,,,,174.0,,,,,,,2021,QB,0.0,0.0,,,74.0,,566.0,,73.0,,565.0,,False,False
1234,14.0,400.0,259.0,3113.0,25.0,6.0,33.0,1728.0,45.0,43.0,183.0,2.0,1.0,46.0,7.0,3.0,,,,,,,,,6.0,1.0,,730.0,755.0,1.0,,,,,,2021,QB,242.8,230.6,17.3,16.5,16.0,13.0,41.0,31.0,14.0,14.0,48.0,36.0,False,True
7891,10.0,,,,,,,,,,,,,,,,12.0,17.0,117.0,2.0,53.0,64.0,1.0,1.0,,,,259.0,629.0,,,,,,,2021,TE,35.7,35.7,3.6,3.6,61.0,52.0,327.0,333.0,61.0,52.0,326.0,331.0,False,False
7996,6.0,,,,,,,,,,,,,,,,,,,,,,,,,,,21.0,579.0,,,,,,,2021,WR,0.0,0.0,0.0,0.0,224.0,224.0,566.0,565.0,224.0,224.0,565.0,564.0,False,False
1338,,,,,,,,,,,,,,,,,,,,,,,,,,,,,221.0,,,,,,,2021,QB,0.0,0.0,,,74.0,,566.0,,73.0,,565.0,,False,False
4187,3.0,,,,,,,,,,,,,,,,,,,,,,,,,,,,246.0,,,,,,,2021,RB,0.0,0.0,0.0,0.0,149.0,148.0,566.0,565.0,149.0,148.0,565.0,564.0,False,False
1476,14.0,,,,,,,,,119.0,501.0,6.0,8.0,151.0,20.0,9.0,10.0,13.0,75.0,,4.0,71.0,1.0,3.0,,,,339.0,927.0,,,1.0,,,,2021,RB,105.6,105.6,7.5,7.5,53.0,56.0,177.0,209.0,53.0,56.0,176.0,206.0,False,False
5080,,,,,,,,,,,,,,,,,,,,,,,,,,,,,,,,,,,,2021,WR,0.0,0.0,,,224.0,,566.0,,224.0,,565.0,,False,False
1110,10.0,,,,,,,,,,,,,,,,23.0,37.0,331.0,3.0,255.0,76.0,1.0,4.0,,,,298.0,583.0,,,,,,,2021,WR,74.1,74.1,7.4,7.4,100.0,83.0,231.0,211.0,100.0,83.0,228.0,208.0,False,False
7565,13.0,,,,,,,,,,,,,,,,17.0,30.0,138.0,,77.0,61.0,,3.0,,,,422.0,884.0,,,,,,,2021,WR,30.8,30.8,2.4,2.4,141.0,154.0,345.0,385.0,141.0,154.0,344.0,386.0,False,False
7103,3.0,,,,,,,,,,,,,,,,,,,,,,,,,,,,191.0,,,,,,,2021,RB,0.0,0.0,0.0,0.0,149.0,148.0,566.0,565.0,149.0,148.0,565.0,564.0,False,False
1352,9.0,,,,,,,,,8.0,46.0,1.0,,15.0,2.0,1.0,45.0,69.0,556.0,4.0,358.0,198.0,3.0,16.0,,,,543.0,587.0,,,,,1.0,,2021,WR,137.2,137.2,15.2,15.2,51.0,19.0,134.0,55.0,51.0,19.0,131.0,51.0,False,False
7005,3.0,,,,,,,,,6.0,13.0,,,4.0,1.0,,2.0,3.0,9.0,,2.0,7.0,,,,,,19.0,291.0,,,,,,,2021,RB,4.2,4.2,1.4,1.4,131.0,124.0,504.0,440.0,131.0,124.0,503.0,438.0,False,False
6144,5.0,,,,,,,,,15.0,51.0,,,8.0,3.0,1.0,1.0,2.0,4.0,,-6.0,10.0,,,,,,12.0,271.0,,,,,,,2021,RB,6.5,6.5,1.3,1.3,122.0,125.0,470.0,448.0,122.0,125.0,468.0,445.0,False,False
6334,12.0,,,,,,,,,3.0,7.0,,,,3.0,1.0,,,,,,,,,,,,5.0,846.0,,,,,,,2021,RB,0.7,0.7,0.1,0.1,146.0,145.0,558.0,556.0,146.0,145.0,556.0,553.0,False,False
6951,9.0,,,,,,,,,34.0,118.0,1.0,1.0,52.0,3.0,3.0,6.0,7.0,42.0,,-5.0,47.0,,1.0,,,,70.0,757.0,,,,,,,2021,RB,28.0,28.0,3.1,3.1,97.0,101.0,356.0,360.0,97.0,101.0,354.0,358.0,False,False
4335,6.0,66.0,36.0,362.0,1.0,3.0,7.0,225.0,6.0,7.0,13.0,,,,,1.0,,,,,,,,,3.0,1.0,,126.0,1007.0,,,,,,,2021,QB,11.8,6.5,2.0,1.1,58.0,60.0,429.0,404.0,62.0,63.0,468.0,458.0,False,False
6919,,,,,,,,,,,,,,,,,,,,,,,,,,,,,68.0,,,,,,,2021,TE,0.0,0.0,,,122.0,,566.0,,122.0,,565.0,,False,False
2078,14.0,,,,,,,,,2.0,14.0,,,2.0,,,44.0,82.0,537.0,5.0,387.0,150.0,2.0,12.0,,,,615.0,857.0,,,,,,,2021,WR,129.1,129.1,9.2,9.2,55.0,58.0,140.0,163.0,55.0,58.0,138.0,157.0,False,False
5295,,,,,,,,,,,,,,,,,,,,,,,,,,,,,,,,,,,,2021,WR,0.0,0.0,,,224.0,,566.0,,224.0,,565.0,,False,False
6089,9.0,,,,,,,,,,,,,,,,1.0,2.0,-1.0,,-3.0,2.0,,1.0,,,,60.0,579.0,,,,,,,2021,TE,0.9,0.9,0.1,0.1,121.0,119.0,555.0,556.0,121.0,119.0,552.0,553.0,False,False
7547,17.0,,,,,,,,,7.0,61.0,1.0,2.0,34.0,,1.0,90.0,119.0,912.0,5.0,488.0,424.0,1.0,14.0,,,,760.0,1043.0,,,,,2.0,,2021,WR,227.3,227.3,13.4,13.4,23.0,30.0,55.0,83.0,23.0,30.0,51.0,72.0,True,True
7009,,,,,,,,,,,,,,,,,,,,,,,,,,,,,64.0,,,,,,,2021,WR,0.0,0.0,,,224.0,,566.0,,224.0,,565.0,,False,False
6059,1.0,,,,,,,,,,,,,,,,,,,,,,,,,,,2.0,114.0,,,,,,,2021,WR,0.0,0.0,0.0,0.0,224.0,224.0,566.0,565.0,224.0,224.0,565.0,564.0,False,False
5131,14.0,,,,,,,,,68.0,364.0,2.0,,93.0,19.0,5.0,22.0,25.0,178.0,,13.0,165.0,1.0,3.0,1.0,1.0,,214.0,975.0,,,,,,,2021,RB,86.2,86.2,6.2,6.2,59.0,67.0,201.0,239.0,59.0,67.0,201.0,237.0,False,False
7109,,,,,,,,,,,,,,,,,,,,,,,,,,,,,57.0,,,,,,,2021,WR,0.0,0.0,,,224.0,,566.0,,224.0,,565.0,,False,False
5754,,,,,,,,,,,,,,,,,,,,,,,,,,,,,,,,,,,,2021,TE,0.0,0.0,,,122.0,,566.0,,122.0,,565.0,,False,False
5032,13.0,,,,,,,,,1.0,3.0,,,3.0,,,24.0,33.0,214.0,,133.0,81.0,2.0,5.0,2.0,2.0,,327.0,836.0,,,,,,,2021,TE,41.7,41.7,3.2,3.2,55.0,57.0,311.0,349.0,55.0,57.0,308.0,348.0,False,False
4080,17.0,,,,,,,,,2.0,3.0,,,,,1.0,47.0,70.0,546.0,1.0,376.0,170.0,2.0,5.0,1.0,1.0,,569.0,1060.0,,,,,1.0,,2021,WR,107.9,107.9,6.3,6.3,67.0,94.0,173.0,235.0,67.0,94.0,172.0,233.0,False,False
4147,16.0,,,,,,,,,55.0,246.0,1.0,2.0,130.0,2.0,7.0,27.0,31.0,196.0,1.0,-2.0,198.0,1.0,5.0,,,,276.0,1046.0,,,,,,,2021,RB,83.2,83.2,5.2,5.2,60.0,72.0,209.0,261.0,60.0,72.0,207.0,258.0,False,False
4050,5.0,,,,,,,,,1.0,14.0,,,,,,10.0,12.0,212.0,2.0,142.0,70.0,,1.0,,,,121.0,275.0,,,,,,,2021,WR,44.6,44.6,8.9,8.9,127.0,61.0,306.0,170.0,127.0,60.0,304.0,164.0,False,False
7720,11.0,,,,,,,,,13.0,61.0,,2.0,27.0,3.0,2.0,4.0,5.0,9.0,,-10.0,19.0,,1.0,,,2.0,28.0,651.0,,,,,,,2021,RB,23.0,23.0,2.1,2.1,102.0,113.0,367.0,399.0,102.0,113.0,367.0,399.0,False,False
5126,,,,,,,,,,,,,,,,,,,,,,,,,,,,,,,,,,,,2021,WR,0.0,0.0,,,224.0,,566.0,,224.0,,565.0,,False,False
6973,5.0,,,,,,,,,19.0,37.0,2.0,,12.0,5.0,3.0,4.0,4.0,8.0,,-2.0,10.0,,,1.0,1.0,,52.0,579.0,,,,,,,2021,RB,18.5,18.5,3.7,3.7,108.0,90.0,394.0,330.0,108.0,90.0,393.0,328.0,False,False
7597,9.0,,,,,,,,,,,,,,,,2.0,3.0,36.0,,33.0,3.0,1.0,,,,,51.0,587.0,,,,,,,2021,TE,5.6,5.6,0.6,0.6,103.0,98.0,484.0,500.0,103.0,98.0,483.0,497.0,False,False
7287,2.0,,,,,,,,,,,,,,,,,,,,,,,,,,,8.0,120.0,,,,,,,2021,WR,0.0,0.0,0.0,0.0,224.0,224.0,566.0,565.0,224.0,224.0,565.0,564.0,False,False
6826,17.0,,,,,,,,,1.0,,,,,1.0,,60.0,93.0,612.0,,366.0,246.0,5.0,12.0,,,,874.0,1040.0,,,,,,,2021,TE,121.2,121.2,7.1,7.1,21.0,24.0,153.0,215.0,20.0,24.0,151.0,213.0,False,False
5250,,,,,,,,,,,,,,,,,,,,,,,,,,,,,,,,,,,,2021,WR,0.0,0.0,,,224.0,,566.0,,224.0,,565.0,,False,False
5199,17.0,,,,,,,,,,,,,,,,42.0,60.0,568.0,5.0,381.0,187.0,4.0,6.0,2.0,1.0,,586.0,1195.0,,,,,,,2021,WR,126.8,126.8,7.5,7.5,59.0,82.0,149.0,209.0,59.0,82.0,147.0,206.0,False,False
7622,11.0,,,,,,,,,,,,,,,,,,,,,,,,,,,39.0,887.0,,,,,,,2021,TE,0.0,0.0,0.0,0.0,122.0,122.0,566.0,565.0,122.0,122.0,565.0,564.0,False,False
2394,1.0,36.0,22.0,189.0,1.0,,2.0,95.0,1.0,2.0,14.0,,,3.0,,,,,,,,,,,,,,51.0,1093.0,,,,,,,2021,QB,13.0,11.2,13.0,11.2,56.0,31.0,420.0,87.0,56.0,31.0,429.0,111.0,False,False
8051,3.0,,,,,,,,,,,,,,,,,,,,,,,,,,,,232.0,,,,,,,2021,RB,0.0,0.0,0.0,0.0,149.0,148.0,566.0,565.0,149.0,148.0,565.0,564.0,False,False
3594,10.0,,,,,,,,,55.0,212.0,2.0,4.0,87.0,10.0,7.0,10.0,13.0,67.0,,-6.0,73.0,2.0,2.0,2.0,,,116.0,782.0,,,1.0,,,,2021,RB,51.9,51.9,5.2,5.2,75.0,72.0,278.0,261.0,75.0,72.0,277.0,258.0,False,False
7859,,,,,,,,,,,,,,,,,,,,,,,,,,,,,,,,,,,,2021,TE,0.0,0.0,,,122.0,,566.0,,122.0,,565.0,,False,False
3652,12.0,,,,,,,,,,,,,,,,5.0,11.0,52.0,,39.0,13.0,,,,,,,,,,,,,,2021,WR,10.2,10.2,0.8,0.8,175.0,195.0,438.0,484.0,175.0,195.0,435.0,482.0,False,False
111,17.0,,,,,,,,,,,,,,,,23.0,28.0,214.0,,70.0,144.0,,7.0,1.0,,,458.0,1048.0,,,,,,,2021,TE,44.4,44.4,2.6,2.6,54.0,63.0,307.0,377.0,54.0,63.0,305.0,376.0,False,False
7550,,,,,,,,,,,,,,,,,,,,,,,,,,,,,70.0,,,,,,,2021,WR,0.0,0.0,,,224.0,,566.0,,224.0,,565.0,,False,False
6943,16.0,,,,,,,,,,,,,,,,35.0,63.0,549.0,6.0,409.0,140.0,3.0,17.0,,,,496.0,1116.0,,,,,1.0,,2021,WR,127.9,127.9,8.0,8.0,56.0,76.0,144.0,197.0,56.0,76.0,142.0,195.0,False,False
1984,,,,,,,,,,,,,,,,,,,,,,,,,,,,,,,,,,,,2021,WR,0.0,0.0,,,224.0,,566.0,,224.0,,565.0,,False,False
7551,9.0,,,,,,,,,13.0,31.0,1.0,1.0,18.0,2.0,2.0,,,,,,,,,,,,16.0,533.0,,,,,,,2021,RB,9.1,9.1,1.0,1.0,118.0,128.0,448.0,467.0,118.0,128.0,445.0,466.0,False,False
7954,,,,,,,,,,,,,,,,,,,,,,,,,,,,,,,,,,,,2021,WR,0.0,0.0,,,224.0,,566.0,,224.0,,565.0,,False,False
7032,7.0,,,,,,,,,,,,,,,,,1.0,,,,,,,,,,29.0,494.0,,,,,,,2021,WR,0.0,0.0,0.0,0.0,224.0,224.0,566.0,565.0,224.0,224.0,565.0,564.0,False,False
2449,17.0,,,,,,1.0,,,,,,,,,,103.0,163.0,1225.0,10.0,896.0,329.0,4.0,33.0,1.0,,,910.0,1116.0,,,,,2.0,,2021,WR,289.5,289.5,17.0,17.0,7.0,10.0,23.0,33.0,7.0,10.0,21.0,33.0,True,True
7567,16.0,,,,,,,,,68.0,291.0,5.0,6.0,90.0,10.0,5.0,33.0,50.0,253.0,1.0,27.0,226.0,4.0,9.0,2.0,1.0,,298.0,1042.0,,,,,,,2021,RB,121.4,121.4,7.6,7.6,42.0,55.0,152.0,207.0,42.0,55.0,150.0,204.0,False,False
7543,,,,,,,,,,,,,,,,,,,,,,,,,,,,,,,,,,,,2021,RB,0.0,0.0,,,149.0,,566.0,,149.0,,565.0,,False,False
7793,9.0,,,,,,,,,,,,,,,,2.0,6.0,8.0,,-1.0,9.0,,1.0,1.0,1.0,,94.0,596.0,,,,,,,2021,WR,0.8,0.8,0.1,0.1,222.0,221.0,557.0,556.0,222.0,221.0,555.0,553.0,False,False
6001,17.0,,,,,,,,,,,,,,,,11.0,15.0,81.0,,-1.0,82.0,1.0,,,,,442.0,1046.0,,,,,,,2021,TE,19.1,19.1,1.1,1.1,75.0,83.0,386.0,460.0,75.0,83.0,385.0,458.0,False,False
7572,8.0,,,,,,,,,10.0,24.0,,,9.0,,1.0,1.0,2.0,5.0,,-2.0,7.0,,,,,,26.0,509.0,,,,,,,2021,RB,3.9,3.9,0.5,0.5,132.0,136.0,506.0,510.0,132.0,136.0,505.0,507.0,False,False
1817,13.0,,,,,,,,,,,,,,,,27.0,49.0,394.0,1.0,300.0,94.0,6.0,4.0,1.0,1.0,,437.0,931.0,,,,,,,2021,WR,70.4,70.4,5.4,5.4,103.0,101.0,237.0,251.0,103.0,101.0,235.0,249.0,False,False
3824,,,,,,,,,,,,,,,,,,,,,,,,,,,,,,,,,,,,2021,TE,0.0,0.0,,,122.0,,566.0,,122.0,,565.0,,False,False
7757,14.0,,,,,,,,,,,,,,,,11.0,20.0,133.0,,80.0,53.0,3.0,2.0,,,,161.0,851.0,,,,,,,2021,WR,24.3,24.3,1.7,1.7,148.0,170.0,363.0,422.0,148.0,170.0,361.0,419.0,False,False
4323,15.0,,,,,,,,,,,,,,,,1.0,4.0,,,-1.0,1.0,1.0,1.0,,,,230.0,1025.0,,,,,,,2021,TE,1.0,1.0,0.1,0.1,119.0,119.0,553.0,556.0,119.0,119.0,550.0,553.0,False,False
1386,12.0,,,,,,,,,8.0,58.0,,,21.0,,1.0,23.0,29.0,123.0,3.0,-11.0,134.0,1.0,6.0,1.0,,,146.0,908.0,,,,,,,2021,RB,59.1,59.1,4.9,4.9,71.0,77.0,264.0,274.0,71.0,77.0,263.0,270.0,False,False
6824,14.0,,,,,,,,,,,,,,,,34.0,58.0,597.0,3.0,451.0,146.0,3.0,3.0,2.0,1.0,,646.0,908.0,,,,,1.0,,2021,WR,111.7,111.7,8.0,8.0,63.0,76.0,165.0,197.0,63.0,76.0,164.0,195.0,False,False
5863,16.0,,,,,,,,,,,,,,,,2.0,5.0,36.0,,7.0,29.0,,,,,,170.0,1063.0,,,,,,,2021,WR,5.6,5.6,0.4,0.4,195.0,209.0,484.0,521.0,195.0,209.0,483.0,518.0,False,False
6873,,,,,,,,,,,,,,,,,,,,,,,,,,,,,,,,,,,,2021,WR,0.0,0.0,,,224.0,,566.0,,224.0,,565.0,,False,False
1029,1.0,35.0,24.0,250.0,1.0,,4.0,85.0,6.0,4.0,8.0,,,,2.0,,,,,,,,,,1.0,,,74.0,588.0,,,,,,,2021,QB,14.8,11.8,14.8,11.8,54.0,21.0,411.0,61.0,55.0,25.0,426.0,99.0,False,False
4344,6.0,,,,,,,,,1.0,6.0,,,2.0,,,4.0,6.0,51.0,,38.0,13.0,,1.0,,,,80.0,406.0,,,,,,,2021,WR,9.7,9.7,1.6,1.6,178.0,173.0,444.0,428.0,178.0,173.0,440.0,425.0,False,False
4218,4.0,,,,,,,,,,,,,,,,2.0,3.0,41.0,,34.0,7.0,,1.0,,,,1.0,199.0,,,,,,,2021,WR,6.1,6.1,1.5,1.5,191.0,178.0,478.0,435.0,191.0,179.0,477.0,434.0,False,False
6178,,,,,,,,,,,,,,,,,,,,,,,,,,,,,,,,,,,,2021,RB,0.0,0.0,,,149.0,,566.0,,149.0,,565.0,,False,False
1642,,,,,,,,,,,,,,,,,,,,,,,,,,,,,,,,,,,,2021,TE,0.0,0.0,,,122.0,,566.0,,122.0,,565.0,,False,False
2751,12.0,,,,,,,,,,,,,,,,2.0,2.0,29.0,,7.0,22.0,,,,,,38.0,773.0,,,,,,,2021,TE,4.9,4.9,0.4,0.4,105.0,107.0,492.0,521.0,105.0,107.0,491.0,518.0,False,False
2152,14.0,426.0,285.0,3052.0,18.0,7.0,31.0,1658.0,53.0,30.0,106.0,2.0,1.0,35.0,10.0,,,,,,,,,,1.0,1.0,,844.0,925.0,2.0,,,,,,2021,QB,204.7,179.6,14.6,12.8,22.0,22.0,69.0,66.0,22.0,20.0,85.0,78.0,False,True
8018,,,,,,,,,,,,,,,,,,,,,,,,,,,,,,,,,,,,2021,TE,0.0,0.0,,,122.0,,566.0,,122.0,,565.0,,False,False
3582,16.0,,,,,,,,,1.0,9.0,,,4.0,,,30.0,43.0,301.0,1.0,198.0,103.0,2.0,4.0,4.0,1.0,,454.0,1048.0,,,,,,,2021,WR,65.0,65.0,4.1,4.1,109.0,120.0,249.0,305.0,109.0,120.0,248.0,302.0,False,False
5892,13.0,1.0,,,,1.0,,,1.0,225.0,849.0,7.0,16.0,381.0,43.0,25.0,42.0,51.0,301.0,,28.0,273.0,1.0,7.0,1.0,1.0,,593.0,779.0,,,2.0,,,,2021,RB,199.0,199.0,15.3,15.3,21.0,15.0,75.0,52.0,21.0,15.0,70.0,49.0,True,True
6007,2.0,,,,,,,,,15.0,80.0,,,12.0,2.0,,3.0,4.0,16.0,,-4.0,20.0,,,,,,14.0,47.0,,,,,,,2021,RB,12.6,12.6,6.3,6.3,115.0,65.0,425.0,235.0,115.0,65.0,423.0,233.0,False,False
3355,,,,,,,,,,,,,,,,,,,,,,,,,,,,,,,,,,,,2021,WR,0.0,0.0,,,224.0,,566.0,,224.0,,565.0,,False,False
2118,8.0,,,,,,,,,1.0,1.0,1.0,,,1.0,,12.0,18.0,84.0,1.0,63.0,21.0,1.0,3.0,,,,246.0,553.0,,,,,,,2021,TE,32.5,32.5,4.1,4.1,65.0,46.0,341.0,305.0,65.0,46.0,341.0,302.0,False,False
7081,,,,,,,,,,,,,,,,,,,,,,,,,,,,,,,,,,,,2021,QB,0.0,0.0,,,74.0,,566.0,,73.0,,565.0,,False,False
6290,9.0,,,,,,,,,2.0,43.0,1.0,,,,,5.0,9.0,38.0,,29.0,9.0,,,,,,121.0,553.0,,,,,,,2021,WR,19.1,19.1,2.1,2.1,156.0,160.0,386.0,399.0,156.0,160.0,385.0,399.0,False,False
5127,2.0,19.0,12.0,120.0,1.0,,2.0,74.0,2.0,2.0,11.0,,,,1.0,,,,,,,,,,1.0,1.0,,37.0,1013.0,,,,,,,2021,QB,7.9,7.5,4.0,3.8,62.0,56.0,458.0,316.0,60.0,53.0,461.0,318.0,False,False
5285,17.0,,,,,,,,,,,,,,,,4.0,5.0,51.0,1.0,46.0,5.0,,,,,,193.0,1021.0,,,,,,,2021,TE,15.1,15.1,0.9,0.9,83.0,92.0,409.0,477.0,83.0,92.0,407.0,475.0,False,False
4274,3.0,,,,,,,,,,,,,,,,,2.0,,,,,,,,,,23.0,196.0,,,,,,,2021,WR,0.0,0.0,0.0,0.0,224.0,224.0,566.0,565.0,224.0,224.0,565.0,564.0,False,False
6845,13.0,,,,,,,,,96.0,345.0,4.0,14.0,195.0,25.0,9.0,23.0,32.0,197.0,1.0,-3.0,200.0,3.0,4.0,2.0,1.0,,362.0,817.0,,,,,,,2021,RB,105.2,105.2,8.1,8.1,54.0,51.0,179.0,191.0,54.0,51.0,179.0,189.0,False,False
4489,,,,,,,,,,,,,,,,,,,,,,,,,,,,,,,,,,,,2021,WR,0.0,0.0,,,224.0,,566.0,,224.0,,565.0,,False,False
7603,6.0,,,,,,,,,1.0,-3.0,,,,,1.0,6.0,11.0,104.0,,33.0,71.0,,1.0,,,,85.0,612.0,,,,,,,2021,WR,16.1,16.1,2.7,2.7,161.0,148.0,402.0,375.0,161.0,148.0,400.0,374.0,False,False
7751,13.0,,,,,,,,,1.0,1.0,,,,1.0,,9.0,14.0,83.0,,49.0,34.0,,1.0,1.0,1.0,,157.0,849.0,,,,,,,2021,WR,15.4,15.4,1.2,1.2,163.0,186.0,408.0,455.0,163.0,186.0,406.0,452.0,False,False
5046,15.0,,,,,,,,,56.0,169.0,,,87.0,6.0,5.0,10.0,16.0,77.0,,2.0,75.0,1.0,,,,,217.0,950.0,,,,,,,2021,RB,34.6,34.6,2.3,2.3,91.0,110.0,330.0,389.0,91.0,110.0,329.0,390.0,False,False
7075,17.0,,,,,,,,,,,,,,,,5.0,6.0,52.0,,43.0,9.0,,,,,,238.0,1021.0,,,,,,,2021,TE,10.2,10.2,0.6,0.6,90.0,98.0,438.0,500.0,90.0,98.0,435.0,497.0,False,False
1329,5.0,,,,,,,,,,,,,,,,4.0,8.0,41.0,1.0,20.0,21.0,,2.0,,,,68.0,292.0,,,,,,,2021,WR,14.1,14.1,2.8,2.8,166.0,145.0,414.0,371.0,166.0,145.0,414.0,370.0,False,False
7571,12.0,,,,,,,,,,,,,,,,46.0,67.0,515.0,1.0,343.0,172.0,2.0,5.0,,,,542.0,823.0,,,,,1.0,,2021,WR,105.5,105.5,8.8,8.8,70.0,62.0,178.0,173.0,70.0,62.0,177.0,169.0,False,False
4854,6.0,,,,,,,,,,,,,,,,,,,,,,,,,,,,248.0,,,,,,,2021,WR,0.0,0.0,0.0,0.0,224.0,224.0,566.0,565.0,224.0,224.0,565.0,564.0,False,False
5197,,,,,,,,,,,,,,,,,,,,,,,,,,,,,54.0,,,,,,,2021,WR,0.0,0.0,,,224.0,,566.0,,224.0,,565.0,,False,False
4878,13.0,1.0,,,,,,,,,,,,,,,18.0,25.0,250.0,1.0,132.0,118.0,,2.0,,,,283.0,880.0,,,,,,,2021,WR,49.0,49.0,3.8,3.8,120.0,130.0,291.0,322.0,120.0,130.0,290.0,318.0,False,False
627,16.0,,,,,,,,,3.0,19.0,,,3.0,1.0,,1.0,2.0,35.0,,19.0,16.0,,,3.0,2.0,1.0,30.0,1054.0,,,,,,,2021,WR,8.4,8.4,0.5,0.5,182.0,205.0,453.0,510.0,182.0,205.0,452.0,507.0,False,False
5927,17.0,,,,,,,,,1.0,12.0,,,5.0,,,77.0,130.0,1053.0,5.0,736.0,317.0,5.0,9.0,,,,963.0,1068.0,,,,,4.0,,2021,WR,221.5,221.5,13.0,13.0,25.0,32.0,60.0,87.0,25.0,32.0,54.0,75.0,True,True
7554,11.0,,,,,,,,,,,,,,,,6.0,8.0,45.0,,11.0,34.0,,1.0,,,,215.0,895.0,,,,,,,2021,TE,10.5,10.5,1.0,1.0,89.0,88.0,436.0,467.0,89.0,88.0,433.0,466.0,False,False
5974,,,,,,,,,,,,,,,,,,,,,,,,,,,,,157.0,,,,,,,2021,QB,0.0,0.0,,,74.0,,566.0,,73.0,,565.0,,False,False
4199,15.0,,,,,,,,,171.0,799.0,4.0,12.0,390.0,32.0,15.0,52.0,65.0,391.0,6.0,-21.0,412.0,3.0,15.0,2.0,1.0,,578.0,989.0,,,1.0,,,,2021,RB,231.0,231.0,15.4,15.4,11.0,14.0,51.0,51.0,11.0,14.0,47.0,48.0,True,True
6156,17.0,,,,,,,,,36.0,98.0,,3.0,29.0,1.0,4.0,2.0,4.0,13.0,,-5.0,18.0,2.0,,,,,19.0,153.0,,,,,,,2021,RB,13.1,13.1,0.8,0.8,113.0,131.0,419.0,484.0,113.0,131.0,418.0,482.0,False,False
4950,17.0,1.0,1.0,33.0,,,,33.0,,1.0,11.0,,,2.0,,,77.0,103.0,982.0,5.0,757.0,225.0,6.0,10.0,,,,825.0,1096.0,,,,,1.0,,2021,WR,209.6,209.0,12.3,12.3,26.0,35.0,65.0,99.0,26.0,35.0,60.0,87.0,True,True
4454,17.0,1.0,1.0,25.0,1.0,,,22.0,,12.0,125.0,,2.0,39.0,2.0,,55.0,70.0,800.0,5.0,410.0,390.0,2.0,7.0,1.0,1.0,,536.0,1043.0,,,,,,,2021,WR,180.5,182.0,10.6,10.7,34.0,45.0,89.0,134.0,33.0,43.0,82.0,123.0,False,True
4085,12.0,,,,,,,,,,,,,,,,12.0,16.0,110.0,,69.0,41.0,2.0,4.0,,,,339.0,802.0,,,,,,,2021,TE,23.0,23.0,1.9,1.9,68.0,71.0,367.0,414.0,68.0,71.0,367.0,411.0,False,False
6154,4.0,,,,,,,,,,,,,,,,2.0,6.0,17.0,,15.0,2.0,1.0,1.0,,,,82.0,204.0,,,,,,,2021,WR,3.7,3.7,0.9,0.9,205.0,192.0,508.0,477.0,205.0,192.0,508.0,475.0,False,False
6931,17.0,,,,,,,,,33.0,138.0,2.0,3.0,72.0,6.0,1.0,21.0,23.0,133.0,,23.0,110.0,1.0,1.0,1.0,,,159.0,933.0,,,,,,,2021,RB,60.1,60.1,3.5,3.5,70.0,93.0,262.0,339.0,70.0,93.0,261.0,338.0,False,False
5915,8.0,,,,,,,,,,,,,,,,1.0,1.0,13.0,,6.0,7.0,,,,,,28.0,783.0,,,,,,,2021,WR,2.3,2.3,0.3,0.3,213.0,212.0,527.0,530.0,213.0,212.0,526.0,528.0,False,False
6450,1.0,,,,,,1.0,,,1.0,6.0,,,4.0,,,,,,,,,,,1.0,,,4.0,794.0,,,,,,,2021,QB,0.6,0.6,0.6,0.6,71.0,68.0,560.0,500.0,68.0,65.0,557.0,497.0,False,False
2549,6.0,188.0,108.0,1154.0,11.0,3.0,9.0,652.0,35.0,9.0,20.0,1.0,,18.0,2.0,,,,,,,,,,3.0,1.0,,313.0,1018.0,,,,,,,2021,QB,90.2,89.1,15.0,14.8,33.0,19.0,193.0,56.0,33.0,15.0,195.0,55.0,False,False
4995,17.0,,,,,,,,,,,,,,,,18.0,30.0,188.0,,96.0,92.0,4.0,3.0,,,,666.0,1077.0,,,,,,,2021,TE,36.8,36.8,2.2,2.2,60.0,67.0,322.0,394.0,60.0,67.0,321.0,394.0,False,False
7589,1.0,20.0,12.0,135.0,,2.0,8.0,54.0,,3.0,6.0,,,2.0,,,,,,,,,,,,,,50.0,381.0,,,,,,,2021,QB,2.0,-0.7,2.0,-0.7,65.0,60.0,529.0,404.0,116.0,81.0,844.0,672.0,False,False
6063,11.0,,,,,,,,,,,,,,,,2.0,5.0,16.0,,7.0,9.0,,,,,,65.0,730.0,,,,,,,2021,WR,3.6,3.6,0.3,0.3,206.0,212.0,509.0,530.0,206.0,212.0,509.0,528.0,False,False
4018,16.0,,,,,,,,,292.0,1205.0,13.0,20.0,550.0,39.0,24.0,42.0,48.0,314.0,3.0,-4.0,318.0,2.0,7.0,2.0,1.0,,698.0,1046.0,,,3.0,,,,2021,RB,293.9,293.9,18.4,18.4,4.0,6.0,22.0,23.0,4.0,6.0,19.0,21.0,True,True
2319,10.0,,,,,,,,,,,,,,,,40.0,73.0,515.0,2.0,411.0,104.0,4.0,6.0,,,,490.0,653.0,,,,,,,2021,WR,103.5,103.5,10.4,10.4,71.0,46.0,180.0,139.0,71.0,46.0,180.0,130.0,False,False
8094,,,,,,,,,,,,,,,,,,,,,,,,,,,,,,,,,,,,2021,TE,0.0,0.0,,,122.0,,566.0,,122.0,,565.0,,False,False
4229,1.0,,,,,,,,,,,,,,,,,,,,,,,,,,,,74.0,,,,,,,2021,TE,0.0,0.0,0.0,0.0,122.0,122.0,566.0,565.0,122.0,122.0,565.0,564.0,False,False
7670,17.0,,,,,,,,,1.0,6.0,,,,,,33.0,49.0,353.0,4.0,259.0,94.0,1.0,8.0,,,,402.0,1103.0,,,,,,,2021,WR,92.9,92.9,5.5,5.5,77.0,100.0,190.0,250.0,77.0,100.0,190.0,248.0,False,False
2229,1.0,31.0,20.0,194.0,,,2.0,97.0,3.0,,,,,,,,,,,,,,,,1.0,,,55.0,55.0,,,,,,,2021,QB,7.8,3.9,7.8,3.9,63.0,49.0,460.0,204.0,63.0,52.0,505.0,315.0,False,False
5275,,,,,,,,,,,,,,,,,,,,,,,,,,,,,,,,,,,,2021,WR,0.0,0.0,,,224.0,,566.0,,224.0,,565.0,,False,False
7611,12.0,,,,,,,,,133.0,606.0,5.0,16.0,326.0,23.0,16.0,14.0,18.0,123.0,,-22.0,145.0,1.0,2.0,2.0,1.0,,256.0,909.0,,,2.0,,,,2021,RB,118.9,118.9,9.9,9.9,46.0,41.0,158.0,147.0,46.0,41.0,157.0,139.0,False,False
8101,,,,,,,,,,,,,,,,,,,,,,,,,,,,,,,,,,,,2021,TE,0.0,0.0,,,122.0,,566.0,,122.0,,565.0,,False,False
3333,2.0,,,,,,,,,,,,,,,,,,,,,,,,,,,,122.0,,,,,,,2021,TE,0.0,0.0,0.0,0.0,122.0,122.0,566.0,565.0,122.0,122.0,565.0,564.0,False,False
3297,15.0,,,,,,,,,,,,,,,,25.0,37.0,230.0,,161.0,69.0,1.0,4.0,,,,472.0,956.0,,,,,,,2021,WR,48.0,48.0,3.2,3.2,122.0,141.0,297.0,349.0,122.0,141.0,295.0,348.0,False,False
538,14.0,,,,,,,,,2.0,31.0,,,4.0,,,42.0,72.0,626.0,4.0,541.0,85.0,3.0,10.0,,,,747.0,970.0,,,,,,,2021,WR,131.7,131.7,9.4,9.4,54.0,55.0,137.0,158.0,54.0,55.0,135.0,151.0,False,False
4197,15.0,,,,,,,,,9.0,47.0,1.0,,14.0,4.0,2.0,20.0,26.0,178.0,1.0,97.0,81.0,3.0,4.0,2.0,1.0,,235.0,992.0,,,,,1.0,,2021,WR,54.5,54.5,3.6,3.6,117.0,135.0,273.0,333.0,117.0,135.0,273.0,331.0,False,False
5890,15.0,,,,,,,,,202.0,929.0,15.0,14.0,441.0,44.0,19.0,18.0,20.0,132.0,,-2.0,134.0,,2.0,2.0,2.0,,376.0,908.0,,,5.0,,,,2021,RB,220.1,220.1,14.7,14.7,14.0,18.0,61.0,63.0,14.0,18.0,57.0,57.0,True,True
8005,1.0,,,,,,,,,,,,,,,,1.0,2.0,10.0,,10.0,,,,,,,,,,,,,,,2021,WR,2.0,2.0,2.0,2.0,215.0,162.0,529.0,404.0,215.0,162.0,528.0,404.0,False,False
8033,,,,,,,,,,,,,,,,,,,,,,,,,,,,,,,,,,,,2021,TE,0.0,0.0,,,122.0,,566.0,,122.0,,565.0,,False,False
3161,17.0,516.0,322.0,3563.0,27.0,7.0,32.0,1908.0,67.0,57.0,215.0,1.0,2.0,54.0,9.0,,,,,,,,,,8.0,5.0,,1035.0,1057.0,1.0,1.0,,,,,2021,QB,260.0,242.8,15.3,14.3,14.0,18.0,31.0,52.0,12.0,16.0,37.0,65.0,False,True
5111,,,,,,,,,,,,,,,,,,,,,,,,,,,,,,,,,,,,2021,WR,0.0,0.0,,,224.0,,566.0,,224.0,,565.0,,False,False
7600,16.0,,,,,,,,,,,,,,,,60.0,79.0,497.0,7.0,251.0,246.0,2.0,20.0,1.0,1.0,,633.0,1025.0,,,,,,,2021,TE,149.7,149.7,9.4,9.4,13.0,17.0,118.0,158.0,13.0,16.0,114.0,151.0,False,True
6002,8.0,,,,,,,,,21.0,105.0,1.0,,38.0,3.0,2.0,4.0,6.0,12.0,,5.0,7.0,,2.0,1.0,1.0,,53.0,366.0,,,,,,,2021,RB,19.7,19.7,2.5,2.5,106.0,109.0,382.0,382.0,106.0,109.0,381.0,381.0,False,False
1559,6.0,167.0,90.0,790.0,4.0,10.0,9.0,383.0,14.0,7.0,33.0,1.0,,,1.0,1.0,,,,,,,,,6.0,3.0,,315.0,1041.0,,,,,,,2021,QB,30.9,23.1,5.2,3.8,46.0,52.0,344.0,261.0,48.0,53.0,365.0,318.0,False,False
7558,,,,,,,,,,,,,,,,,,,,,,,,,,,,,,,,,,,,2021,WR,0.0,0.0,,,224.0,,566.0,,224.0,,565.0,,False,False
4951,4.0,,,,,,,,,,,,,,,,7.0,22.0,154.0,2.0,130.0,24.0,1.0,1.0,,,,169.0,254.0,,,,,,,2021,WR,34.4,34.4,8.6,8.6,135.0,65.0,332.0,177.0,135.0,65.0,332.0,176.0,False,False
6011,4.0,60.0,41.0,439.0,4.0,1.0,5.0,166.0,6.0,9.0,21.0,,,2.0,,,,,,,,,,,1.0,,,166.0,870.0,,,,,,,2021,QB,33.7,32.9,8.4,8.2,45.0,48.0,335.0,183.0,45.0,46.0,338.0,185.0,False,False
5089,4.0,132.0,88.0,953.0,5.0,8.0,4.0,387.0,9.0,5.0,-1.0,,,2.0,,,,,,,,,,,,,,211.0,1005.0,,1.0,,,,,2021,QB,46.0,37.0,11.5,9.2,43.0,38.0,301.0,117.0,43.0,40.0,320.0,157.0,False,False
4453,,,,,,,,,,,,,,,,,,,,,,,,,,,,,,,,,,,,2021,WR,0.0,0.0,,,224.0,,566.0,,224.0,,565.0,,False,False
7581,1.0,3.0,2.0,5.0,,,,-4.0,,,,,,,,,,,,,,,,,,,,3.0,415.0,,,,,,,2021,QB,0.2,0.1,0.2,0.1,72.0,71.0,564.0,544.0,72.0,71.0,564.0,553.0,False,False
6136,,,,,,,,,,,,,,,,,,,,,,,,,,,,,,,,,,,,2021,QB,0.0,0.0,,,74.0,,566.0,,73.0,,565.0,,False,False
5171,6.0,,,,,,,,,,,,,,,,2.0,3.0,8.0,,4.0,4.0,,,,,,25.0,446.0,,,,,,,2021,TE,2.8,2.8,0.5,0.5,112.0,103.0,522.0,510.0,112.0,103.0,521.0,507.0,False,False
4942,1.0,,,,,,,,,,,,,,,,,,,,,,,,,,,,69.0,,,,,,,2021,WR,0.0,0.0,0.0,0.0,224.0,224.0,566.0,565.0,224.0,224.0,565.0,564.0,False,False
4146,15.0,,,,,,,,,,,,,,,,10.0,15.0,68.0,,51.0,17.0,,,2.0,,,206.0,1027.0,,,,,,,2021,WR,16.8,16.8,1.1,1.1,160.0,187.0,400.0,460.0,160.0,187.0,398.0,458.0,False,False
7288,5.0,,,,,,,,,,,,,,,,,1.0,,,,,1.0,,,,,74.0,270.0,,,,,,,2021,TE,0.0,0.0,0.0,0.0,122.0,122.0,566.0,565.0,122.0,122.0,565.0,564.0,False,False
5857,16.0,,,,,,,,,,,,,,,,68.0,90.0,670.0,4.0,361.0,309.0,2.0,12.0,,,,843.0,1081.0,,,,,,,2021,TE,159.0,159.0,9.9,9.9,12.0,13.0,109.0,147.0,12.0,12.0,104.0,139.0,True,True
6730,,,,,,,,,,,,,,,,,,,,,,,,,,,,,,,,,,,,2021,QB,0.0,0.0,,,74.0,,566.0,,73.0,,565.0,,False,False
8103,,,,,,,,,,,,,,,,,,,,,,,,,,,,,74.0,,,,,,,2021,QB,0.0,0.0,,,74.0,,566.0,,73.0,,565.0,,False,False
491,8.0,1.0,,,,,,,,,,,,,,,24.0,37.0,248.0,3.0,143.0,105.0,,3.0,1.0,,,161.0,674.0,,,,,1.0,,2021,WR,68.8,68.8,8.6,8.6,105.0,65.0,243.0,177.0,105.0,65.0,241.0,176.0,False,False
5154,17.0,,,,,,,,,,,,,,,,9.0,20.0,87.0,1.0,64.0,23.0,1.0,4.0,,,,255.0,1021.0,,,,,,,2021,WR,23.7,23.7,1.4,1.4,149.0,181.0,365.0,440.0,149.0,181.0,362.0,438.0,False,False
5094,1.0,,,,,,,,,,,,,,,,,,,,,,,,,,,,56.0,,,,,,,2021,TE,0.0,0.0,0.0,0.0,122.0,122.0,566.0,565.0,122.0,122.0,565.0,564.0,False,False
5012,17.0,,,,,,,,,1.0,,,,,1.0,,107.0,154.0,1361.0,9.0,901.0,460.0,3.0,20.0,1.0,,,870.0,1171.0,,,,,5.0,,2021,TE,307.1,307.1,18.1,18.1,1.0,1.0,20.0,27.0,1.0,1.0,16.0,27.0,True,True
7595,17.0,,,,,,,,,,,,,,,,2.0,6.0,23.0,,9.0,14.0,,1.0,,,,79.0,1171.0,,,,,,,2021,WR,4.3,4.3,0.3,0.3,203.0,212.0,501.0,530.0,203.0,212.0,500.0,528.0,False,False
6074,14.0,,,,,,,,,,,,,,,,20.0,27.0,190.0,3.0,55.0,135.0,2.0,6.0,,,,398.0,974.0,,,,,,,2021,TE,57.0,57.0,4.1,4.1,43.0,46.0,269.0,305.0,43.0,46.0,268.0,302.0,False,False
6308,1.0,,,,,,,,,,,,,,,,,,,,,,,,,,,3.0,85.0,,,,,,,2021,TE,0.0,0.0,0.0,0.0,122.0,122.0,566.0,565.0,122.0,122.0,565.0,564.0,False,False
3202,16.0,,,,,,,,,,,,,,,,38.0,61.0,345.0,3.0,160.0,185.0,6.0,11.0,,,,676.0,1041.0,,,,,,,2021,TE,90.5,90.5,5.7,5.7,25.0,31.0,192.0,248.0,25.0,31.0,192.0,246.0,False,False
6794,17.0,4.0,2.0,35.0,,,,7.0,,6.0,14.0,,,7.0,1.0,2.0,108.0,167.0,1616.0,10.0,1134.0,482.0,6.0,20.0,1.0,1.0,,968.0,1093.0,,,,,7.0,,2021,WR,344.4,343.7,20.3,20.2,4.0,4.0,9.0,17.0,4.0,4.0,9.0,12.0,True,True
7992,2.0,,,,,,,,,,,,,,,,,,,,,,,,,,,11.0,257.0,,,,,,,2021,TE,0.0,0.0,0.0,0.0,122.0,122.0,566.0,565.0,122.0,122.0,565.0,564.0,False,False
1067,17.0,,,,,,,,,,,,,,,,73.0,120.0,832.0,4.0,700.0,132.0,2.0,18.0,,,,919.0,1017.0,,,,,1.0,,2021,WR,182.2,182.2,10.7,10.7,33.0,43.0,85.0,130.0,32.0,43.0,81.0,123.0,False,True
2381,16.0,,,,,,,,,1.0,3.0,,,3.0,,,22.0,37.0,323.0,2.0,197.0,126.0,2.0,1.0,1.0,1.0,,623.0,1009.0,,,,,,,2021,WR,64.6,64.6,4.0,4.0,110.0,126.0,250.0,316.0,110.0,126.0,249.0,312.0,False,False
6553,4.0,,,,,,,,,26.0,101.0,1.0,,33.0,9.0,2.0,2.0,3.0,9.0,,-4.0,13.0,,,,,,55.0,258.0,,,,,,,2021,RB,19.0,19.0,4.8,4.8,107.0,79.0,390.0,279.0,107.0,79.0,388.0,275.0,False,False
5980,17.0,,,,,,,,,173.0,612.0,3.0,7.0,248.0,31.0,16.0,49.0,63.0,234.0,4.0,-11.0,245.0,3.0,9.0,2.0,1.0,,568.0,1086.0,,,,,,,2021,RB,173.6,173.6,10.2,10.2,26.0,40.0,93.0,143.0,26.0,40.0,89.0,133.0,True,True
5008,17.0,,,,,,,,,2.0,3.0,,,,1.0,,34.0,41.0,357.0,,197.0,160.0,1.0,7.0,,,,669.0,1086.0,,,,,,,2021,TE,70.0,70.0,4.1,4.1,33.0,46.0,239.0,305.0,33.0,46.0,236.0,302.0,False,False
6628,,,,,,,,,,,,,,,,,,,,,,,,,,,,,,,,,,,,2021,WR,0.0,0.0,,,224.0,,566.0,,224.0,,565.0,,False,False
4160,,,,,,,,,,,,,,,,,,,,,,,,,,,,,,,,,,,,2021,WR,0.0,0.0,,,224.0,,566.0,,224.0,,565.0,,False,False
6269,,,,,,,,,,,,,,,,,,,,,,,,,,,,,178.0,,,,,,,2021,QB,0.0,0.0,,,74.0,,566.0,,73.0,,565.0,,False,False
2431,17.0,,,,,,,,,138.0,503.0,3.0,8.0,221.0,20.0,11.0,44.0,58.0,259.0,1.0,-47.0,306.0,2.0,5.0,4.0,3.0,,576.0,1002.0,,,,,,,2021,RB,138.2,138.2,8.1,8.1,36.0,51.0,132.0,191.0,36.0,51.0,129.0,189.0,False,False
6453,3.0,,,,,,,,,,,,,,,,3.0,6.0,36.0,,21.0,15.0,,1.0,,,,50.0,185.0,,,,,,,2021,WR,6.6,6.6,2.2,2.2,188.0,158.0,468.0,394.0,188.0,158.0,466.0,394.0,False,False
5235,3.0,,,,,,,,,,,,,,,,,,,,,,,,,,,9.0,146.0,,,,,,,2021,TE,0.0,0.0,0.0,0.0,122.0,122.0,566.0,565.0,122.0,122.0,565.0,564.0,False,False
6894,15.0,,,,,,,,,,,,,,,,3.0,5.0,16.0,,2.0,14.0,,,,,,37.0,978.0,,,,,,,2021,TE,4.6,4.6,0.3,0.3,106.0,111.0,497.0,530.0,106.0,111.0,496.0,528.0,False,False
6938,1.0,,,,,,,,,5.0,3.0,,,,2.0,2.0,3.0,3.0,10.0,,6.0,4.0,,1.0,,,,,,,,,,,,2021,RB,4.3,4.3,4.3,4.3,130.0,86.0,501.0,300.0,130.0,86.0,500.0,296.0,False,False
7972,1.0,,,,,,,,,,,,,,,,,,,,,,,,,,,6.0,59.0,,,,,,,2021,TE,0.0,0.0,0.0,0.0,122.0,122.0,566.0,565.0,122.0,122.0,565.0,564.0,False,False
4198,10.0,,,,,,,,,7.0,111.0,1.0,,8.0,,,24.0,39.0,229.0,1.0,108.0,121.0,1.0,3.0,1.0,,2.0,260.0,640.0,,,,,,,2021,WR,82.0,82.0,8.2,8.2,92.0,72.0,214.0,188.0,92.0,72.0,211.0,185.0,False,False
7537,17.0,,,,,,,,,68.0,266.0,2.0,3.0,114.0,6.0,2.0,10.0,11.0,73.0,,-2.0,75.0,,,1.0,,,134.0,1068.0,,,,,,,2021,RB,55.9,55.9,3.3,3.3,73.0,95.0,271.0,346.0,73.0,95.0,270.0,345.0,False,False
3503,3.0,,,,,,,,,,,,,,,,,2.0,,,,,,1.0,,,,47.0,266.0,,,,,,,2021,WR,0.0,0.0,0.0,0.0,224.0,224.0,566.0,565.0,224.0,224.0,565.0,564.0,False,False
6529,10.0,,,,,,,,,,,,,,,,3.0,6.0,17.0,1.0,9.0,8.0,2.0,1.0,,,,93.0,516.0,,,,,,,2021,TE,10.7,10.7,1.1,1.1,88.0,83.0,435.0,460.0,88.0,83.0,432.0,458.0,False,False
4984,17.0,645.0,409.0,4407.0,36.0,15.0,26.0,2669.0,122.0,122.0,763.0,6.0,12.0,279.0,30.0,3.0,,,,,,,,,8.0,3.0,,1084.0,1116.0,6.0,,1.0,,,,2021,QB,410.6,394.4,24.2,23.2,1.0,1.0,2.0,3.0,1.0,1.0,3.0,3.0,True,True
7234,3.0,,,,,,,,,1.0,3.0,,,,,,,,,,,,,,,,,2.0,190.0,,,,,,,2021,WR,0.3,0.3,0.1,0.1,223.0,221.0,562.0,556.0,223.0,221.0,561.0,553.0,False,False
1848,3.0,,,,,,,,,10.0,38.0,1.0,,8.0,2.0,2.0,12.0,14.0,94.0,,24.0,70.0,1.0,1.0,,,,63.0,205.0,,,,,,,2021,RB,31.2,31.2,10.4,10.4,93.0,39.0,343.0,139.0,93.0,39.0,343.0,130.0,False,False
7579,,,,,,,,,,,,,,,,,,,,,,,,,,,,,,,,,,,,2021,WR,0.0,0.0,,,224.0,,566.0,,224.0,,565.0,,False,False
947,10.0,,,,,,,,,,,,,,,,31.0,48.0,434.0,1.0,322.0,112.0,1.0,6.0,,,,347.0,839.0,,,,,1.0,,2021,WR,82.4,82.4,8.2,8.2,89.0,72.0,211.0,188.0,89.0,72.0,208.0,185.0,False,False
7602,17.0,,,,,,,,,,,,,,,,11.0,15.0,106.0,,30.0,76.0,,4.0,,,,217.0,1057.0,,,,,,,2021,TE,21.6,21.6,1.3,1.3,70.0,77.0,373.0,448.0,70.0,77.0,372.0,445.0,False,False
3668,,,,,,,,,,,,,,,,,,,,,,,,,,,,,,,,,,,,2021,TE,0.0,0.0,,,122.0,,566.0,,122.0,,565.0,,False,False
1048,,,,,,,,,,,,,,,,,,,,,,,,,,,,,,,,,,,,2021,RB,0.0,0.0,,,149.0,,566.0,,149.0,,565.0,,False,False
5010,15.0,,,,,,,,,,,,,,,,21.0,26.0,231.0,1.0,88.0,143.0,3.0,3.0,1.0,,,512.0,933.0,,,,,,,2021,TE,50.1,50.1,3.3,3.3,50.0,56.0,286.0,346.0,50.0,56.0,285.0,345.0,False,False
6039,16.0,,,,,,,,,61.0,238.0,2.0,3.0,64.0,11.0,5.0,34.0,55.0,372.0,2.0,38.0,334.0,7.0,4.0,2.0,1.0,,394.0,995.0,,,,,,,2021,RB,117.0,117.0,7.3,7.3,47.0,58.0,161.0,213.0,47.0,58.0,159.0,211.0,False,False
6803,17.0,,,,,,,,,5.0,17.0,,,8.0,,1.0,56.0,84.0,826.0,5.0,482.0,344.0,3.0,10.0,2.0,1.0,,841.0,1021.0,,,,,1.0,,2021,WR,170.3,170.3,10.0,10.0,35.0,48.0,94.0,144.0,35.0,48.0,90.0,135.0,False,True
6032,,,,,,,,,,,,,,,,,,,,,,,,,,,,,,,,,,,,2021,WR,0.0,0.0,,,224.0,,566.0,,224.0,,565.0,,False,False
7576,,,,,,,,,,,,,,,,,,,,,,,,,,,,,,,,,,,,2021,TE,0.0,0.0,,,122.0,,566.0,,122.0,,565.0,,False,False
2331,6.0,,,,,,,,,1.0,-3.0,,,,,1.0,11.0,18.0,167.0,1.0,65.0,102.0,1.0,3.0,,,,116.0,661.0,,,,,,,2021,WR,33.4,33.4,5.6,5.6,137.0,99.0,337.0,249.0,137.0,99.0,336.0,247.0,False,False
6778,2.0,9.0,6.0,36.0,,,2.0,14.0,1.0,3.0,6.0,,,5.0,,,,,,,,,,,1.0,,,24.0,473.0,,,,,,,2021,QB,2.0,1.3,1.0,0.7,65.0,65.0,529.0,467.0,65.0,64.0,544.0,493.0,False,False
7050,16.0,,,,,,,,,,,,,,,,25.0,33.0,245.0,2.0,41.0,204.0,2.0,7.0,,,,338.0,983.0,,,,,,,2021,TE,61.5,61.5,3.8,3.8,41.0,50.0,259.0,322.0,41.0,50.0,257.0,318.0,False,False
7903,,,,,,,,,,,,,,,,,,,,,,,,,,,,,,,,,,,,2021,TE,0.0,0.0,,,122.0,,566.0,,122.0,,565.0,,False,False
4144,16.0,,,,,,,,,9.0,40.0,,,19.0,2.0,1.0,28.0,45.0,294.0,1.0,62.0,232.0,4.0,10.0,1.0,,,501.0,976.0,,,,,,,2021,TE,67.4,67.4,4.2,4.2,36.0,45.0,245.0,302.0,36.0,45.0,243.0,299.0,False,False
6853,17.0,,,,,,,,,2.0,20.0,,,13.0,,,50.0,89.0,802.0,6.0,586.0,216.0,6.0,15.0,,,,830.0,1024.0,,,,,,,2021,WR,168.2,168.2,9.9,9.9,37.0,51.0,96.0,147.0,37.0,51.0,92.0,139.0,False,False
6557,12.0,,,,,,,,,1.0,-1.0,,,,,1.0,8.0,17.0,113.0,,98.0,15.0,1.0,,,,,184.0,1001.0,,,,,,,2021,WR,19.2,19.2,1.6,1.6,155.0,173.0,384.0,428.0,155.0,173.0,383.0,425.0,False,False
6239,10.0,,,,,,,,,,,,,,,,2.0,3.0,14.0,,6.0,8.0,,2.0,1.0,1.0,,32.0,773.0,,,,,,,2021,WR,1.4,1.4,0.1,0.1,221.0,221.0,546.0,556.0,221.0,221.0,542.0,553.0,False,False
6789,7.0,,,,,,,,,3.0,16.0,,,1.0,1.0,,24.0,36.0,469.0,2.0,360.0,109.0,2.0,1.0,,,,334.0,481.0,,,,,1.0,,2021,WR,86.5,86.5,12.4,12.4,82.0,34.0,198.0,97.0,82.0,34.0,198.0,86.0,False,False
2446,16.0,,,,,,,,,,,,,,,,14.0,18.0,145.0,3.0,86.0,59.0,,6.0,,,,479.0,1116.0,,,,,,,2021,TE,46.5,46.5,2.9,2.9,53.0,61.0,300.0,366.0,53.0,61.0,298.0,364.0,False,False
5045,17.0,1.0,1.0,16.0,,,,15.0,,,,,,,,,58.0,98.0,776.0,2.0,641.0,135.0,3.0,10.0,,,,920.0,1081.0,,,,,2.0,,2021,WR,152.2,151.9,9.0,8.9,44.0,59.0,114.0,167.0,44.0,60.0,110.0,164.0,False,False
7175,,,,,,,,,,,,,,,,,,,,,,,,,,,,,,,,,,,,2021,WR,0.0,0.0,,,224.0,,566.0,,224.0,,565.0,,False,False
6665,6.0,,,,,,,,,,,,,,,,5.0,5.0,47.0,2.0,38.0,9.0,,2.0,,,,54.0,430.0,,,,,,,2021,TE,21.7,21.7,3.6,3.6,69.0,52.0,372.0,333.0,69.0,52.0,371.0,331.0,False,False
7594,17.0,,,,,,,,,172.0,612.0,5.0,8.0,298.0,24.0,24.0,25.0,37.0,174.0,1.0,14.0,160.0,6.0,3.0,1.0,1.0,,433.0,1077.0,,,1.0,,,,2021,RB,139.6,139.6,8.2,8.2,35.0,50.0,129.0,188.0,35.0,50.0,126.0,185.0,False,True
5120,,,,,,,,,,,,,,,,,,,,,,,,,,,,,,,,,,,,2021,QB,0.0,0.0,,,74.0,,566.0,,73.0,,565.0,,False,False
4536,,,,,,,,,,,,,,,,,,,,,,,,,,,,,,,,,,,,2021,TE,0.0,0.0,,,122.0,,566.0,,122.0,,565.0,,False,False
6879,,,,,,,,,,,,,,,,,,,,,,,,,,,,,,,,,,,,2021,WR,0.0,0.0,,,224.0,,566.0,,224.0,,565.0,,False,False
3852,11.0,,,,,,,,,,,,,,,,2.0,3.0,10.0,,7.0,3.0,,,1.0,,,25.0,805.0,,,,,,,2021,WR,3.0,3.0,0.3,0.3,210.0,212.0,521.0,530.0,210.0,212.0,520.0,528.0,False,False
6850,16.0,,,,,,,,,,,,,,,,21.0,28.0,233.0,3.0,154.0,79.0,1.0,6.0,,,,368.0,976.0,,,,,,,2021,TE,62.3,62.3,3.9,3.9,40.0,49.0,257.0,320.0,40.0,49.0,255.0,315.0,False,False
5096,16.0,,,,,,,,,2.0,15.0,,1.0,5.0,1.0,,39.0,66.0,277.0,,168.0,109.0,5.0,10.0,4.0,1.0,,488.0,1097.0,,,,,,,2021,WR,66.2,66.2,4.1,4.1,107.0,120.0,246.0,305.0,107.0,120.0,245.0,302.0,False,False
4098,8.0,,,,,,,,,78.0,386.0,5.0,9.0,221.0,15.0,8.0,22.0,27.0,174.0,,2.0,172.0,1.0,4.0,,,,234.0,659.0,,,,,,,2021,RB,108.0,108.0,13.5,13.5,51.0,21.0,172.0,80.0,51.0,21.0,171.0,71.0,False,False
5103,,,,,,,,,,,,,,,,,,,,,,,,,,,,,,,,,,,,2021,TE,0.0,0.0,,,122.0,,566.0,,122.0,,565.0,,False,False
3200,7.0,,,,,,,,,1.0,-9.0,,1.0,,,1.0,36.0,53.0,366.0,1.0,255.0,111.0,4.0,9.0,,,,344.0,598.0,,,,,1.0,,2021,WR,79.7,79.7,11.4,11.4,95.0,39.0,220.0,118.0,95.0,39.0,216.0,108.0,False,False
4089,15.0,,,,,,,,,3.0,20.0,,,5.0,,1.0,48.0,63.0,478.0,4.0,229.0,249.0,2.0,8.0,2.0,2.0,,595.0,933.0,,,,,,,2021,TE,117.8,117.8,7.9,7.9,22.0,23.0,159.0,201.0,21.0,23.0,158.0,199.0,False,False
6175,,,,,,,,,,,,,,,,,,,,,,,,,,,,,,,,,,,,2021,RB,0.0,0.0,,,149.0,,566.0,,149.0,,565.0,,False,False
2390,9.0,,,,,,,,,,,,,,,,16.0,25.0,173.0,1.0,99.0,74.0,2.0,2.0,,,,319.0,660.0,,,,,,,2021,TE,39.3,39.3,4.4,4.4,57.0,43.0,316.0,295.0,57.0,43.0,314.0,291.0,False,False
4718,17.0,,,,,,,,,43.0,137.0,1.0,,46.0,7.0,2.0,13.0,21.0,114.0,1.0,14.0,100.0,2.0,3.0,,,,143.0,1017.0,,,,,,,2021,RB,50.1,50.1,2.9,2.9,78.0,105.0,286.0,366.0,78.0,105.0,285.0,364.0,False,False
7559,8.0,,,,,,,,,,,,,,,,5.0,6.0,116.0,2.0,99.0,17.0,,1.0,,,,62.0,607.0,,,,,1.0,,2021,WR,30.6,30.6,3.8,3.8,142.0,130.0,346.0,322.0,142.0,130.0,345.0,318.0,False,False
2588,7.0,,,,,,,,,33.0,125.0,1.0,3.0,55.0,7.0,1.0,3.0,5.0,10.0,,2.0,8.0,,1.0,,,,129.0,460.0,,,,,,,2021,RB,22.5,22.5,3.2,3.2,103.0,96.0,369.0,349.0,103.0,96.0,369.0,348.0,False,False
886,17.0,,,,,,,,,,,,,,,,,,,,,,,,,,,1.0,1116.0,,,,,,,2021,RB,0.0,0.0,0.0,0.0,149.0,148.0,566.0,565.0,149.0,148.0,565.0,564.0,False,False
7528,17.0,,,,,,,,,307.0,1200.0,7.0,29.0,656.0,29.0,26.0,74.0,94.0,467.0,3.0,-32.0,499.0,7.0,14.0,,,,940.0,1097.0,,,3.0,,1.0,,2021,RB,308.7,308.7,18.2,18.2,3.0,7.0,18.0,24.0,3.0,7.0,15.0,24.0,True,True
7319,1.0,,,,,,,,,,,,,,,,,,,,,,,,,,,1.0,47.0,,,,,,,2021,WR,0.0,0.0,0.0,0.0,224.0,224.0,566.0,565.0,224.0,224.0,565.0,564.0,False,False
138,16.0,605.0,390.0,3740.0,22.0,10.0,38.0,1809.0,87.0,20.0,5.0,1.0,,3.0,5.0,1.0,,,,,,,,,11.0,5.0,,1000.0,1097.0,2.0,,,,,,2021,QB,218.1,187.3,13.6,11.7,21.0,25.0,62.0,78.0,21.0,26.0,76.0,101.0,False,True
7941,4.0,,,,,,,,,,,,,,,,,,,,,,,,,,,1.0,216.0,,,,,,,2021,RB,0.0,0.0,0.0,0.0,149.0,148.0,566.0,565.0,149.0,148.0,565.0,564.0,False,False
7337,3.0,,,,,,,,,,,,,,,,1.0,1.0,5.0,,-4.0,9.0,,,,,,14.0,183.0,,,,,,,2021,WR,1.5,1.5,0.5,0.5,219.0,205.0,543.0,510.0,219.0,205.0,540.0,507.0,False,False
4435,15.0,,,,,,,,,,,,,,,,34.0,43.0,291.0,2.0,176.0,115.0,3.0,6.0,2.0,1.0,,373.0,1028.0,,,,,,,2021,TE,73.1,73.1,4.9,4.9,32.0,35.0,234.0,274.0,32.0,35.0,231.0,270.0,False,False
3155,14.0,,,,,,,,,,,,,,,,33.0,51.0,434.0,1.0,302.0,132.0,2.0,6.0,,,,423.0,672.0,,,,,,,2021,WR,82.4,82.4,5.9,5.9,89.0,97.0,211.0,245.0,89.0,97.0,208.0,243.0,False,False
6012,14.0,,,,,,,,,21.0,177.0,1.0,2.0,55.0,3.0,1.0,16.0,20.0,161.0,,33.0,128.0,1.0,3.0,,,1.0,168.0,825.0,,,,,,,2021,RB,61.8,61.8,4.4,4.4,68.0,85.0,258.0,295.0,68.0,85.0,256.0,291.0,False,False
2476,7.0,,,,,,,,,,,,,,,,24.0,34.0,244.0,,130.0,114.0,3.0,,,,,286.0,460.0,,,,,,,2021,TE,48.4,48.4,6.9,6.9,52.0,25.0,294.0,218.0,52.0,25.0,293.0,216.0,False,False
5130,7.0,,,,,,,,,,,,,,,,3.0,4.0,39.0,1.0,18.0,21.0,,1.0,,,,115.0,431.0,,,,,,,2021,WR,12.9,12.9,1.8,1.8,168.0,167.0,421.0,418.0,168.0,167.0,419.0,415.0,False,False
2821,15.0,,,,,,,,,,,,,,,,2.0,6.0,28.0,,21.0,7.0,1.0,2.0,,,,106.0,1060.0,,,,,,,2021,WR,4.8,4.8,0.3,0.3,197.0,212.0,493.0,530.0,197.0,212.0,492.0,528.0,False,False
6798,17.0,,,,,,,,,10.0,32.0,,1.0,6.0,,2.0,33.0,57.0,299.0,2.0,148.0,151.0,3.0,5.0,2.0,,,750.0,1120.0,,,,,,,2021,WR,78.1,78.1,4.6,4.6,98.0,114.0,226.0,288.0,98.0,114.0,223.0,285.0,False,False
7351,4.0,,,,,,,,,,,,,,,,1.0,3.0,13.0,,7.0,6.0,1.0,,,,,11.0,207.0,,,,,,,2021,WR,2.3,2.3,0.6,0.6,213.0,202.0,527.0,500.0,213.0,202.0,526.0,497.0,False,False
7455,,,,,,,,,,,,,,,,,,,,,,,,,,,,,,,,,,,,2021,WR,0.0,0.0,,,224.0,,566.0,,224.0,,565.0,,False,False
8041,4.0,,,,,,,,,,,,,,,,3.0,7.0,34.0,,28.0,6.0,,2.0,,,,82.0,263.0,,,,,,,2021,TE,6.4,6.4,1.6,1.6,98.0,72.0,473.0,428.0,98.0,72.0,472.0,425.0,False,False
4035,13.0,,,,,,,,,240.0,898.0,4.0,18.0,279.0,40.0,28.0,47.0,67.0,439.0,5.0,7.0,432.0,9.0,12.0,,,,571.0,759.0,,,3.0,,1.0,,2021,RB,242.7,242.7,18.7,18.7,8.0,4.0,42.0,20.0,8.0,4.0,38.0,17.0,True,True
7546,,,,,,,,,,,,,,,,,,,,,,,,,,,,,,,,,,,,2021,WR,0.0,0.0,,,224.0,,566.0,,224.0,,565.0,,False,False
3803,17.0,,,,,,,,,24.0,99.0,1.0,1.0,56.0,3.0,1.0,9.0,13.0,30.0,1.0,-4.0,34.0,,2.0,,,,127.0,1041.0,,,,,,,2021,RB,33.9,33.9,2.0,2.0,92.0,115.0,334.0,404.0,92.0,115.0,334.0,404.0,False,False
6753,11.0,,,,,,,,,51.0,256.0,2.0,3.0,114.0,9.0,5.0,8.0,9.0,105.0,,15.0,90.0,,2.0,,,,115.0,779.0,,,,,,,2021,RB,56.1,56.1,5.1,5.1,72.0,74.0,270.0,265.0,72.0,74.0,269.0,260.0,False,False
8102,,,,,,,,,,,,,,,,,,,,,,,,,,,,,,,,,,,,2021,TE,0.0,0.0,,,122.0,,566.0,,122.0,,565.0,,False,False
5113,16.0,3.0,3.0,88.0,,,,67.0,,2.0,11.0,,,,,,45.0,61.0,602.0,6.0,348.0,254.0,3.0,9.0,3.0,,,528.0,1158.0,,,,,2.0,,2021,WR,149.8,148.1,9.4,9.3,45.0,55.0,117.0,158.0,45.0,56.0,115.0,153.0,False,False
6822,3.0,60.0,27.0,210.0,1.0,3.0,6.0,106.0,5.0,8.0,65.0,,,2.0,,,,,,,,,,,2.0,1.0,,53.0,454.0,,,,,,,2021,QB,10.9,8.7,3.6,2.9,59.0,57.0,434.0,333.0,59.0,57.0,448.0,364.0,False,False
3362,2.0,,,,,,,,,,,,,,,,,,,,,,,,,,,,493.0,,,,,,,2021,QB,0.0,0.0,0.0,0.0,74.0,74.0,566.0,565.0,73.0,73.0,565.0,564.0,False,False
4588,,,,,,,,,,,,,,,,,,,,,,,,,,,,,,,,,,,,2021,QB,0.0,0.0,,,74.0,,566.0,,73.0,,565.0,,False,False
333,1.0,6.0,3.0,13.0,,,1.0,7.0,,1.0,2.0,,,,1.0,,,,,,,,,,1.0,,,16.0,55.0,,,,,,,2021,QB,0.7,0.5,0.7,0.5,70.0,67.0,558.0,496.0,70.0,66.0,559.0,507.0,False,False
3257,11.0,225.0,141.0,1283.0,5.0,4.0,19.0,775.0,22.0,19.0,70.0,1.0,,13.0,3.0,,,,,,,,,,6.0,3.0,,376.0,1086.0,,,,,,,2021,QB,70.3,54.7,6.4,5.0,38.0,50.0,238.0,232.0,39.0,49.0,272.0,265.0,False,False
1425,14.0,,,,,,,,,,,,,,,,27.0,42.0,261.0,2.0,112.0,149.0,3.0,6.0,1.0,,,583.0,947.0,,,,,,,2021,TE,65.1,65.1,4.6,4.6,37.0,40.0,248.0,288.0,37.0,40.0,247.0,285.0,False,False
3199,,,,,,,,,,,,,,,,,,,,,,,,,,,,,,,,,,,,2021,WR,0.0,0.0,,,224.0,,566.0,,224.0,,565.0,,False,False
7085,3.0,,,,,,,,,,,,,,,,,1.0,,,,,,,,,,15.0,342.0,,,,,,,2021,WR,0.0,0.0,0.0,0.0,224.0,224.0,566.0,565.0,224.0,224.0,565.0,564.0,False,False
4972,2.0,58.0,35.0,277.0,1.0,1.0,,156.0,11.0,5.0,53.0,,,28.0,1.0,,,,,,,,,,1.0,,,97.0,1097.0,,,,,,,2021,QB,18.4,14.8,9.2,7.4,52.0,46.0,395.0,163.0,53.0,47.0,410.0,208.0,False,False
312,17.0,,,,,,,,,,,,,,,,,,,,,,,,,,,16.0,1043.0,,,,,,,2021,WR,0.0,0.0,0.0,0.0,224.0,224.0,566.0,565.0,224.0,224.0,565.0,564.0,False,False
7227,2.0,,,,,,,,,,,,,,,,,,,,,,,,,,,3.0,61.0,,,,,,,2021,RB,0.0,0.0,0.0,0.0,149.0,148.0,566.0,565.0,149.0,148.0,565.0,564.0,False,False
6834,2.0,,,,,,,,,,,,,,,,,,,,,,,,,,,28.0,121.0,,,,,,,2021,TE,0.0,0.0,0.0,0.0,122.0,122.0,566.0,565.0,122.0,122.0,565.0,564.0,False,False
5970,5.0,,,,,,,,,1.0,24.0,,,1.0,,,3.0,3.0,15.0,,-16.0,31.0,,1.0,,,,22.0,266.0,,,,,,,2021,WR,6.9,6.9,1.4,1.4,187.0,181.0,467.0,440.0,187.0,181.0,465.0,438.0,False,False
2312,6.0,,,,,,,,,,,,,,,,1.0,5.0,38.0,,29.0,9.0,1.0,,,,,54.0,420.0,,,,,,,2021,WR,4.8,4.8,0.8,0.8,197.0,195.0,493.0,484.0,197.0,195.0,492.0,482.0,False,False
6805,3.0,,,,,,,,,,,,,,,,5.0,10.0,74.0,,58.0,16.0,1.0,,,,,88.0,202.0,,,,,,,2021,WR,12.4,12.4,4.1,4.1,170.0,120.0,427.0,305.0,170.0,120.0,425.0,302.0,False,False
2307,10.0,2.0,1.0,4.0,,,,-4.0,1.0,13.0,87.0,1.0,,15.0,5.0,,,,,,,,,,1.0,,,17.0,787.0,,,,,,,2021,QB,14.9,14.8,1.5,1.5,53.0,63.0,410.0,435.0,53.0,61.0,410.0,434.0,False,False
3969,14.0,1.0,,,,,,,,180.0,811.0,8.0,11.0,416.0,40.0,12.0,69.0,84.0,454.0,2.0,5.0,449.0,6.0,15.0,1.0,,,623.0,982.0,,,2.0,,,,2021,RB,259.5,259.5,18.5,18.5,5.0,5.0,32.0,22.0,5.0,5.0,29.0,20.0,True,True
1466,16.0,,,,,,,,,2.0,3.0,1.0,,,2.0,1.0,92.0,134.0,1125.0,9.0,561.0,564.0,10.0,16.0,1.0,1.0,,926.0,1126.0,,,,,4.0,,2021,TE,270.8,270.8,16.9,16.9,2.0,2.0,26.0,34.0,2.0,2.0,25.0,34.0,True,True
6149,13.0,,,,,,,,,1.0,-13.0,,,,,1.0,26.0,58.0,339.0,2.0,271.0,68.0,6.0,2.0,1.0,1.0,,494.0,966.0,,,,,,,2021,WR,68.6,68.6,5.3,5.3,106.0,103.0,244.0,255.0,106.0,103.0,242.0,252.0,False,False
4149,13.0,,,,,,,,,153.0,601.0,3.0,10.0,201.0,22.0,9.0,26.0,28.0,157.0,,1.0,156.0,1.0,,1.0,,,293.0,910.0,,,,,,,2021,RB,119.8,119.8,9.2,9.2,43.0,44.0,155.0,163.0,43.0,44.0,153.0,157.0,False,False
2214,17.0,,,,,,,,,,,,,,,,30.0,57.0,245.0,4.0,164.0,81.0,2.0,20.0,,,,459.0,1123.0,,,,,,,2021,TE,78.5,78.5,4.6,4.6,28.0,40.0,225.0,288.0,28.0,40.0,222.0,285.0,False,False
4464,1.0,30.0,20.0,147.0,1.0,,,76.0,3.0,,,,,,,,,,,,,,,,,,,56.0,198.0,,,,,,,2021,QB,9.9,8.9,9.9,8.9,60.0,45.0,441.0,147.0,58.0,42.0,446.0,164.0,False,False
7098,13.0,,,,,,,,,35.0,185.0,1.0,1.0,86.0,5.0,2.0,9.0,12.0,84.0,,13.0,71.0,,3.0,1.0,,,156.0,1028.0,,,,,,,2021,RB,41.9,41.9,3.2,3.2,85.0,96.0,310.0,349.0,85.0,96.0,307.0,348.0,False,False
7809,15.0,,,,,,,,,,,,,,,,,,,,,,,,1.0,,,,939.0,,,,,,,2021,RB,0.0,0.0,0.0,0.0,149.0,148.0,566.0,565.0,149.0,148.0,565.0,564.0,False,False
2505,11.0,,,,,,,,,,,,,,,,55.0,93.0,665.0,2.0,423.0,242.0,4.0,13.0,,,,546.0,734.0,,,,,2.0,,2021,TE,137.5,137.5,12.5,12.5,17.0,5.0,133.0,96.0,17.0,5.0,130.0,84.0,False,False
2422,15.0,,,,,,,,,4.0,10.0,,,3.0,1.0,,9.0,13.0,87.0,,20.0,67.0,1.0,1.0,,,,322.0,1113.0,,,,,,,2021,TE,18.7,18.7,1.2,1.2,77.0,80.0,392.0,455.0,77.0,80.0,391.0,452.0,False,False
1426,10.0,,,,,,,,,,,,,,,,42.0,64.0,572.0,8.0,432.0,140.0,1.0,14.0,,,,560.0,672.0,,,,,,,2021,WR,147.2,147.2,14.7,14.7,46.0,22.0,120.0,63.0,46.0,22.0,116.0,57.0,False,False
3614,2.0,,,,,,,,,,,,,,,,1.0,2.0,7.0,,-4.0,11.0,,,,,,3.0,136.0,,,,,,,2021,WR,1.7,1.7,0.8,0.8,217.0,195.0,540.0,484.0,217.0,195.0,536.0,482.0,False,False
5220,17.0,,,,,,,,,18.0,118.0,1.0,1.0,62.0,1.0,1.0,7.0,10.0,60.0,,-4.0,64.0,2.0,,2.0,2.0,,98.0,1043.0,,,,,,,2021,RB,26.8,26.8,1.6,1.6,98.0,123.0,357.0,428.0,98.0,123.0,355.0,425.0,False,False
4651,17.0,,,,,,,,,33.0,140.0,,2.0,43.0,3.0,2.0,6.0,7.0,29.0,1.0,12.0,17.0,1.0,4.0,,,,78.0,1228.0,,,,,,,2021,RB,28.9,28.9,1.7,1.7,95.0,120.0,348.0,422.0,95.0,120.0,347.0,419.0,False,False
6451,2.0,,,,,,,,,,,,,,,,,,,,,,,,,,,,,,,,,,,2021,TE,0.0,0.0,0.0,0.0,122.0,122.0,566.0,565.0,122.0,122.0,565.0,564.0,False,False
6151,12.0,,,,,,,,,137.0,754.0,,12.0,283.0,20.0,11.0,26.0,34.0,158.0,,-69.0,227.0,1.0,3.0,1.0,1.0,,426.0,799.0,,,2.0,,,,2021,RB,119.2,119.2,9.9,9.9,45.0,41.0,157.0,147.0,45.0,41.0,155.0,139.0,False,False
7943,,,,,,,,,,,,,,,,,,,,,,,,,,,,,,,,,,,,2021,TE,0.0,0.0,,,122.0,,566.0,,122.0,,565.0,,False,False
4996,,,,,,,,,,,,,,,,,,,,,,,,,,,,,56.0,,,,,,,2021,QB,0.0,0.0,,,74.0,,566.0,,73.0,,565.0,,False,False
6148,8.0,,,,,,,,,1.0,7.0,,1.0,4.0,,,6.0,16.0,71.0,,33.0,38.0,3.0,4.0,,,,175.0,818.0,,,,,,,2021,WR,13.8,13.8,1.7,1.7,167.0,170.0,417.0,422.0,167.0,170.0,416.0,419.0,False,False
5086,11.0,,,,,,,,,,,,,,,,26.0,55.0,430.0,3.0,284.0,146.0,,8.0,,,,440.0,724.0,,,,,1.0,,2021,WR,89.0,89.0,8.1,8.1,80.0,74.0,196.0,191.0,80.0,74.0,196.0,189.0,False,False
6311,6.0,,,,,,,,,1.0,4.0,,,2.0,,,3.0,3.0,17.0,,-3.0,20.0,,1.0,,,,58.0,428.0,,,,,,,2021,RB,5.1,5.1,0.8,0.8,127.0,131.0,490.0,484.0,127.0,131.0,489.0,482.0,False,False
3391,14.0,,,,,,,,,4.0,16.0,,,11.0,,,2.0,2.0,12.0,,2.0,10.0,,,,,,15.0,868.0,,,,,,,2021,RB,4.8,4.8,0.3,0.3,129.0,140.0,493.0,530.0,129.0,140.0,492.0,528.0,False,False
7404,1.0,,,,,,,,,,,,,,,,,,,,,,,,,,,24.0,187.0,,,,,,,2021,TE,0.0,0.0,0.0,0.0,122.0,122.0,566.0,565.0,122.0,122.0,565.0,564.0,False,False
4150,8.0,,,,,,,,,28.0,104.0,,2.0,35.0,1.0,3.0,1.0,3.0,21.0,,1.0,20.0,,,,,,46.0,627.0,,,,,,,2021,RB,13.5,13.5,1.7,1.7,112.0,120.0,418.0,422.0,112.0,120.0,417.0,419.0,False,False
8085,7.0,,,,,,,,,5.0,11.0,,,3.0,,,,1.0,,,,,,,,,,4.0,576.0,,,,,,,2021,RB,1.1,1.1,0.2,0.2,144.0,142.0,551.0,544.0,144.0,142.0,548.0,542.0,False,False
7865,,,,,,,,,,,,,,,,,,,,,,,,,,,,,,,,,,,,2021,WR,0.0,0.0,,,224.0,,566.0,,224.0,,565.0,,False,False
6989,17.0,,,,,,,,,,,,,,,,46.0,84.0,698.0,6.0,554.0,144.0,4.0,9.0,,,,787.0,1018.0,,,,,1.0,,2021,WR,153.8,153.8,9.0,9.0,43.0,59.0,113.0,167.0,43.0,59.0,109.0,162.0,False,False
5850,15.0,,,,,,,,,217.0,872.0,9.0,17.0,357.0,37.0,16.0,54.0,64.0,348.0,,-43.0,391.0,5.0,5.0,2.0,2.0,,568.0,994.0,,,2.0,,,,2021,RB,230.0,230.0,15.3,15.3,12.0,15.0,52.0,52.0,12.0,15.0,49.0,49.0,True,True
5880,6.0,,,,,,,,,,,,,,,,10.0,20.0,162.0,1.0,145.0,17.0,,,,,,169.0,325.0,,,,,,,2021,WR,32.2,32.2,5.4,5.4,140.0,101.0,342.0,251.0,140.0,101.0,342.0,249.0,False,False
4314,6.0,,,,,,,,,,,,,,,,1.0,1.0,9.0,,7.0,2.0,,,,,,100.0,571.0,,,,,,,2021,TE,1.9,1.9,0.3,0.3,114.0,111.0,536.0,530.0,114.0,111.0,532.0,528.0,False,False
7527,17.0,521.0,352.0,3801.0,22.0,13.0,28.0,2030.0,71.0,44.0,129.0,,,31.0,7.0,,,,,,,,,,7.0,3.0,,1002.0,1043.0,2.0,,,,,,2021,QB,224.9,192.9,13.2,11.3,19.0,30.0,58.0,86.0,19.0,30.0,73.0,110.0,False,True
6293,15.0,,,,,,,,,,,,,,,,,,,,,,,,,,,4.0,923.0,,,,,,,2021,RB,0.0,0.0,0.0,0.0,149.0,148.0,566.0,565.0,149.0,148.0,565.0,564.0,False,False
862,6.0,11.0,7.0,67.0,,,1.0,28.0,1.0,9.0,-7.0,,,,3.0,,,,,,,,,,,,,35.0,1123.0,,,,,,,2021,QB,2.0,0.6,0.3,0.1,65.0,70.0,529.0,530.0,68.0,71.0,557.0,553.0,False,False
2892,,,,,,,,,,,,,,,,,,,,,,,,,,,,,,,,,,,,2021,RB,0.0,0.0,,,149.0,,566.0,,149.0,,565.0,,False,False
2168,16.0,,,,,,,,,133.0,576.0,5.0,2.0,203.0,14.0,16.0,34.0,42.0,190.0,1.0,12.0,178.0,1.0,8.0,,,,501.0,1103.0,,,,,,,2021,RB,146.6,146.6,9.2,9.2,32.0,44.0,122.0,163.0,32.0,44.0,118.0,157.0,False,True
2545,16.0,,,,,,,,,,,,,,,,31.0,40.0,210.0,3.0,71.0,139.0,1.0,8.0,,,,671.0,1035.0,,,,,,,2021,TE,70.0,70.0,4.4,4.4,33.0,43.0,239.0,295.0,33.0,43.0,236.0,291.0,False,False
7157,,,,,,,,,,,,,,,,,,,,,,,,,,,,,,,,,,,,2021,QB,0.0,0.0,,,74.0,,566.0,,73.0,,565.0,,False,False
6126,,,,,,,,,,,,,,,,,,,,,,,,,,,,,,,,,,,,2021,TE,0.0,0.0,,,122.0,,566.0,,122.0,,565.0,,False,False
7082,,,,,,,,,,,,,,,,,,,,,,,,,,,,,,,,,,,,2021,TE,0.0,0.0,,,122.0,,566.0,,122.0,,565.0,,False,False
4319,16.0,,,,,,,,,2.0,21.0,,,5.0,1.0,,38.0,69.0,384.0,3.0,263.0,121.0,3.0,13.0,1.0,1.0,,823.0,1057.0,,,,,,,2021,WR,94.5,94.5,5.9,5.9,74.0,97.0,187.0,245.0,74.0,97.0,187.0,243.0,False,False
6588,12.0,1.0,1.0,75.0,1.0,,,24.0,,,,,,,,,6.0,10.0,54.0,,37.0,17.0,1.0,1.0,,,,133.0,880.0,,,,,,,2021,WR,18.4,18.9,1.5,1.6,158.0,178.0,395.0,435.0,157.0,173.0,389.0,425.0,False,False
2460,16.0,,,,,,,,,,,,,,,,49.0,63.0,493.0,5.0,193.0,300.0,4.0,7.0,,,,803.0,1046.0,,,,,,,2021,TE,128.3,128.3,8.0,8.0,19.0,21.0,143.0,197.0,19.0,21.0,141.0,195.0,False,False
6088,,,,,,,,,,,,,,,,,,,,,,,,,,,,,,,,,,,,2021,WR,0.0,0.0,,,224.0,,566.0,,224.0,,565.0,,False,False
5001,17.0,,,,,,,,,,,,,,,,78.0,104.0,808.0,8.0,460.0,348.0,4.0,14.0,,,,994.0,1228.0,,,,,,,2021,TE,206.8,206.8,12.2,12.2,3.0,6.0,67.0,101.0,3.0,6.0,62.0,90.0,True,True
6181,12.0,,,,,,,,,,,,,,,,3.0,5.0,35.0,,6.0,29.0,,,,,,177.0,857.0,,,,,,,2021,TE,6.5,6.5,0.5,0.5,97.0,103.0,470.0,510.0,97.0,103.0,468.0,507.0,False,False
4036,9.0,,,,,,,,,,,,,,,,34.0,59.0,492.0,4.0,368.0,124.0,5.0,4.0,2.0,1.0,,450.0,582.0,,,,,1.0,,2021,WR,107.2,107.2,11.9,11.9,68.0,36.0,174.0,106.0,68.0,36.0,173.0,96.0,False,False
5806,3.0,4.0,1.0,5.0,,1.0,1.0,-2.0,,2.0,-1.0,,,,,,,,,,,,,,,,,24.0,1024.0,,,,,,,2021,QB,-1.9,-2.0,-0.6,-0.7,118.0,82.0,848.0,673.0,118.0,81.0,848.0,672.0,False,False
7131,14.0,,,,,,,,,,,,,,,,4.0,5.0,35.0,,22.0,13.0,,2.0,,,,97.0,791.0,,,,,,,2021,TE,7.5,7.5,0.5,0.5,96.0,103.0,465.0,510.0,96.0,103.0,461.0,507.0,False,False
4029,13.0,,,,,,,,,249.0,1159.0,6.0,16.0,471.0,45.0,35.0,34.0,49.0,224.0,,-54.0,278.0,6.0,1.0,3.0,2.0,,582.0,1017.0,,,3.0,1.0,,,2021,RB,214.3,214.3,16.5,16.5,15.0,10.0,63.0,37.0,15.0,10.0,58.0,36.0,True,True
7890,,,,,,,,,,,,,,,,,,,,,,,,,,,,,63.0,,,,,,,2021,WR,0.0,0.0,,,224.0,,566.0,,224.0,,565.0,,False,False
5374,1.0,,,,,,,,,,,,,,,,,,,,,,,,,,,,67.0,,,,,,,2021,WR,0.0,0.0,0.0,0.0,224.0,224.0,566.0,565.0,224.0,224.0,565.0,564.0,False,False
7574,12.0,,,,,,,,,36.0,87.0,1.0,,43.0,7.0,4.0,1.0,2.0,-1.0,,-1.0,,1.0,,,,,107.0,905.0,,,,,,,2021,RB,15.6,15.6,1.3,1.3,111.0,125.0,406.0,448.0,111.0,125.0,404.0,445.0,False,False
4033,16.0,,,,,,,,,1.0,1.0,,,1.0,,,36.0,53.0,475.0,4.0,223.0,252.0,2.0,8.0,,,,631.0,1041.0,,,,,1.0,,2021,TE,109.6,109.6,6.8,6.8,23.0,26.0,167.0,220.0,23.0,26.0,166.0,218.0,False,False
4152,6.0,,,,,,,,,28.0,101.0,,1.0,36.0,2.0,4.0,2.0,5.0,8.0,,4.0,4.0,,,,,,59.0,540.0,,,,,,,2021,RB,12.9,12.9,2.2,2.2,114.0,112.0,421.0,394.0,114.0,112.0,419.0,394.0,False,False
7502,10.0,,,,,,,,,,,,,,,,2.0,4.0,34.0,,3.0,31.0,,,,,,152.0,598.0,,,,,,,2021,TE,5.4,5.4,0.5,0.5,104.0,103.0,487.0,510.0,104.0,103.0,486.0,507.0,False,False
5849,14.0,481.0,333.0,3787.0,24.0,10.0,31.0,1987.0,72.0,88.0,423.0,5.0,,39.0,23.0,8.0,,,7.0,,7.0,,,,13.0,,,863.0,888.0,2.0,1.0,,,,,2021,QB,308.5,280.7,22.0,20.1,11.0,4.0,19.0,8.0,10.0,6.0,22.0,13.0,False,True
5409,2.0,,,,,,,,,,,,,,,,,,,,,,,,,,,1.0,121.0,,,,,,,2021,TE,0.0,0.0,0.0,0.0,122.0,122.0,566.0,565.0,122.0,122.0,565.0,564.0,False,False
7233,,,,,,,,,,,,,,,,,,,,,,,,,,,,,,,,,,,,2021,WR,0.0,0.0,,,224.0,,566.0,,224.0,,565.0,,False,False
6960,17.0,,,,,,,,,,,,,,,,36.0,55.0,360.0,,223.0,137.0,4.0,8.0,,,,560.0,1123.0,,,,,,,2021,WR,72.0,72.0,4.2,4.2,101.0,118.0,235.0,302.0,101.0,118.0,233.0,299.0,False,False
4252,13.0,,,,,,,,,,,,,,,,12.0,16.0,161.0,2.0,101.0,60.0,,3.0,,,,133.0,823.0,,,,,,,2021,WR,40.1,40.1,3.1,3.1,129.0,143.0,314.0,360.0,129.0,143.0,311.0,358.0,False,False
6819,17.0,,,,,,,,,5.0,44.0,,,5.0,1.0,,88.0,129.0,1082.0,6.0,734.0,348.0,5.0,16.0,1.0,,,930.0,1057.0,,,,,2.0,,2021,WR,240.6,240.6,14.2,14.2,18.0,26.0,44.0,72.0,18.0,26.0,40.0,66.0,True,True
7002,14.0,,,,,,,,,,,,,,,,13.0,22.0,159.0,4.0,117.0,42.0,1.0,7.0,,,,225.0,877.0,,,,,,,2021,TE,52.9,52.9,3.8,3.8,46.0,50.0,277.0,322.0,46.0,50.0,276.0,318.0,False,False
6549,,,,,,,,,,,,,,,,,,,,,,,,,,,,,81.0,,,,,,,2021,WR,0.0,0.0,,,224.0,,566.0,,224.0,,565.0,,False,False
3895,4.0,,,,,,,,,,,,,,,,1.0,1.0,10.0,,5.0,5.0,,,,,,17.0,100.0,,,,,,,2021,WR,2.0,2.0,0.5,0.5,215.0,205.0,529.0,510.0,215.0,205.0,528.0,507.0,False,False
6387,6.0,,,,,,,,,,,,,,,,,,,,,,,,1.0,,,1.0,384.0,,,,,,,2021,WR,0.0,0.0,0.0,0.0,224.0,224.0,566.0,565.0,224.0,224.0,565.0,564.0,False,False
5846,17.0,,,,,,,,,1.0,6.0,,,2.0,,,75.0,129.0,967.0,12.0,637.0,330.0,4.0,19.0,1.0,,,769.0,933.0,,,,,1.0,,2021,WR,246.3,246.3,14.5,14.5,16.0,23.0,39.0,68.0,16.0,23.0,36.0,61.0,True,True
6814,16.0,,,,,,,,,11.0,41.0,,1.0,17.0,1.0,3.0,63.0,99.0,619.0,,230.0,389.0,6.0,9.0,1.0,1.0,,656.0,1017.0,,,,,,,2021,WR,127.0,127.0,7.9,7.9,58.0,78.0,148.0,201.0,58.0,78.0,146.0,199.0,False,False
6939,,,,,,,,,,,,,,,,,,,,,,,,,,,,,70.0,,,,,,,2021,WR,0.0,0.0,,,224.0,,566.0,,224.0,,565.0,,False,False
7716,17.0,,,,,,,,,,,,,,,,20.0,25.0,249.0,1.0,110.0,139.0,,2.0,1.0,,,460.0,1068.0,,,,,,,2021,TE,50.9,50.9,3.0,3.0,48.0,60.0,283.0,364.0,48.0,60.0,281.0,362.0,False,False
2325,15.0,,,,,,,,,3.0,11.0,,2.0,5.0,,,37.0,64.0,473.0,3.0,357.0,116.0,1.0,6.0,,,,651.0,907.0,,,,,,,2021,WR,103.4,103.4,6.9,6.9,72.0,86.0,181.0,218.0,72.0,86.0,181.0,216.0,False,False
1567,13.0,,,,,,,,,3.0,21.0,,,1.0,1.0,,24.0,37.0,213.0,1.0,154.0,59.0,2.0,2.0,1.0,1.0,,288.0,819.0,,,,,,,2021,WR,51.4,51.4,4.0,4.0,118.0,126.0,281.0,316.0,118.0,126.0,279.0,312.0,False,False
7135,17.0,,,,,,,,,5.0,32.0,,,6.0,,,25.0,40.0,343.0,4.0,137.0,206.0,2.0,4.0,1.0,,,573.0,933.0,,,,,,,2021,WR,86.5,86.5,5.1,5.1,82.0,106.0,198.0,265.0,82.0,106.0,198.0,260.0,False,False
6139,,,,,,,,,,,,,,,,,,,,,,,,,,,,,83.0,,,,,,,2021,TE,0.0,0.0,,,122.0,,566.0,,122.0,,565.0,,False,False
8038,,,,,,,,,,,,,,,,,,,,,,,,,,,,,,,,,,,,2021,TE,0.0,0.0,,,122.0,,566.0,,122.0,,565.0,,False,False
4647,11.0,,,,,,,,,,,,,,,,,1.0,,,,,,,,,,94.0,664.0,,,,,,,2021,TE,0.0,0.0,0.0,0.0,122.0,122.0,566.0,565.0,122.0,122.0,565.0,564.0,False,False
6427,17.0,,,,,,,,,3.0,32.0,,1.0,5.0,,1.0,13.0,22.0,173.0,2.0,123.0,50.0,2.0,2.0,,,,319.0,1057.0,,,,,,,2021,WR,45.5,45.5,2.7,2.7,125.0,148.0,303.0,375.0,125.0,148.0,301.0,374.0,False,False
6806,,,,,,,,,,,,,,,,,,,,,,,,,,,,,,,,,,,,2021,RB,0.0,0.0,,,149.0,,566.0,,149.0,,565.0,,False,False
7560,1.0,,,,,,,,,,,,,,,,,,,,,,,,,,,,76.0,,,,,,,2021,RB,0.0,0.0,0.0,0.0,149.0,148.0,566.0,565.0,149.0,148.0,565.0,564.0,False,False
6813,17.0,,,,,,,,,332.0,1811.0,18.0,24.0,896.0,85.0,32.0,40.0,51.0,360.0,2.0,-46.0,406.0,5.0,2.0,4.0,2.0,,716.0,1057.0,,,10.0,,1.0,,2021,RB,395.1,395.1,23.2,23.2,1.0,2.0,4.0,5.0,1.0,2.0,2.0,3.0,True,True
3306,7.0,,,,,,,,,86.0,406.0,3.0,7.0,198.0,23.0,3.0,2.0,5.0,19.0,,5.0,14.0,1.0,1.0,,,,153.0,533.0,,,,,,,2021,RB,62.5,62.5,8.9,8.9,67.0,47.0,256.0,170.0,67.0,47.0,254.0,164.0,False,False
6828,17.0,,,,,,,,,187.0,803.0,5.0,16.0,382.0,39.0,8.0,34.0,37.0,313.0,2.0,3.0,310.0,,5.0,2.0,1.0,,439.0,1048.0,,,,,,,2021,RB,185.6,185.6,10.9,10.9,23.0,38.0,82.0,127.0,23.0,38.0,78.0,121.0,True,True
4741,12.0,,,,,,,,,,,,,,,,35.0,52.0,408.0,,220.0,188.0,2.0,4.0,1.0,1.0,,363.0,728.0,,,,,,,2021,TE,73.8,73.8,6.2,6.2,31.0,29.0,232.0,239.0,31.0,29.0,229.0,237.0,False,False
7080,,,,,,,,,,,,,,,,,,,,,,,,,,,,,,,,,,,,2021,WR,0.0,0.0,,,224.0,,566.0,,224.0,,565.0,,False,False
6913,,,,,,,,,,,,,,,,,,,,,,,,,,,,,,,,,,,,2021,WR,0.0,0.0,,,224.0,,566.0,,224.0,,565.0,,False,False
7588,17.0,,,,,,,,,203.0,903.0,4.0,31.0,437.0,29.0,21.0,43.0,53.0,316.0,3.0,-27.0,343.0,3.0,7.0,2.0,1.0,,551.0,1081.0,,,2.0,,,,2021,RB,208.9,208.9,12.3,12.3,17.0,27.0,66.0,99.0,17.0,27.0,61.0,87.0,True,True
5000,12.0,,,,,,,,,116.0,592.0,2.0,5.0,178.0,20.0,4.0,43.0,53.0,311.0,,-13.0,324.0,3.0,6.0,1.0,1.0,,475.0,827.0,,,1.0,,,,2021,RB,145.3,145.3,12.1,12.1,33.0,28.0,123.0,102.0,33.0,28.0,119.0,92.0,False,True
7741,,,,,,,,,,,,,,,,,,,,,,,,,,,,,,,,,,,,2021,RB,0.0,0.0,,,149.0,,566.0,,149.0,,565.0,,False,False
4998,,,,,,,,,,,,,,,,,,,,,,,,,,,,,,,,,,,,2021,WR,0.0,0.0,,,224.0,,566.0,,224.0,,565.0,,False,False
5241,15.0,,,,,,,,,,,,,,,,4.0,9.0,25.0,,23.0,2.0,1.0,1.0,,,,107.0,948.0,,,,,,,2021,WR,6.5,6.5,0.4,0.4,190.0,209.0,470.0,521.0,190.0,209.0,468.0,518.0,False,False
7091,1.0,,,,,,,,,,,,,,,,,,,,,,,,,,,,64.0,,,,,,,2021,WR,0.0,0.0,0.0,0.0,224.0,224.0,566.0,565.0,224.0,224.0,565.0,564.0,False,False
2334,7.0,,,,,,,,,1.0,,,,,,,7.0,14.0,110.0,,83.0,27.0,,1.0,,,,96.0,406.0,,,,,,,2021,WR,18.0,18.0,2.6,2.6,159.0,150.0,397.0,377.0,159.0,150.0,394.0,376.0,False,False
6865,14.0,,,,,,,,,,,,,,,,5.0,8.0,33.0,,13.0,20.0,,2.0,,,,151.0,772.0,,,,,,,2021,TE,8.3,8.3,0.6,0.6,92.0,98.0,454.0,500.0,92.0,98.0,453.0,497.0,False,False
6233,,,,,,,,,,,,,,,,,,,,,,,,,,,,,,,,,,,,2021,TE,0.0,0.0,,,122.0,,566.0,,122.0,,565.0,,False,False
3309,3.0,,,,,,,,,5.0,25.0,,,8.0,,,4.0,5.0,22.0,,8.0,14.0,,,,,,21.0,245.0,,,,,,,2021,RB,8.7,8.7,2.9,2.9,120.0,105.0,450.0,366.0,120.0,105.0,448.0,364.0,False,False
3242,12.0,,,,,,,,,63.0,254.0,2.0,4.0,107.0,11.0,4.0,30.0,40.0,291.0,1.0,32.0,259.0,,5.0,1.0,,,280.0,797.0,,,,,,,2021,RB,102.5,102.5,8.5,8.5,55.0,49.0,182.0,180.0,55.0,49.0,182.0,178.0,False,False
7038,,,,,,,,,,,,,,,,,,,,,,,,,,,,,,,,,,,,2021,RB,0.0,0.0,,,149.0,,566.0,,149.0,,565.0,,False,False
8058,3.0,,,,,,,,,1.0,-1.0,,,,,1.0,,,,,,,,,,,,2.0,74.0,,,,,,,2021,RB,-0.1,-0.1,-0.0,-0.0,196.0,148.0,839.0,565.0,196.0,148.0,838.0,564.0,False,False
1077,10.0,,,,,,,,,,,,,,,,,5.0,,,,,,,1.0,1.0,,34.0,579.0,,,,,,,2021,WR,-2.0,-2.0,-0.2,-0.2,342.0,265.0,849.0,668.0,342.0,265.0,848.0,667.0,False,False
3371,,,,,,,,,,,,,,,,,,,,,,,,,,,,,,,,,,,,2021,RB,0.0,0.0,,,149.0,,566.0,,149.0,,565.0,,False,False
2251,6.0,,,,,,,,,,,,,,,,18.0,25.0,196.0,3.0,114.0,82.0,,5.0,1.0,1.0,,294.0,398.0,,,,,,,2021,TE,53.6,53.6,8.9,8.9,45.0,18.0,275.0,170.0,45.0,18.0,274.0,164.0,False,False
4234,12.0,,,,,,,,,,,,,,,,16.0,25.0,184.0,,116.0,68.0,1.0,2.0,,,,302.0,916.0,,,,,,,2021,WR,34.4,34.4,2.9,2.9,135.0,144.0,332.0,366.0,135.0,144.0,332.0,364.0,False,False
6744,17.0,2.0,1.0,2.0,,,,-1.0,2.0,,,,,,,,7.0,11.0,95.0,3.0,79.0,16.0,2.0,6.0,,,,245.0,1120.0,,,,,,,2021,WR,34.6,34.5,2.0,2.0,134.0,162.0,330.0,404.0,134.0,162.0,330.0,404.0,False,False
7605,,,,,,,,,,,,,,,,,,,,,,,,,,,,,225.0,,,,,,,2021,QB,0.0,0.0,,,74.0,,566.0,,73.0,,565.0,,False,False
7335,,,,,,,,,,,,,,,,,,,,,,,,,,,,,200.0,,,,,,,2021,QB,0.0,0.0,,,74.0,,566.0,,73.0,,565.0,,False,False
4017,,,,,,,,,,,,,,,,,,,,,,,,,,,,,161.0,,,,,,,2021,QB,0.0,0.0,,,74.0,,566.0,,73.0,,565.0,,False,False
5773,17.0,,,,,,,,,,,,,,,,13.0,20.0,202.0,1.0,141.0,61.0,1.0,,,,,179.0,983.0,,,,,,,2022,WR,39.2,39.2,2.3,2.3,124.0,145.0,306.0,381.0,124.0,145.0,301.0,377.0,False,False
4177,17.0,1.0,1.0,4.0,,,,-6.0,,4.0,40.0,,,10.0,,,57.0,94.0,690.0,4.0,485.0,205.0,5.0,11.0,,,,1030.0,1102.0,,,,,1.0,,2022,WR,156.2,156.1,9.2,9.2,46.0,56.0,109.0,155.0,46.0,56.0,103.0,144.0,False,False
7809,17.0,,,,,,,,,22.0,109.0,1.0,,14.0,2.0,4.0,13.0,14.0,61.0,,-10.0,71.0,,3.0,1.0,1.0,,136.0,983.0,,,,,,,2022,RB,34.0,34.0,2.0,2.0,86.0,106.0,324.0,398.0,86.0,106.0,320.0,395.0,False,False
2474,12.0,,,,,,,,,,,,,,,,,,,,,,,,,,,61.0,790.0,,,,,,,2022,TE,0.0,0.0,0.0,0.0,114.0,114.0,561.0,559.0,114.0,114.0,558.0,556.0,False,False
8809,,,,,,,,,,,,,,,,,,,,,,,,,,,,,,,,,,,,2022,RB,0.0,0.0,,,153.0,,561.0,,153.0,,558.0,,False,False
3342,,,,,,,,,,,,,,,,,,,,,,,,,,,,,,,,,,,,2022,WR,0.0,0.0,,,217.0,,561.0,,217.0,,558.0,,False,False
6918,12.0,,,,,,,,,12.0,64.0,1.0,1.0,25.0,2.0,,1.0,1.0,8.0,,1.0,7.0,,,,,,31.0,865.0,,,,,,,2022,RB,14.2,14.2,1.2,1.2,108.0,124.0,408.0,459.0,108.0,124.0,402.0,456.0,False,False
6137,5.0,,,,,,,,,,,,,,,,1.0,1.0,7.0,,-1.0,8.0,,,,,,68.0,322.0,,,,,,,2022,TE,1.7,1.7,0.3,0.3,112.0,106.0,532.0,535.0,112.0,106.0,529.0,529.0,False,False
6786,17.0,,,,,,,,,10.0,47.0,,1.0,11.0,1.0,2.0,107.0,156.0,1359.0,9.0,872.0,487.0,5.0,12.0,,,,957.0,1092.0,,,,,5.0,,2022,WR,311.6,311.6,18.3,18.3,5.0,7.0,15.0,20.0,5.0,7.0,14.0,19.0,True,True
5038,14.0,,,,,,,,,,,,,,,,39.0,74.0,424.0,4.0,317.0,107.0,7.0,12.0,,,,678.0,967.0,,,,,,,2022,WR,105.4,105.4,7.5,7.5,67.0,71.0,166.0,200.0,68.0,71.0,162.0,192.0,False,False
6783,15.0,,,,,,,,,4.0,40.0,,,1.0,,,67.0,100.0,972.0,6.0,577.0,395.0,5.0,10.0,,,,650.0,947.0,,,,,3.0,,2022,WR,210.2,210.2,14.0,14.0,23.0,21.0,60.0,64.0,23.0,21.0,58.0,55.0,True,True
5965,16.0,,,,,,,,,,,,,,,,2.0,3.0,11.0,,11.0,,,,,,,121.0,1018.0,,,,,,,2022,WR,3.1,3.1,0.2,0.2,199.0,210.0,516.0,545.0,199.0,210.0,514.0,539.0,False,False
4992,17.0,,,,,,,,,2.0,37.0,,,,,,19.0,41.0,245.0,3.0,182.0,63.0,3.0,4.0,1.0,,,492.0,983.0,,,,,,,2022,WR,65.2,65.2,3.8,3.8,99.0,114.0,236.0,297.0,99.0,114.0,235.0,294.0,False,False
5122,15.0,,,,,,,,,54.0,217.0,3.0,1.0,35.0,10.0,8.0,5.0,6.0,15.0,,-5.0,20.0,,,,,,146.0,947.0,,,,,,,2022,RB,46.2,46.2,3.1,3.1,74.0,90.0,282.0,335.0,74.0,90.0,278.0,334.0,False,False
2320,10.0,,,,,,,,,90.0,318.0,2.0,5.0,150.0,14.0,9.0,25.0,32.0,223.0,,17.0,206.0,3.0,2.0,5.0,2.0,,284.0,680.0,,,,,,,2022,RB,87.1,87.1,8.7,8.7,54.0,45.0,199.0,166.0,54.0,45.0,197.0,157.0,False,False
1387,16.0,1.0,,,,,,,1.0,26.0,80.0,,2.0,31.0,3.0,4.0,37.0,51.0,204.0,1.0,-1.0,205.0,1.0,9.0,,,,250.0,933.0,,,,,,,2022,RB,71.4,71.4,4.5,4.5,61.0,75.0,228.0,280.0,61.0,75.0,227.0,277.0,False,False
7553,10.0,,,,,,,,,,,,,,,,28.0,59.0,356.0,2.0,230.0,126.0,3.0,5.0,,,,434.0,599.0,,,,,,,2022,TE,75.6,75.6,7.6,7.6,33.0,21.0,221.0,198.0,33.0,21.0,221.0,190.0,False,False
2025,,,,,,,,,,,,,,,,,,,,,,,,,,,,,,,,,,,,2022,WR,0.0,0.0,,,217.0,,561.0,,217.0,,558.0,,False,False
19,5.0,191.0,110.0,1051.0,5.0,3.0,10.0,580.0,24.0,3.0,6.0,,,,,,,,,,,,,,5.0,4.0,,239.0,889.0,2.0,,,,,,2022,QB,52.6,41.6,10.5,8.3,40.0,40.0,269.0,123.0,40.0,41.0,294.0,170.0,False,False
4054,17.0,,,,,,,,,,,,,,,,19.0,28.0,189.0,3.0,90.0,99.0,1.0,4.0,1.0,1.0,,542.0,1078.0,,,,,,,2022,TE,53.9,53.9,3.2,3.2,45.0,54.0,266.0,327.0,45.0,54.0,264.0,326.0,False,False
7944,13.0,,,,,,,,,,,,,,,,3.0,9.0,59.0,,46.0,13.0,,4.0,,,,128.0,948.0,,,,,,,2022,WR,8.9,8.9,0.7,0.7,172.0,191.0,454.0,495.0,172.0,191.0,450.0,491.0,False,False
1550,,,,,,,,,,,,,,,,,,,,,,,,,,,,,,,,,,,,2022,QB,0.0,0.0,,,80.0,,561.0,,77.0,,558.0,,False,False
3423,16.0,,,,,,,,,,,,,,,,20.0,44.0,282.0,1.0,186.0,96.0,2.0,3.0,1.0,1.0,,494.0,1039.0,,,,,1.0,,2022,WR,54.2,54.2,3.4,3.4,113.0,122.0,263.0,317.0,113.0,123.0,261.0,316.0,False,False
3496,16.0,,,,,,,,,,,,,,,,3.0,7.0,9.0,,3.0,6.0,2.0,,,,,124.0,1153.0,,,,,,,2022,TE,3.9,3.9,0.2,0.2,106.0,109.0,509.0,545.0,106.0,109.0,507.0,539.0,False,False
1800,,,,,,,,,,,,,,,,,,,,,,,,,,,,,,,,,,,,2022,TE,0.0,0.0,,,114.0,,561.0,,114.0,,558.0,,False,False
5100,4.0,,,,,,,,,13.0,58.0,,,17.0,2.0,,6.0,8.0,29.0,,-15.0,44.0,1.0,2.0,,,,40.0,237.0,,,,,,,2022,RB,14.7,14.7,3.7,3.7,107.0,80.0,407.0,300.0,107.0,80.0,400.0,297.0,False,False
7938,,,,,,,,,,,,,,,,,,,,,,,,,,,,,,,,,,,,2022,TE,0.0,0.0,,,114.0,,561.0,,114.0,,558.0,,False,False
8698,4.0,,,,,,,,,,,,,,,,,1.0,,,,,,,,,,16.0,242.0,,,,,,,2022,TE,0.0,0.0,0.0,0.0,114.0,114.0,561.0,559.0,114.0,114.0,558.0,556.0,False,False
7013,,,,,,,,,,,,,,,,,,,,,,,,,,,,,,,,,,,,2022,QB,0.0,0.0,,,80.0,,561.0,,77.0,,558.0,,False,False
6908,,,,,,,,,,,,,,,,,,,,,,,,,,,,,,,,,,,,2022,RB,0.0,0.0,,,153.0,,561.0,,153.0,,558.0,,False,False
5007,8.0,,,,,,,,,,,,,,,,1.0,1.0,20.0,,12.0,8.0,,,4.0,1.0,,2.0,439.0,,,,,,,2022,WR,1.0,1.0,0.1,0.1,215.0,215.0,549.0,555.0,215.0,215.0,545.0,551.0,False,False
8116,15.0,,,,,,,,,10.0,100.0,1.0,,19.0,3.0,,7.0,7.0,42.0,,4.0,38.0,,,,,,50.0,867.0,,,,,,,2022,RB,27.2,27.2,1.8,1.8,93.0,109.0,347.0,408.0,93.0,109.0,346.0,406.0,False,False
6823,1.0,5.0,3.0,59.0,,1.0,,9.0,4.0,,,,,,,,,,,,,,,,,,,7.0,94.0,,,,,,,2022,QB,0.4,-0.8,0.4,-0.8,78.0,76.0,555.0,517.0,112.0,82.0,829.0,632.0,False,False
7585,15.0,479.0,292.0,3118.0,17.0,15.0,31.0,1580.0,54.0,32.0,108.0,2.0,,1.0,6.0,,,,,,,,,,8.0,3.0,,796.0,998.0,2.0,,,,,,2022,QB,183.5,155.2,12.2,10.3,21.0,34.0,75.0,94.0,21.0,33.0,105.0,123.0,False,True
8931,2.0,,,,,,,,,,,,,,,,,1.0,,,,,,,,,,,62.0,,,,,,,2022,WR,0.0,0.0,0.0,0.0,217.0,216.0,561.0,559.0,217.0,216.0,558.0,556.0,False,False
2359,17.0,,,,,,,,,4.0,20.0,,,7.0,1.0,,25.0,32.0,211.0,1.0,16.0,195.0,1.0,6.0,,,,175.0,1102.0,,,,,,,2022,RB,54.1,54.1,3.2,3.2,69.0,87.0,265.0,327.0,69.0,87.0,263.0,326.0,False,False
8241,2.0,49.0,22.0,302.0,,2.0,5.0,140.0,5.0,3.0,-5.0,,,,,,,,,,,,,,1.0,1.0,,23.0,228.0,,,,,,,2022,QB,5.6,-0.5,2.8,-0.2,71.0,66.0,482.0,350.0,110.0,78.0,827.0,627.0,False,False
5854,,,,,,,,,,,,,,,,,,,,,,,,,,,,,1023.0,,,,,,,2022,QB,0.0,0.0,,,80.0,,561.0,,77.0,,558.0,,False,False
7593,2.0,,,,,,,,,2.0,19.0,,,9.0,,,,,,,,,,,,,,8.0,155.0,,,,,,,2022,RB,1.9,1.9,1.0,1.0,143.0,129.0,527.0,469.0,143.0,129.0,525.0,466.0,False,False
3294,12.0,394.0,261.0,2860.0,23.0,15.0,20.0,1644.0,49.0,45.0,182.0,1.0,1.0,45.0,6.0,,,,,,,,,,4.0,1.0,,760.0,784.0,1.0,,,,,,2022,QB,200.6,189.4,16.7,15.8,18.0,17.0,65.0,37.0,17.0,13.0,68.0,36.0,False,True
421,9.0,303.0,206.0,2087.0,10.0,8.0,29.0,957.0,40.0,13.0,9.0,1.0,1.0,6.0,1.0,,,,,,,,,,5.0,3.0,,534.0,560.0,1.0,,,,,,2022,QB,110.4,88.6,12.3,9.8,32.0,32.0,159.0,92.0,33.0,35.0,191.0,131.0,False,False
8134,15.0,,,,,,,,,,,,,,,,10.0,20.0,161.0,1.0,78.0,83.0,2.0,,,,,260.0,875.0,,,,,,,2022,WR,32.1,32.1,2.1,2.1,133.0,150.0,329.0,391.0,133.0,150.0,325.0,388.0,False,False
7828,17.0,,,,,,,,,1.0,1.0,1.0,,,1.0,,28.0,34.0,299.0,1.0,117.0,182.0,1.0,4.0,,,,597.0,1149.0,,,,,,,2022,TE,70.0,70.0,4.1,4.1,36.0,42.0,230.0,291.0,36.0,42.0,229.0,288.0,False,False
5052,6.0,,,,,,,,,17.0,70.0,1.0,,9.0,1.0,1.0,1.0,1.0,22.0,,-1.0,23.0,,,,,,38.0,448.0,,,,,,,2022,RB,16.2,16.2,2.7,2.7,106.0,96.0,401.0,361.0,106.0,96.0,397.0,357.0,False,False
5995,15.0,,,,,,,,,49.0,262.0,,7.0,79.0,4.0,2.0,12.0,12.0,58.0,,-26.0,84.0,,,2.0,1.0,,248.0,894.0,,,,,,,2022,RB,42.0,42.0,2.8,2.8,81.0,95.0,296.0,350.0,81.0,95.0,292.0,347.0,False,False
4421,5.0,,,,,,,,,,,,,,,,,,,,,,,,,,,9.0,314.0,,,,,,,2022,TE,0.0,0.0,0.0,0.0,114.0,114.0,561.0,559.0,114.0,114.0,558.0,556.0,False,False
6081,4.0,,,,,,,,,,,,,,,,2.0,2.0,35.0,,12.0,23.0,,,,,,25.0,252.0,,,,,,,2022,TE,5.5,5.5,1.4,1.4,101.0,78.0,484.0,434.0,101.0,78.0,483.0,431.0,False,False
3318,,,,,,,,,,,,,,,,,,,,,,,,,,,,,,,,,,,,2022,QB,0.0,0.0,,,80.0,,561.0,,77.0,,558.0,,False,False
89,3.0,2.0,,,,,,,,5.0,-5.0,,,,2.0,,,,,,,,,,1.0,,,18.0,1149.0,,,,,,,2022,QB,-0.5,-0.5,-0.2,-0.2,113.0,81.0,830.0,630.0,110.0,78.0,827.0,627.0,False,False
8138,17.0,,,,,,,,,91.0,525.0,2.0,1.0,170.0,11.0,5.0,21.0,32.0,180.0,1.0,48.0,132.0,3.0,6.0,1.0,1.0,,236.0,1026.0,,,,,,,2022,RB,107.5,107.5,6.3,6.3,44.0,60.0,162.0,230.0,44.0,60.0,158.0,227.0,False,False
7159,,,,,,,,,,,,,,,,,,,,,,,,,,,,,,,,,,,,2022,QB,0.0,0.0,,,80.0,,561.0,,77.0,,558.0,,False,False
8442,,,,,,,,,,,,,,,,,,,,,,,,,,,,,69.0,,,,,,,2022,QB,0.0,0.0,,,80.0,,561.0,,77.0,,558.0,,False,False
8119,12.0,,,,,,,,,2.0,-7.0,,,1.0,,1.0,35.0,61.0,523.0,7.0,386.0,137.0,5.0,7.0,,,,602.0,805.0,,,,,1.0,,2022,WR,130.6,130.6,10.9,10.9,51.0,41.0,133.0,114.0,51.0,41.0,131.0,106.0,False,False
8194,,,,,,,,,,,,,,,,,,,,,,,,,,,,,,,,,,,,2022,RB,0.0,0.0,,,153.0,,561.0,,153.0,,558.0,,False,False
6075,15.0,,,,,,,,,,,,,,,,3.0,4.0,19.0,,13.0,6.0,,,,,,57.0,981.0,,,,,,,2022,TE,4.9,4.9,0.3,0.3,102.0,106.0,493.0,535.0,102.0,106.0,491.0,529.0,False,False
7552,,,,,,,,,,,,,,,,,,,,,,,,,,,,,,,,,,,,2022,WR,0.0,0.0,,,217.0,,561.0,,217.0,,558.0,,False,False
7049,16.0,,,,,,,,,,,,,,,,35.0,56.0,416.0,1.0,240.0,176.0,6.0,3.0,1.0,,,463.0,985.0,,,,,,,2022,WR,82.6,82.6,5.2,5.2,90.0,100.0,213.0,257.0,90.0,100.0,210.0,255.0,False,False
8136,17.0,,,,,,,,,129.0,481.0,1.0,4.0,166.0,11.0,10.0,50.0,58.0,290.0,2.0,-19.0,309.0,2.0,8.0,3.0,3.0,,459.0,1161.0,,,1.0,,,,2022,RB,141.1,141.1,8.3,8.3,36.0,49.0,125.0,178.0,36.0,49.0,121.0,170.0,False,False
5024,2.0,,,,,,,,,,,,,,,,,1.0,,,,,1.0,,,,,15.0,146.0,,,,,,,2022,WR,0.0,0.0,0.0,0.0,217.0,216.0,561.0,559.0,217.0,216.0,558.0,556.0,False,False
8070,,,,,,,,,,,,,,,,,,,,,,,,,,,,,,,,,,,,2022,WR,0.0,0.0,,,217.0,,561.0,,217.0,,558.0,,False,False
6519,,,,,,,,,,,,,,,,,,,,,,,,,,,,,,,,,,,,2022,WR,0.0,0.0,,,217.0,,561.0,,217.0,,558.0,,False,False
4943,6.0,140.0,82.0,1143.0,7.0,3.0,10.0,535.0,21.0,26.0,106.0,2.0,,14.0,5.0,2.0,,,,,,,,,6.0,2.0,,318.0,375.0,1.0,,,,,,2022,QB,88.3,79.5,14.7,13.2,35.0,23.0,194.0,54.0,35.0,22.0,214.0,71.0,False,False
829,14.0,378.0,252.0,2871.0,18.0,9.0,25.0,1543.0,47.0,30.0,54.0,,,8.0,6.0,,,,,,,,,,5.0,1.0,,685.0,992.0,1.0,,,,,,2022,QB,174.2,152.8,12.4,10.9,22.0,31.0,86.0,90.0,22.0,31.0,106.0,106.0,False,True
7534,,,,,,,,,,,,,,,,,,,,,,,,,,,,,,,,,,,,2022,WR,0.0,0.0,,,217.0,,561.0,,217.0,,558.0,,False,False
7905,,,,,,,,,,,,,,,,,,,,,,,,,,,,,,,,,,,,2022,TE,0.0,0.0,,,114.0,,561.0,,114.0,,558.0,,False,False
3278,5.0,,,,,,,,,4.0,15.0,,,,,,2.0,2.0,6.0,,-6.0,12.0,,,,,,8.0,291.0,,,,,,,2022,WR,4.1,4.1,0.8,0.8,190.0,182.0,506.0,484.0,190.0,182.0,504.0,480.0,False,False
7794,12.0,,,,,,,,,,,,,,,,3.0,4.0,38.0,1.0,30.0,8.0,,1.0,,,,18.0,825.0,,,,,,,2022,RB,12.8,12.8,1.1,1.1,109.0,127.0,414.0,465.0,109.0,127.0,410.0,462.0,False,False
6323,13.0,,,,,,,,,2.0,,,,1.0,,1.0,5.0,11.0,69.0,,22.0,47.0,1.0,,,,,175.0,802.0,,,,,,,2022,RB,11.9,11.9,0.9,0.9,111.0,130.0,420.0,474.0,111.0,130.0,416.0,471.0,False,False
7606,9.0,,,,,,,,,7.0,82.0,1.0,,13.0,2.0,,16.0,20.0,171.0,2.0,63.0,108.0,2.0,5.0,1.0,1.0,,144.0,610.0,,,,,,,2022,WR,57.3,57.3,6.4,6.4,109.0,90.0,255.0,227.0,109.0,90.0,253.0,224.0,False,False
6927,17.0,,,,,,,,,3.0,1.0,,,,1.0,1.0,33.0,51.0,354.0,3.0,203.0,151.0,3.0,4.0,1.0,1.0,,650.0,1102.0,,,,,,,2022,WR,84.5,84.5,5.0,5.0,86.0,102.0,208.0,264.0,86.0,102.0,205.0,261.0,False,False
8111,16.0,,,,,,,,,,,,,,,,42.0,65.0,391.0,2.0,217.0,174.0,5.0,15.0,,,,784.0,1096.0,,,,,,,2022,TE,93.1,93.1,5.8,5.8,27.0,28.0,186.0,242.0,27.0,28.0,184.0,238.0,False,False
4061,1.0,40.0,23.0,168.0,1.0,,,92.0,3.0,6.0,41.0,1.0,,,1.0,,,,,,,,,,,,,,61.0,,,,,,,2022,QB,20.8,19.5,20.8,19.5,51.0,5.0,375.0,10.0,50.0,5.0,376.0,14.0,False,False
3269,16.0,,,,,,,,,3.0,3.0,,,1.0,,1.0,48.0,74.0,548.0,2.0,285.0,263.0,2.0,11.0,,,,619.0,940.0,,,,,1.0,,2022,WR,117.1,117.1,7.3,7.3,57.0,76.0,145.0,207.0,57.0,76.0,143.0,200.0,False,False
6970,14.0,,,,,,,,,,,,,,,,2.0,6.0,46.0,,25.0,21.0,,,,,,116.0,786.0,,,,,,,2022,TE,6.6,6.6,0.5,0.5,96.0,100.0,471.0,510.0,96.0,100.0,471.0,506.0,False,False
1911,4.0,,,,,,,,,,,,,,,,,,,,,,,,,,,30.0,279.0,,,,,,,2022,WR,0.0,0.0,0.0,0.0,217.0,216.0,561.0,559.0,217.0,216.0,558.0,556.0,False,False
1034,16.0,,,,,,,,,17.0,66.0,,,16.0,3.0,,9.0,9.0,57.0,1.0,30.0,27.0,,1.0,,,,82.0,1035.0,,,,,,,2022,RB,27.3,27.3,1.7,1.7,92.0,112.0,346.0,413.0,92.0,112.0,345.0,411.0,False,False
5026,15.0,,,,,,,,,,,,,,,,19.0,27.0,278.0,1.0,212.0,66.0,3.0,2.0,,,,384.0,863.0,,,,,1.0,,2022,WR,54.8,54.8,3.7,3.7,112.0,115.0,262.0,300.0,112.0,115.0,259.0,297.0,False,False
6395,1.0,,,,,,,,,,,,,,,,,,,,,,,,,,,13.0,62.0,,,,,,,2022,WR,0.0,0.0,0.0,0.0,217.0,216.0,561.0,559.0,217.0,216.0,558.0,556.0,False,False
7608,13.0,,,,,,,,,129.0,731.0,4.0,7.0,291.0,20.0,8.0,9.0,12.0,57.0,1.0,-16.0,73.0,,1.0,,,,282.0,746.0,,,1.0,,,,2022,RB,119.8,119.8,9.2,9.2,41.0,43.0,141.0,155.0,41.0,43.0,139.0,144.0,False,False
6402,12.0,,,,,,,,,13.0,70.0,,,2.0,,4.0,14.0,23.0,104.0,,18.0,86.0,1.0,1.0,3.0,,,251.0,767.0,,,,,,,2022,WR,31.4,31.4,2.6,2.6,134.0,141.0,331.0,365.0,134.0,141.0,328.0,361.0,False,False
8484,17.0,,,,,,,,,,,,,,,,7.0,10.0,80.0,1.0,49.0,31.0,3.0,1.0,,,,256.0,1161.0,,,,,,,2022,TE,21.0,21.0,1.2,1.2,78.0,90.0,374.0,459.0,78.0,90.0,373.0,456.0,False,False
8213,,,,,,,,,,,,,,,,,,,,,,,,,,,,,,,,,,,,2022,WR,0.0,0.0,,,217.0,,561.0,,217.0,,558.0,,False,False
7412,,,,,,,,,,,,,,,,,,,,,,,,,,,,,,,,,,,,2022,RB,0.0,0.0,,,153.0,,561.0,,153.0,,558.0,,False,False
7526,17.0,,,,,,,,,3.0,26.0,,,8.0,,,75.0,117.0,1356.0,8.0,848.0,508.0,7.0,8.0,1.0,1.0,,736.0,992.0,,,,,6.0,,2022,WR,271.2,271.2,16.0,16.0,8.0,13.0,27.0,40.0,8.0,13.0,21.0,34.0,True,True
8115,,,,,,,,,,,,,,,,,,,,,,,,,,,,,,,,,,,,2022,TE,0.0,0.0,,,114.0,,561.0,,114.0,,558.0,,False,False
345,1.0,6.0,5.0,37.0,,,1.0,15.0,2.0,,,,,,,,,,,,,,,,,,,15.0,249.0,,,,,,,2022,QB,1.5,0.7,1.5,0.7,74.0,72.0,540.0,429.0,71.0,71.0,547.0,491.0,False,False
6820,10.0,,,,,,,,,71.0,302.0,3.0,3.0,168.0,9.0,4.0,17.0,23.0,151.0,3.0,7.0,144.0,1.0,6.0,,,,224.0,701.0,,,,,,,2022,RB,98.3,98.3,9.8,9.8,46.0,39.0,176.0,141.0,46.0,39.0,173.0,131.0,False,False
7713,14.0,,,,,,,,,1.0,2.0,,,,,,2.0,2.0,26.0,,10.0,16.0,,,,,,59.0,909.0,,,,,,,2022,WR,4.8,4.8,0.3,0.3,183.0,205.0,494.0,535.0,183.0,205.0,492.0,529.0,False,False
5092,,,,,,,,,,,,,,,,,,,,,,,,,,,,,,,,,,,,2022,TE,0.0,0.0,,,114.0,,561.0,,114.0,,558.0,,False,False
2197,13.0,,,,,,,,,2.0,7.0,,,,,,57.0,93.0,699.0,3.0,494.0,205.0,5.0,10.0,,,,598.0,744.0,,,,,1.0,,2022,WR,147.6,147.6,11.4,11.4,49.0,39.0,118.0,107.0,49.0,39.0,112.0,99.0,False,False
5870,16.0,472.0,317.0,3205.0,15.0,5.0,44.0,1605.0,41.0,120.0,708.0,7.0,2.0,146.0,24.0,1.0,,,,,,,,,6.0,3.0,,1040.0,1072.0,2.0,,1.0,,,,2022,QB,291.0,256.9,18.2,16.1,9.0,11.0,21.0,23.0,10.0,12.0,26.0,33.0,True,True
2463,2.0,,,,,,,,,,,,,,,,,,,,,,,,,,,18.0,147.0,,,,,,,2022,TE,0.0,0.0,0.0,0.0,114.0,114.0,561.0,559.0,114.0,114.0,558.0,556.0,False,False
3568,,,,,,,,,,,,,,,,,,,,,,,,,,,,,,,,,,,,2022,WR,0.0,0.0,,,217.0,,561.0,,217.0,,558.0,,False,False
8878,,,,,,,,,,,,,,,,,,,,,,,,,,,,,,,,,,,,2022,TE,0.0,0.0,,,114.0,,561.0,,114.0,,558.0,,False,False
2391,5.0,,,,,,,,,12.0,24.0,,,18.0,2.0,1.0,4.0,4.0,47.0,,1.0,46.0,,,1.0,1.0,,51.0,235.0,,,,,,,2022,RB,9.1,9.1,1.8,1.8,123.0,109.0,451.0,408.0,123.0,109.0,447.0,406.0,False,False
7064,6.0,,,,,,,,,14.0,64.0,,,27.0,,,1.0,1.0,33.0,,2.0,31.0,,,,,,49.0,362.0,,,,,,,2022,RB,10.7,10.7,1.8,1.8,114.0,109.0,433.0,408.0,114.0,109.0,428.0,406.0,False,False
5844,17.0,,,,,,,,,,,,,,,,86.0,129.0,914.0,6.0,518.0,396.0,7.0,18.0,1.0,1.0,,954.0,1095.0,,,,,2.0,,2022,TE,215.4,215.4,12.7,12.7,2.0,4.0,56.0,87.0,2.0,4.0,53.0,80.0,True,True
3664,8.0,,,,,,,,,22.0,95.0,,1.0,31.0,1.0,2.0,27.0,40.0,173.0,,21.0,152.0,1.0,4.0,,,,221.0,557.0,,,,,,,2022,RB,53.8,53.8,6.7,6.7,70.0,57.0,267.0,221.0,70.0,57.0,265.0,216.0,False,False
4127,4.0,11.0,7.0,35.0,,1.0,1.0,15.0,,4.0,-4.0,,,,,,,,,,,,,,,,,27.0,1123.0,,,,,,,2022,QB,-1.0,-1.7,-0.2,-0.4,114.0,81.0,831.0,630.0,113.0,81.0,830.0,630.0,False,False
7601,8.0,,,,,,,,,6.0,-5.0,,,2.0,1.0,4.0,41.0,56.0,414.0,1.0,133.0,281.0,5.0,6.0,,,,459.0,562.0,,,,,,,2022,WR,87.9,87.9,11.0,11.0,83.0,40.0,196.0,113.0,83.0,40.0,194.0,105.0,False,False
5170,3.0,,,,,,,,,15.0,49.0,,,19.0,,1.0,6.0,8.0,19.0,,8.0,11.0,,,,,,66.0,222.0,,,,,,,2022,RB,12.8,12.8,4.3,4.3,109.0,77.0,414.0,288.0,109.0,77.0,410.0,283.0,False,False
6790,14.0,,,,,,,,,99.0,542.0,5.0,5.0,163.0,23.0,12.0,48.0,70.0,389.0,3.0,-51.0,440.0,3.0,14.0,1.0,,,369.0,881.0,,,1.0,,,,2022,RB,191.1,191.1,13.6,13.6,21.0,18.0,71.0,69.0,21.0,18.0,67.0,61.0,True,True
1373,17.0,572.0,399.0,4282.0,30.0,11.0,46.0,2505.0,70.0,68.0,366.0,1.0,1.0,31.0,7.0,4.0,,,,,,,,,8.0,4.0,,1023.0,1023.0,4.0,,,,,,2022,QB,311.9,286.2,18.3,16.8,5.0,9.0,14.0,20.0,6.0,10.0,19.0,29.0,True,True
6768,13.0,400.0,259.0,3548.0,25.0,8.0,21.0,2262.0,46.0,24.0,70.0,,,9.0,4.0,1.0,,,,,,,,,6.0,1.0,,705.0,776.0,3.0,1.0,,,,,2022,QB,240.9,220.0,18.5,16.9,13.0,8.0,38.0,19.0,14.0,8.0,51.0,27.0,False,True
6130,17.0,,,,,,,,,178.0,822.0,5.0,8.0,265.0,33.0,19.0,38.0,52.0,280.0,1.0,23.0,257.0,6.0,7.0,3.0,3.0,,685.0,1026.0,,,1.0,,,,2022,RB,180.2,180.2,10.6,10.6,23.0,32.0,77.0,121.0,23.0,32.0,74.0,114.0,True,True
6904,15.0,460.0,306.0,3701.0,22.0,6.0,38.0,1886.0,48.0,165.0,760.0,13.0,8.0,134.0,44.0,6.0,,,,,,,,,9.0,2.0,,955.0,976.0,4.0,,1.0,,,,2022,QB,384.0,354.0,25.6,23.6,3.0,1.0,4.0,1.0,3.0,2.0,7.0,2.0,True,True
2450,,,,,,,,,,,,,,,,,,,,,,,,,,,,,,,,,,,,2022,QB,0.0,0.0,,,80.0,,561.0,,77.0,,558.0,,False,False
7538,9.0,242.0,132.0,1688.0,6.0,7.0,23.0,878.0,17.0,28.0,102.0,1.0,,4.0,8.0,,1.0,1.0,2.0,1.0,2.0,,,1.0,1.0,1.0,,504.0,534.0,2.0,,,,,,2022,QB,102.9,81.2,11.4,9.0,34.0,37.0,171.0,107.0,34.0,36.0,213.0,149.0,False,False
7561,5.0,,,,,,,,,45.0,279.0,2.0,2.0,98.0,12.0,2.0,3.0,4.0,7.0,,-9.0,16.0,,1.0,,,,70.0,267.0,,,,,,,2022,RB,43.6,43.6,8.7,8.7,77.0,45.0,289.0,166.0,77.0,45.0,284.0,157.0,False,False
7376,,,,,,,,,,,,,,,,,,,,,,,,,,,,,,,,,,,,2022,QB,0.0,0.0,,,80.0,,561.0,,77.0,,558.0,,False,False
5828,,,,,,,,,,,,,,,,,,,,,,,,,,,,,,,,,,,,2022,WR,0.0,0.0,,,217.0,,561.0,,217.0,,558.0,,False,False
7458,,,,,,,,,,,,,,,,,,,,,,,,,,,,,,,,,,,,2022,WR,0.0,0.0,,,217.0,,561.0,,217.0,,558.0,,False,False
8154,12.0,,,,,,,,,205.0,797.0,2.0,8.0,348.0,23.0,12.0,9.0,12.0,60.0,1.0,-12.0,72.0,1.0,1.0,2.0,,,351.0,822.0,,,1.0,,,,2022,RB,114.7,114.7,9.6,9.6,43.0,41.0,152.0,147.0,43.0,41.0,148.0,137.0,False,False
7427,2.0,,,,,,,,,,,,,,,,1.0,1.0,7.0,1.0,6.0,1.0,,1.0,,,,3.0,72.0,,,,,,,2022,TE,7.7,7.7,3.8,3.8,95.0,44.0,466.0,297.0,95.0,44.0,463.0,294.0,False,False
6068,4.0,,,,,,,,,3.0,4.0,,,3.0,,1.0,1.0,1.0,3.0,,-4.0,7.0,,,,,,11.0,263.0,,,,,,,2022,RB,1.7,1.7,0.4,0.4,144.0,141.0,532.0,517.0,144.0,141.0,529.0,514.0,False,False
6111,,,,,,,,,,,,,,,,,,,,,,,,,,,,,,,,,,,,2022,QB,0.0,0.0,,,80.0,,561.0,,77.0,,558.0,,False,False
6018,17.0,,,,,,,,,,,,,,,,19.0,23.0,132.0,,31.0,101.0,1.0,2.0,,,,535.0,1087.0,,,,,,,2022,TE,32.2,32.2,1.9,1.9,60.0,72.0,328.0,403.0,60.0,72.0,324.0,400.0,False,False
7583,4.0,101.0,64.0,573.0,3.0,3.0,14.0,284.0,13.0,17.0,87.0,,,4.0,4.0,,,,,,,,,,2.0,1.0,,149.0,569.0,,,,,,,2022,QB,35.6,30.2,8.9,7.5,49.0,47.0,319.0,160.0,48.0,46.0,335.0,192.0,False,False
5284,16.0,,,,,,,,,176.0,860.0,5.0,8.0,242.0,24.0,16.0,22.0,37.0,185.0,1.0,49.0,136.0,3.0,6.0,3.0,2.0,,483.0,929.0,,,2.0,,,,2022,RB,162.5,162.5,10.2,10.2,29.0,36.0,101.0,135.0,29.0,36.0,96.0,125.0,True,True
6380,,,,,,,,,,,,,,,,,,,,,,,,,,,,,,,,,,,,2022,WR,0.0,0.0,,,217.0,,561.0,,217.0,,558.0,,False,False
5289,,,,,,,,,,,,,,,,,,,,,,,,,,,,,,,,,,,,2022,WR,0.0,0.0,,,217.0,,561.0,,217.0,,558.0,,False,False
6804,4.0,21.0,14.0,195.0,1.0,,,78.0,1.0,1.0,-1.0,,,,,,,,,,,,,,,,,26.0,1034.0,,,,,,,2022,QB,11.7,9.8,2.9,2.4,64.0,64.0,424.0,346.0,61.0,65.0,440.0,368.0,False,False
3225,17.0,1.0,1.0,23.0,,,1.0,21.0,,,,,,,,,59.0,83.0,776.0,6.0,527.0,249.0,3.0,12.0,,,,749.0,1041.0,,,,,2.0,,2022,WR,177.5,177.1,10.4,10.4,32.0,47.0,82.0,128.0,32.0,47.0,81.0,120.0,False,True
5121,17.0,1.0,1.0,2.0,1.0,,,2.0,1.0,9.0,91.0,2.0,,19.0,1.0,2.0,18.0,32.0,145.0,,53.0,92.0,3.0,5.0,1.0,,,295.0,1058.0,,,,,,,2022,WR,57.7,59.6,3.4,3.5,108.0,122.0,254.0,317.0,105.0,120.0,247.0,310.0,False,False
24,12.0,461.0,309.0,3057.0,14.0,13.0,38.0,1623.0,52.0,27.0,70.0,1.0,,11.0,4.0,2.0,,,,,,,,,15.0,5.0,,846.0,848.0,3.0,,,,,,2022,QB,161.3,128.1,13.4,10.7,26.0,28.0,104.0,75.0,27.0,32.0,133.0,112.0,False,False
8236,,,,,,,,,,,,,,,,,,,,,,,,,,,,,,,,,,,,2022,WR,0.0,0.0,,,217.0,,561.0,,217.0,,558.0,,False,False
8147,,,,,,,,,,,,,,,,,,,,,,,,,,,,,998.0,,,,,,,2022,WR,0.0,0.0,,,217.0,,561.0,,217.0,,558.0,,False,False
7956,3.0,,,,,,,,,,,,,,,,2.0,4.0,21.0,,15.0,6.0,,,,,,27.0,136.0,,,,,,,2022,WR,4.1,4.1,1.4,1.4,190.0,167.0,506.0,434.0,190.0,167.0,504.0,431.0,False,False
7496,17.0,,,,,,,,,,,,,,,,25.0,50.0,397.0,3.0,285.0,112.0,2.0,7.0,,,,777.0,1035.0,,,,,1.0,,2022,WR,84.7,84.7,5.0,5.0,85.0,102.0,207.0,264.0,85.0,102.0,204.0,261.0,False,False
3634,17.0,,,,,,,,,7.0,36.0,,,12.0,1.0,1.0,47.0,64.0,616.0,,398.0,218.0,,9.0,3.0,1.0,1.0,532.0,1080.0,,,,,,,2022,WR,116.2,116.2,6.8,6.8,58.0,85.0,146.0,219.0,58.0,85.0,144.0,214.0,False,False
4574,9.0,162.0,94.0,1051.0,5.0,3.0,7.0,596.0,18.0,9.0,6.0,,,,,,,,,,,,,,2.0,,,335.0,1092.0,,,,,,,2022,QB,56.6,45.6,6.3,5.1,39.0,55.0,256.0,230.0,38.0,55.0,280.0,258.0,False,False
8500,,,,,,,,,,,,,,,,,,,,,,,,,,,,,,,,,,,,2022,TE,0.0,0.0,,,114.0,,561.0,,114.0,,558.0,,False,False
4037,15.0,,,,,,,,,3.0,5.0,,,1.0,2.0,,104.0,142.0,1023.0,3.0,496.0,527.0,3.0,15.0,2.0,2.0,,854.0,1029.0,,,,,2.0,,2022,WR,224.8,224.8,15.0,15.0,19.0,18.0,50.0,50.0,19.0,18.0,47.0,46.0,True,True
5137,17.0,,,,,,,,,2.0,6.0,,1.0,4.0,,,57.0,70.0,569.0,4.0,393.0,176.0,3.0,7.0,3.0,3.0,,524.0,1072.0,,,,,,,2022,WR,132.5,132.5,7.8,7.8,50.0,69.0,131.0,193.0,50.0,69.0,129.0,185.0,False,False
5013,,,,,,,,,,,,,,,,,,,,,,,,,,,,,,,,,,,,2022,WR,0.0,0.0,,,217.0,,561.0,,217.0,,558.0,,False,False
2146,10.0,,,,,,,,,,,,,,,,1.0,4.0,4.0,,1.0,3.0,,2.0,,,,96.0,677.0,,,,,,,2022,TE,1.4,1.4,0.1,0.1,113.0,113.0,543.0,555.0,113.0,113.0,539.0,551.0,False,False
5906,16.0,,,,,,,,,,,,,,,,48.0,65.0,517.0,6.0,324.0,193.0,4.0,9.0,,,,777.0,970.0,,,,,,,2022,TE,135.7,135.7,8.5,8.5,14.0,17.0,129.0,171.0,14.0,17.0,127.0,162.0,False,True
7812,5.0,,,,,,,,,,,,,,,,3.0,4.0,24.0,,14.0,10.0,,,,,,36.0,310.0,,,,,,,2022,WR,5.4,5.4,1.1,1.1,180.0,175.0,486.0,465.0,180.0,175.0,485.0,462.0,False,False
7066,17.0,,,,,,,,,3.0,6.0,,1.0,4.0,,1.0,60.0,90.0,650.0,5.0,349.0,301.0,2.0,9.0,1.0,,,818.0,1097.0,,,,,2.0,,2022,WR,159.6,159.6,9.4,9.4,44.0,54.0,106.0,149.0,44.0,54.0,99.0,139.0,False,False
8475,15.0,,,,,,,,,5.0,30.0,,2.0,20.0,1.0,1.0,4.0,9.0,2.0,,-11.0,13.0,1.0,,5.0,1.0,,78.0,1001.0,,,,,,,2022,WR,5.2,5.2,0.3,0.3,181.0,205.0,489.0,535.0,181.0,205.0,488.0,529.0,False,False
260,2.0,2.0,1.0,10.0,,,,6.0,,2.0,3.0,,,4.0,1.0,,,,,,,,,,,,,11.0,325.0,,,,,,,2022,QB,0.7,0.5,0.4,0.2,77.0,76.0,553.0,517.0,72.0,73.0,549.0,539.0,False,False
2711,9.0,259.0,161.0,1859.0,12.0,6.0,19.0,1073.0,33.0,28.0,96.0,1.0,1.0,26.0,4.0,4.0,,,,,,,,,7.0,5.0,,614.0,1124.0,,,,,,,2022,QB,116.0,102.8,12.9,11.4,30.0,30.0,148.0,85.0,30.0,29.0,167.0,99.0,False,False
6857,,,,,,,,,,,,,,,,,,,,,,,,,,,,,,,,,,,,2022,WR,0.0,0.0,,,217.0,,561.0,,217.0,,558.0,,False,False
8182,1.0,,,,,,,,,,,,,,,,,,,,,,,,,,,2.0,63.0,,,,,,,2022,TE,0.0,0.0,0.0,0.0,114.0,114.0,561.0,559.0,114.0,114.0,558.0,556.0,False,False
7533,11.0,,,,,,,,,4.0,57.0,1.0,,2.0,,,4.0,10.0,51.0,,24.0,27.0,2.0,,1.0,1.0,,107.0,785.0,,,,,,,2022,WR,18.8,18.8,1.7,1.7,151.0,159.0,388.0,413.0,151.0,159.0,386.0,411.0,False,False
1837,11.0,308.0,207.0,2437.0,16.0,4.0,18.0,993.0,43.0,23.0,33.0,2.0,,19.0,5.0,,,,,,,,,,3.0,2.0,,614.0,792.0,1.0,,,,,,2022,QB,166.8,150.0,15.2,13.6,25.0,19.0,98.0,45.0,23.0,20.0,109.0,61.0,False,True
8205,17.0,,,,,,,,,170.0,830.0,5.0,4.0,282.0,30.0,5.0,13.0,14.0,130.0,,-27.0,157.0,,1.0,4.0,2.0,,351.0,1149.0,,,1.0,,,,2022,RB,137.0,137.0,8.1,8.1,38.0,53.0,128.0,185.0,38.0,53.0,125.0,179.0,False,False
1166,17.0,643.0,424.0,4547.0,29.0,14.0,46.0,2575.0,99.0,31.0,97.0,2.0,,31.0,6.0,2.0,,,,,,,,,7.0,3.0,,1076.0,1097.0,1.0,2.0,,,,,2022,QB,295.6,262.6,17.4,15.4,8.0,14.0,19.0,28.0,8.0,15.0,24.0,41.0,True,True
5185,15.0,,,,,,,,,2.0,,,,,,1.0,60.0,100.0,788.0,6.0,540.0,248.0,5.0,17.0,,,,809.0,907.0,,,,,1.0,,2022,WR,176.8,176.8,11.8,11.8,33.0,35.0,83.0,101.0,33.0,35.0,82.0,92.0,False,True
8110,16.0,,,,,,,,,,,,,,,,19.0,22.0,174.0,2.0,50.0,124.0,,3.0,,,,416.0,1017.0,,,,,,,2022,TE,48.4,48.4,3.0,3.0,48.0,58.0,277.0,340.0,48.0,58.0,274.0,338.0,False,False
8251,,,,,,,,,,,,,,,,,,,,,,,,,,,,,,,,,,,,2022,WR,0.0,0.0,,,217.0,,561.0,,217.0,,558.0,,False,False
4491,3.0,,,,,,,,,,,,,,,,,,,,,,,,,,,10.0,229.0,,,,,,,2022,WR,0.0,0.0,0.0,0.0,217.0,216.0,561.0,559.0,217.0,216.0,558.0,556.0,False,False
7842,17.0,,,,,,,,,,,,,,,,4.0,4.0,40.0,,4.0,36.0,,,,,,97.0,1123.0,,,,,,,2022,TE,8.0,8.0,0.5,0.5,94.0,100.0,463.0,510.0,94.0,100.0,460.0,506.0,False,False
4082,17.0,,,,,,,,,38.0,187.0,1.0,1.0,66.0,7.0,6.0,64.0,92.0,656.0,4.0,366.0,290.0,5.0,9.0,1.0,1.0,,815.0,1124.0,,,,,,,2022,WR,176.3,176.3,10.4,10.4,35.0,47.0,85.0,128.0,35.0,47.0,84.0,120.0,False,True
1049,12.0,325.0,212.0,2536.0,13.0,6.0,33.0,1363.0,50.0,34.0,98.0,2.0,1.0,27.0,7.0,1.0,,,,,,,,,3.0,2.0,,686.0,725.0,1.0,,,,,,2022,QB,161.2,136.5,13.4,11.4,27.0,28.0,105.0,75.0,26.0,29.0,126.0,99.0,False,False
1339,10.0,,,,,,,,,,,,,,,,47.0,69.0,406.0,4.0,276.0,130.0,3.0,15.0,,,,575.0,726.0,,,,,,,2022,TE,111.6,111.6,11.2,11.2,20.0,6.0,158.0,110.0,20.0,6.0,155.0,102.0,False,False
5878,7.0,,,,,,,,,,,,,,,,7.0,9.0,116.0,1.0,101.0,15.0,,1.0,,,,159.0,391.0,,,,,,,2022,TE,24.6,24.6,3.5,3.5,70.0,50.0,356.0,312.0,70.0,50.0,355.0,310.0,False,False
8131,16.0,,,,,,,,,,,,,,,,36.0,60.0,373.0,3.0,202.0,171.0,6.0,11.0,,,,345.0,946.0,,,,,1.0,,2022,TE,93.3,93.3,5.8,5.8,26.0,28.0,184.0,242.0,26.0,28.0,182.0,238.0,False,False
4046,17.0,648.0,435.0,5250.0,41.0,12.0,26.0,2359.0,123.0,61.0,358.0,4.0,,8.0,14.0,1.0,1.0,1.0,6.0,,-9.0,15.0,,,5.0,,,1131.0,1149.0,8.0,2.0,,,,,2022,QB,435.4,412.4,25.6,24.3,1.0,1.0,1.0,1.0,1.0,1.0,1.0,1.0,True,True
3286,17.0,,,,,,,,,,,,,,,,48.0,75.0,458.0,2.0,312.0,146.0,2.0,10.0,2.0,1.0,,588.0,1018.0,,,,,1.0,,2022,WR,105.8,105.8,6.2,6.2,66.0,94.0,165.0,234.0,67.0,94.0,161.0,231.0,False,False
7609,8.0,,,,,,,,,1.0,-4.0,,,,,1.0,2.0,4.0,8.0,,-3.0,11.0,,,1.0,,,74.0,553.0,,,,,,,2022,RB,2.4,2.4,0.3,0.3,141.0,148.0,525.0,535.0,141.0,148.0,523.0,529.0,False,False
4551,3.0,,,,,,,,,,,,,,,,,1.0,,,,,,,,,,20.0,198.0,,,,,,,2022,WR,0.0,0.0,0.0,0.0,217.0,216.0,561.0,559.0,217.0,216.0,558.0,556.0,False,False
6171,,,,,,,,,,,,,,,,,,,,,,,,,,,,,,,,,,,,2022,WR,0.0,0.0,,,217.0,,561.0,,217.0,,558.0,,False,False
956,10.0,,,,,,,,,62.0,233.0,1.0,4.0,94.0,5.0,4.0,16.0,18.0,68.0,,-10.0,78.0,,5.0,2.0,2.0,,205.0,714.0,,,,,,,2022,RB,48.1,48.1,4.8,4.8,73.0,71.0,278.0,271.0,73.0,71.0,275.0,267.0,False,False
7564,13.0,,,,,,1.0,,,5.0,8.0,,,2.0,1.0,2.0,87.0,134.0,1046.0,9.0,609.0,437.0,9.0,24.0,2.0,2.0,,731.0,778.0,,,,,4.0,,2022,WR,250.4,250.4,19.3,19.3,11.0,6.0,33.0,17.0,11.0,6.0,31.0,15.0,True,True
8174,5.0,,,,,,,,,18.0,52.0,1.0,3.0,23.0,3.0,3.0,,,,,,,,,,,,42.0,304.0,,,,,,,2022,RB,11.2,11.2,2.2,2.2,113.0,103.0,430.0,386.0,113.0,103.0,425.0,383.0,False,False
8177,15.0,,,,,,,,,,,,,,,,5.0,9.0,81.0,,40.0,41.0,1.0,2.0,,,,216.0,952.0,,,,,,,2022,TE,13.1,13.1,0.9,0.9,87.0,94.0,413.0,474.0,87.0,94.0,409.0,471.0,False,False
8125,,,,,,,,,,,,,,,,,,,,,,,,,,,,,,,,,,,,2022,WR,0.0,0.0,,,217.0,,561.0,,217.0,,558.0,,False,False
7746,6.0,,,,,,,,,,,,,,,,2.0,4.0,13.0,,13.0,,,,,,,47.0,287.0,,,,,,,2022,WR,3.3,3.3,0.5,0.5,197.0,199.0,514.0,510.0,197.0,199.0,512.0,506.0,False,False
7587,15.0,,,,,,,,,1.0,15.0,,,,,,5.0,14.0,143.0,2.0,112.0,31.0,,,,,,161.0,989.0,,,,,1.0,,2022,WR,34.8,34.8,2.3,2.3,129.0,145.0,321.0,381.0,129.0,145.0,315.0,377.0,False,False
8117,8.0,,,,,,,,,,,,,,,,2.0,3.0,12.0,,10.0,2.0,,1.0,,,,89.0,616.0,,,,,,,2022,WR,3.2,3.2,0.4,0.4,198.0,201.0,515.0,517.0,198.0,201.0,513.0,514.0,False,False
6797,17.0,699.0,477.0,4739.0,25.0,10.0,38.0,2232.0,98.0,54.0,147.0,,,9.0,6.0,1.0,2.0,2.0,-10.0,,-15.0,5.0,,1.0,8.0,3.0,,1107.0,1124.0,5.0,,,,,,2022,QB,289.3,244.5,17.0,14.4,11.0,16.0,24.0,33.0,11.0,17.0,33.0,49.0,False,True
6849,10.0,,,,,,,,,,,,,,,,11.0,25.0,186.0,,111.0,75.0,3.0,1.0,,,,265.0,583.0,,,,,,,2022,WR,29.6,29.6,3.0,3.0,137.0,129.0,340.0,340.0,137.0,129.0,338.0,338.0,False,False
5781,3.0,,,,,,,,,,,,,,,,,,,,,,,,,,,1.0,185.0,,,,,,,2022,WR,0.0,0.0,0.0,0.0,217.0,216.0,561.0,559.0,217.0,216.0,558.0,556.0,False,False
6801,17.0,,,,,,,,,,,,,,,,75.0,110.0,1042.0,7.0,750.0,292.0,6.0,10.0,,,,701.0,1041.0,,,,,4.0,,2022,WR,229.2,229.2,13.5,13.5,18.0,25.0,45.0,71.0,18.0,25.0,42.0,64.0,True,True
8660,,,,,,,,,,,,,,,,,,,,,,,,,,,,,,,,,,,,2022,TE,0.0,0.0,,,114.0,,561.0,,114.0,,558.0,,False,False
8921,8.0,,,,,,,,,,,,,,,,1.0,1.0,7.0,,3.0,4.0,,,,,,7.0,259.0,,,,,,,2022,WR,1.7,1.7,0.2,0.2,205.0,210.0,532.0,545.0,205.0,210.0,529.0,539.0,False,False
7359,,,,,,,,,,,,,,,,,,,,,,,,,,,,,,,,,,,,2022,TE,0.0,0.0,,,114.0,,561.0,,114.0,,558.0,,False,False
3433,2.0,,,,,,,,,,,,,,,,,,,,,,,,,,,,147.0,,,,,,,2022,WR,0.0,0.0,0.0,0.0,217.0,216.0,561.0,559.0,217.0,216.0,558.0,556.0,False,False
4111,17.0,,,,,,,,,203.0,914.0,5.0,10.0,409.0,32.0,17.0,5.0,9.0,26.0,,-1.0,27.0,,1.0,1.0,,,338.0,957.0,,,5.0,,,,2022,RB,139.0,139.0,8.2,8.2,37.0,51.0,126.0,181.0,37.0,51.0,123.0,175.0,False,False
6386,,,,,,,,,,,,,,,,,,,,,,,,,,,,,,,,,,,,2022,WR,0.0,0.0,,,217.0,,561.0,,217.0,,558.0,,False,False
4443,16.0,,,,,,,,,,,,,,,,12.0,20.0,117.0,,34.0,83.0,1.0,2.0,,,,335.0,1010.0,,,,,,,2022,TE,23.7,23.7,1.5,1.5,74.0,77.0,361.0,429.0,74.0,77.0,360.0,427.0,False,False
2399,1.0,,,,,,,,,2.0,-2.0,,,,,1.0,3.0,4.0,15.0,1.0,8.0,7.0,,1.0,,,,21.0,57.0,,,,,,,2022,RB,10.3,10.3,10.3,10.3,116.0,35.0,436.0,133.0,116.0,35.0,431.0,123.0,False,False
8414,17.0,,,,,,,,,,,,,,,,,,,,,,,,2.0,,,19.0,1102.0,,,,,,,2022,WR,0.0,0.0,0.0,0.0,217.0,216.0,561.0,559.0,217.0,216.0,558.0,556.0,False,False
8523,10.0,,,,,,,,,,,,,,,,,,,,,,,,,,,,707.0,,,,,,,2022,TE,0.0,0.0,0.0,0.0,114.0,114.0,561.0,559.0,114.0,114.0,558.0,556.0,False,False
7539,,,,,,,,,,,,,,,,,,,,,,,,,,,,,,,,,,,,2022,RB,0.0,0.0,,,153.0,,561.0,,153.0,,558.0,,False,False
8180,15.0,,,,,,,,,,,,,,,,9.0,13.0,179.0,1.0,112.0,67.0,,1.0,,,,24.0,952.0,,,,,,,2022,WR,32.9,32.9,2.2,2.2,132.0,147.0,326.0,386.0,132.0,147.0,322.0,383.0,False,False
1737,3.0,7.0,2.0,8.0,,,,3.0,,5.0,,,,,2.0,,,,,,,,,,,,,24.0,1026.0,,,,,,,2022,QB,0.3,0.2,0.1,0.1,79.0,79.0,558.0,555.0,76.0,75.0,555.0,551.0,False,False
6247,7.0,,,,,,,,,,,,,,,,1.0,2.0,5.0,,5.0,,,,,,,54.0,507.0,,,,,,,2022,WR,1.5,1.5,0.2,0.2,210.0,210.0,540.0,545.0,210.0,210.0,537.0,539.0,False,False
7854,4.0,,,,,,,,,,,,,,,,,1.0,,,,,,,,,,16.0,284.0,,,,,,,2022,TE,0.0,0.0,0.0,0.0,114.0,114.0,561.0,559.0,114.0,114.0,558.0,556.0,False,False
5253,,,,,,,,,,,,,,,,,,,,,,,,,,,,,,,,,,,,2022,TE,0.0,0.0,,,114.0,,561.0,,114.0,,558.0,,False,False
1346,13.0,,,,,,,,,2.0,5.0,,,,,1.0,27.0,42.0,387.0,4.0,273.0,114.0,2.0,4.0,,,,420.0,826.0,,,,,,,2022,WR,90.2,90.2,6.9,6.9,80.0,84.0,190.0,216.0,80.0,84.0,188.0,211.0,False,False
4881,12.0,326.0,203.0,2242.0,17.0,7.0,26.0,1271.0,56.0,112.0,764.0,3.0,14.0,222.0,19.0,10.0,,,,,,,,,5.0,2.0,,728.0,790.0,1.0,,2.0,,,,2022,QB,240.1,229.2,20.0,19.1,14.0,6.0,39.0,14.0,13.0,7.0,42.0,18.0,False,True
167,17.0,733.0,490.0,4694.0,25.0,9.0,22.0,2379.0,97.0,29.0,-1.0,1.0,,5.0,9.0,,,1.0,,,,,,,5.0,4.0,,1161.0,1161.0,4.0,1.0,,,,,2022,QB,279.7,235.8,16.5,13.9,12.0,18.0,25.0,38.0,12.0,18.0,38.0,56.0,False,True
4219,,,,,,,,,,,,,,,,,,,,,,,,,,,,,,,,,,,,2022,RB,0.0,0.0,,,153.0,,561.0,,153.0,,558.0,,False,False
2133,17.0,,,,,,1.0,,,3.0,-1.0,,1.0,,,2.0,100.0,180.0,1516.0,14.0,1023.0,493.0,7.0,22.0,1.0,,,1044.0,1102.0,,,,,8.0,,2022,WR,351.5,351.5,20.7,20.7,3.0,4.0,9.0,11.0,3.0,4.0,8.0,9.0,True,True
96,17.0,542.0,350.0,3695.0,26.0,12.0,32.0,1818.0,75.0,34.0,94.0,1.0,,7.0,7.0,,,,,,,,,,8.0,4.0,,1008.0,1034.0,,,,,,,2022,QB,235.2,213.3,13.8,12.5,15.0,27.0,41.0,66.0,15.0,26.0,54.0,83.0,False,True
5872,13.0,,,,,,,,,42.0,232.0,3.0,3.0,105.0,8.0,5.0,56.0,94.0,632.0,2.0,139.0,493.0,9.0,13.0,3.0,2.0,,617.0,802.0,,,,,1.0,,2022,WR,170.4,170.4,13.1,13.1,38.0,29.0,92.0,80.0,38.0,29.0,88.0,73.0,False,False
8820,16.0,,,,,,,,,,,,,,,,5.0,8.0,19.0,,9.0,10.0,,1.0,,,,159.0,932.0,,,,,,,2022,RB,6.9,6.9,0.4,0.4,130.0,141.0,470.0,517.0,130.0,141.0,470.0,514.0,False,False
4420,11.0,,,,,,,,,,,,,,,,3.0,5.0,54.0,,46.0,8.0,,1.0,,,,171.0,650.0,,,,,,,2022,WR,8.4,8.4,0.8,0.8,174.0,182.0,458.0,484.0,174.0,182.0,456.0,480.0,False,False
827,3.0,8.0,6.0,58.0,1.0,1.0,3.0,32.0,1.0,5.0,70.0,,,6.0,,,,,,,,,,,2.0,1.0,,32.0,1011.0,,,,,,,2022,QB,9.3,10.2,3.1,3.4,66.0,62.0,450.0,335.0,60.0,60.0,432.0,316.0,False,False
6985,1.0,,,,,,,,,,,,,,,,2.0,6.0,24.0,,17.0,7.0,1.0,1.0,,,,24.0,114.0,,,,,,,2022,WR,4.4,4.4,4.4,4.4,187.0,110.0,501.0,284.0,187.0,110.0,499.0,279.0,False,False
4892,12.0,335.0,201.0,2163.0,10.0,8.0,36.0,1004.0,31.0,31.0,89.0,1.0,1.0,16.0,6.0,2.0,,,,,,,,,9.0,2.0,,588.0,834.0,,,,,,,2022,QB,121.4,98.2,10.1,8.2,29.0,44.0,140.0,136.0,32.0,43.0,174.0,175.0,False,False
4137,13.0,,,,,,,,,183.0,782.0,7.0,5.0,340.0,23.0,12.0,46.0,58.0,300.0,1.0,-76.0,376.0,7.0,4.0,3.0,1.0,,663.0,938.0,,,1.0,,,,2022,RB,202.2,202.2,15.6,15.6,19.0,10.0,63.0,42.0,19.0,10.0,61.0,37.0,True,True
8145,9.0,,,,,,,,,,,,,,,,1.0,2.0,8.0,,7.0,1.0,1.0,,,,,27.0,523.0,,,,,,,2022,TE,1.8,1.8,0.2,0.2,110.0,109.0,528.0,545.0,110.0,109.0,526.0,539.0,False,False
7106,7.0,,,,,,1.0,,,,,,,,,,13.0,19.0,118.0,1.0,40.0,78.0,,1.0,,,,152.0,490.0,,,,,,,2022,TE,30.8,30.8,4.4,4.4,61.0,39.0,333.0,284.0,61.0,39.0,330.0,279.0,False,False
928,13.0,,,,,,,,,,,,,,,,34.0,50.0,417.0,1.0,232.0,185.0,2.0,7.0,1.0,,,352.0,776.0,,,,,,,2022,WR,81.7,81.7,6.3,6.3,91.0,92.0,214.0,230.0,91.0,92.0,211.0,227.0,False,False
5347,17.0,,,,,,,,,24.0,33.0,1.0,,9.0,5.0,5.0,30.0,37.0,241.0,1.0,51.0,190.0,2.0,7.0,2.0,,2.0,205.0,1035.0,,,,,,,2022,RB,81.4,81.4,4.8,4.8,57.0,71.0,215.0,271.0,57.0,71.0,212.0,267.0,False,False
7607,16.0,,,,,,,,,114.0,402.0,3.0,7.0,132.0,19.0,9.0,41.0,54.0,288.0,,14.0,274.0,2.0,8.0,2.0,1.0,,478.0,973.0,,,,,,,2022,RB,126.0,126.0,7.9,7.9,40.0,54.0,136.0,191.0,40.0,54.0,135.0,182.0,False,False
8167,14.0,,,,,,,,,7.0,80.0,2.0,,,1.0,1.0,41.0,66.0,611.0,7.0,335.0,276.0,4.0,13.0,,,,455.0,845.0,,,,,3.0,,2022,WR,170.1,170.1,12.2,12.2,39.0,33.0,94.0,94.0,39.0,33.0,90.0,87.0,False,False
8211,6.0,,,,,,,,,34.0,99.0,,2.0,47.0,10.0,4.0,,2.0,,,,,,,,,,62.0,535.0,,,,,,,2022,RB,9.9,9.9,1.6,1.6,120.0,116.0,444.0,425.0,120.0,116.0,439.0,424.0,False,False
5432,17.0,,,,,,,,,,,,,,,,8.0,18.0,89.0,,71.0,18.0,,3.0,,,,316.0,1124.0,,,,,,,2022,WR,16.9,16.9,1.0,1.0,152.0,176.0,400.0,469.0,152.0,176.0,394.0,466.0,False,False
7599,,,,,,,,,,,,,,,,,,,,,,,,,,,,,,,,,,,,2022,RB,0.0,0.0,,,153.0,,561.0,,153.0,,558.0,,False,False
7279,,,,,,,,,,,,,,,,,,,,,,,,,,,,,,,,,,,,2022,WR,0.0,0.0,,,217.0,,561.0,,217.0,,558.0,,False,False
5947,14.0,,,,,,,,,2.0,-11.0,,,4.0,,,67.0,96.0,804.0,6.0,568.0,236.0,4.0,7.0,2.0,2.0,,629.0,801.0,,,,,1.0,,2022,WR,180.3,180.3,12.9,12.9,29.0,31.0,76.0,85.0,29.0,31.0,73.0,78.0,True,True
8158,,,,,,,,,,,,,,,,,,,,,,,,,,,,,,,,,,,,2022,QB,0.0,0.0,,,80.0,,561.0,,77.0,,558.0,,False,False
8831,1.0,,,,,,,,,,,,,,,,,,,,,,,,,,,1.0,64.0,,,,,,,2022,WR,0.0,0.0,0.0,0.0,217.0,216.0,561.0,559.0,217.0,216.0,558.0,556.0,False,False
8751,,,,,,,,,,,,,,,,,,,,,,,,,,,,,,,,,,,,2022,TE,0.0,0.0,,,114.0,,561.0,,114.0,,558.0,,False,False
2360,11.0,,,,,,,,,,,,,,,,3.0,3.0,18.0,,12.0,6.0,,,,,,158.0,738.0,,,,,,,2022,TE,4.8,4.8,0.4,0.4,103.0,102.0,494.0,517.0,103.0,102.0,492.0,514.0,False,False
830,15.0,,,,,,,,,,,,,,,,24.0,47.0,236.0,2.0,175.0,61.0,2.0,6.0,,,,521.0,1077.0,,,,,,,2022,WR,59.6,59.6,4.0,4.0,105.0,111.0,249.0,294.0,105.0,111.0,247.0,291.0,False,False
8068,,,,,,,,,,,,,,,,,,,,,,,,,,,,,,,,,,,,2022,WR,0.0,0.0,,,217.0,,561.0,,217.0,,558.0,,False,False
3271,17.0,,,,,,,,,,,,,,,,72.0,108.0,620.0,3.0,217.0,403.0,7.0,16.0,,,,834.0,961.0,,,,,,,2022,TE,152.0,152.0,8.9,8.9,6.0,13.0,112.0,160.0,6.0,13.0,107.0,151.0,True,True
4988,17.0,,,,,,,,,302.0,1525.0,12.0,26.0,691.0,37.0,28.0,27.0,37.0,239.0,1.0,-20.0,259.0,3.0,1.0,1.0,1.0,,612.0,1110.0,,,7.0,,,,2022,RB,293.4,293.4,17.3,17.3,5.0,6.0,20.0,29.0,5.0,6.0,16.0,22.0,True,True
1535,13.0,,,,,,,,,144.0,695.0,8.0,4.0,284.0,30.0,16.0,21.0,31.0,122.0,,6.0,116.0,1.0,3.0,1.0,1.0,1.0,363.0,745.0,,,2.0,,,,2022,RB,158.7,158.7,12.2,12.2,31.0,25.0,107.0,94.0,31.0,25.0,100.0,87.0,False,True
7605,1.0,9.0,3.0,23.0,,,,3.0,,,,,,,,,,,,,,,,,,,,,130.0,,,,,,,2022,QB,0.9,0.5,0.9,0.5,75.0,74.0,550.0,474.0,72.0,72.0,549.0,506.0,False,False
7569,10.0,,,,,,,,,,,,,,,,37.0,66.0,481.0,2.0,321.0,160.0,1.0,8.0,,,,442.0,618.0,,,,,,,2022,WR,97.1,97.1,9.7,9.7,77.0,53.0,181.0,145.0,77.0,53.0,179.0,136.0,False,False
6659,9.0,,,,,,,,,23.0,102.0,,,34.0,1.0,3.0,9.0,10.0,116.0,,4.0,112.0,,,,,,116.0,600.0,,,,,,,2022,RB,30.8,30.8,3.4,3.4,88.0,85.0,333.0,317.0,88.0,85.0,330.0,316.0,False,False
4131,12.0,,,,,,,,,,,,,,,,6.0,17.0,81.0,1.0,70.0,11.0,4.0,1.0,,,,198.0,738.0,,,,,,,2022,WR,20.1,20.1,1.7,1.7,146.0,159.0,378.0,413.0,146.0,159.0,375.0,411.0,False,False
5973,17.0,,,,,,,,,,,,,,,,14.0,25.0,149.0,2.0,77.0,72.0,2.0,10.0,,,,480.0,1018.0,,,,,,,2022,TE,40.9,40.9,2.4,2.4,51.0,62.0,301.0,373.0,51.0,62.0,296.0,368.0,False,False
6870,7.0,,,,,,,,,,,,,,,,3.0,5.0,15.0,,6.0,9.0,,3.0,,,,91.0,437.0,,,,,,,2022,WR,4.5,4.5,0.6,0.6,185.0,194.0,499.0,501.0,185.0,194.0,497.0,498.0,False,False
8408,16.0,,,,,,,,,43.0,258.0,1.0,3.0,129.0,3.0,4.0,,,,,,,,,,,,68.0,959.0,,,,,,,2022,RB,31.8,31.8,2.0,2.0,87.0,106.0,330.0,398.0,87.0,106.0,326.0,395.0,False,False
5128,1.0,,,,,,,,,,,,,,,,,,,,,,,,,,,,316.0,,,,,,,2022,QB,0.0,0.0,0.0,0.0,80.0,80.0,561.0,559.0,77.0,77.0,558.0,556.0,False,False
7021,5.0,,,,,,,,,,,,,,,,,,,,,,,,,,,6.0,310.0,,,,,,,2022,RB,0.0,0.0,0.0,0.0,153.0,152.0,561.0,559.0,153.0,152.0,558.0,556.0,False,False
5260,,,,,,,,,,,,,,,,,,,,,,,,,,,,,,,,,,,,2022,WR,0.0,0.0,,,217.0,,561.0,,217.0,,558.0,,False,False
7083,6.0,112.0,75.0,658.0,2.0,3.0,7.0,409.0,15.0,43.0,137.0,1.0,,5.0,11.0,2.0,,,,,,,,,3.0,,,268.0,1018.0,,,,,,,2022,QB,48.0,38.9,8.0,6.5,41.0,50.0,279.0,187.0,42.0,51.0,304.0,222.0,False,False
8137,17.0,,,,,,,,,3.0,24.0,1.0,,4.0,1.0,,52.0,84.0,801.0,4.0,697.0,104.0,3.0,6.0,,,,836.0,1087.0,,,,,1.0,,2022,WR,166.5,166.5,9.8,9.8,42.0,51.0,99.0,141.0,42.0,51.0,94.0,131.0,False,False
5987,17.0,,,,,,,,,74.0,283.0,5.0,6.0,91.0,13.0,11.0,15.0,18.0,91.0,1.0,-30.0,121.0,2.0,5.0,,,,272.0,1097.0,,,,,,,2022,RB,88.4,88.4,5.2,5.2,51.0,67.0,193.0,257.0,51.0,67.0,192.0,255.0,False,False
8179,8.0,,,,,,,,,12.0,42.0,1.0,,11.0,1.0,,,,,,,,,,,,,38.0,650.0,,,,,,,2022,RB,10.2,10.2,1.3,1.3,117.0,122.0,437.0,448.0,117.0,122.0,432.0,444.0,False,False
5962,,,,,,,,,,,,,,,,,,,,,,,,,,,,,,,,,,,,2022,WR,0.0,0.0,,,217.0,,561.0,,217.0,,558.0,,False,False
8135,11.0,,,,,,,,,4.0,47.0,,,15.0,,,33.0,54.0,444.0,1.0,286.0,158.0,3.0,4.0,,,,393.0,674.0,,,,,1.0,,2022,WR,90.1,90.1,8.2,8.2,81.0,65.0,191.0,181.0,81.0,65.0,189.0,175.0,False,False
7694,17.0,,,,,,,,,,,,,,,,19.0,32.0,174.0,3.0,104.0,70.0,1.0,7.0,1.0,1.0,,481.0,957.0,,,,,,,2022,TE,52.4,52.4,3.1,3.1,46.0,57.0,270.0,335.0,46.0,57.0,267.0,334.0,False,False
5076,1.0,,,,,,,,,,,,,,,,,,,,,,,,,,,,57.0,,,,,,,2022,RB,0.0,0.0,0.0,0.0,153.0,152.0,561.0,559.0,153.0,152.0,558.0,556.0,False,False
7596,16.0,,,,,,,,,5.0,5.0,,,9.0,,2.0,37.0,65.0,446.0,1.0,316.0,130.0,2.0,7.0,1.0,,,692.0,999.0,,,,,,,2022,WR,88.1,88.1,5.5,5.5,82.0,99.0,195.0,254.0,82.0,99.0,193.0,251.0,False,False
8799,,,,,,,,,,,,,,,,,,,,,,,,,,,,,,,,,,,,2022,TE,0.0,0.0,,,114.0,,561.0,,114.0,,558.0,,False,False
8146,17.0,1.0,,,,,,,,4.0,4.0,,,,1.0,2.0,83.0,147.0,1103.0,4.0,743.0,360.0,5.0,19.0,2.0,1.0,,835.0,1058.0,,,,,3.0,,2022,WR,221.7,221.7,13.0,13.0,20.0,30.0,53.0,83.0,20.0,30.0,49.0,76.0,True,True
6040,5.0,,,,,,,,,,,,,,,,,,,,,,,,,,,34.0,362.0,,,,,,,2022,TE,0.0,0.0,0.0,0.0,114.0,114.0,561.0,559.0,114.0,114.0,558.0,556.0,False,False
8543,,,,,,,,,,,,,,,,,,,,,,,,,,,,,,,,,,,,2022,WR,0.0,0.0,,,217.0,,561.0,,217.0,,558.0,,False,False
5209,9.0,,,,,,,,,24.0,102.0,,3.0,33.0,1.0,1.0,9.0,15.0,96.0,,15.0,81.0,2.0,2.0,,,,126.0,600.0,,,,,,,2022,RB,28.8,28.8,3.2,3.2,91.0,87.0,344.0,327.0,91.0,87.0,342.0,326.0,False,False
4663,17.0,,,,,,,,,204.0,915.0,13.0,5.0,386.0,47.0,20.0,107.0,127.0,722.0,5.0,-121.0,843.0,9.0,23.0,5.0,3.0,,701.0,1124.0,,,2.0,,,,2022,RB,376.7,376.7,22.2,22.2,1.0,1.0,5.0,6.0,1.0,1.0,4.0,6.0,True,True
943,9.0,,,,,,,,,,,,,,,,3.0,5.0,28.0,1.0,25.0,3.0,,2.0,,,,68.0,738.0,,,,,,,2022,TE,11.8,11.8,1.3,1.3,88.0,85.0,421.0,448.0,88.0,85.0,417.0,444.0,False,False
5902,9.0,,,,,,,,,,,,,,,,3.0,4.0,20.0,,8.0,12.0,,,,,,34.0,562.0,,,,,,,2022,WR,5.0,5.0,0.6,0.6,182.0,194.0,492.0,501.0,182.0,194.0,490.0,498.0,False,False
7438,,,,,,,,,,,,,,,,,,,,,,,,,,,,,,,,,,,,2022,WR,0.0,0.0,,,217.0,,561.0,,217.0,,558.0,,False,False
8208,1.0,,,,,,,,,1.0,,,,,,,1.0,1.0,24.0,1.0,-7.0,31.0,,,,,,,,,,,,,,2022,RB,9.4,9.4,9.4,9.4,121.0,42.0,447.0,149.0,121.0,42.0,443.0,139.0,False,False
8225,12.0,,,,,,,,,1.0,2.0,1.0,,2.0,1.0,,30.0,35.0,268.0,2.0,124.0,144.0,1.0,6.0,1.0,1.0,,574.0,798.0,,,,,,,2022,TE,73.0,73.0,6.1,6.1,35.0,26.0,225.0,236.0,35.0,26.0,225.0,232.0,False,False
5938,6.0,,,,,,,,,,,,,,,,2.0,4.0,20.0,,5.0,15.0,,,,,,128.0,379.0,,,,,,,2022,WR,4.0,4.0,0.7,0.7,192.0,191.0,508.0,495.0,192.0,191.0,506.0,491.0,False,False
4040,16.0,,,,,,,,,,,,,,,,78.0,101.0,933.0,3.0,430.0,503.0,6.0,16.0,3.0,2.0,,765.0,1084.0,,,,,2.0,,2022,WR,189.3,189.3,11.8,11.8,27.0,35.0,72.0,101.0,27.0,35.0,69.0,92.0,True,True
8206,7.0,105.0,60.0,534.0,1.0,3.0,6.0,342.0,9.0,14.0,21.0,,,,,1.0,,,,,,,,,2.0,2.0,,146.0,581.0,,,,,,,2022,QB,17.5,8.8,2.5,1.3,57.0,68.0,397.0,367.0,64.0,70.0,452.0,444.0,False,False
5110,13.0,,,,,,,,,,,,,,,,51.0,70.0,426.0,5.0,255.0,171.0,3.0,18.0,1.0,1.0,,499.0,865.0,,,,,,,2022,WR,121.6,121.6,9.4,9.4,54.0,54.0,139.0,149.0,54.0,54.0,138.0,139.0,False,False
3321,17.0,,,,,,,,,7.0,32.0,1.0,1.0,6.0,2.0,1.0,119.0,170.0,1710.0,7.0,1226.0,484.0,8.0,9.0,1.0,,,757.0,992.0,,,,,7.0,,2022,WR,355.2,355.2,20.9,20.9,2.0,3.0,8.0,9.0,2.0,3.0,6.0,8.0,True,True
8013,17.0,,,,,,,,,,,,,,,,3.0,4.0,30.0,,9.0,21.0,1.0,,,,,145.0,1123.0,,,,,,,2022,WR,6.0,6.0,0.4,0.4,178.0,201.0,478.0,517.0,178.0,201.0,478.0,514.0,False,False
6185,,,,,,,,,,,,,,,,,,,,,,,,,,,,,61.0,,,,,,,2022,QB,0.0,0.0,,,80.0,,561.0,,77.0,,558.0,,False,False
8197,17.0,,,,,,,,,1.0,2.0,1.0,,,1.0,,11.0,16.0,103.0,2.0,60.0,43.0,1.0,1.0,1.0,,,295.0,1092.0,,,,,,,2022,TE,39.5,39.5,2.3,2.3,54.0,65.0,305.0,381.0,54.0,65.0,299.0,377.0,False,False
2216,15.0,,,,,,,,,,,,,,,,77.0,127.0,1124.0,6.0,908.0,216.0,4.0,14.0,,,,931.0,1096.0,,,,,2.0,1.0,2022,WR,233.4,233.4,15.6,15.6,15.0,14.0,42.0,42.0,15.0,14.0,39.0,37.0,True,True
7562,13.0,,,,,,,,,9.0,34.0,1.0,,7.0,3.0,2.0,18.0,35.0,298.0,1.0,237.0,61.0,1.0,2.0,,,,251.0,770.0,,,,,,,2022,WR,63.2,63.2,4.9,4.9,101.0,104.0,240.0,267.0,101.0,104.0,239.0,264.0,False,False
8132,16.0,,,,,,,,,210.0,1035.0,3.0,5.0,394.0,38.0,14.0,16.0,17.0,139.0,1.0,-21.0,160.0,,,,,,450.0,908.0,,,2.0,,,,2022,RB,161.4,161.4,10.1,10.1,30.0,37.0,102.0,136.0,30.0,37.0,97.0,126.0,True,True
8254,6.0,,,,,,,,,9.0,12.0,,1.0,7.0,2.0,3.0,3.0,3.0,41.0,,2.0,39.0,,,,,,29.0,385.0,,,,,,,2022,RB,8.3,8.3,1.4,1.4,125.0,119.0,461.0,434.0,125.0,119.0,459.0,431.0,False,False
8107,7.0,,,,,,,,,,,,,,,,,,,,,,,,,,,43.0,383.0,,,,,,,2022,TE,0.0,0.0,0.0,0.0,114.0,114.0,561.0,559.0,114.0,114.0,558.0,556.0,False,False
7244,,,,,,,,,,,,,,,,,,,,,,,,,,,,,,,,,,,,2022,WR,0.0,0.0,,,217.0,,561.0,,217.0,,558.0,,False,False
7107,,,,,,,,,,,,,,,,,,,,,,,,,,,,,,,,,,,,2022,RB,0.0,0.0,,,153.0,,561.0,,153.0,,558.0,,False,False
2161,17.0,,,,,,,,,72.0,291.0,1.0,5.0,104.0,20.0,8.0,56.0,71.0,512.0,9.0,-29.0,541.0,3.0,15.0,1.0,1.0,,535.0,1149.0,,,,,1.0,,2022,RB,196.3,196.3,11.5,11.5,20.0,27.0,68.0,105.0,20.0,27.0,65.0,97.0,True,True
8157,4.0,92.0,65.0,781.0,5.0,3.0,6.0,411.0,9.0,10.0,,,,,1.0,,1.0,1.0,-6.0,,-8.0,2.0,,,4.0,3.0,,207.0,793.0,1.0,,,,,,2022,QB,41.6,36.0,10.4,9.0,44.0,41.0,298.0,128.0,43.0,36.0,310.0,149.0,False,False
8223,12.0,,,,,,,,,9.0,103.0,1.0,1.0,7.0,1.0,1.0,7.0,14.0,107.0,1.0,70.0,37.0,1.0,2.0,3.0,3.0,,149.0,686.0,,,,,,,2022,WR,34.0,34.0,2.8,2.8,131.0,132.0,324.0,350.0,131.0,132.0,320.0,347.0,False,False
8663,2.0,,,,,,,,,,,,,,,,,,,,,,,,,,,9.0,193.0,,,,,,,2022,WR,0.0,0.0,0.0,0.0,217.0,216.0,561.0,559.0,217.0,216.0,558.0,556.0,False,False
7867,2.0,,,,,,,,,9.0,43.0,,,11.0,2.0,,2.0,4.0,10.0,,-2.0,12.0,2.0,,,,,31.0,129.0,,,,,,,2022,RB,7.3,7.3,3.6,3.6,128.0,82.0,467.0,309.0,128.0,82.0,466.0,306.0,False,False
7535,9.0,,,,,,,,,,,,,,,,,,,,,,,,,,,82.0,505.0,,,,,,,2022,TE,0.0,0.0,0.0,0.0,114.0,114.0,561.0,559.0,114.0,114.0,558.0,556.0,False,False
5142,,,,,,,,,,,,,,,,,,,,,,,,,,,,,,,,,,,,2022,QB,0.0,0.0,,,80.0,,561.0,,77.0,,558.0,,False,False
1546,,,,,,,,,,,,,,,,,,,,,,,,,,,,,,,,,,,,2022,RB,0.0,0.0,,,153.0,,561.0,,153.0,,558.0,,False,False
7530,5.0,,,,,,,,,,,,,,,,1.0,1.0,15.0,,14.0,1.0,,,,,,26.0,245.0,,,,,,,2022,WR,2.5,2.5,0.5,0.5,203.0,199.0,523.0,510.0,203.0,199.0,521.0,506.0,False,False
6909,1.0,,,,,,,,,,,,,,,,,,,,,,,,,,,14.0,63.0,,,,,,,2022,WR,0.0,0.0,0.0,0.0,217.0,216.0,561.0,559.0,217.0,216.0,558.0,556.0,False,False
3445,14.0,,,,,,,,,,,,,,,,9.0,22.0,99.0,,63.0,36.0,1.0,3.0,,,,252.0,867.0,,,,,,,2022,WR,18.9,18.9,1.3,1.3,149.0,170.0,386.0,448.0,149.0,170.0,384.0,444.0,False,False
8253,5.0,,,,,,,,,2.0,26.0,,,,,,5.0,10.0,32.0,,,32.0,,,1.0,,,26.0,388.0,,,,,,,2022,WR,10.8,10.8,2.2,2.2,166.0,147.0,432.0,386.0,166.0,147.0,427.0,383.0,False,False
6421,3.0,,,,,,,,,,,,,,,,2.0,4.0,64.0,,57.0,7.0,,,,,,29.0,203.0,,,,,,,2022,WR,8.4,8.4,2.8,2.8,174.0,132.0,458.0,350.0,174.0,132.0,456.0,347.0,False,False
4468,,,,,,,,,,,,,,,,,,,,,,,,,,,,,,,,,,,,2022,TE,0.0,0.0,,,114.0,,561.0,,114.0,,558.0,,False,False
3695,6.0,,,,,,,,,,,,,,,,,,,,,,,,,,,85.0,396.0,,,,,,,2022,TE,0.0,0.0,0.0,0.0,114.0,114.0,561.0,559.0,114.0,114.0,558.0,556.0,False,False
8861,,,,,,,,,,,,,,,,,,,,,,,,,,,,,,,,,,,,2022,WR,0.0,0.0,,,217.0,,561.0,,217.0,,558.0,,False,False
7703,7.0,,,,,,,,,,,,,,,,1.0,1.0,6.0,,4.0,2.0,,,,,,1.0,421.0,,,,,,,2022,WR,1.6,1.6,0.2,0.2,208.0,210.0,538.0,545.0,208.0,210.0,535.0,539.0,False,False
4351,,,,,,,,,,,,,,,,,,,,,,,,,,,,,,,,,,,,2022,WR,0.0,0.0,,,217.0,,561.0,,217.0,,558.0,,False,False
4863,,,,,,,,,,,,,,,,,,,,,,,,,,,,,,,,,,,,2022,QB,0.0,0.0,,,80.0,,561.0,,77.0,,558.0,,False,False
2410,4.0,,,,,,,,,,,,,,,,6.0,13.0,60.0,,30.0,30.0,,,1.0,,,93.0,283.0,,,,,,,2022,WR,12.0,12.0,3.0,3.0,160.0,129.0,419.0,340.0,160.0,129.0,415.0,338.0,False,False
6984,6.0,,,,,,,,,10.0,24.0,,1.0,14.0,,2.0,5.0,8.0,30.0,,-4.0,34.0,1.0,1.0,,,,63.0,389.0,,,,,,,2022,RB,10.4,10.4,1.7,1.7,115.0,112.0,434.0,413.0,115.0,112.0,429.0,411.0,False,False
3198,16.0,2.0,2.0,4.0,1.0,,,4.0,1.0,349.0,1538.0,13.0,34.0,744.0,36.0,34.0,33.0,41.0,398.0,,12.0,386.0,5.0,6.0,6.0,3.0,,648.0,970.0,,,8.0,1.0,,,2022,RB,322.8,324.7,20.2,20.3,4.0,3.0,13.0,12.0,4.0,3.0,13.0,10.0,True,True
6885,15.0,,,,,,,,,17.0,53.0,,1.0,11.0,,2.0,3.0,4.0,19.0,,-10.0,29.0,,,,,,21.0,1094.0,,,,,,,2022,RB,10.2,10.2,0.7,0.7,117.0,133.0,437.0,495.0,117.0,133.0,432.0,491.0,False,False
8143,13.0,,,,,,,,,8.0,12.0,,,13.0,,2.0,,,,,,,,,,,,14.0,841.0,,,,,,,2022,RB,1.2,1.2,0.1,0.1,147.0,151.0,547.0,555.0,147.0,151.0,543.0,551.0,False,False
6694,15.0,,,,,,,,,4.0,17.0,,,12.0,1.0,,3.0,3.0,7.0,,-1.0,8.0,,,,,,35.0,1043.0,,,,,,,2022,RB,5.4,5.4,0.4,0.4,135.0,141.0,486.0,517.0,135.0,141.0,485.0,514.0,False,False
6847,14.0,,,,,,,,,12.0,84.0,1.0,,9.0,3.0,2.0,37.0,49.0,407.0,3.0,251.0,156.0,1.0,8.0,1.0,,1.0,632.0,914.0,,,,,,,2022,WR,116.1,116.1,8.3,8.3,59.0,64.0,147.0,178.0,59.0,64.0,145.0,170.0,False,False
5257,1.0,8.0,2.0,33.0,,2.0,,1.0,,2.0,-2.0,,,,,,,,,,,,,,,,,,,,,,,,,2022,QB,-2.9,-3.5,-2.9,-3.5,115.0,84.0,834.0,634.0,115.0,84.0,834.0,634.0,False,False
2750,17.0,,,,,,,,,2.0,-15.0,,,,,2.0,46.0,65.0,538.0,3.0,332.0,206.0,2.0,9.0,3.0,2.0,,657.0,1124.0,,,,,,,2022,WR,112.3,112.3,6.6,6.6,63.0,88.0,155.0,223.0,63.0,88.0,152.0,218.0,False,False
8248,,,,,,,,,,,,,,,,,,,,,,,,,,,,,,,,,,,,2022,WR,0.0,0.0,,,217.0,,561.0,,217.0,,558.0,,False,False
8189,17.0,,,,,,,,,24.0,54.0,,1.0,30.0,6.0,7.0,2.0,8.0,8.0,,24.0,-16.0,1.0,,2.0,1.0,,77.0,983.0,,,,,,,2022,RB,6.2,6.2,0.4,0.4,131.0,141.0,476.0,517.0,131.0,141.0,476.0,514.0,False,False
3312,13.0,,,,,,,,,37.0,152.0,,1.0,73.0,5.0,4.0,7.0,10.0,40.0,,2.0,38.0,2.0,,,,,68.0,849.0,,,,,,,2022,RB,26.2,26.2,2.0,2.0,94.0,106.0,351.0,398.0,94.0,106.0,350.0,395.0,False,False
6996,17.0,,,,,,,,,46.0,194.0,2.0,5.0,50.0,6.0,10.0,20.0,26.0,126.0,1.0,-3.0,129.0,2.0,1.0,,,,222.0,1123.0,,,,,,,2022,RB,70.0,70.0,4.1,4.1,62.0,79.0,230.0,291.0,62.0,79.0,229.0,288.0,False,False
7191,,,,,,,,,,,,,,,,,,,,,,,,,,,,,,,,,,,,2022,WR,0.0,0.0,,,217.0,,561.0,,217.0,,558.0,,False,False
2673,14.0,,,,,,,,,,,,,,,,13.0,23.0,268.0,2.0,163.0,105.0,1.0,,,,,292.0,790.0,,,,,,,2022,WR,51.8,51.8,3.7,3.7,115.0,115.0,272.0,300.0,115.0,115.0,269.0,297.0,False,False
4981,,,,,,,,,,,,,,,,,,,,,,,,,,,,,,,,,,,,2022,WR,0.0,0.0,,,217.0,,561.0,,217.0,,558.0,,False,False
4171,14.0,,,,,,,,,,,,,,,,38.0,59.0,479.0,3.0,364.0,115.0,3.0,13.0,,,,600.0,889.0,,,,,,,2022,WR,103.9,103.9,7.4,7.4,70.0,74.0,169.0,204.0,70.0,74.0,165.0,197.0,False,False
6926,14.0,,,,,,,,,,,,,,,,7.0,11.0,109.0,,57.0,52.0,1.0,1.0,,,,158.0,774.0,,,,,,,2022,TE,17.9,17.9,1.3,1.3,83.0,85.0,395.0,448.0,83.0,85.0,390.0,444.0,False,False
7946,17.0,,,,,,,,,,,,,,,,11.0,14.0,123.0,,74.0,49.0,,1.0,,,,548.0,1102.0,,,,,,,2022,TE,23.3,23.3,1.4,1.4,75.0,78.0,362.0,434.0,75.0,78.0,361.0,431.0,False,False
7729,1.0,,,,,,,,,,,,,,,,,,,,,,,,,,,5.0,64.0,,,,,,,2022,WR,0.0,0.0,0.0,0.0,217.0,216.0,561.0,559.0,217.0,216.0,558.0,556.0,False,False
3328,3.0,,,,,,,,,,,,,,,,,,,,,,,,,,,9.0,430.0,,,,,,,2022,WR,0.0,0.0,0.0,0.0,217.0,216.0,561.0,559.0,217.0,216.0,558.0,556.0,False,False
8160,13.0,389.0,245.0,2404.0,7.0,9.0,27.0,1334.0,46.0,55.0,237.0,3.0,,30.0,11.0,2.0,,,,,,,,,4.0,1.0,,732.0,1019.0,1.0,,,,,,2022,QB,147.9,113.8,11.4,8.8,28.0,37.0,116.0,107.0,28.0,39.0,151.0,154.0,False,False
7752,,,,,,,,,,,,,,,,,,,,,,,,,,,,,,,,,,,,2022,WR,0.0,0.0,,,217.0,,561.0,,217.0,,558.0,,False,False
5859,17.0,,,,,,,,,,,,,,,,88.0,145.0,1496.0,11.0,918.0,578.0,6.0,16.0,2.0,2.0,,946.0,1102.0,,,,,5.0,,2022,WR,309.6,309.6,18.2,18.2,6.0,8.0,16.0,23.0,6.0,8.0,15.0,20.0,True,True
4034,17.0,1.0,1.0,34.0,1.0,,,31.0,,244.0,1139.0,8.0,10.0,440.0,38.0,21.0,85.0,108.0,741.0,5.0,48.0,693.0,5.0,9.0,1.0,,,746.0,998.0,,,5.0,,,,2022,RB,366.4,367.7,21.6,21.6,2.0,2.0,6.0,7.0,2.0,2.0,5.0,7.0,True,True
6699,16.0,,,,,,,,,8.0,39.0,,,15.0,,,5.0,7.0,53.0,,40.0,13.0,,1.0,2.0,1.0,,203.0,1012.0,,,,,,,2022,WR,12.2,12.2,0.8,0.8,158.0,182.0,417.0,484.0,158.0,182.0,413.0,480.0,False,False
5937,17.0,,,,,,,,,7.0,25.0,,,6.0,2.0,,86.0,147.0,882.0,,649.0,233.0,6.0,16.0,1.0,,,982.0,1087.0,,,,,,,2022,WR,176.7,176.7,10.4,10.4,34.0,47.0,84.0,128.0,34.0,47.0,83.0,120.0,False,True
4455,17.0,,,,,,,,,54.0,220.0,1.0,2.0,66.0,9.0,6.0,20.0,25.0,118.0,,18.0,100.0,1.0,,,,,220.0,1072.0,,,,,,,2022,RB,59.8,59.8,3.5,3.5,65.0,83.0,248.0,312.0,65.0,83.0,246.0,310.0,False,False
8240,,,,,,,,,,,,,,,,,,,,,,,,,,,,,,,,,,,,2022,RB,0.0,0.0,,,153.0,,561.0,,153.0,,558.0,,False,False
7591,15.0,318.0,192.0,2242.0,17.0,11.0,55.0,1201.0,32.0,160.0,1143.0,8.0,10.0,281.0,25.0,8.0,,,,,,,,,16.0,2.0,,917.0,926.0,,,3.0,,,,2022,QB,300.0,289.1,20.0,19.3,6.0,6.0,17.0,14.0,5.0,6.0,18.0,15.0,True,True
5134,5.0,,,,,,,,,,,,,,,,2.0,4.0,18.0,,14.0,4.0,1.0,,,,,125.0,272.0,,,,,,,2022,WR,3.8,3.8,0.8,0.8,193.0,182.0,510.0,484.0,193.0,182.0,508.0,480.0,False,False
2309,17.0,1.0,,,,1.0,,,,,,,,,,,78.0,132.0,1160.0,9.0,835.0,325.0,11.0,16.0,,,,920.0,1110.0,,,,,5.0,,2022,WR,256.0,256.0,15.1,15.1,10.0,17.0,31.0,48.0,10.0,17.0,29.0,44.0,True,True
7771,6.0,,,,,,,,,,,,,,,,,,,,,,,,,,,1.0,316.0,,,,,,,2022,RB,0.0,0.0,0.0,0.0,153.0,152.0,561.0,559.0,153.0,152.0,558.0,556.0,False,False
2378,5.0,,,,,,,,,12.0,26.0,1.0,,13.0,4.0,4.0,3.0,3.0,44.0,1.0,24.0,20.0,,1.0,,,,32.0,319.0,,,,,,,2022,RB,22.0,22.0,4.4,4.4,99.0,76.0,369.0,284.0,99.0,76.0,368.0,279.0,False,False
4866,16.0,,,,,,,,,295.0,1312.0,10.0,12.0,564.0,35.0,31.0,57.0,76.0,338.0,,-96.0,434.0,6.0,2.0,1.0,,,856.0,1072.0,,,4.0,,,,2022,RB,290.0,290.0,18.1,18.1,6.0,5.0,23.0,25.0,6.0,5.0,17.0,21.0,True,True
8778,,,,,,,,,,,,,,,,,,,,,,,,,,,,,,,,,,,,2022,TE,0.0,0.0,,,114.0,,561.0,,114.0,,558.0,,False,False
8152,,,,,,,,,,,,,,,,,,,,,,,,,,,,,,,,,,,,2022,RB,0.0,0.0,,,153.0,,561.0,,153.0,,558.0,,False,False
4068,13.0,,,,,,,,,,,,,,,,63.0,93.0,895.0,4.0,561.0,334.0,1.0,13.0,,,,678.0,856.0,,,,,4.0,,2022,WR,184.5,184.5,14.2,14.2,28.0,20.0,74.0,61.0,28.0,20.0,72.0,52.0,True,True
8170,14.0,,,,,,,,,,,,,,,,11.0,11.0,113.0,1.0,51.0,62.0,,1.0,,,,172.0,872.0,,,,,,,2022,TE,28.3,28.3,2.0,2.0,67.0,71.0,345.0,398.0,67.0,71.0,344.0,395.0,False,False
1833,1.0,,,,,,,,,2.0,2.0,,,2.0,,,,,,,,,,,,,,10.0,75.0,,,,,,,2022,RB,0.2,0.2,0.2,0.2,151.0,150.0,559.0,545.0,151.0,150.0,555.0,539.0,False,False
6662,17.0,,,,,,,,,,,,,,,,9.0,11.0,89.0,,53.0,36.0,,2.0,,,,601.0,983.0,,,,,,,2022,TE,17.9,17.9,1.1,1.1,83.0,92.0,395.0,465.0,83.0,92.0,390.0,462.0,False,False
1244,2.0,,,,,,,,,,,,,,,,,1.0,,,,,,,,,,24.0,114.0,,,,,,,2022,WR,0.0,0.0,0.0,0.0,217.0,216.0,561.0,559.0,217.0,216.0,558.0,556.0,False,False
5967,16.0,,,,,,,,,193.0,1007.0,9.0,11.0,495.0,23.0,19.0,39.0,55.0,371.0,3.0,24.0,347.0,3.0,8.0,,,,540.0,1012.0,,,3.0,,1.0,,2022,RB,256.8,256.8,16.0,16.0,7.0,9.0,29.0,40.0,7.0,9.0,27.0,34.0,True,True
8076,10.0,,,,,,,,,,,,,,,,10.0,21.0,89.0,,64.0,25.0,1.0,1.0,,,,205.0,718.0,,,,,,,2022,WR,18.9,18.9,1.9,1.9,149.0,154.0,386.0,403.0,149.0,154.0,384.0,400.0,False,False
5916,10.0,,,,,,,,,70.0,283.0,3.0,2.0,100.0,9.0,1.0,17.0,22.0,102.0,,-8.0,110.0,,2.0,,,,331.0,620.0,,,,,,,2022,RB,73.5,73.5,7.4,7.4,60.0,56.0,224.0,204.0,60.0,56.0,224.0,197.0,False,False
6069,15.0,,,,,,,,,,,,,,,,,1.0,,,,,,1.0,,,,71.0,920.0,,,,,,,2022,WR,0.0,0.0,0.0,0.0,217.0,216.0,561.0,559.0,217.0,216.0,558.0,556.0,False,False
8130,16.0,,,,,,,,,,,,,,,,29.0,39.0,265.0,1.0,148.0,117.0,2.0,1.0,1.0,,,556.0,1088.0,,,,,,,2022,TE,61.5,61.5,3.8,3.8,40.0,44.0,244.0,297.0,40.0,44.0,243.0,294.0,False,False
7536,15.0,,,,,,,,,,,,,,,,8.0,11.0,84.0,1.0,51.0,33.0,,2.0,1.0,1.0,,257.0,892.0,,,,,,,2022,TE,20.4,20.4,1.4,1.4,79.0,78.0,377.0,434.0,79.0,78.0,374.0,431.0,False,False
8142,16.0,,,,,,,,,,,,,,,,41.0,78.0,593.0,2.0,484.0,109.0,4.0,6.0,1.0,,,678.0,1028.0,,,,,,,2022,WR,112.3,112.3,7.0,7.0,63.0,81.0,155.0,213.0,63.0,82.0,152.0,209.0,False,False
7045,13.0,,,,,,,,,69.0,287.0,2.0,4.0,117.0,14.0,2.0,14.0,25.0,101.0,,13.0,88.0,3.0,1.0,,,,233.0,861.0,,,,,,,2022,RB,64.8,64.8,5.0,5.0,64.0,70.0,237.0,264.0,64.0,70.0,236.0,261.0,False,False
7086,,,,,,,,,,,,,,,,,,,,,,,,,,,,,,,,,,,,2022,WR,0.0,0.0,,,217.0,,561.0,,217.0,,558.0,,False,False
7210,12.0,,,,,,,,,2.0,13.0,,,,,,24.0,33.0,311.0,,172.0,139.0,4.0,4.0,,,,461.0,796.0,,,,,,,2022,WR,56.4,56.4,4.7,4.7,110.0,107.0,257.0,277.0,110.0,107.0,254.0,274.0,False,False
6964,13.0,,,,,,,,,,,,,,,,2.0,3.0,11.0,,4.0,7.0,,,,,,123.0,846.0,,,,,,,2022,TE,3.1,3.1,0.2,0.2,107.0,109.0,516.0,545.0,107.0,109.0,514.0,539.0,False,False
3214,17.0,,,,,,,,,,,,,,,,41.0,59.0,509.0,2.0,304.0,205.0,3.0,7.0,,,,729.0,984.0,,,,,,,2022,TE,103.9,103.9,6.1,6.1,22.0,26.0,169.0,236.0,22.0,26.0,165.0,232.0,False,False
3976,7.0,180.0,117.0,1252.0,4.0,5.0,11.0,873.0,11.0,19.0,38.0,2.0,1.0,15.0,3.0,1.0,,,,,,,,,,,,356.0,1087.0,,,,,,,2022,QB,71.9,54.8,10.3,7.8,37.0,43.0,227.0,133.0,37.0,45.0,259.0,185.0,False,False
7523,17.0,584.0,387.0,4113.0,25.0,8.0,27.0,2111.0,82.0,62.0,291.0,5.0,3.0,41.0,14.0,1.0,,,,,,,,,12.0,9.0,,1096.0,1123.0,4.0,,,,,,2022,QB,297.6,265.4,17.5,15.6,7.0,13.0,18.0,27.0,7.0,14.0,22.0,37.0,True,True
8164,,,,,,,,,,,,,,,,,,,,,,,,,,,,,,,,,,,,2022,QB,0.0,0.0,,,80.0,,561.0,,77.0,,558.0,,False,False
4066,17.0,,,,,,,,,2.0,13.0,,,,1.0,,73.0,98.0,766.0,4.0,301.0,465.0,5.0,8.0,,,,868.0,1123.0,,,,,2.0,,2022,TE,178.9,178.9,10.5,10.5,5.0,7.0,79.0,123.0,5.0,7.0,77.0,116.0,True,True
3048,17.0,,,,,,,,,,,,,,,,6.0,8.0,42.0,,7.0,35.0,1.0,1.0,,,,427.0,1123.0,,,,,,,2022,TE,10.2,10.2,0.6,0.6,90.0,99.0,437.0,501.0,90.0,99.0,432.0,498.0,False,False
3164,15.0,,,,,,,,,231.0,876.0,12.0,9.0,354.0,35.0,16.0,17.0,23.0,92.0,,4.0,88.0,2.0,1.0,,,,526.0,951.0,,,,,,,2022,RB,185.8,185.8,12.4,12.4,22.0,24.0,73.0,90.0,22.0,24.0,71.0,86.0,True,True
5903,,,,,,,,,,,,,,,,,,,,,,,,,,,,,308.0,,,,,,,2022,QB,0.0,0.0,,,80.0,,561.0,,77.0,,558.0,,False,False
6886,15.0,1.0,1.0,1.0,1.0,,,1.0,1.0,9.0,59.0,,,14.0,1.0,,46.0,79.0,451.0,1.0,301.0,150.0,4.0,6.0,1.0,1.0,,626.0,900.0,,,,,,,2022,WR,105.0,107.0,7.0,7.1,68.0,81.0,167.0,213.0,66.0,81.0,159.0,207.0,False,False
6945,15.0,,,,,,,,,149.0,546.0,3.0,5.0,220.0,25.0,9.0,46.0,58.0,353.0,2.0,56.0,297.0,3.0,6.0,1.0,,,489.0,1055.0,,,,,,,2022,RB,165.9,165.9,11.1,11.1,28.0,29.0,100.0,112.0,28.0,29.0,95.0,104.0,True,True
8227,9.0,,,,,,,,,,,,,,,,7.0,14.0,113.0,2.0,60.0,53.0,1.0,5.0,,,,280.0,502.0,,,,,,,2022,TE,30.3,30.3,3.4,3.4,63.0,51.0,337.0,317.0,63.0,51.0,334.0,316.0,False,False
8232,,,,,,,,,,,,,,,,,,,,,,,,,,,,,,,,,,,,2022,WR,0.0,0.0,,,217.0,,561.0,,217.0,,558.0,,False,False
8171,4.0,,,,,,,,,,,,,,,,8.0,13.0,78.0,,57.0,21.0,1.0,,2.0,2.0,,63.0,239.0,,,,,,,2022,WR,11.8,11.8,3.0,3.0,161.0,129.0,421.0,340.0,161.0,129.0,417.0,338.0,False,False
8220,,,,,,,,,,,,,,,,,,,,,,,,,,,,,,,,,,,,2022,RB,0.0,0.0,,,153.0,,561.0,,153.0,,558.0,,False,False
490,4.0,12.0,8.0,52.0,1.0,,1.0,-11.0,3.0,1.0,4.0,,,,,,,,,,,,,,,,,17.0,1124.0,,,,,,,2022,QB,6.5,7.4,1.6,1.9,70.0,71.0,474.0,425.0,68.0,68.0,465.0,400.0,False,False
8676,12.0,,,,,,,,,4.0,57.0,1.0,1.0,16.0,,,28.0,34.0,488.0,2.0,312.0,176.0,,1.0,1.0,,,248.0,657.0,,,,,,,2022,WR,100.5,100.5,8.4,8.4,73.0,63.0,174.0,175.0,73.0,63.0,171.0,167.0,False,False
6271,17.0,,,,,,,,,2.0,7.0,,,13.0,,1.0,40.0,61.0,533.0,3.0,348.0,185.0,,6.0,1.0,1.0,,695.0,983.0,,,,,,,2022,WR,110.0,110.0,6.5,6.5,65.0,89.0,160.0,226.0,65.0,89.0,156.0,222.0,False,False
6920,10.0,,,,,,,,,,,,,,,,37.0,48.0,392.0,4.0,300.0,92.0,,6.0,1.0,1.0,,433.0,663.0,,,,,,,2022,WR,98.2,98.2,9.8,9.8,75.0,51.0,177.0,141.0,75.0,51.0,174.0,131.0,False,False
8428,15.0,,,,,,,,,4.0,8.0,,,2.0,1.0,,5.0,8.0,8.0,2.0,7.0,1.0,1.0,2.0,,,,110.0,1060.0,,,,,,,2022,RB,18.6,18.6,1.2,1.2,104.0,124.0,390.0,459.0,104.0,124.0,388.0,456.0,False,False
4985,5.0,,,,,,,,,57.0,346.0,2.0,2.0,177.0,5.0,4.0,4.0,5.0,16.0,,-12.0,28.0,,1.0,1.0,,,170.0,297.0,,,1.0,,,,2022,RB,54.2,54.2,10.8,10.8,68.0,30.0,263.0,116.0,68.0,30.0,261.0,109.0,False,False
5917,8.0,,,,,,,,,4.0,31.0,2.0,1.0,4.0,1.0,1.0,25.0,34.0,297.0,4.0,137.0,160.0,1.0,10.0,1.0,,,303.0,573.0,,,,,,,2022,WR,93.8,93.8,11.7,11.7,78.0,37.0,183.0,104.0,78.0,37.0,181.0,94.0,False,False
4983,17.0,,,,,,,,,10.0,53.0,,,16.0,1.0,1.0,63.0,118.0,888.0,7.0,706.0,182.0,5.0,10.0,,,,924.0,957.0,,,,,3.0,,2022,WR,205.1,205.1,12.1,12.1,24.0,34.0,61.0,97.0,24.0,34.0,59.0,89.0,True,True
5022,12.0,,,,,,,,,,,,,,,,55.0,69.0,702.0,3.0,282.0,420.0,1.0,8.0,1.0,1.0,,662.0,740.0,,,,,1.0,,2022,TE,143.2,143.2,11.9,11.9,10.0,5.0,122.0,100.0,10.0,5.0,117.0,91.0,True,True
7436,2.0,,,,,,,,,,,,,,,,1.0,1.0,3.0,,3.0,,,,1.0,,,13.0,121.0,,,,,,,2022,WR,1.3,1.3,0.6,0.6,211.0,194.0,544.0,501.0,211.0,194.0,540.0,498.0,False,False
7556,,,,,,,,,,,,,,,,,,,,,,,,,,,,,,,,,,,,2022,WR,0.0,0.0,,,217.0,,561.0,,217.0,,558.0,,False,False
1689,17.0,,,,,,,,,1.0,4.0,,,,,,70.0,107.0,716.0,6.0,564.0,152.0,2.0,21.0,,,,1005.0,1097.0,,,,,,,2022,WR,178.0,178.0,10.5,10.5,31.0,45.0,81.0,123.0,31.0,45.0,80.0,116.0,False,True
8755,,,,,,,,,,,,,,,,,,,,,,,,,,,,,,,,,,,,2022,WR,0.0,0.0,,,217.0,,561.0,,217.0,,558.0,,False,False
6955,11.0,,,,,,,,,110.0,425.0,3.0,6.0,138.0,17.0,12.0,11.0,14.0,51.0,2.0,-6.0,57.0,,3.0,1.0,,,271.0,727.0,,,1.0,,,,2022,RB,90.6,90.6,8.2,8.2,49.0,51.0,188.0,181.0,49.0,51.0,186.0,175.0,False,False
5102,,,,,,,,,,,,,,,,,,,,,,,,,,,,,,,,,,,,2022,WR,0.0,0.0,,,217.0,,561.0,,217.0,,558.0,,False,False
4602,17.0,,,,,,,,,,,,,,,,53.0,67.0,470.0,2.0,243.0,227.0,1.0,5.0,,,,554.0,1034.0,,,,,,,2022,TE,112.0,112.0,6.6,6.6,19.0,25.0,157.0,223.0,19.0,25.0,154.0,218.0,False,False
7586,,,,,,,,,,,,,,,,,,,,,,,,,,,,,,,,,,,,2022,WR,0.0,0.0,,,217.0,,561.0,,217.0,,558.0,,False,False
4189,17.0,,,,,,,,,,,,,,,,15.0,24.0,148.0,1.0,73.0,75.0,2.0,3.0,,,,373.0,1071.0,,,,,,,2022,TE,35.8,35.8,2.1,2.1,59.0,69.0,317.0,391.0,59.0,69.0,312.0,388.0,False,False
5919,,,,,,,,,,,,,,,,,,,,,,,,,,,,,,,,,,,,2022,RB,0.0,0.0,,,153.0,,561.0,,153.0,,558.0,,False,False
5695,17.0,,,,,,,,,17.0,80.0,,,28.0,2.0,2.0,24.0,32.0,156.0,,-28.0,184.0,2.0,4.0,1.0,,,241.0,961.0,,,,,,,2022,WR,47.6,47.6,2.8,2.8,118.0,132.0,280.0,350.0,118.0,132.0,276.0,347.0,False,False
5133,17.0,,,,,,,,,2.0,3.0,,,1.0,1.0,,58.0,87.0,552.0,3.0,258.0,294.0,4.0,4.0,2.0,,,807.0,1058.0,,,,,,,2022,TE,131.5,131.5,7.7,7.7,16.0,20.0,132.0,197.0,16.0,20.0,130.0,189.0,False,False
8221,12.0,,,,,,,,,27.0,60.0,1.0,,36.0,8.0,3.0,4.0,5.0,21.0,,-11.0,32.0,,1.0,,,,85.0,773.0,,,,,,,2022,RB,18.1,18.1,1.5,1.5,105.0,117.0,393.0,429.0,105.0,117.0,389.0,427.0,False,False
8917,17.0,,,,,,,,,3.0,17.0,,,,1.0,,1.0,2.0,9.0,,4.0,5.0,,,3.0,2.0,,62.0,1092.0,,,,,,,2022,WR,-0.4,-0.4,-0.0,-0.0,345.0,216.0,828.0,559.0,345.0,216.0,825.0,556.0,False,False
7885,,,,,,,,,,,,,,,,,,,,,,,,,,,,,,,,,,,,2022,WR,0.0,0.0,,,217.0,,561.0,,217.0,,558.0,,False,False
2374,16.0,,,,,,,,,,,,,,,,84.0,117.0,1033.0,9.0,759.0,274.0,2.0,8.0,2.0,2.0,,744.0,947.0,,,,,3.0,,2022,WR,243.3,243.3,15.2,15.2,13.0,16.0,35.0,45.0,13.0,16.0,34.0,43.0,True,True
6957,15.0,1.0,,,,1.0,,,,,,,,,,,8.0,17.0,62.0,,46.0,16.0,1.0,2.0,,,,160.0,899.0,,,,,,,2022,WR,12.2,12.2,0.8,0.8,158.0,182.0,417.0,484.0,158.0,182.0,413.0,480.0,False,False
3357,2.0,3.0,3.0,22.0,,,1.0,10.0,,3.0,-1.0,,,,,,,,,,,,,,,,,16.0,1041.0,,,,,,,2022,QB,0.8,0.3,0.4,0.2,76.0,76.0,551.0,517.0,74.0,73.0,553.0,539.0,False,False
6956,13.0,,,,,,,,,,,,,,,,2.0,4.0,5.0,,5.0,,,,,,,183.0,871.0,,,,,,,2022,TE,2.5,2.5,0.2,0.2,109.0,109.0,523.0,545.0,109.0,109.0,521.0,539.0,False,False
5536,12.0,,,,,,,,,22.0,145.0,,,36.0,,,21.0,26.0,177.0,4.0,26.0,151.0,3.0,7.0,,,,200.0,716.0,,,,,,,2022,RB,77.2,77.2,6.4,6.4,58.0,59.0,219.0,227.0,58.0,59.0,219.0,224.0,False,False
4362,1.0,,,,,,,,,,,,,,,,,,,,,,,,,,,1.0,60.0,,,,,,,2022,TE,0.0,0.0,0.0,0.0,114.0,114.0,561.0,559.0,114.0,114.0,558.0,556.0,False,False
4973,14.0,,,,,,,,,,,,,,,,54.0,70.0,439.0,2.0,237.0,202.0,1.0,9.0,,,,497.0,825.0,,,,,,,2022,TE,109.9,109.9,7.8,7.8,21.0,19.0,161.0,193.0,21.0,19.0,157.0,185.0,False,False
2382,1.0,,,,,,,,,2.0,4.0,,,3.0,1.0,,,,,,,,,,,,,5.0,75.0,,,,,,,2022,RB,0.4,0.4,0.4,0.4,150.0,141.0,555.0,517.0,150.0,141.0,551.0,514.0,False,False
6878,1.0,,,,,,,,,6.0,30.0,,1.0,14.0,1.0,1.0,2.0,2.0,11.0,,-4.0,15.0,,,,,,21.0,69.0,,,,,,,2022,RB,6.1,6.1,6.1,6.1,132.0,61.0,477.0,236.0,132.0,61.0,477.0,232.0,False,False
7993,,,,,,,,,,,,,,,,,,,,,,,,,,,,,,,,,,,,2022,RB,0.0,0.0,,,153.0,,561.0,,153.0,,558.0,,False,False
8184,1.0,,,,,,,,,,,,,,,,,,,,,,,,,,,,81.0,,,,,,,2022,RB,0.0,0.0,0.0,0.0,153.0,152.0,561.0,559.0,153.0,152.0,558.0,556.0,False,False
4993,17.0,,,,,,,,,,,,,,,,32.0,52.0,362.0,5.0,265.0,97.0,3.0,12.0,,,,453.0,992.0,,,,,,,2022,TE,98.2,98.2,5.8,5.8,23.0,28.0,177.0,242.0,23.0,28.0,174.0,238.0,False,False
5248,9.0,,,,,,,,,87.0,433.0,3.0,6.0,188.0,12.0,6.0,,2.0,,,,,,,1.0,1.0,,154.0,512.0,,,,,,,2022,RB,59.3,59.3,6.6,6.6,66.0,58.0,250.0,223.0,66.0,58.0,249.0,218.0,False,False
2755,17.0,,,,,,,,,,,,,,,,9.0,13.0,79.0,2.0,35.0,44.0,,4.0,,,,382.0,1071.0,,,,,,,2022,TE,28.9,28.9,1.7,1.7,66.0,74.0,343.0,413.0,66.0,74.0,341.0,411.0,False,False
5955,10.0,,,,,,,,,,,,,,,,36.0,50.0,330.0,2.0,180.0,150.0,1.0,5.0,3.0,1.0,,377.0,623.0,,,,,,,2022,WR,79.0,79.0,7.9,7.9,92.0,68.0,216.0,191.0,92.0,68.0,215.0,182.0,False,False
5323,16.0,,,,,,,,,6.0,54.0,,,12.0,,1.0,21.0,38.0,323.0,1.0,234.0,89.0,1.0,2.0,1.0,,,551.0,920.0,,,,,,,2022,WR,64.7,64.7,4.0,4.0,100.0,111.0,238.0,294.0,100.0,111.0,237.0,291.0,False,False
533,4.0,132.0,90.0,780.0,1.0,3.0,13.0,402.0,12.0,14.0,36.0,,1.0,20.0,2.0,1.0,,,,,,,,,2.0,,,229.0,623.0,,,,,,,2022,QB,32.8,19.2,8.2,4.8,50.0,49.0,327.0,181.0,51.0,56.0,379.0,267.0,False,False
6869,15.0,,,,,,,,,,,,,,,,18.0,22.0,207.0,1.0,84.0,123.0,1.0,3.0,,,,489.0,856.0,,,,,,,2022,TE,44.7,44.7,3.0,3.0,49.0,58.0,286.0,340.0,49.0,58.0,283.0,338.0,False,False
6234,4.0,,,,,,,,,,,,,,,,2.0,2.0,13.0,,5.0,8.0,,,1.0,1.0,,24.0,266.0,,,,,,,2022,WR,1.3,1.3,0.3,0.3,211.0,205.0,544.0,535.0,211.0,205.0,540.0,529.0,False,False
7525,17.0,,,,,,,,,,,,,,,,95.0,136.0,1196.0,7.0,701.0,495.0,8.0,12.0,1.0,1.0,,1010.0,1102.0,,,,,5.0,,2022,WR,264.6,264.6,15.6,15.6,9.0,14.0,28.0,42.0,9.0,14.0,23.0,37.0,True,True
8595,2.0,,,,,,,,,,,,,,,,,,,,,,,,,,,10.0,135.0,,,,,,,2022,WR,0.0,0.0,0.0,0.0,217.0,216.0,561.0,559.0,217.0,216.0,558.0,556.0,False,False
3894,1.0,,,,,,,,,,,,,,,,,,,,,,,,,,,10.0,66.0,,,,,,,2022,TE,0.0,0.0,0.0,0.0,114.0,114.0,561.0,559.0,114.0,114.0,558.0,556.0,False,False
7540,16.0,,,,,,,,,2.0,7.0,,,,,,16.0,25.0,204.0,1.0,130.0,74.0,1.0,1.0,6.0,2.0,,228.0,989.0,,,,,,,2022,WR,39.1,39.1,2.4,2.4,125.0,143.0,307.0,373.0,125.0,143.0,302.0,368.0,False,False
8118,16.0,,,,,,,,,,,,,,,,24.0,35.0,214.0,,139.0,75.0,3.0,1.0,,,,493.0,1044.0,,,,,,,2022,WR,45.4,45.4,2.8,2.8,120.0,132.0,284.0,350.0,120.0,132.0,281.0,347.0,False,False
3343,2.0,,,,,,1.0,,,5.0,-4.0,,,,,,,,,,,,,,,,,9.0,1080.0,,,,,,,2022,QB,-0.4,-0.4,-0.2,-0.2,112.0,81.0,828.0,630.0,109.0,78.0,825.0,627.0,False,False
6165,,,,,,,,,,,,,,,,,,,,,,,,,,,,,,,,,,,,2022,WR,0.0,0.0,,,217.0,,561.0,,217.0,,558.0,,False,False
8207,,,,,,,,,,,,,,,,,,,,,,,,,,,,,,,,,,,,2022,RB,0.0,0.0,,,153.0,,561.0,,153.0,,558.0,,False,False
7039,1.0,,,,,,,,,,,,,,,,1.0,1.0,2.0,,,2.0,,,,,,10.0,69.0,,,,,,,2022,WR,1.2,1.2,1.2,1.2,214.0,174.0,547.0,459.0,214.0,174.0,543.0,456.0,False,False
2238,3.0,,,,,,,,,,,,,,,,1.0,2.0,42.0,1.0,42.0,,,,,,,15.0,134.0,,,,,,,2022,WR,11.2,11.2,3.7,3.7,165.0,115.0,430.0,300.0,165.0,115.0,425.0,297.0,False,False
1992,10.0,,,,,,,,,,,,,,,,33.0,52.0,339.0,3.0,268.0,71.0,1.0,14.0,,,,562.0,620.0,,,,,,,2022,WR,84.9,84.9,8.5,8.5,84.0,61.0,205.0,171.0,84.0,61.0,202.0,162.0,False,False
2028,15.0,502.0,305.0,3522.0,24.0,14.0,27.0,2015.0,57.0,24.0,102.0,,,12.0,3.0,1.0,,,,,,,,,4.0,,,946.0,962.0,2.0,,,,,,2022,QB,223.1,200.6,14.9,13.4,17.0,21.0,51.0,51.0,16.0,21.0,63.0,68.0,False,True
2749,16.0,,,,,,,,,181.0,891.0,3.0,11.0,352.0,20.0,15.0,31.0,42.0,202.0,2.0,24.0,178.0,2.0,7.0,1.0,1.0,,528.0,916.0,,,2.0,,,,2022,RB,172.3,172.3,10.8,10.8,25.0,30.0,88.0,116.0,25.0,30.0,86.0,109.0,True,True
8435,1.0,,,,,,,,,,,,,,,,,,,,,,,,,,,8.0,70.0,,,,,,,2022,WR,0.0,0.0,0.0,0.0,217.0,216.0,561.0,559.0,217.0,216.0,558.0,556.0,False,False
8112,17.0,,,,,,,,,,,,,,,,72.0,117.0,866.0,4.0,616.0,250.0,4.0,16.0,3.0,3.0,,780.0,983.0,,,,,1.0,,2022,WR,178.6,178.6,10.5,10.5,30.0,45.0,80.0,123.0,30.0,45.0,78.0,116.0,True,True
5848,12.0,,,,,,,,,1.0,1.0,,,1.0,,,67.0,107.0,709.0,3.0,473.0,236.0,4.0,10.0,1.0,,,739.0,807.0,,,,,1.0,,2022,WR,158.0,158.0,13.2,13.2,45.0,28.0,108.0,79.0,45.0,28.0,101.0,71.0,False,False
8246,,,,,,,,,,,,,,,,,,,,,,,,,,,,,,,,,,,,2022,RB,0.0,0.0,,,153.0,,561.0,,153.0,,558.0,,False,False
8250,2.0,,,,,,,,,,,,,,,,,,,,,,,,,,,1.0,120.0,,,,,,,2022,WR,0.0,0.0,0.0,0.0,217.0,216.0,561.0,559.0,217.0,216.0,558.0,556.0,False,False
6598,10.0,,,,,,,,,1.0,11.0,,,3.0,,,15.0,23.0,231.0,4.0,172.0,59.0,1.0,5.0,,,,275.0,551.0,,,,,,,2022,WR,63.2,63.2,6.3,6.3,101.0,92.0,240.0,230.0,101.0,92.0,239.0,227.0,False,False
6770,17.0,610.0,418.0,4527.0,36.0,12.0,41.0,2357.0,92.0,76.0,259.0,5.0,,37.0,21.0,1.0,,,,,,,,,6.0,3.0,,1025.0,1041.0,4.0,1.0,,,,,2022,QB,363.0,344.4,21.4,20.3,4.0,4.0,7.0,8.0,4.0,4.0,9.0,10.0,True,True
8153,6.0,,,,,,,,,18.0,41.0,,,24.0,,4.0,3.0,3.0,13.0,,-10.0,23.0,,,,,,53.0,555.0,,,,,,,2022,RB,8.4,8.4,1.4,1.4,124.0,119.0,458.0,434.0,124.0,119.0,456.0,431.0,False,False
7308,,,,,,,,,,,,,,,,,,,,,,,,,,,,,,,,,,,,2022,TE,0.0,0.0,,,114.0,,561.0,,114.0,,558.0,,False,False
4179,2.0,68.0,40.0,411.0,2.0,2.0,6.0,200.0,4.0,8.0,44.0,,,3.0,,,,,,,,,,,4.0,2.0,,139.0,983.0,,,,,,,2022,QB,20.8,16.6,10.4,8.3,51.0,41.0,375.0,128.0,54.0,41.0,396.0,170.0,False,False
6037,4.0,88.0,53.0,483.0,2.0,4.0,8.0,216.0,5.0,6.0,7.0,,,1.0,,1.0,,,,,,,,,4.0,1.0,,175.0,1071.0,,,,,,,2022,QB,18.0,12.4,4.5,3.1,56.0,60.0,394.0,280.0,58.0,61.0,412.0,334.0,False,False
4055,13.0,,,,,,,,,,,,,,,,10.0,23.0,145.0,2.0,85.0,60.0,,3.0,,,,313.0,803.0,,,,,,,2022,TE,36.5,36.5,2.8,2.8,58.0,60.0,315.0,350.0,58.0,60.0,309.0,347.0,False,False
8747,1.0,,,,,,,,,,,,,,,,,,,,,,,,,,,1.0,54.0,,,,,,,2022,TE,0.0,0.0,0.0,0.0,114.0,114.0,561.0,559.0,114.0,114.0,558.0,556.0,False,False
6895,4.0,,,,,,,,,,,,,,,,2.0,3.0,15.0,,11.0,4.0,,,,,,51.0,282.0,,,,,,,2022,WR,3.5,3.5,0.9,0.9,195.0,179.0,512.0,474.0,195.0,179.0,510.0,471.0,False,False
3163,17.0,587.0,382.0,4438.0,29.0,7.0,23.0,2148.0,91.0,29.0,73.0,,,6.0,4.0,,1.0,1.0,5.0,,,5.0,,,7.0,4.0,,1071.0,1080.0,5.0,,,,,,2022,QB,290.3,259.6,17.1,15.3,10.0,15.0,22.0,32.0,9.0,16.0,25.0,42.0,True,True
4039,9.0,1.0,,,,,,,,9.0,52.0,1.0,,8.0,,2.0,75.0,98.0,812.0,6.0,388.0,424.0,2.0,11.0,2.0,1.0,,530.0,556.0,,,,,5.0,,2022,WR,211.4,211.4,23.5,23.5,22.0,1.0,59.0,4.0,22.0,1.0,57.0,3.0,True,True
7610,2.0,31.0,15.0,194.0,,1.0,2.0,114.0,1.0,16.0,67.0,,2.0,17.0,4.0,,,,,,,,,,1.0,,,84.0,144.0,,,,,,,2022,QB,12.5,8.6,6.2,4.3,62.0,56.0,416.0,234.0,65.0,57.0,453.0,283.0,False,False
6223,3.0,,,,,,,,,,,,,,,,1.0,4.0,17.0,,12.0,5.0,1.0,,,,,35.0,196.0,,,,,,,2022,WR,2.7,2.7,0.9,0.9,201.0,179.0,519.0,474.0,201.0,179.0,517.0,471.0,False,False
7568,11.0,,,,,,,,,,,,,,,,14.0,28.0,128.0,,43.0,85.0,2.0,2.0,,,,266.0,643.0,,,,,,,2022,TE,26.8,26.8,2.4,2.4,68.0,62.0,349.0,373.0,68.0,62.0,348.0,368.0,False,False
5985,15.0,,,,,,,,,,2.0,,,,,,33.0,54.0,420.0,2.0,189.0,231.0,6.0,5.0,1.0,1.0,,745.0,963.0,,,,,,,2022,TE,85.2,85.2,5.7,5.7,30.0,32.0,203.0,248.0,30.0,32.0,200.0,245.0,False,False
5162,1.0,,,,,,,,,3.0,8.0,,,,,1.0,,,,,,,,,,,,,,,,,,,,2022,RB,0.8,0.8,0.8,0.8,148.0,132.0,551.0,484.0,148.0,132.0,546.0,480.0,False,False
7989,9.0,,,,,,,,,4.0,26.0,,,19.0,1.0,1.0,,1.0,,,,,1.0,1.0,1.0,,,21.0,565.0,,,,,,,2022,WR,2.6,2.6,0.3,0.3,202.0,205.0,521.0,535.0,202.0,205.0,519.0,529.0,False,False
4622,14.0,,,,,,,,,,,,,,,,10.0,21.0,141.0,1.0,112.0,29.0,3.0,3.0,1.0,,,369.0,988.0,,,,,,,2022,WR,30.1,30.1,2.2,2.2,136.0,147.0,338.0,386.0,136.0,147.0,336.0,383.0,False,False
7531,11.0,,,,,,,,,1.0,,,,,,,,2.0,,,,,,,,,,54.0,742.0,,,,,,,2022,TE,0.0,0.0,0.0,0.0,114.0,114.0,561.0,559.0,114.0,114.0,558.0,556.0,False,False
147,7.0,,,,,,,,,,,,,,,,9.0,17.0,153.0,,130.0,23.0,,2.0,,,,110.0,440.0,,,,,,,2022,WR,24.3,24.3,3.5,3.5,141.0,120.0,359.0,312.0,141.0,120.0,358.0,310.0,False,False
7237,1.0,,,,,,,,,,,,,,,,,,,,,,,,,,,22.0,56.0,,,,,,,2022,WR,0.0,0.0,0.0,0.0,217.0,216.0,561.0,559.0,217.0,216.0,558.0,556.0,False,False
8247,,,,,,,,,,,,,,,,,,,,,,,,,,,,,,,,,,,,2022,TE,0.0,0.0,,,114.0,,561.0,,114.0,,558.0,,False,False
7541,3.0,,,,,,,,,,,,,,,,,,,,,,,,,,,3.0,196.0,,,,,,,2022,WR,0.0,0.0,0.0,0.0,217.0,216.0,561.0,559.0,217.0,216.0,558.0,556.0,False,False
8148,6.0,,,,,,,,,1.0,40.0,,,3.0,,,1.0,9.0,41.0,1.0,36.0,5.0,1.0,,,,,63.0,351.0,,,,,,,2022,WR,15.1,15.1,2.5,2.5,154.0,142.0,405.0,367.0,154.0,142.0,399.0,363.0,False,False
7090,12.0,,,,,,,,,1.0,2.0,,,2.0,1.0,,40.0,61.0,493.0,2.0,319.0,174.0,3.0,6.0,,,,630.0,757.0,,,,,,,2022,WR,101.5,101.5,8.5,8.5,72.0,61.0,173.0,171.0,72.0,61.0,170.0,162.0,False,False
1144,5.0,,,,,,,,,,,,,,,,6.0,8.0,35.0,,21.0,14.0,1.0,1.0,,,,30.0,271.0,,,,,,,2022,WR,9.5,9.5,1.9,1.9,169.0,154.0,446.0,403.0,169.0,154.0,442.0,400.0,False,False
1825,9.0,,,,,,,,,,,,,,,,25.0,39.0,272.0,1.0,211.0,61.0,2.0,6.0,1.0,,,301.0,533.0,,,,,1.0,,2022,WR,60.2,60.2,6.7,6.7,104.0,87.0,247.0,221.0,104.0,87.0,245.0,216.0,False,False
7612,10.0,,,,,,,,,2.0,10.0,,,1.0,,,7.0,13.0,58.0,,12.0,46.0,,2.0,,,,168.0,625.0,,,,,,,2022,WR,13.8,13.8,1.4,1.4,156.0,167.0,411.0,434.0,156.0,167.0,406.0,431.0,False,False
4217,15.0,,,,,,,,,,,,,,,,60.0,86.0,765.0,11.0,378.0,387.0,2.0,15.0,1.0,1.0,,815.0,894.0,,,,,1.0,,2022,TE,202.5,202.5,13.5,13.5,3.0,2.0,62.0,71.0,3.0,2.0,60.0,64.0,True,True
8215,,,,,,,,,,,,,,,,,,,,,,,,,,,,,,,,,,,,2022,TE,0.0,0.0,,,114.0,,561.0,,114.0,,558.0,,False,False
7529,17.0,,,,,,,,,31.0,141.0,1.0,,22.0,4.0,4.0,5.0,8.0,39.0,,4.0,35.0,,3.0,,,,58.0,1072.0,,,,,,,2022,RB,29.0,29.0,1.7,1.7,90.0,112.0,341.0,413.0,90.0,112.0,339.0,411.0,False,False
2306,3.0,115.0,73.0,858.0,4.0,5.0,11.0,651.0,14.0,5.0,16.0,,,9.0,,,,,,,,,,,3.0,,,196.0,855.0,1.0,,,,,,2022,QB,43.9,34.8,14.6,11.6,43.0,24.0,288.0,55.0,44.0,27.0,315.0,95.0,False,False
1479,10.0,,,,,,,,,1.0,8.0,,,2.0,,,66.0,89.0,752.0,4.0,490.0,262.0,2.0,15.0,1.0,1.0,,463.0,627.0,,,,,2.0,,2022,WR,168.0,168.0,16.8,16.8,41.0,12.0,96.0,36.0,41.0,12.0,92.0,29.0,False,False
3258,9.0,,,,,,,,,,,,,,,,6.0,9.0,55.0,,23.0,32.0,1.0,1.0,,,,152.0,577.0,,,,,,,2022,TE,11.5,11.5,1.3,1.3,89.0,85.0,426.0,448.0,89.0,85.0,421.0,444.0,False,False
5549,6.0,,,,,,,,,21.0,102.0,1.0,,25.0,4.0,1.0,4.0,8.0,9.0,,-6.0,15.0,1.0,1.0,,,,99.0,458.0,,,,,,,2022,RB,21.1,21.1,3.5,3.5,101.0,83.0,373.0,312.0,101.0,83.0,372.0,310.0,False,False
4381,16.0,19.0,13.0,240.0,2.0,,2.0,138.0,2.0,96.0,575.0,7.0,1.0,224.0,17.0,7.0,9.0,13.0,77.0,2.0,40.0,37.0,,3.0,2.0,,,308.0,923.0,,,1.0,,,,2022,TE,147.8,147.0,9.2,9.2,8.0,12.0,117.0,155.0,9.0,12.0,115.0,144.0,True,True
7204,16.0,,,,,,,,,,,,,,,,9.0,11.0,76.0,1.0,15.0,61.0,,3.0,,,,166.0,967.0,,,,,,,2022,RB,22.6,22.6,1.4,1.4,98.0,119.0,366.0,434.0,98.0,119.0,365.0,431.0,False,False
4962,10.0,,,,,,,,,36.0,106.0,,3.0,64.0,5.0,2.0,9.0,13.0,53.0,,7.0,46.0,2.0,,,,,125.0,700.0,,,,,,,2022,RB,24.9,24.9,2.5,2.5,96.0,99.0,355.0,367.0,96.0,99.0,354.0,363.0,False,False
5123,2.0,,,,,,,,,,,,,,,,,,,,,,,,,,,,121.0,,,,,,,2022,RB,0.0,0.0,0.0,0.0,153.0,152.0,561.0,559.0,153.0,152.0,558.0,556.0,False,False
4183,3.0,25.0,14.0,139.0,1.0,1.0,1.0,103.0,1.0,2.0,7.0,,,,,,,,,,,,,,,,,6.0,283.0,,,,,,,2022,QB,8.3,7.5,2.8,2.5,69.0,66.0,461.0,350.0,67.0,64.0,464.0,363.0,False,False
8238,,,,,,,,,,,,,,,,,,,,,,,,,,,,,,,,,,,,2022,WR,0.0,0.0,,,217.0,,561.0,,217.0,,558.0,,False,False
7335,5.0,34.0,19.0,161.0,1.0,2.0,6.0,96.0,5.0,19.0,90.0,,,44.0,2.0,1.0,,,,,,,,,,,,90.0,530.0,,,,,,,2022,QB,15.4,14.2,3.1,2.8,60.0,62.0,404.0,335.0,56.0,63.0,402.0,347.0,False,False
6963,14.0,,,,,,,,,10.0,31.0,,,18.0,1.0,,1.0,1.0,17.0,,,17.0,,,,,,33.0,786.0,,,,,,,2022,RB,5.8,5.8,0.4,0.4,133.0,141.0,479.0,517.0,133.0,141.0,479.0,514.0,False,False
5101,,,,,,,,,,,,,,,,,,,,,,,,,,,,,,,,,,,,2022,WR,0.0,0.0,,,217.0,,561.0,,217.0,,558.0,,False,False
7357,2.0,,,,,,,,,,,,,,,,,,,,,,,,,,,,145.0,,,,,,,2022,WR,0.0,0.0,0.0,0.0,217.0,216.0,561.0,559.0,217.0,216.0,558.0,556.0,False,False
8568,,,,,,,,,,,,,,,,,,,,,,,,,,,,,,,,,,,,2022,RB,0.0,0.0,,,153.0,,561.0,,153.0,,558.0,,False,False
6843,8.0,,,,,,,,,,,,,,,,10.0,18.0,95.0,1.0,36.0,59.0,2.0,1.0,,,,161.0,624.0,,,,,,,2022,TE,25.5,25.5,3.2,3.2,69.0,54.0,354.0,327.0,69.0,54.0,353.0,326.0,False,False
7789,2.0,,,,,,,,,,,,,,,,1.0,1.0,7.0,,7.0,,,,,,,21.0,126.0,,,,,,,2022,WR,1.7,1.7,0.8,0.8,205.0,182.0,532.0,484.0,205.0,182.0,529.0,480.0,False,False
8749,,,,,,,,,,,,,,,,,,,,,,,,,,,,,,,,,,,,2022,RB,0.0,0.0,,,153.0,,561.0,,153.0,,558.0,,False,False
7087,8.0,,,,,,,,,5.0,25.0,,,9.0,,2.0,2.0,3.0,7.0,,3.0,4.0,,1.0,,,,10.0,581.0,,,,,,,2022,RB,5.2,5.2,0.6,0.6,137.0,136.0,489.0,501.0,137.0,136.0,488.0,498.0,False,False
8423,6.0,,,,,,,,,,,,,,,,,,,,,,,,,,,,387.0,,,,,,,2022,RB,0.0,0.0,0.0,0.0,153.0,152.0,561.0,559.0,153.0,152.0,558.0,556.0,False,False
8183,9.0,170.0,114.0,1374.0,13.0,4.0,11.0,663.0,17.0,22.0,13.0,1.0,,7.0,7.0,1.0,,,,,,,,,,,,329.0,894.0,,,,,,,2022,QB,106.3,104.8,11.8,11.6,33.0,36.0,163.0,101.0,29.0,27.0,164.0,95.0,False,False
7084,,,,,,,,,,,,,,,,,,,,,,,,,,,,,137.0,,,,,,,2022,QB,0.0,0.0,,,80.0,,561.0,,77.0,,558.0,,False,False
1234,15.0,483.0,292.0,3524.0,16.0,11.0,55.0,1807.0,45.0,55.0,277.0,3.0,,17.0,5.0,3.0,1.0,1.0,1.0,,-1.0,2.0,,,6.0,2.0,,896.0,923.0,1.0,,,,,,2022,QB,227.8,189.3,15.2,12.6,16.0,19.0,48.0,45.0,18.0,25.0,69.0,82.0,False,True
7891,17.0,,,,,,,,,,,,,,,,18.0,24.0,216.0,4.0,51.0,165.0,3.0,5.0,,,,555.0,1080.0,,,,,,,2022,TE,63.6,63.6,3.7,3.7,38.0,46.0,239.0,300.0,38.0,46.0,238.0,297.0,False,False
7996,,,,,,,,,,,,,,,,,,,,,,,,,,,,,,,,,,,,2022,WR,0.0,0.0,,,217.0,,561.0,,217.0,,558.0,,False,False
1338,,,,,,,,,,,,,,,,,,,,,,,,,,,,,,,,,,,,2022,QB,0.0,0.0,,,80.0,,561.0,,77.0,,558.0,,False,False
8634,,,,,,,,,,,,,,,,,,,,,,,,,,,,,,,,,,,,2022,TE,0.0,0.0,,,114.0,,561.0,,114.0,,558.0,,False,False
1476,13.0,,,,,,,,,171.0,760.0,6.0,5.0,265.0,12.0,10.0,27.0,35.0,132.0,,-50.0,182.0,,,1.0,,,408.0,793.0,,,2.0,,,,2022,RB,156.2,156.2,12.0,12.0,32.0,26.0,109.0,99.0,32.0,26.0,102.0,90.0,False,True
8884,,,,,,,,,,,,,,,,,,,,,,,,,,,,,,,,,,,,2022,TE,0.0,0.0,,,114.0,,561.0,,114.0,,558.0,,False,False
1110,3.0,,,,,,,,,,,,,,,,7.0,10.0,121.0,,88.0,33.0,,,,,,34.0,153.0,,,,,,,2022,WR,19.1,19.1,6.4,6.4,148.0,90.0,383.0,227.0,148.0,90.0,381.0,224.0,False,False
7565,14.0,,,,,,,,,,,,,,,,28.0,47.0,490.0,1.0,350.0,140.0,3.0,6.0,2.0,,,590.0,844.0,,,,,,,2022,WR,83.0,83.0,5.9,5.9,89.0,96.0,212.0,241.0,89.0,96.0,209.0,237.0,False,False
1352,17.0,,,,,,,,,,,,,,,,53.0,91.0,527.0,2.0,371.0,156.0,4.0,13.0,1.0,1.0,,809.0,1035.0,,,,,,,2022,WR,115.7,115.7,6.8,6.8,60.0,85.0,149.0,219.0,60.0,85.0,146.0,214.0,False,False
8419,4.0,,,,,,,,,,,,,,,,,,,,,,,,,,,6.0,251.0,,,,,,,2022,WR,0.0,0.0,0.0,0.0,217.0,216.0,561.0,559.0,217.0,216.0,558.0,556.0,False,False
6144,9.0,,,,,,,,,6.0,30.0,,1.0,21.0,,1.0,2.0,3.0,30.0,,22.0,8.0,,,,,,36.0,545.0,,,,,,,2022,RB,8.0,8.0,0.9,0.9,126.0,130.0,463.0,474.0,126.0,130.0,460.0,471.0,False,False
8181,17.0,,,,,,,,,2.0,27.0,,,,,,12.0,17.0,151.0,1.0,89.0,62.0,,3.0,,,,149.0,1087.0,,,,,,,2022,RB,35.8,35.8,2.1,2.1,84.0,104.0,317.0,391.0,84.0,104.0,312.0,388.0,False,False
6334,,,,,,,,,,,,,,,,,,,,,,,,,,,,,,,,,,,,2022,RB,0.0,0.0,,,153.0,,561.0,,153.0,,558.0,,False,False
6951,15.0,,,,,,,,,77.0,313.0,2.0,7.0,155.0,13.0,9.0,25.0,34.0,193.0,,-41.0,234.0,3.0,4.0,,,,333.0,980.0,,,,,,,2022,RB,87.6,87.6,5.8,5.8,53.0,63.0,198.0,242.0,53.0,63.0,196.0,238.0,False,False
4335,6.0,106.0,63.0,731.0,3.0,3.0,7.0,323.0,2.0,6.0,39.0,,1.0,11.0,,,,,,,,,,,,,,260.0,834.0,1.0,,,,,,2022,QB,41.1,32.5,6.9,5.4,45.0,54.0,299.0,216.0,46.0,54.0,323.0,253.0,False,False
8151,15.0,,,,,,,,,228.0,1050.0,9.0,9.0,356.0,48.0,33.0,27.0,35.0,165.0,,-56.0,221.0,2.0,1.0,,,,514.0,914.0,,,5.0,,,,2022,RB,212.5,212.5,14.2,14.2,18.0,15.0,58.0,61.0,18.0,15.0,56.0,52.0,True,True
7547,16.0,,,,,,,,,9.0,95.0,,,15.0,4.0,,106.0,146.0,1161.0,6.0,642.0,519.0,3.0,21.0,,,,779.0,1006.0,,,,,4.0,,2022,WR,275.6,275.6,17.2,17.2,7.0,10.0,26.0,31.0,7.0,10.0,20.0,24.0,True,True
8413,,,,,,,,,,,,,,,,,,,,,,,,,,,,,,,,,,,,2022,QB,0.0,0.0,,,80.0,,561.0,,77.0,,558.0,,False,False
8928,1.0,,,,,,,,,,,,,,,,2.0,2.0,25.0,,25.0,,,,,,,12.0,66.0,,,,,,,2022,WR,4.5,4.5,4.5,4.5,185.0,109.0,499.0,280.0,185.0,109.0,497.0,277.0,False,False
7009,,,,,,,,,,,,,,,,,,,,,,,,,,,,,,,,,,,,2022,WR,0.0,0.0,,,217.0,,561.0,,217.0,,558.0,,False,False
6059,,,,,,,,,,,,,,,,,,,,,,,,,,,,,,,,,,,,2022,WR,0.0,0.0,,,217.0,,561.0,,217.0,,558.0,,False,False
8828,,,,,,,,,,,,,,,,,,,,,,,,,,,,,,,,,,,,2022,WR,0.0,0.0,,,217.0,,561.0,,217.0,,558.0,,False,False
5131,16.0,,,,,,,,,42.0,170.0,1.0,3.0,78.0,5.0,6.0,12.0,19.0,101.0,1.0,-9.0,110.0,4.0,4.0,,,,180.0,1009.0,,,,,,,2022,RB,51.1,51.1,3.2,3.2,71.0,87.0,274.0,327.0,71.0,87.0,271.0,326.0,False,False
8129,13.0,,,,,,,,,220.0,939.0,4.0,27.0,506.0,32.0,27.0,30.0,39.0,165.0,1.0,-32.0,197.0,3.0,2.0,4.0,2.0,,508.0,798.0,,,2.0,,,,2022,RB,170.4,170.4,13.1,13.1,26.0,21.0,92.0,80.0,26.0,21.0,88.0,73.0,True,True
8437,,,,,,,,,,,,,,,,,,,,,,,,,,,,,,,,,,,,2022,WR,0.0,0.0,,,217.0,,561.0,,217.0,,558.0,,False,False
8173,,,,,,,,,,,,,,,,,,,,,,,,,,,,,,,,,,,,2022,RB,0.0,0.0,,,153.0,,561.0,,153.0,,558.0,,False,False
5754,,,,,,,,,,,,,,,,,,,,,,,,,,,,,,,,,,,,2022,TE,0.0,0.0,,,114.0,,561.0,,114.0,,558.0,,False,False
5032,15.0,,,,,,,,,,,,,,,,37.0,54.0,495.0,5.0,225.0,270.0,3.0,11.0,1.0,1.0,,371.0,865.0,,,,,,,2022,TE,114.5,114.5,7.6,7.6,18.0,21.0,153.0,198.0,18.0,21.0,149.0,190.0,False,False
4080,16.0,,,,,,,,,4.0,18.0,,,2.0,2.0,1.0,82.0,121.0,823.0,5.0,541.0,282.0,11.0,18.0,,,,930.0,1076.0,,,,,2.0,,2022,WR,200.1,200.1,12.5,12.5,26.0,32.0,66.0,88.0,26.0,32.0,64.0,83.0,True,True
4147,17.0,,,,,,,,,95.0,394.0,2.0,5.0,162.0,15.0,6.0,38.0,51.0,287.0,4.0,-33.0,320.0,5.0,7.0,,,,418.0,1041.0,,,1.0,,,,2022,RB,144.1,144.1,8.5,8.5,35.0,47.0,121.0,171.0,35.0,47.0,116.0,162.0,False,True
4050,,,,,,,,,,,,,,,,,,,,,,,,,,,,,,,,,,,,2022,WR,0.0,0.0,,,217.0,,561.0,,217.0,,558.0,,False,False
7720,17.0,,,,,,,,,9.0,14.0,,,2.0,,2.0,2.0,2.0,21.0,,,21.0,,,,,1.0,8.0,1097.0,,,,,,,2022,RB,11.5,11.5,0.7,0.7,112.0,133.0,426.0,495.0,112.0,133.0,421.0,491.0,False,False
8416,9.0,,,,,,,,,,,,,,,,2.0,5.0,75.0,1.0,32.0,43.0,,,1.0,1.0,,72.0,596.0,,,,,,,2022,WR,13.5,13.5,1.5,1.5,157.0,166.0,412.0,429.0,157.0,166.0,408.0,427.0,False,False
6973,1.0,,,,,,,,,10.0,9.0,,1.0,5.0,1.0,3.0,1.0,1.0,8.0,,3.0,5.0,,,,,,17.0,63.0,,,,,,,2022,RB,2.7,2.7,2.7,2.7,140.0,96.0,519.0,361.0,140.0,96.0,517.0,357.0,False,False
7597,10.0,,,,,,,,,,,,,,,,,,,,,,,,,,,14.0,595.0,,,,,,,2022,TE,0.0,0.0,0.0,0.0,114.0,114.0,561.0,559.0,114.0,114.0,558.0,556.0,False,False
6826,17.0,,,,,,,,,2.0,9.0,,,,,,50.0,69.0,544.0,7.0,193.0,351.0,2.0,10.0,1.0,,,922.0,983.0,,,,,,,2022,TE,147.3,147.3,8.7,8.7,9.0,14.0,119.0,166.0,8.0,14.0,113.0,157.0,True,True
5250,,,,,,,,,,,,,,,,,,,,,,,,,,,,,,,,,,,,2022,WR,0.0,0.0,,,217.0,,561.0,,217.0,,558.0,,False,False
5199,11.0,,,,,,,,,,,,,,,,10.0,16.0,135.0,2.0,121.0,14.0,,1.0,,,,257.0,575.0,,,,,,,2022,WR,35.5,35.5,3.2,3.2,128.0,127.0,320.0,327.0,128.0,127.0,314.0,326.0,False,False
7622,,,,,,,,,,,,,,,,,,,,,,,,,,,,,,,,,,,,2022,TE,0.0,0.0,,,114.0,,561.0,,114.0,,558.0,,False,False
2394,,,,,,,,,,,,,,,,,,,,,,,,,,,,,,,,,,,,2022,QB,0.0,0.0,,,80.0,,561.0,,77.0,,558.0,,False,False
8209,,,,,,,,,,,,,,,,,,,,,,,,,,,,,,,,,,,,2022,WR,0.0,0.0,,,217.0,,561.0,,217.0,,558.0,,False,False
8051,,,,,,,,,,,,,,,,,,,,,,,,,,,,,,,,,,,,2022,RB,0.0,0.0,,,153.0,,561.0,,153.0,,558.0,,False,False
7859,,,,,,,,,,,,,,,,,,,,,,,,,,,,,,,,,,,,2022,TE,0.0,0.0,,,114.0,,561.0,,114.0,,558.0,,False,False
3652,10.0,,,,,,,,,,,,,,,,2.0,10.0,38.0,,14.0,24.0,1.0,3.0,,,,198.0,683.0,,,,,,,2022,WR,5.8,5.8,0.6,0.6,179.0,194.0,479.0,501.0,179.0,194.0,479.0,498.0,False,False
111,17.0,,,,,,,,,,,,,,,,6.0,7.0,66.0,2.0,52.0,14.0,1.0,2.0,,,,424.0,1034.0,,,,,,,2022,TE,24.6,24.6,1.4,1.4,70.0,78.0,356.0,434.0,70.0,78.0,355.0,431.0,False,False
6943,16.0,,,,,,,,,,,,,,,,48.0,93.0,836.0,7.0,690.0,146.0,7.0,13.0,1.0,1.0,,879.0,958.0,,,,,1.0,,2022,WR,173.6,173.6,10.9,10.9,36.0,41.0,87.0,114.0,36.0,41.0,85.0,106.0,False,False
8539,,,,,,,,,,,,,,,,,,,,,,,,,,,,,,,,,,,,2022,TE,0.0,0.0,,,114.0,,561.0,,114.0,,558.0,,False,False
7551,16.0,,,,,,,,,68.0,236.0,1.0,1.0,90.0,9.0,6.0,30.0,34.0,209.0,1.0,-19.0,228.0,1.0,3.0,1.0,1.0,,220.0,1013.0,,,,,,,2022,RB,84.5,84.5,5.3,5.3,56.0,66.0,208.0,256.0,56.0,66.0,205.0,254.0,False,False
7954,,,,,,,,,,,,,,,,,,,,,,,,,,,,,,,,,,,,2022,WR,0.0,0.0,,,217.0,,561.0,,217.0,,558.0,,False,False
7032,6.0,,,,,,,,,,,,,,,,2.0,7.0,28.0,,11.0,17.0,,1.0,,,,76.0,428.0,,,,,,,2022,WR,4.8,4.8,0.8,0.8,183.0,182.0,494.0,484.0,183.0,182.0,492.0,480.0,False,False
2449,17.0,,,,,,,,,1.0,-3.0,,,,,1.0,110.0,156.0,1455.0,11.0,1017.0,438.0,7.0,23.0,1.0,,,791.0,1026.0,,,,,7.0,,2022,WR,335.2,335.2,19.7,19.7,4.0,5.0,11.0,16.0,4.0,5.0,11.0,13.0,True,True
7522,,,,,,,,,,,,,,,,,,,,,,,,,,,,,,,,,,,,2022,TE,0.0,0.0,,,114.0,,561.0,,114.0,,558.0,,False,False
7567,17.0,,,,,,,,,53.0,240.0,4.0,2.0,63.0,16.0,1.0,23.0,29.0,169.0,,26.0,143.0,2.0,3.0,,,,311.0,1102.0,,,,,,,2022,RB,87.9,87.9,5.2,5.2,52.0,67.0,196.0,257.0,52.0,67.0,194.0,255.0,False,False
7543,17.0,,,,,,,,,220.0,1125.0,5.0,14.0,393.0,40.0,29.0,35.0,45.0,316.0,,-36.0,352.0,3.0,5.0,5.0,3.0,,669.0,1123.0,,,5.0,,,,2022,RB,213.1,213.1,12.5,12.5,17.0,23.0,57.0,88.0,17.0,23.0,55.0,83.0,True,True
7793,5.0,,,,,,,,,1.0,4.0,,,,,,2.0,8.0,40.0,,33.0,7.0,,,,,,64.0,330.0,,,,,,,2022,WR,6.4,6.4,1.3,1.3,177.0,170.0,475.0,448.0,177.0,170.0,475.0,444.0,False,False
8192,,,,,,,,,,,,,,,,,,,,,,,,,,,,,,,,,,,,2022,TE,0.0,0.0,,,114.0,,561.0,,114.0,,558.0,,False,False
6001,2.0,,,,,,,,,,,,,,,,2.0,2.0,-2.0,,-2.0,,,1.0,,,,39.0,170.0,,,,,,,2022,TE,1.8,1.8,0.9,0.9,110.0,94.0,528.0,474.0,110.0,94.0,526.0,471.0,False,False
7572,2.0,,,,,,,,,1.0,7.0,,,5.0,,,,,,,,,,,,,,1.0,138.0,,,,,,,2022,RB,0.7,0.7,0.4,0.4,149.0,141.0,553.0,517.0,149.0,141.0,547.0,514.0,False,False
1817,12.0,,,,,,,,,,,,,,,,16.0,27.0,325.0,,199.0,126.0,2.0,5.0,1.0,1.0,,318.0,667.0,,,,,,,2022,WR,46.5,46.5,3.9,3.9,119.0,113.0,281.0,296.0,119.0,113.0,277.0,293.0,False,False
7757,14.0,,,,,,,,,1.0,17.0,1.0,,,1.0,,39.0,61.0,376.0,,239.0,137.0,2.0,3.0,,,,696.0,847.0,,,,,,,2022,WR,84.3,84.3,6.0,6.0,87.0,95.0,210.0,239.0,87.0,95.0,207.0,235.0,False,False
8583,7.0,,,,,,,,,,,,,,,,4.0,5.0,17.0,,10.0,7.0,,,,,,63.0,489.0,,,,,,,2022,TE,5.7,5.7,0.8,0.8,99.0,98.0,481.0,484.0,99.0,98.0,481.0,480.0,False,False
4323,,,,,,,,,,,,,,,,,,,,,,,,,,,,,,,,,,,,2022,TE,0.0,0.0,,,114.0,,561.0,,114.0,,558.0,,False,False
1386,8.0,,,,,,,,,8.0,28.0,,,,2.0,,2.0,2.0,-1.0,,-8.0,7.0,,,1.0,,,,587.0,,,,,,,2022,RB,4.7,4.7,0.6,0.6,138.0,136.0,497.0,501.0,138.0,136.0,495.0,498.0,False,False
6824,17.0,,,,,,,,,1.0,2.0,,,,,,61.0,96.0,839.0,3.0,649.0,190.0,2.0,13.0,1.0,1.0,1.0,996.0,1110.0,,,,,1.0,,2022,WR,169.1,169.1,9.9,9.9,40.0,50.0,95.0,139.0,40.0,50.0,91.0,129.0,False,False
5863,,,,,,,,,,,,,,,,,,,,,,,,,,,,,,,,,,,,2022,WR,0.0,0.0,,,217.0,,561.0,,217.0,,558.0,,False,False
8560,,,,,,,,,,,,,,,,,,,,,,,,,,,,,,,,,,,,2022,QB,0.0,0.0,,,80.0,,561.0,,77.0,,558.0,,False,False
1029,3.0,42.0,25.0,224.0,,4.0,8.0,134.0,3.0,2.0,8.0,,,,1.0,,,,,,,,,,,,,83.0,739.0,,,,,,,2022,QB,1.8,-2.7,0.6,-0.9,73.0,75.0,528.0,501.0,114.0,83.0,833.0,633.0,False,False
4344,4.0,,,,,,,,,,,,,,,,1.0,1.0,6.0,,6.0,,,,1.0,,,16.0,240.0,,,,,,,2022,WR,1.6,1.6,0.4,0.4,208.0,201.0,538.0,517.0,208.0,201.0,535.0,514.0,False,False
8195,8.0,,,,,,,,,9.0,21.0,,,5.0,1.0,,5.0,5.0,29.0,,-26.0,55.0,,1.0,,,,25.0,457.0,,,,,,,2022,RB,10.0,10.0,1.2,1.2,119.0,124.0,442.0,459.0,119.0,124.0,437.0,456.0,False,False
4218,17.0,,,,,,,,,4.0,15.0,,1.0,3.0,2.0,1.0,6.0,10.0,62.0,,19.0,43.0,,,2.0,1.0,,148.0,1041.0,,,,,,,2022,WR,11.7,11.7,0.7,0.7,162.0,191.0,424.0,495.0,162.0,191.0,419.0,491.0,False,False
6178,,,,,,,,,,,,,,,,,,,,,,,,,,,,,,,,,,,,2022,RB,0.0,0.0,,,153.0,,561.0,,153.0,,558.0,,False,False
8849,13.0,,,,,,,,,,,,,,,,,3.0,,,,,2.0,,,,,25.0,811.0,,,,,,,2022,TE,0.0,0.0,0.0,0.0,114.0,114.0,561.0,559.0,114.0,114.0,558.0,556.0,False,False
8159,4.0,115.0,73.0,708.0,2.0,,9.0,377.0,17.0,16.0,64.0,,,6.0,5.0,,,,,,,,,,3.0,2.0,,207.0,983.0,,,,,,,2022,QB,38.7,28.6,9.7,7.1,48.0,45.0,310.0,145.0,49.0,48.0,343.0,207.0,False,False
2152,5.0,79.0,49.0,683.0,4.0,4.0,7.0,376.0,8.0,3.0,27.0,,,2.0,1.0,,,,,,,,,,,,,141.0,691.0,1.0,,,,,,2022,QB,40.0,34.4,8.0,6.9,46.0,50.0,303.0,187.0,45.0,49.0,317.0,211.0,False,False
8018,,,,,,,,,,,,,,,,,,,,,,,,,,,,,,,,,,,,2022,TE,0.0,0.0,,,114.0,,561.0,,114.0,,558.0,,False,False
3582,3.0,,,,,,,,,,,,,,,,,,,,,,,,1.0,1.0,,,209.0,,,,,,,2022,WR,-2.0,-2.0,-0.7,-0.7,346.0,253.0,832.0,633.0,346.0,253.0,831.0,631.0,False,False
5892,16.0,,,,,,,,,201.0,801.0,5.0,20.0,372.0,31.0,13.0,34.0,40.0,316.0,1.0,34.0,282.0,1.0,3.0,2.0,2.0,,605.0,921.0,,,1.0,,,,2022,RB,179.7,179.7,11.2,11.2,24.0,28.0,78.0,110.0,24.0,28.0,75.0,102.0,True,True
7081,,,,,,,,,,,,,,,,,,,,,,,,,,,,,,,,,,,,2022,QB,0.0,0.0,,,80.0,,561.0,,77.0,,558.0,,False,False
6290,15.0,,,,,,,,,1.0,8.0,,,,,,23.0,40.0,185.0,,152.0,33.0,3.0,4.0,,,,237.0,1097.0,,,,,,,2022,WR,42.3,42.3,2.8,2.8,123.0,132.0,295.0,350.0,123.0,132.0,291.0,347.0,False,False
5127,2.0,78.0,46.0,416.0,2.0,4.0,5.0,178.0,9.0,6.0,13.0,,,1.0,,1.0,,,,,,,,,4.0,1.0,,126.0,599.0,,,,,,,2022,QB,15.9,11.6,8.0,5.8,59.0,50.0,402.0,187.0,59.0,53.0,420.0,238.0,False,False
5285,12.0,,,,,,,,,,,,,,,,3.0,5.0,105.0,1.0,62.0,43.0,,,,,,101.0,772.0,,,,,,,2022,TE,19.5,19.5,1.6,1.6,80.0,76.0,379.0,425.0,80.0,76.0,376.0,424.0,False,False
4274,,,,,,,,,,,,,,,,,,,,,,,,,,,,,,,,,,,,2022,WR,0.0,0.0,,,217.0,,561.0,,217.0,,558.0,,False,False
6845,13.0,,,,,,,,,93.0,456.0,1.0,4.0,149.0,16.0,4.0,11.0,13.0,39.0,,-6.0,45.0,1.0,,1.0,1.0,,207.0,853.0,,,1.0,,,,2022,RB,66.5,66.5,5.1,5.1,63.0,69.0,234.0,261.0,63.0,69.0,233.0,258.0,False,False
8219,15.0,,,,,,,,,,,,,,,,25.0,40.0,312.0,3.0,172.0,140.0,3.0,6.0,1.0,,,296.0,948.0,,,,,,,2022,TE,74.2,74.2,4.9,4.9,34.0,36.0,222.0,267.0,34.0,36.0,222.0,264.0,False,False
7603,17.0,,,,,,,,,,,,,,,,22.0,41.0,296.0,2.0,140.0,156.0,3.0,5.0,4.0,1.0,,452.0,957.0,,,,,,,2022,WR,61.6,61.6,3.6,3.6,103.0,119.0,243.0,309.0,103.0,119.0,242.0,306.0,False,False
7751,15.0,,,,,,,,,,,,,,,,6.0,7.0,37.0,1.0,24.0,13.0,,3.0,1.0,,,81.0,977.0,,,,,,,2022,WR,15.7,15.7,1.0,1.0,153.0,176.0,403.0,469.0,153.0,176.0,398.0,466.0,False,False
8731,,,,,,,,,,,,,,,,,,,,,,,,,,,,,,,,,,,,2022,WR,0.0,0.0,,,217.0,,561.0,,217.0,,558.0,,False,False
5046,4.0,,,,,,,,,41.0,117.0,,2.0,18.0,7.0,4.0,6.0,8.0,33.0,,-8.0,41.0,,,1.0,1.0,,91.0,200.0,,,,,,,2022,RB,19.0,19.0,4.8,4.8,102.0,71.0,384.0,271.0,102.0,71.0,382.0,267.0,False,False
7075,17.0,,,,,,,,,,,,,,,,,2.0,,,,,2.0,,,,,189.0,1038.0,,,,,,,2022,TE,0.0,0.0,0.0,0.0,114.0,114.0,561.0,559.0,114.0,114.0,558.0,556.0,False,False
7571,6.0,,,,,,,,,,,,,,,,15.0,28.0,285.0,2.0,152.0,133.0,4.0,1.0,1.0,1.0,,190.0,385.0,,,,,1.0,,2022,WR,55.5,55.5,9.2,9.2,111.0,56.0,259.0,155.0,111.0,56.0,256.0,144.0,False,False
8783,,,,,,,,,,,,,,,,,,,,,,,,,,,,,206.0,,,,,,,2022,WR,0.0,0.0,,,217.0,,561.0,,217.0,,558.0,,False,False
4854,11.0,,,,,,,,,,,,,,,,9.0,14.0,102.0,2.0,76.0,26.0,,3.0,,,,144.0,638.0,,,,,,,2022,WR,31.2,31.2,2.8,2.8,135.0,132.0,332.0,350.0,135.0,132.0,329.0,347.0,False,False
4878,2.0,,,,,,,,,,,,,,,,,,,,,,,,,,,16.0,121.0,,,,,,,2022,WR,0.0,0.0,0.0,0.0,217.0,216.0,561.0,559.0,217.0,216.0,558.0,556.0,False,False
8924,,,,,,,,,,,,,,,,,,,,,,,,,,,,,,,,,,,,2022,TE,0.0,0.0,,,114.0,,561.0,,114.0,,558.0,,False,False
627,3.0,,,,,,,,,,,,,,,,,,,,,,,,1.0,,,,119.0,,,,,,,2022,WR,0.0,0.0,0.0,0.0,217.0,216.0,561.0,559.0,217.0,216.0,558.0,556.0,False,False
5927,17.0,,,,,,,,,7.0,29.0,,,6.0,,1.0,77.0,120.0,1191.0,5.0,797.0,394.0,2.0,11.0,1.0,,,1013.0,1124.0,,,,,4.0,,2022,WR,237.0,237.0,13.9,13.9,14.0,22.0,40.0,65.0,14.0,22.0,37.0,56.0,True,True
7554,17.0,,,,,,,,,,,,,,,,10.0,18.0,72.0,,20.0,52.0,2.0,4.0,1.0,,,518.0,1124.0,,,,,,,2022,TE,17.2,17.2,1.0,1.0,85.0,93.0,398.0,469.0,85.0,93.0,392.0,466.0,False,False
5974,6.0,83.0,45.0,412.0,,5.0,3.0,205.0,2.0,15.0,61.0,,,5.0,1.0,1.0,,,,,,,,,2.0,2.0,,131.0,800.0,,,,,,,2022,QB,8.6,0.3,1.4,0.1,68.0,73.0,456.0,434.0,74.0,75.0,553.0,551.0,False,False
4199,17.0,,,,,,,,,213.0,1121.0,2.0,12.0,444.0,29.0,23.0,59.0,72.0,395.0,5.0,-52.0,447.0,6.0,9.0,5.0,3.0,,597.0,1034.0,,,5.0,,,,2022,RB,256.6,256.6,15.1,15.1,8.0,11.0,30.0,48.0,8.0,11.0,28.0,44.0,True,True
6156,17.0,,,,,,,,,20.0,90.0,1.0,,36.0,2.0,,2.0,2.0,17.0,,-1.0,18.0,,,,,,42.0,1087.0,,,,,,,2022,RB,18.7,18.7,1.1,1.1,103.0,127.0,389.0,465.0,103.0,127.0,387.0,462.0,False,False
4950,17.0,1.0,,,,,,,,5.0,11.0,,1.0,7.0,,1.0,84.0,133.0,1108.0,8.0,737.0,371.0,6.0,22.0,1.0,1.0,,991.0,1123.0,,,,,3.0,,2022,WR,247.9,247.9,14.6,14.6,12.0,19.0,34.0,55.0,12.0,19.0,32.0,48.0,True,True
4454,16.0,,,,,,,,,6.0,39.0,,2.0,14.0,2.0,2.0,35.0,48.0,434.0,1.0,289.0,145.0,3.0,4.0,2.0,,,405.0,932.0,,,,,1.0,,2022,WR,90.3,90.3,5.6,5.6,79.0,97.0,189.0,251.0,79.0,97.0,187.0,248.0,False,False
4085,,,,,,,,,,,,,,,,,,,,,,,,,,,,,,,,,,,,2022,TE,0.0,0.0,,,114.0,,561.0,,114.0,,558.0,,False,False
6154,9.0,,,,,,,,,,,,,,,,11.0,17.0,106.0,,66.0,40.0,1.0,2.0,,,,270.0,668.0,,,,,,,2022,WR,21.6,21.6,2.4,2.4,144.0,143.0,371.0,373.0,144.0,143.0,370.0,368.0,False,False
6931,15.0,1.0,,,,1.0,,,1.0,35.0,186.0,,2.0,49.0,2.0,1.0,17.0,19.0,126.0,,,126.0,,1.0,1.0,,,185.0,905.0,,,,,,,2022,RB,46.2,46.2,3.1,3.1,74.0,90.0,282.0,335.0,74.0,90.0,278.0,334.0,False,False
5915,5.0,,,,,,,,,1.0,1.0,,,,1.0,,2.0,5.0,21.0,,16.0,5.0,,,,,,73.0,328.0,,,,,,,2022,WR,4.2,4.2,0.8,0.8,189.0,182.0,504.0,484.0,189.0,182.0,502.0,480.0,False,False
6450,2.0,58.0,38.0,402.0,2.0,2.0,5.0,180.0,4.0,4.0,5.0,,,,,1.0,,,,,,,,,1.0,1.0,,74.0,150.0,,,,,,,2022,QB,18.6,14.5,9.3,7.3,54.0,46.0,390.0,153.0,55.0,47.0,401.0,200.0,False,False
2549,2.0,26.0,15.0,184.0,1.0,1.0,2.0,68.0,4.0,4.0,8.0,,,,,,,,,,,,,,,,,60.0,757.0,,,,,,,2022,QB,10.2,8.5,5.1,4.2,65.0,58.0,437.0,261.0,66.0,58.0,455.0,286.0,False,False
8863,3.0,,,,,,,,,,,,,,,,,,,,,,,,,,,9.0,211.0,,,,,,,2022,WR,0.0,0.0,0.0,0.0,217.0,216.0,561.0,559.0,217.0,216.0,558.0,556.0,False,False
4995,17.0,,,,,,,,,,,,,,,,21.0,30.0,197.0,,16.0,181.0,3.0,2.0,,,,522.0,957.0,,,,,,,2022,TE,40.7,40.7,2.4,2.4,52.0,62.0,302.0,373.0,52.0,62.0,297.0,368.0,False,False
7589,,,,,,,,,,,,,,,,,,,,,,,,,,,,,126.0,,,,,,,2022,QB,0.0,0.0,,,80.0,,561.0,,77.0,,558.0,,False,False
6063,4.0,,,,,,,,,,,,,,,,1.0,1.0,8.0,,-2.0,10.0,,,,,,34.0,384.0,,,,,,,2022,WR,1.8,1.8,0.4,0.4,204.0,201.0,528.0,517.0,204.0,201.0,526.0,514.0,False,False
4018,15.0,,,,,,,,,212.0,826.0,7.0,8.0,311.0,38.0,15.0,60.0,75.0,441.0,2.0,-27.0,468.0,3.0,13.0,,,,588.0,899.0,,,1.0,,,,2022,RB,242.7,242.7,16.2,16.2,10.0,8.0,36.0,39.0,10.0,8.0,35.0,32.0,True,True
2319,13.0,,,,,,,,,,,,,,,,31.0,47.0,539.0,3.0,434.0,105.0,,4.0,,,,489.0,740.0,,,,,1.0,,2022,WR,104.9,104.9,8.1,8.1,69.0,66.0,168.0,185.0,69.0,66.0,163.0,179.0,False,False
4229,3.0,,,,,,,,,,,,,,,,2.0,2.0,6.0,,6.0,,,,,,,34.0,178.0,,,,,,,2022,TE,2.6,2.6,0.9,0.9,108.0,94.0,521.0,474.0,108.0,94.0,519.0,471.0,False,False
7670,16.0,,,,,,,,,1.0,4.0,,,3.0,,,72.0,107.0,769.0,3.0,514.0,255.0,5.0,8.0,1.0,,,844.0,1053.0,,,,,2.0,,2022,WR,171.3,171.3,10.7,10.7,37.0,44.0,90.0,119.0,37.0,44.0,87.0,112.0,False,False
2229,,,,,,,,,,,,,,,,,,,,,,,,,,,,,130.0,,,,,,,2022,QB,0.0,0.0,,,80.0,,561.0,,77.0,,558.0,,False,False
7611,17.0,,,,,,,,,210.0,1040.0,5.0,24.0,436.0,31.0,18.0,69.0,88.0,421.0,1.0,-46.0,467.0,6.0,6.0,4.0,1.0,,666.0,984.0,,,2.0,,,,2022,RB,253.1,253.1,14.9,14.9,9.0,12.0,32.0,51.0,9.0,12.0,30.0,47.0,True,True
3297,,,,,,,,,,,,,,,,,,,,,,,,,,,,,,,,,,,,2022,WR,0.0,0.0,,,217.0,,561.0,,217.0,,558.0,,False,False
4197,16.0,,,,,,,,,9.0,55.0,1.0,,8.0,2.0,1.0,42.0,66.0,423.0,4.0,295.0,128.0,5.0,9.0,,,,522.0,970.0,,,,,,,2022,WR,119.8,119.8,7.5,7.5,55.0,71.0,141.0,200.0,55.0,71.0,139.0,192.0,False,False
5890,11.0,,,,,,,,,106.0,462.0,3.0,5.0,152.0,11.0,7.0,17.0,23.0,97.0,,12.0,85.0,1.0,6.0,,,,202.0,617.0,,,,,,,2022,RB,90.9,90.9,8.3,8.3,48.0,49.0,187.0,178.0,48.0,49.0,185.0,170.0,False,False
8005,,,,,,,,,,,,,,,,,,,,,,,,,,,,,,,,,,,,2022,WR,0.0,0.0,,,217.0,,561.0,,217.0,,558.0,,False,False
8150,10.0,,,,,,,,,35.0,139.0,,,61.0,,5.0,9.0,12.0,76.0,,-4.0,80.0,,1.0,,,,141.0,532.0,,,,,,,2022,RB,30.5,30.5,3.0,3.0,89.0,92.0,336.0,340.0,89.0,92.0,333.0,338.0,False,False
8121,13.0,,,,,,,,,1.0,11.0,,,,,,42.0,67.0,425.0,3.0,229.0,196.0,7.0,8.0,2.0,1.0,,506.0,794.0,,,,,,,2022,WR,101.6,101.6,7.8,7.8,71.0,69.0,172.0,193.0,71.0,69.0,169.0,185.0,False,False
8123,15.0,,,,,,,,,25.0,93.0,,2.0,65.0,,,11.0,12.0,57.0,,-1.0,58.0,1.0,,,,,155.0,913.0,,,,,,,2022,RB,26.0,26.0,1.7,1.7,95.0,112.0,352.0,413.0,95.0,112.0,351.0,411.0,False,False
8033,,,,,,,,,,,,,,,,,,,,,,,,,,,,,,,,,,,,2022,TE,0.0,0.0,,,114.0,,561.0,,114.0,,558.0,,False,False
3161,8.0,276.0,172.0,1755.0,11.0,9.0,26.0,929.0,25.0,22.0,86.0,1.0,1.0,21.0,5.0,,,,,,,,,,6.0,1.0,,510.0,627.0,3.0,,,,,,2022,QB,114.8,101.7,14.4,12.7,31.0,25.0,151.0,57.0,31.0,24.0,168.0,80.0,False,False
5111,1.0,,,,,,,,,,,,,,,,,,,,,,,,,,,5.0,71.0,,,,,,,2022,WR,0.0,0.0,0.0,0.0,217.0,216.0,561.0,559.0,217.0,216.0,558.0,556.0,False,False
7600,16.0,,,,,,,,,,,,,,,,63.0,98.0,732.0,2.0,441.0,291.0,4.0,10.0,,,,697.0,1023.0,,,,,,,2022,TE,148.2,148.2,9.3,9.3,7.0,11.0,115.0,153.0,7.0,11.0,111.0,143.0,True,True
8527,13.0,,,,,,,,,,,,,,,,2.0,2.0,24.0,,1.0,23.0,,,,,,92.0,781.0,,,,,,,2022,WR,4.4,4.4,0.3,0.3,187.0,205.0,501.0,535.0,187.0,205.0,499.0,529.0,False,False
6002,3.0,,,,,,,,,,,,,,,,,,,,,,,,,,,2.0,221.0,,,,,,,2022,RB,0.0,0.0,0.0,0.0,153.0,152.0,561.0,559.0,153.0,152.0,558.0,556.0,False,False
8161,8.0,61.0,31.0,276.0,,3.0,10.0,129.0,4.0,27.0,123.0,1.0,3.0,34.0,3.0,3.0,,,,,,,,,3.0,2.0,,211.0,1035.0,,,,,,,2022,QB,19.3,13.8,2.4,1.7,53.0,70.0,381.0,373.0,57.0,69.0,406.0,411.0,False,False
1559,,,,,,,,,,,,,,,,,,,,,,,,,,,,,,,,,,,,2022,QB,0.0,0.0,,,80.0,,561.0,,77.0,,558.0,,False,False
4951,11.0,,,,,,,,,,,,,,,,30.0,52.0,502.0,3.0,368.0,134.0,4.0,4.0,,,,494.0,697.0,,,,,1.0,,2022,WR,100.2,100.2,9.1,9.1,74.0,58.0,175.0,159.0,74.0,58.0,172.0,148.0,False,False
8228,16.0,,,,,,,,,77.0,379.0,1.0,5.0,136.0,12.0,4.0,28.0,33.0,214.0,,-8.0,222.0,2.0,4.0,1.0,,,311.0,1018.0,,,,,,,2022,RB,93.3,93.3,5.8,5.8,47.0,63.0,184.0,242.0,47.0,63.0,182.0,238.0,False,False
8229,,,,,,,,,,,,,,,,,,,,,,,,,,,,,,,,,,,,2022,WR,0.0,0.0,,,217.0,,561.0,,217.0,,558.0,,False,False
8230,3.0,,,,,,,,,6.0,20.0,,,,,,,,,,,,,,,,,,151.0,,,,,,,2022,RB,2.0,2.0,0.7,0.7,142.0,133.0,526.0,495.0,142.0,133.0,524.0,491.0,False,False
6011,5.0,76.0,44.0,663.0,3.0,3.0,6.0,412.0,6.0,7.0,3.0,1.0,,,2.0,,,,,,,,,,4.0,1.0,,151.0,1102.0,1.0,,,,,,2022,QB,38.8,31.6,7.8,6.3,47.0,53.0,309.0,193.0,47.0,52.0,327.0,227.0,False,False
5089,5.0,175.0,103.0,1192.0,3.0,4.0,9.0,638.0,24.0,6.0,9.0,1.0,,2.0,3.0,,,,,,,,,,2.0,1.0,,285.0,693.0,2.0,,,,,,2022,QB,60.6,42.7,12.1,8.5,38.0,35.0,246.0,97.0,39.0,40.0,289.0,162.0,False,False
4453,,,,,,,,,,,,,,,,,,,,,,,,,,,,,,,,,,,,2022,WR,0.0,0.0,,,217.0,,561.0,,217.0,,558.0,,False,False
8732,12.0,,,,,,,,,,,,,,,,,,,,,,,,,,,1.0,668.0,,,,,,,2022,WR,0.0,0.0,0.0,0.0,217.0,216.0,561.0,559.0,217.0,216.0,558.0,556.0,False,False
6136,5.0,83.0,53.0,656.0,4.0,3.0,7.0,376.0,17.0,14.0,84.0,,,4.0,2.0,,,,,,,,,,3.0,1.0,,156.0,1102.0,1.0,,,,,,2022,QB,44.6,39.5,8.9,7.9,42.0,47.0,287.0,160.0,41.0,44.0,299.0,182.0,False,False
5171,14.0,,,,,,,,,,,,,,,,,,,,,,,,,,,122.0,848.0,,,,,,,2022,TE,0.0,0.0,0.0,0.0,114.0,114.0,561.0,559.0,114.0,114.0,558.0,556.0,False,False
4146,,,,,,,,,,,,,,,,,,,,,,,,,,,,,,,,,,,,2022,WR,0.0,0.0,,,217.0,,561.0,,217.0,,558.0,,False,False
8559,,,,,,,,,,,,,,,,,,,,,,,,,,,,,,,,,,,,2022,TE,0.0,0.0,,,114.0,,561.0,,114.0,,558.0,,False,False
7288,4.0,,,,,,,,,,,,,,,,3.0,3.0,26.0,,15.0,11.0,,1.0,,,,43.0,267.0,,,,,,,2022,TE,5.6,5.6,1.4,1.4,100.0,78.0,482.0,434.0,100.0,78.0,482.0,431.0,False,False
5857,17.0,,,,,,,,,,,,,,,,50.0,63.0,486.0,4.0,265.0,221.0,1.0,8.0,,,,615.0,1023.0,,,,,,,2022,TE,122.6,122.6,7.2,7.2,17.0,23.0,138.0,209.0,17.0,23.0,137.0,203.0,False,False
5154,17.0,,,,,,,,,,,,,,,,30.0,51.0,417.0,2.0,273.0,144.0,4.0,8.0,,,,568.0,992.0,,,,,,,2022,WR,83.7,83.7,4.9,4.9,88.0,104.0,211.0,267.0,88.0,104.0,208.0,264.0,False,False
8204,,,,,,,,,,,,,,,,,,,,,,,,,,,,,,,,,,,,2022,WR,0.0,0.0,,,217.0,,561.0,,217.0,,558.0,,False,False
5012,15.0,,,,,,,,,3.0,8.0,,,4.0,,,73.0,113.0,847.0,5.0,604.0,243.0,8.0,17.0,1.0,,,787.0,950.0,,,,,3.0,,2022,TE,194.5,194.5,13.0,13.0,4.0,3.0,69.0,83.0,4.0,3.0,66.0,76.0,True,True
7595,9.0,,,,,,,,,,,,,,,,4.0,7.0,33.0,,24.0,9.0,1.0,,,,,58.0,510.0,,,,,,,2022,WR,7.3,7.3,0.8,0.8,176.0,182.0,467.0,484.0,176.0,182.0,466.0,480.0,False,False
6074,6.0,,,,,,,,,,,,,,,,10.0,12.0,130.0,1.0,88.0,42.0,,2.0,,,,118.0,367.0,,,,,,,2022,TE,29.0,29.0,4.8,4.8,65.0,37.0,341.0,271.0,65.0,37.0,339.0,267.0,False,False
6308,,,,,,,,,,,,,,,,,,,,,,,,,,,,,,,,,,,,2022,TE,0.0,0.0,,,114.0,,561.0,,114.0,,558.0,,False,False
3202,17.0,,,,,,,,,,,,,,,,41.0,60.0,444.0,2.0,313.0,131.0,2.0,6.0,,,,525.0,1035.0,,,,,,,2022,TE,97.4,97.4,5.7,5.7,24.0,32.0,180.0,248.0,24.0,32.0,178.0,245.0,False,False
6794,17.0,2.0,2.0,34.0,,,,3.0,,4.0,24.0,1.0,,3.0,1.0,,128.0,184.0,1809.0,8.0,1185.0,624.0,5.0,28.0,,,,1043.0,1097.0,,,,,9.0,1.0,2022,WR,388.7,388.0,22.9,22.8,1.0,2.0,3.0,5.0,1.0,2.0,3.0,5.0,True,True
8411,,,,,,,,,,,,,,,,,,,,,,,,,,,,,,,,,,,,2022,WR,0.0,0.0,,,217.0,,561.0,,217.0,,558.0,,False,False
7992,,,,,,,,,,,,,,,,,,,,,,,,,,,,,,,,,,,,2022,TE,0.0,0.0,,,114.0,,561.0,,114.0,,558.0,,False,False
8202,10.0,,,,,,,,,1.0,-5.0,,,,,1.0,5.0,10.0,45.0,,28.0,17.0,,2.0,,,,129.0,672.0,,,,,,,2022,WR,9.0,9.0,0.9,0.9,171.0,179.0,452.0,474.0,171.0,179.0,448.0,471.0,False,False
1067,16.0,,,,,,,,,,,,,,,,46.0,81.0,529.0,3.0,434.0,95.0,4.0,11.0,,,,700.0,1060.0,,,,,1.0,,2022,WR,118.9,118.9,7.4,7.4,56.0,74.0,144.0,204.0,56.0,74.0,142.0,197.0,False,False
2381,9.0,,,,,,,,,,,,,,,,4.0,7.0,46.0,,43.0,3.0,2.0,,,,,152.0,572.0,,,,,,,2022,WR,8.6,8.6,1.0,1.0,173.0,176.0,456.0,469.0,173.0,176.0,453.0,466.0,False,False
6553,,,,,,,,,,,,,,,,,,,,,,,,,,,,,,,,,,,,2022,RB,0.0,0.0,,,153.0,,561.0,,153.0,,558.0,,False,False
5980,4.0,,,,,,,,,10.0,26.0,,,12.0,,1.0,4.0,6.0,28.0,,8.0,20.0,,3.0,,,,39.0,262.0,,,,,,,2022,RB,9.4,9.4,2.4,2.4,121.0,101.0,447.0,373.0,121.0,101.0,443.0,368.0,False,False
5008,16.0,,,,,,,,,2.0,1.0,1.0,,1.0,2.0,,15.0,20.0,129.0,1.0,86.0,43.0,,3.0,,,,511.0,914.0,,,,,,,2022,TE,40.0,40.0,2.5,2.5,53.0,61.0,303.0,367.0,53.0,61.0,298.0,363.0,False,False
8665,11.0,,,,,,,,,2.0,26.0,,,24.0,,,5.0,6.0,64.0,,7.0,57.0,,,,,,147.0,704.0,,,,,,,2022,TE,14.0,14.0,1.3,1.3,86.0,85.0,410.0,448.0,86.0,85.0,405.0,444.0,False,False
4160,,,,,,,,,,,,,,,,,,,,,,,,,,,,,,,,,,,,2022,WR,0.0,0.0,,,217.0,,561.0,,217.0,,558.0,,False,False
2431,8.0,,,,,,,,,8.0,18.0,,1.0,5.0,3.0,,2.0,2.0,4.0,,-7.0,11.0,,,1.0,,,42.0,506.0,,,,,,,2022,RB,4.2,4.2,0.5,0.5,139.0,138.0,504.0,510.0,139.0,138.0,502.0,506.0,False,False
6453,,,,,,,,,,,,,,,,,,,,,,,,,,,,,,,,,,,,2022,WR,0.0,0.0,,,217.0,,561.0,,217.0,,558.0,,False,False
5235,,,,,,,,,,,,,,,,,,,,,,,,,,,,,,,,,,,,2022,TE,0.0,0.0,,,114.0,,561.0,,114.0,,558.0,,False,False
3177,,,,,,,,,,,,,,,,,,,,,,,,,,,,,,,,,,,,2022,WR,0.0,0.0,,,217.0,,561.0,,217.0,,558.0,,False,False
6894,17.0,,,,,,,,,,,,,,,,17.0,18.0,139.0,1.0,65.0,74.0,,1.0,,,,470.0,1041.0,,,,,,,2022,TE,36.9,36.9,2.2,2.2,57.0,68.0,314.0,386.0,57.0,68.0,308.0,383.0,False,False
6938,15.0,,,,,,,,,188.0,786.0,7.0,13.0,373.0,27.0,22.0,13.0,18.0,117.0,,-16.0,133.0,,3.0,2.0,2.0,,367.0,838.0,,,3.0,,,,2022,RB,147.3,147.3,9.8,9.8,34.0,39.0,119.0,141.0,34.0,39.0,113.0,131.0,False,True
4198,15.0,,,,,,,,,12.0,86.0,,1.0,6.0,,2.0,23.0,30.0,187.0,3.0,66.0,121.0,2.0,6.0,,,,141.0,980.0,,,,,,,2022,WR,68.3,68.3,4.6,4.6,97.0,108.0,233.0,279.0,97.0,108.0,232.0,276.0,False,False
7537,3.0,,,,,,,,,17.0,78.0,,,,7.0,,,1.0,,,,,,,,,,,152.0,,,,,,,2022,RB,7.8,7.8,2.6,2.6,127.0,98.0,465.0,365.0,127.0,98.0,462.0,361.0,False,False
5661,,,,,,,,,,,,,,,,,,,,,,,,,,,,,,,,,,,,2022,WR,0.0,0.0,,,217.0,,561.0,,217.0,,558.0,,False,False
8114,1.0,,,,,,,,,,,,,,,,1.0,1.0,3.0,,-4.0,7.0,,,,,,,,,,,,,,2022,WR,1.3,1.3,1.3,1.3,211.0,170.0,544.0,448.0,211.0,170.0,540.0,444.0,False,False
8144,15.0,,,,,,,,,,,,,,,,72.0,119.0,1042.0,4.0,832.0,210.0,6.0,10.0,2.0,2.0,,571.0,866.0,,,,,3.0,,2022,WR,202.2,202.2,13.5,13.5,25.0,25.0,63.0,71.0,25.0,25.0,61.0,64.0,True,True
6529,16.0,,,,,,,,,,,,,,,,7.0,8.0,65.0,1.0,27.0,38.0,,2.0,,,,300.0,1072.0,,,,,,,2022,TE,19.5,19.5,1.2,1.2,80.0,90.0,379.0,459.0,80.0,90.0,376.0,456.0,False,False
4984,17.0,573.0,362.0,4316.0,35.0,14.0,33.0,2698.0,84.0,126.0,776.0,7.0,5.0,178.0,25.0,6.0,,,,,,,,,13.0,5.0,,1002.0,1026.0,4.0,2.0,,,,,2022,QB,410.2,393.9,24.1,23.2,2.0,3.0,2.0,3.0,2.0,3.0,2.0,4.0,True,True
947,10.0,,,,,,,,,5.0,45.0,,,7.0,,,24.0,43.0,299.0,2.0,175.0,124.0,1.0,6.0,,,,351.0,737.0,,,,,,,2022,WR,70.4,70.4,7.0,7.0,96.0,81.0,229.0,213.0,96.0,82.0,228.0,209.0,False,False
7602,13.0,,,,,,,,,1.0,,,,,,,31.0,40.0,302.0,,178.0,124.0,2.0,3.0,1.0,,,408.0,904.0,,,,,,,2022,TE,61.2,61.2,4.7,4.7,41.0,38.0,245.0,277.0,41.0,38.0,244.0,274.0,False,False
5010,15.0,,,,,,,,,,,,,,,,34.0,38.0,349.0,3.0,165.0,184.0,2.0,6.0,,,,569.0,951.0,,,,,,,2022,TE,86.9,86.9,5.8,5.8,28.0,28.0,200.0,242.0,28.0,28.0,198.0,238.0,False,False
6039,17.0,,,,,,,,,30.0,160.0,1.0,6.0,83.0,2.0,5.0,12.0,24.0,88.0,,15.0,73.0,1.0,,,,,152.0,1058.0,,,,,,,2022,RB,42.8,42.8,2.5,2.5,80.0,99.0,293.0,367.0,80.0,99.0,288.0,363.0,False,False
6803,17.0,,,,,,,,,2.0,23.0,,,8.0,,,78.0,114.0,1015.0,8.0,628.0,387.0,7.0,15.0,1.0,1.0,,957.0,1038.0,,,,,1.0,,2022,WR,229.8,229.8,13.5,13.5,17.0,25.0,44.0,71.0,17.0,25.0,41.0,64.0,True,True
6032,,,,,,,,,,,,,,,,,,,,,,,,,,,,,69.0,,,,,,,2022,WR,0.0,0.0,,,217.0,,561.0,,217.0,,558.0,,False,False
8172,10.0,,,,,,,,,,,,,,,,33.0,55.0,411.0,2.0,256.0,155.0,2.0,2.0,,,,497.0,663.0,,,,,,,2022,TE,86.1,86.1,8.6,8.6,29.0,15.0,201.0,169.0,29.0,15.0,199.0,160.0,False,False
8222,,,,,,,,,,,,,,,,,,,,,,,,,,,,,,,,,,,,2022,WR,0.0,0.0,,,217.0,,561.0,,217.0,,558.0,,False,False
2331,11.0,,,,,,,,,2.0,-7.0,,,,,1.0,9.0,19.0,110.0,1.0,58.0,52.0,2.0,,2.0,1.0,,197.0,703.0,,,,,,,2022,WR,23.3,23.3,2.1,2.1,142.0,150.0,362.0,391.0,142.0,150.0,361.0,388.0,False,False
8193,,,,,,,,,,,,,,,,,,,,,,,,,,,,,,,,,,,,2022,QB,0.0,0.0,,,80.0,,561.0,,77.0,,558.0,,False,False
6778,2.0,15.0,10.0,90.0,,,,73.0,1.0,9.0,54.0,,,12.0,,1.0,,,,,,,,,1.0,,,31.0,129.0,,,,,,,2022,QB,9.0,7.2,4.5,3.6,67.0,60.0,452.0,280.0,69.0,59.0,468.0,306.0,False,False
7050,17.0,,,,,,,,,,,,,,,,13.0,15.0,114.0,,51.0,63.0,2.0,1.0,,,,244.0,1034.0,,,,,,,2022,TE,24.4,24.4,1.4,1.4,72.0,78.0,358.0,434.0,72.0,78.0,357.0,431.0,False,False
4144,14.0,,,,,,,,,1.0,5.0,,,,,,27.0,38.0,245.0,,44.0,201.0,2.0,4.0,1.0,,,423.0,864.0,,,,,,,2022,TE,52.0,52.0,3.7,3.7,47.0,46.0,271.0,300.0,47.0,46.0,268.0,297.0,False,False
8126,6.0,,,,,,,,,2.0,-1.0,,,,,1.0,23.0,31.0,227.0,1.0,101.0,126.0,1.0,2.0,,,,229.0,412.0,,,,,1.0,,2022,WR,53.6,53.6,8.9,8.9,114.0,59.0,268.0,160.0,114.0,59.0,266.0,151.0,False,False
8249,1.0,,,,,,,,,,,,,,,,,,,,,,,,,,,11.0,59.0,,,,,,,2022,TE,0.0,0.0,0.0,0.0,114.0,114.0,561.0,559.0,114.0,114.0,558.0,556.0,False,False
6853,11.0,,,,,,,,,,,,,,,,24.0,44.0,369.0,3.0,331.0,38.0,1.0,5.0,,,,439.0,580.0,,,,,,,2022,WR,78.9,78.9,7.2,7.2,93.0,78.0,217.0,209.0,93.0,78.0,216.0,203.0,False,False
6557,11.0,,,,,,,,,,,,,,,,8.0,11.0,134.0,,97.0,37.0,,1.0,,,,141.0,707.0,,,,,,,2022,WR,21.4,21.4,1.9,1.9,145.0,154.0,372.0,403.0,145.0,154.0,371.0,400.0,False,False
8489,,,,,,,,,,,,,,,,,,,,,,,,,,,,,,,,,,,,2022,TE,0.0,0.0,,,114.0,,561.0,,114.0,,558.0,,False,False
8801,2.0,,,,,,,,,,,,,,,,2.0,6.0,16.0,,10.0,6.0,,,,,,60.0,130.0,,,,,,,2022,WR,3.6,3.6,1.8,1.8,194.0,157.0,511.0,408.0,194.0,157.0,509.0,406.0,False,False
8571,,,,,,,,,,,,,,,,,,,,,,,,,,,,,,,,,,,,2022,WR,0.0,0.0,,,217.0,,561.0,,217.0,,558.0,,False,False
6239,,,,,,,,,,,,,,,,,,,,,,,,,,,,,,,,,,,,2022,WR,0.0,0.0,,,217.0,,561.0,,217.0,,558.0,,False,False
8120,,,,,,,,,,,,,,,,,,,,,,,,,,,,,,,,,,,,2022,RB,0.0,0.0,,,153.0,,561.0,,153.0,,558.0,,False,False
8235,11.0,,,,,,,,,,,,,,,,5.0,10.0,82.0,1.0,71.0,11.0,,1.0,1.0,,,110.0,634.0,,,,,,,2022,WR,19.2,19.2,1.7,1.7,147.0,159.0,382.0,413.0,147.0,159.0,379.0,411.0,False,False
8168,16.0,,,,,,,,,3.0,24.0,,,3.0,1.0,,22.0,33.0,250.0,,102.0,148.0,1.0,1.0,3.0,3.0,,313.0,1090.0,,,,,,,2022,WR,43.4,43.4,2.7,2.7,121.0,139.0,290.0,361.0,121.0,139.0,285.0,357.0,False,False
2446,13.0,,,,,,,,,,,,,,,,16.0,21.0,150.0,4.0,75.0,75.0,1.0,8.0,,,,290.0,735.0,,,,,,,2022,TE,55.0,55.0,4.2,4.2,44.0,41.0,261.0,290.0,44.0,41.0,258.0,286.0,False,False
5045,15.0,,,,,,,,,1.0,5.0,,,2.0,,,64.0,109.0,829.0,2.0,677.0,152.0,9.0,12.0,,,,821.0,930.0,,,,,1.0,,2022,WR,161.4,161.4,10.8,10.8,43.0,43.0,102.0,116.0,43.0,43.0,97.0,109.0,False,False
6665,13.0,,,,,,,,,,,,,,,,9.0,13.0,108.0,2.0,68.0,40.0,,5.0,1.0,1.0,,184.0,877.0,,,,,,,2022,TE,29.8,29.8,2.3,2.3,64.0,65.0,339.0,381.0,64.0,65.0,337.0,377.0,False,False
8570,,,,,,,,,,,,,,,,,,,,,,,,,,,,,69.0,,,,,,,2022,WR,0.0,0.0,,,217.0,,561.0,,217.0,,558.0,,False,False
8122,7.0,,,,,,,,,85.0,300.0,1.0,2.0,77.0,10.0,13.0,13.0,14.0,100.0,,-33.0,133.0,,2.0,2.0,,,181.0,414.0,,,,,,,2022,RB,59.0,59.0,8.4,8.4,67.0,48.0,251.0,175.0,67.0,48.0,250.0,167.0,False,False
7594,15.0,,,,,,,,,95.0,466.0,2.0,4.0,162.0,15.0,6.0,14.0,17.0,171.0,,30.0,141.0,1.0,,2.0,1.0,,234.0,828.0,,,1.0,,,,2022,RB,89.7,89.7,6.0,6.0,50.0,62.0,192.0,239.0,50.0,62.0,190.0,235.0,False,False
5120,,,,,,,,,,,,,,,,,,,,,,,,,,,,,,,,,,,,2022,QB,0.0,0.0,,,80.0,,561.0,,77.0,,558.0,,False,False
3852,,,,,,,,,,,,,,,,,,,,,,,,,,,,,,,,,,,,2022,WR,0.0,0.0,,,217.0,,561.0,,217.0,,558.0,,False,False
6850,17.0,,,,,,,,,1.0,8.0,,,2.0,,,31.0,42.0,239.0,1.0,126.0,113.0,5.0,8.0,,,,544.0,1110.0,,,,,,,2022,TE,61.7,61.7,3.6,3.6,39.0,49.0,242.0,309.0,39.0,49.0,241.0,306.0,False,False
5096,17.0,,,,,,,,,4.0,78.0,1.0,,2.0,,,14.0,25.0,243.0,1.0,151.0,92.0,2.0,1.0,2.0,,,274.0,1038.0,,,,,,,2022,WR,58.1,58.1,3.4,3.4,107.0,122.0,253.0,317.0,108.0,123.0,252.0,316.0,False,False
4098,17.0,,,,,,,,,123.0,468.0,3.0,6.0,235.0,25.0,13.0,35.0,44.0,210.0,1.0,-33.0,243.0,4.0,7.0,1.0,,,476.0,1110.0,,,,,,,2022,RB,126.8,126.8,7.5,7.5,39.0,55.0,135.0,200.0,39.0,55.0,134.0,192.0,False,False
8127,2.0,,,,,,,,,,,,,,,,4.0,6.0,49.0,,29.0,20.0,,1.0,,,,2.0,52.0,,,,,,,2022,TE,8.9,8.9,4.4,4.4,93.0,39.0,454.0,284.0,93.0,39.0,450.0,279.0,False,False
3200,3.0,,,,,,,,,,,,,,,,13.0,24.0,154.0,1.0,99.0,55.0,3.0,1.0,,,,165.0,205.0,,,,,,,2022,WR,34.4,34.4,11.5,11.5,130.0,38.0,322.0,105.0,130.0,38.0,317.0,97.0,False,False
4089,16.0,,,,,,,,,1.0,,,,,,,58.0,87.0,555.0,4.0,229.0,326.0,7.0,15.0,,,,637.0,1059.0,,,,,,,2022,TE,137.5,137.5,8.6,8.6,13.0,15.0,127.0,169.0,13.0,15.0,124.0,160.0,False,True
8760,,,,,,,,,,,,,,,,,,,,,,,,,,,,,,,,,,,,2022,TE,0.0,0.0,,,114.0,,561.0,,114.0,,558.0,,False,False
2390,11.0,,,,,,,,,,,,,,,,4.0,5.0,57.0,,43.0,14.0,,,,,,215.0,656.0,,,,,,,2022,TE,9.7,9.7,0.9,0.9,92.0,94.0,445.0,474.0,92.0,94.0,441.0,471.0,False,False
4718,17.0,,,,,,,,,42.0,123.0,1.0,,24.0,8.0,4.0,20.0,26.0,104.0,,-20.0,124.0,,2.0,,,,143.0,998.0,,,,,,,2022,RB,48.7,48.7,2.9,2.9,72.0,93.0,276.0,346.0,72.0,93.0,273.0,345.0,False,False
8431,,,,,,,,,,,,,,,,,,,,,,,,,,,,,140.0,,,,,,,2022,QB,0.0,0.0,,,80.0,,561.0,,77.0,,558.0,,False,False
7559,8.0,,,,,,,,,1.0,-1.0,,,,,1.0,1.0,4.0,15.0,,10.0,5.0,1.0,1.0,1.0,1.0,,70.0,473.0,,,,,,,2022,WR,0.4,0.4,0.0,0.0,216.0,216.0,555.0,559.0,216.0,216.0,551.0,556.0,False,False
2588,11.0,,,,,,,,,18.0,81.0,1.0,2.0,19.0,4.0,2.0,5.0,6.0,37.0,,,37.0,,2.0,,,,95.0,606.0,,,,,,,2022,RB,22.8,22.8,2.1,2.1,97.0,104.0,365.0,391.0,97.0,104.0,364.0,388.0,False,False
8200,,,,,,,,,,,,,,,,,,,,,,,,,,,,,,,,,,,,2022,WR,0.0,0.0,,,217.0,,561.0,,217.0,,558.0,,False,False
886,17.0,,,,,,,,,,,,,,,,,,,,,,,,1.0,1.0,,,1026.0,,,,,,,2022,RB,-2.0,-2.0,-0.1,-0.1,192.0,161.0,832.0,629.0,192.0,161.0,831.0,626.0,False,False
7528,17.0,1.0,1.0,4.0,,,,-4.0,1.0,272.0,1038.0,7.0,20.0,449.0,39.0,21.0,41.0,53.0,229.0,3.0,18.0,211.0,3.0,7.0,3.0,2.0,,717.0,1087.0,,,1.0,,,,2022,RB,225.9,225.8,13.3,13.3,14.0,20.0,49.0,78.0,14.0,20.0,46.0,70.0,True,True
8745,10.0,,,,,,,,,,,,,,,,,5.0,,,,,,1.0,,,,55.0,523.0,,,,,,,2022,WR,0.0,0.0,0.0,0.0,217.0,216.0,561.0,559.0,217.0,216.0,558.0,556.0,False,False
7319,,,,,,,,,,,,,,,,,,,,,,,,,,,,,,,,,,,,2022,WR,0.0,0.0,,,217.0,,561.0,,217.0,,558.0,,False,False
8255,13.0,,,,,,,,,23.0,77.0,3.0,1.0,39.0,5.0,5.0,10.0,12.0,93.0,,-11.0,104.0,1.0,1.0,1.0,1.0,,76.0,733.0,,,,,,,2022,RB,43.0,43.0,3.3,3.3,79.0,86.0,292.0,325.0,79.0,86.0,287.0,324.0,False,False
8191,,,,,,,,,,,,,,,,,,,,,,,,,,,,,,,,,,,,2022,WR,0.0,0.0,,,217.0,,561.0,,217.0,,558.0,,False,False
8800,12.0,,,,,,,,,38.0,161.0,1.0,2.0,38.0,3.0,6.0,6.0,7.0,63.0,,-2.0,65.0,,2.0,,,,73.0,782.0,,,,,,,2022,RB,34.4,34.4,2.9,2.9,85.0,93.0,322.0,346.0,85.0,93.0,317.0,345.0,False,False
7337,,,,,,,,,,,,,,,,,,,,,,,,,,,,,,,,,,,,2022,WR,0.0,0.0,,,217.0,,561.0,,217.0,,558.0,,False,False
4435,11.0,,,,,,,,,,,,,,,,9.0,13.0,100.0,,80.0,20.0,,1.0,,,,133.0,632.0,,,,,,,2022,TE,19.0,19.0,1.7,1.7,82.0,74.0,384.0,413.0,82.0,74.0,382.0,411.0,False,False
3155,6.0,,,,,,,,,,,,,,,,6.0,10.0,42.0,,31.0,11.0,1.0,2.0,,,,133.0,280.0,,,,,,,2022,WR,10.2,10.2,1.7,1.7,168.0,159.0,437.0,413.0,168.0,159.0,432.0,411.0,False,False
8162,1.0,19.0,11.0,169.0,1.0,1.0,3.0,95.0,5.0,5.0,35.0,1.0,,,1.0,,,,,,,,,,,,,,497.0,,,,,,,2022,QB,18.3,16.9,18.3,16.9,55.0,9.0,392.0,20.0,53.0,8.0,394.0,27.0,False,False
6012,10.0,,,,,,,,,19.0,74.0,,1.0,32.0,3.0,1.0,16.0,18.0,157.0,1.0,35.0,122.0,,1.0,1.0,1.0,,165.0,623.0,,,,,,,2022,RB,43.1,43.1,4.3,4.3,78.0,77.0,291.0,288.0,78.0,77.0,286.0,283.0,False,False
8149,,,,,,,,,,,,,,,,,,,,,,,,,,,,,,,,,,,,2022,RB,0.0,0.0,,,153.0,,561.0,,153.0,,558.0,,False,False
2476,,,,,,,,,,,,,,,,,,,,,,,,,,,,,,,,,,,,2022,TE,0.0,0.0,,,114.0,,561.0,,114.0,,558.0,,False,False
5130,,,,,,,,,,,,,,,,,,,,,,,,,,,,,,,,,,,,2022,WR,0.0,0.0,,,217.0,,561.0,,217.0,,558.0,,False,False
2821,6.0,,,,,,,,,,,,,,,,4.0,7.0,64.0,,47.0,17.0,,,,,,92.0,415.0,,,,,,,2022,WR,10.4,10.4,1.7,1.7,167.0,159.0,434.0,413.0,167.0,159.0,429.0,411.0,False,False
6798,17.0,,,,,,,,,4.0,25.0,,,3.0,1.0,1.0,8.0,13.0,104.0,1.0,76.0,28.0,,1.0,4.0,,,66.0,1097.0,,,,,,,2022,WR,26.9,26.9,1.6,1.6,138.0,165.0,348.0,425.0,138.0,165.0,347.0,424.0,False,False
7351,4.0,,,,,,,,,,,,,,,,,,,,,,,,,,,31.0,237.0,,,,,,,2022,WR,0.0,0.0,0.0,0.0,217.0,216.0,561.0,559.0,217.0,216.0,558.0,556.0,False,False
8041,13.0,,,,,,,,,,,,,,,,11.0,15.0,60.0,4.0,47.0,13.0,,4.0,,,,189.0,821.0,,,,,,,2022,TE,41.0,41.0,3.2,3.2,50.0,54.0,300.0,327.0,50.0,54.0,295.0,326.0,False,False
4035,15.0,,,,,,,,,223.0,897.0,2.0,7.0,427.0,20.0,16.0,57.0,77.0,490.0,2.0,25.0,465.0,5.0,11.0,4.0,4.0,,597.0,864.0,,,2.0,,,,2022,RB,215.7,215.7,14.4,14.4,16.0,13.0,55.0,57.0,16.0,13.0,52.0,49.0,True,True
8756,7.0,,,,,,,,,,,,,,,,6.0,14.0,42.0,1.0,29.0,13.0,,2.0,1.0,1.0,,197.0,388.0,,,,,,,2022,WR,14.2,14.2,2.0,2.0,155.0,153.0,408.0,398.0,155.0,153.0,402.0,395.0,False,False
7546,,,,,,,,,,,,,,,,,,,,,,,,,,,,,,,,,,,,2022,WR,0.0,0.0,,,217.0,,561.0,,217.0,,558.0,,False,False
6753,,,,,,,,,,,,,,,,,,,,,,,,,,,,,,,,,,,,2022,RB,0.0,0.0,,,153.0,,561.0,,153.0,,558.0,,False,False
5113,15.0,,,,,,1.0,,,1.0,8.0,,1.0,7.0,,,12.0,18.0,136.0,,91.0,45.0,,,,,,237.0,928.0,,,,,,,2022,WR,26.4,26.4,1.8,1.8,139.0,157.0,350.0,408.0,139.0,157.0,349.0,406.0,False,False
8421,,,,,,,,,,,,,,,,,,,,,,,,,,,,,,,,,,,,2022,WR,0.0,0.0,,,217.0,,561.0,,217.0,,558.0,,False,False
6822,,,,,,,,,,,,,,,,,,,,,,,,,,,,,,,,,,,,2022,QB,0.0,0.0,,,80.0,,561.0,,77.0,,558.0,,False,False
8140,,,,,,,,,,,,,,,,,,,,,,,,,,,,,,,,,,,,2022,WR,0.0,0.0,,,217.0,,561.0,,217.0,,558.0,,False,False
3362,7.0,20.0,14.0,108.0,1.0,,2.0,29.0,4.0,20.0,75.0,,1.0,23.0,3.0,3.0,1.0,1.0,4.0,,-3.0,7.0,,,,,,90.0,399.0,,,,,,,2022,QB,17.2,17.1,2.5,2.4,58.0,68.0,398.0,367.0,52.0,65.0,393.0,368.0,False,False
3257,16.0,369.0,236.0,2608.0,12.0,6.0,24.0,1513.0,46.0,49.0,243.0,2.0,2.0,73.0,10.0,,,,,,,,,,6.0,4.0,,786.0,1110.0,1.0,,,,,,2022,QB,170.6,142.5,10.7,8.9,24.0,39.0,91.0,119.0,24.0,38.0,119.0,151.0,False,True
1425,15.0,,,,,,,,,,,,,,,,4.0,8.0,26.0,,17.0,9.0,,2.0,,,,143.0,858.0,,,,,,,2022,TE,6.6,6.6,0.4,0.4,96.0,102.0,471.0,517.0,96.0,102.0,471.0,514.0,False,False
3199,3.0,,,,,,,,,,,,,,,,16.0,22.0,171.0,3.0,150.0,21.0,1.0,3.0,,,,136.0,198.0,,,,,,,2022,WR,51.1,51.1,17.0,17.0,117.0,11.0,274.0,33.0,117.0,11.0,271.0,25.0,False,False
7085,,,,,,,,,,,,,,,,,,,,,,,,,,,,,,,,,,,,2022,WR,0.0,0.0,,,217.0,,561.0,,217.0,,558.0,,False,False
4972,,,,,,,,,,,,,,,,,,,,,,,,,,,,,68.0,,,,,,,2022,QB,0.0,0.0,,,80.0,,561.0,,77.0,,558.0,,False,False
312,17.0,,,,,,,,,,,,,,,,,,,,,,,,,,,14.0,984.0,,,,,,,2022,WR,0.0,0.0,0.0,0.0,217.0,216.0,561.0,559.0,217.0,216.0,558.0,556.0,False,False
6834,4.0,,,,,,,,,,,,,,,,,,,,,,,,,,,1.0,166.0,,,,,,,2022,TE,0.0,0.0,0.0,0.0,114.0,114.0,561.0,559.0,114.0,114.0,558.0,556.0,False,False
8185,1.0,,,,,,,,,,,,,,,,,,,,,,,,,,,,,,,,,,,2022,WR,0.0,0.0,0.0,0.0,217.0,216.0,561.0,559.0,217.0,216.0,558.0,556.0,False,False
5970,16.0,,,,,,,,,7.0,44.0,,,9.0,2.0,,52.0,64.0,467.0,2.0,169.0,298.0,,5.0,1.0,1.0,,477.0,1087.0,,,,,1.0,,2022,WR,115.1,115.1,7.2,7.2,61.0,78.0,150.0,209.0,61.0,78.0,147.0,203.0,False,False
2312,7.0,,,,,,,,,,,,,,,,2.0,5.0,74.0,,6.0,68.0,1.0,,,,,131.0,420.0,,,,,,,2022,WR,9.4,9.4,1.3,1.3,170.0,170.0,447.0,448.0,170.0,170.0,443.0,444.0,False,False
6805,7.0,,,,,,,,,2.0,23.0,,1.0,10.0,1.0,,7.0,14.0,165.0,,142.0,23.0,,,,,,224.0,464.0,,,,,,,2022,WR,25.8,25.8,3.7,3.7,140.0,115.0,353.0,300.0,140.0,115.0,352.0,297.0,False,False
8199,,,,,,,,,,,,,,,,,,,,,,,,,,,,,,,,,,,,2022,QB,0.0,0.0,,,80.0,,561.0,,77.0,,558.0,,False,False
2307,13.0,300.0,184.0,2219.0,15.0,9.0,28.0,1318.0,35.0,85.0,438.0,4.0,1.0,105.0,17.0,8.0,,,,,,,,,8.0,3.0,,776.0,776.0,,,,,,,2022,QB,192.6,178.2,14.8,13.7,20.0,22.0,70.0,53.0,20.0,19.0,79.0,59.0,False,True
8178,3.0,,,,,,,,,,,,,,,,2.0,3.0,17.0,,14.0,3.0,,,1.0,1.0,,34.0,246.0,,,,,,,2022,WR,1.7,1.7,0.6,0.6,205.0,194.0,532.0,501.0,205.0,194.0,529.0,498.0,False,False
3969,16.0,1.0,,,,1.0,,,,189.0,668.0,3.0,4.0,286.0,26.0,19.0,73.0,83.0,523.0,3.0,-40.0,563.0,4.0,9.0,,,,686.0,1092.0,,,1.0,,,,2022,RB,228.1,228.1,14.3,14.3,12.0,14.0,46.0,59.0,12.0,14.0,44.0,51.0,True,True
1466,17.0,,,,,,,,,2.0,5.0,,,4.0,2.0,,110.0,152.0,1338.0,12.0,690.0,648.0,8.0,30.0,1.0,1.0,,914.0,1149.0,,,,,6.0,,2022,TE,326.3,326.3,19.2,19.2,1.0,1.0,12.0,18.0,1.0,1.0,12.0,17.0,True,True
6149,16.0,,,,,,,,,,,,,,,,46.0,71.0,724.0,2.0,462.0,262.0,7.0,3.0,2.0,1.0,,695.0,1012.0,,,,,,,2022,WR,128.4,128.4,8.0,8.0,52.0,67.0,134.0,187.0,52.0,67.0,132.0,181.0,False,False
8214,10.0,,,,,,,,,,,,,,,,2.0,9.0,23.0,,16.0,7.0,,1.0,,,,234.0,614.0,,,,,,,2022,TE,4.3,4.3,0.4,0.4,105.0,102.0,503.0,517.0,105.0,102.0,501.0,514.0,False,False
4149,17.0,,,,,,,,,262.0,1066.0,17.0,11.0,381.0,57.0,20.0,12.0,16.0,73.0,,8.0,65.0,3.0,2.0,3.0,2.0,,430.0,1080.0,,,2.0,,,,2022,RB,227.9,227.9,13.4,13.4,13.0,19.0,47.0,75.0,13.0,19.0,45.0,68.0,True,True
2214,11.0,,,,,,,,,,,,,,,,20.0,38.0,174.0,,113.0,61.0,1.0,4.0,,,,328.0,705.0,,,,,,,2022,TE,37.4,37.4,3.4,3.4,56.0,51.0,313.0,317.0,56.0,51.0,307.0,316.0,False,False
4017,6.0,170.0,99.0,1102.0,7.0,5.0,20.0,559.0,28.0,36.0,175.0,1.0,,35.0,6.0,,,,,,,,,,1.0,,,324.0,328.0,,,,,,,2022,QB,85.6,77.5,14.3,12.9,36.0,26.0,202.0,59.0,36.0,23.0,217.0,78.0,False,False
4464,4.0,25.0,21.0,224.0,1.0,1.0,,107.0,3.0,4.0,8.0,,,,3.0,,,,,,,,,,,,,21.0,1097.0,,,,,,,2022,QB,11.8,9.3,2.9,2.3,63.0,64.0,421.0,346.0,62.0,67.0,446.0,377.0,False,False
5310,,,,,,,,,,,,,,,,,,,,,,,,,,,,,65.0,,,,,,,2022,WR,0.0,0.0,,,217.0,,561.0,,217.0,,558.0,,False,False
8139,14.0,,,,,,,,,17.0,70.0,,,30.0,2.0,3.0,,,,,,,,,,,,40.0,913.0,,,,,,,2022,RB,7.0,7.0,0.5,0.5,129.0,138.0,469.0,510.0,129.0,138.0,469.0,506.0,False,False
7098,1.0,,,,,,,,,,,,,,,,1.0,1.0,5.0,,-1.0,6.0,,,,,,,,,,,,,,2022,RB,1.5,1.5,1.5,1.5,146.0,117.0,540.0,429.0,146.0,117.0,537.0,427.0,False,False
2505,9.0,,,,,,,,,,,,,,,,28.0,43.0,388.0,3.0,308.0,80.0,3.0,11.0,,,,346.0,653.0,,,,,,,2022,TE,84.8,84.8,9.4,9.4,31.0,10.0,206.0,149.0,31.0,10.0,203.0,139.0,False,False
2422,3.0,,,,,,,,,,,,,,,,2.0,2.0,20.0,1.0,12.0,8.0,,1.0,,,,32.0,172.0,,,,,,,2022,TE,10.0,10.0,3.3,3.3,91.0,53.0,442.0,325.0,91.0,53.0,437.0,324.0,False,False
1426,9.0,,,,,,,,,,,,,,,,64.0,96.0,717.0,3.0,552.0,165.0,5.0,6.0,2.0,1.0,,555.0,628.0,,,,,2.0,,2022,WR,155.7,155.7,17.3,17.3,47.0,9.0,111.0,29.0,47.0,9.0,104.0,22.0,False,False
5220,5.0,,,,,,,,,3.0,4.0,,,,,1.0,1.0,1.0,3.0,,3.0,,,,,,,4.0,266.0,,,,,,,2022,RB,1.7,1.7,0.3,0.3,144.0,148.0,532.0,535.0,144.0,148.0,529.0,529.0,False,False
4651,9.0,,,,,,,,,15.0,55.0,1.0,,4.0,3.0,,5.0,7.0,54.0,,-4.0,58.0,,,,,,37.0,564.0,,,,,,,2022,RB,21.9,21.9,2.4,2.4,100.0,101.0,370.0,373.0,100.0,101.0,369.0,368.0,False,False
8210,17.0,,,,,,,,,3.0,2.0,,,3.0,,1.0,32.0,46.0,450.0,3.0,196.0,254.0,3.0,6.0,,,,378.0,1035.0,,,,,,,2022,TE,95.2,95.2,5.6,5.6,25.0,34.0,182.0,251.0,25.0,34.0,180.0,248.0,False,False
6151,17.0,,,,,,,,,259.0,1269.0,11.0,13.0,426.0,45.0,22.0,20.0,26.0,78.0,,-19.0,97.0,1.0,,2.0,2.0,,644.0,1102.0,,,3.0,,,,2022,RB,222.7,222.7,13.1,13.1,15.0,21.0,52.0,80.0,15.0,21.0,48.0,73.0,True,True
4750,,,,,,,,,,,,,,,,,,,,,,,,,,,,,,,,,,,,2022,WR,0.0,0.0,,,217.0,,561.0,,217.0,,558.0,,False,False
7943,,,,,,,,,,,,,,,,,,,,,,,,,,,,,,,,,,,,2022,TE,0.0,0.0,,,114.0,,561.0,,114.0,,558.0,,False,False
6148,1.0,,,,,,,,,,,,,,,,,,,,,,,,,,,,,,,,,,,2022,WR,0.0,0.0,0.0,0.0,217.0,216.0,561.0,559.0,217.0,216.0,558.0,556.0,False,False
5086,17.0,,,,,,,,,1.0,-3.0,,1.0,,,1.0,42.0,81.0,687.0,2.0,538.0,149.0,5.0,11.0,,,,777.0,1149.0,,,,,1.0,,2022,WR,124.4,124.4,7.3,7.3,53.0,76.0,137.0,207.0,53.0,76.0,136.0,200.0,False,False
6311,,,,,,,,,,,,,,,,,,,,,,,,,,,,,,,,,,,,2022,RB,0.0,0.0,,,153.0,,561.0,,153.0,,558.0,,False,False
3391,12.0,,,,,,,,,11.0,38.0,,1.0,22.0,1.0,1.0,1.0,1.0,7.0,,1.0,6.0,,,,,,41.0,753.0,,,,,,,2022,RB,5.5,5.5,0.5,0.5,134.0,138.0,484.0,510.0,134.0,138.0,483.0,506.0,False,False
7404,2.0,,,,,,,,,,,,,,,,,1.0,,,,,1.0,,,,,12.0,150.0,,,,,,,2022,TE,0.0,0.0,0.0,0.0,114.0,114.0,561.0,559.0,114.0,114.0,558.0,556.0,False,False
4150,,,,,,,,,,,,,,,,,,,,,,,,,,,,,72.0,,,,,,,2022,RB,0.0,0.0,,,153.0,,561.0,,153.0,,558.0,,False,False
8085,,,,,,,,,,,,,,,,,,,,,,,,,,,,,,,,,,,,2022,RB,0.0,0.0,,,153.0,,561.0,,153.0,,558.0,,False,False
7865,,,,,,,,,,,,,,,,,,,,,,,,,,,,,,,,,,,,2022,WR,0.0,0.0,,,217.0,,561.0,,217.0,,558.0,,False,False
6989,14.0,,,,,,,,,,,,,,,,16.0,32.0,158.0,1.0,123.0,35.0,3.0,5.0,,,,389.0,819.0,,,,,,,2022,WR,37.8,37.8,2.7,2.7,126.0,139.0,312.0,361.0,126.0,139.0,306.0,357.0,False,False
5850,17.0,,,,,,,,,340.0,1653.0,12.0,29.0,804.0,40.0,26.0,53.0,64.0,400.0,,26.0,374.0,3.0,4.0,3.0,1.0,,821.0,1102.0,,,5.0,1.0,,,2022,RB,342.3,342.3,20.1,20.1,3.0,4.0,10.0,13.0,3.0,4.0,10.0,12.0,True,True
5880,17.0,,,,,,,,,5.0,58.0,,,17.0,1.0,,63.0,91.0,623.0,3.0,345.0,278.0,4.0,9.0,1.0,,,913.0,1078.0,,,,,,,2022,WR,149.1,149.1,8.8,8.8,48.0,60.0,114.0,164.0,48.0,60.0,110.0,154.0,False,False
4314,17.0,,,,,,,,,,,,,,,,19.0,21.0,140.0,1.0,23.0,117.0,2.0,3.0,,,,417.0,1097.0,,,,,,,2022,TE,39.0,39.0,2.3,2.3,55.0,65.0,308.0,381.0,55.0,65.0,303.0,377.0,False,False
7527,14.0,442.0,288.0,2997.0,14.0,11.0,34.0,1571.0,39.0,47.0,102.0,1.0,,11.0,8.0,2.0,,,,,,,,,5.0,1.0,,762.0,796.0,2.0,,,,,,2022,QB,172.1,140.1,12.3,10.0,23.0,32.0,89.0,92.0,25.0,34.0,122.0,128.0,False,False
6293,6.0,,,,,,,,,,,,,,,,,,,,,,,,,,,,398.0,,,,,,,2022,RB,0.0,0.0,0.0,0.0,153.0,152.0,561.0,559.0,153.0,152.0,558.0,556.0,False,False
862,1.0,8.0,6.0,29.0,1.0,,,-8.0,2.0,,,,,,,,,,,,,,,,,,,,1161.0,,,,,,,2022,QB,5.2,6.6,5.2,6.6,72.0,57.0,489.0,257.0,70.0,50.0,471.0,218.0,False,False
2545,17.0,,,,,,,,,,,,,,,,12.0,16.0,58.0,1.0,15.0,43.0,3.0,5.0,,,,577.0,1035.0,,,,,,,2022,TE,23.8,23.8,1.4,1.4,73.0,78.0,360.0,434.0,73.0,78.0,359.0,431.0,False,False
6126,8.0,,,,,,,,,,,,,,,,25.0,36.0,182.0,2.0,88.0,94.0,2.0,6.0,1.0,,,253.0,469.0,,,,,,,2022,TE,55.2,55.2,6.9,6.9,43.0,24.0,260.0,216.0,43.0,24.0,257.0,211.0,False,False
7082,,,,,,,,,,,,,,,,,,,,,,,,,,,,,,,,,,,,2022,TE,0.0,0.0,,,114.0,,561.0,,114.0,,558.0,,False,False
4319,17.0,,,,,,,,,1.0,,,,,1.0,,15.0,19.0,150.0,1.0,64.0,86.0,1.0,1.0,,,,319.0,1102.0,,,,,,,2022,WR,36.0,36.0,2.1,2.1,127.0,150.0,316.0,391.0,127.0,150.0,310.0,388.0,False,False
6588,7.0,,,,,,,,,,,,,,,,8.0,15.0,141.0,,63.0,78.0,1.0,1.0,,,,227.0,521.0,,,,,,,2022,WR,22.1,22.1,3.2,3.2,143.0,127.0,368.0,327.0,143.0,127.0,367.0,326.0,False,False
2460,15.0,,,,,,,,,,,,,,,,21.0,27.0,232.0,2.0,127.0,105.0,,1.0,,,,525.0,988.0,,,,,,,2022,TE,56.2,56.2,3.7,3.7,42.0,46.0,258.0,300.0,42.0,46.0,255.0,297.0,False,False
8176,13.0,,,,,,,,,1.0,9.0,,,7.0,,,1.0,7.0,10.0,,6.0,4.0,1.0,,,,,70.0,860.0,,,,,,,2022,WR,2.9,2.9,0.2,0.2,200.0,210.0,518.0,545.0,200.0,210.0,516.0,539.0,False,False
6088,,,,,,,,,,,,,,,,,,,,,,,,,,,,,,,,,,,,2022,WR,0.0,0.0,,,217.0,,561.0,,217.0,,558.0,,False,False
5001,15.0,,,,,,,,,,,,,,,,57.0,89.0,577.0,5.0,358.0,219.0,5.0,16.0,1.0,1.0,,759.0,961.0,,,,,,,2022,TE,142.7,142.7,9.5,9.5,11.0,9.0,123.0,148.0,11.0,9.0,118.0,138.0,True,True
6181,14.0,,,,,,,,,,,,,,,,2.0,4.0,26.0,,14.0,12.0,1.0,2.0,,,,169.0,803.0,,,,,,,2022,TE,4.6,4.6,0.3,0.3,104.0,106.0,498.0,535.0,104.0,106.0,496.0,529.0,False,False
4036,13.0,,,,,,,,,,,,,,,,32.0,64.0,536.0,2.0,427.0,109.0,2.0,8.0,,,,574.0,826.0,,,,,,,2022,WR,97.6,97.6,7.5,7.5,76.0,71.0,179.0,200.0,76.0,71.0,177.0,192.0,False,False
5806,3.0,62.0,38.0,390.0,1.0,3.0,7.0,192.0,6.0,8.0,32.0,,,14.0,,,,,,,,,,,3.0,1.0,,121.0,673.0,,,,,,,2022,QB,14.8,9.0,4.9,3.0,61.0,59.0,406.0,267.0,63.0,62.0,448.0,338.0,False,False
7131,17.0,,,,,,,,,,,,,,,,4.0,7.0,26.0,,-1.0,27.0,,,,,,166.0,1034.0,,,,,,,2022,TE,6.6,6.6,0.4,0.4,96.0,102.0,471.0,517.0,96.0,102.0,471.0,514.0,False,False
4029,17.0,,,,,,1.0,,,264.0,1173.0,8.0,12.0,476.0,39.0,33.0,39.0,56.0,295.0,2.0,-36.0,331.0,5.0,10.0,4.0,4.0,,817.0,1097.0,,,2.0,,,,2022,RB,241.8,241.8,14.2,14.2,11.0,15.0,37.0,61.0,11.0,15.0,36.0,52.0,True,True
5374,17.0,,,,,,,,,,,,,,,,15.0,34.0,315.0,2.0,255.0,60.0,5.0,2.0,,,,494.0,1149.0,,,,,,,2022,WR,58.5,58.5,3.4,3.4,106.0,122.0,252.0,317.0,107.0,123.0,251.0,316.0,False,False
7574,4.0,,,,,,,,,13.0,19.0,,,10.0,,2.0,2.0,2.0,14.0,,-17.0,31.0,,,,,,17.0,190.0,,,,,,,2022,RB,5.3,5.3,1.3,1.3,136.0,122.0,488.0,448.0,136.0,122.0,487.0,444.0,False,False
4033,14.0,,,,,,,,,2.0,-8.0,,,,,2.0,58.0,80.0,628.0,4.0,290.0,338.0,3.0,20.0,1.0,1.0,,758.0,908.0,,,,,,,2022,TE,142.0,142.0,10.1,10.1,12.0,8.0,124.0,136.0,12.0,8.0,120.0,126.0,True,True
4152,8.0,,,,,,,,,16.0,84.0,1.0,2.0,23.0,1.0,1.0,8.0,10.0,99.0,1.0,-15.0,114.0,,,,,,64.0,497.0,,,,,,,2022,RB,38.3,38.3,4.8,4.8,83.0,71.0,311.0,271.0,83.0,71.0,305.0,267.0,False,False
7502,,,,,,,,,,,,,,,,,,,,,,,,,,,,,,,,,,,,2022,TE,0.0,0.0,,,114.0,,561.0,,114.0,,558.0,,False,False
5849,11.0,390.0,259.0,2368.0,14.0,7.0,25.0,1114.0,44.0,67.0,418.0,3.0,2.0,23.0,12.0,6.0,,,,,,,,,8.0,2.0,,719.0,799.0,2.0,,1.0,,,,2022,QB,198.5,179.2,18.0,16.3,19.0,12.0,67.0,26.0,19.0,11.0,76.0,31.0,False,True
5409,11.0,,,,,,,,,,,,,,,,10.0,15.0,132.0,,73.0,59.0,1.0,,,,,259.0,747.0,,,,,,,2022,TE,23.2,23.2,2.1,2.1,76.0,69.0,364.0,391.0,76.0,69.0,363.0,388.0,False,False
7233,8.0,,,,,,,,,,,,,,,,7.0,10.0,45.0,,34.0,11.0,,1.0,,,,107.0,591.0,,,,,,,2022,WR,11.5,11.5,1.4,1.4,163.0,167.0,426.0,434.0,163.0,167.0,421.0,431.0,False,False
6960,2.0,,,,,,,,,,,,,,,,,,,,,,,,,,,29.0,115.0,,,,,,,2022,WR,0.0,0.0,0.0,0.0,217.0,216.0,561.0,559.0,217.0,216.0,558.0,556.0,False,False
6819,16.0,,,,,,,,,3.0,30.0,,,6.0,,,99.0,141.0,925.0,4.0,573.0,352.0,5.0,14.0,2.0,1.0,,993.0,1028.0,,,,,2.0,,2022,WR,220.5,220.5,13.8,13.8,21.0,23.0,54.0,66.0,21.0,23.0,50.0,58.0,True,True
7002,16.0,,,,,,,,,,,,,,,,42.0,65.0,508.0,7.0,326.0,182.0,3.0,11.0,,,,607.0,933.0,,,,,,,2022,TE,134.8,134.8,8.4,8.4,15.0,18.0,130.0,175.0,15.0,18.0,128.0,167.0,False,True
8885,,,,,,,,,,,,,,,,,,,,,,,,,,,,,,,,,,,,2022,TE,0.0,0.0,,,114.0,,561.0,,114.0,,558.0,,False,False
6387,2.0,,,,,,,,,,,,,,,,2.0,3.0,14.0,,,14.0,,,1.0,,,10.0,122.0,,,,,,,2022,WR,3.4,3.4,1.7,1.7,196.0,159.0,513.0,413.0,196.0,159.0,511.0,411.0,False,False
5846,17.0,,,,,,,,,,,,,,,,90.0,141.0,1048.0,6.0,830.0,218.0,6.0,27.0,2.0,2.0,,835.0,1023.0,,,,,2.0,,2022,WR,230.8,230.8,13.6,13.6,16.0,24.0,43.0,69.0,16.0,24.0,40.0,61.0,True,True
8155,7.0,,,,,,,,,80.0,463.0,4.0,3.0,131.0,15.0,9.0,19.0,31.0,218.0,1.0,47.0,171.0,5.0,5.0,1.0,1.0,,233.0,475.0,,,1.0,,1.0,,2022,RB,119.1,119.1,17.0,17.0,42.0,7.0,143.0,33.0,42.0,7.0,141.0,25.0,False,False
8175,,,,,,,,,,,,,,,,,,,,,,,,,,,,,,,,,,,,2022,WR,0.0,0.0,,,217.0,,561.0,,217.0,,558.0,,False,False
6814,13.0,,,,,,,,,9.0,65.0,1.0,,4.0,,,27.0,32.0,272.0,1.0,-59.0,331.0,2.0,2.0,,,,189.0,733.0,,,,,,,2022,WR,72.7,72.7,5.6,5.6,95.0,97.0,226.0,251.0,95.0,97.0,226.0,248.0,False,False
6939,2.0,,,,,,,,,,,,,,,,,,,,,,,,,,,5.0,140.0,,,,,,,2022,WR,0.0,0.0,0.0,0.0,217.0,216.0,561.0,559.0,217.0,216.0,558.0,556.0,False,False
7716,16.0,,,,,,,,,,,,,,,,14.0,22.0,108.0,1.0,54.0,54.0,2.0,2.0,1.0,,,471.0,1124.0,,,,,,,2022,TE,30.8,30.8,1.9,1.9,61.0,72.0,333.0,403.0,61.0,72.0,330.0,400.0,False,False
2325,16.0,,,,,,,,,,,,,,,,31.0,53.0,362.0,2.0,218.0,144.0,3.0,2.0,2.0,2.0,,472.0,914.0,,,,,1.0,,2022,WR,77.2,77.2,4.8,4.8,94.0,106.0,219.0,271.0,94.0,106.0,219.0,267.0,False,False
1567,,,,,,,,,,,,,,,,,,,,,,,,,,,,,,,,,,,,2022,WR,0.0,0.0,,,217.0,,561.0,,217.0,,558.0,,False,False
7135,4.0,,,,,,,,,,,,,,,,4.0,6.0,74.0,,48.0,26.0,,,1.0,,,95.0,187.0,,,,,,,2022,WR,11.4,11.4,2.8,2.8,164.0,132.0,429.0,350.0,164.0,132.0,424.0,347.0,False,False
8038,,,,,,,,,,,,,,,,,,,,,,,,,,,,,,,,,,,,2022,TE,0.0,0.0,,,114.0,,561.0,,114.0,,558.0,,False,False
4647,,,,,,,,,,,,,,,,,,,,,,,,,,,,,,,,,,,,2022,TE,0.0,0.0,,,114.0,,561.0,,114.0,,558.0,,False,False
8166,,,,,,,,,,,,,,,,,,,,,,,,,,,,,,,,,,,,2022,WR,0.0,0.0,,,217.0,,561.0,,217.0,,558.0,,False,False
6427,12.0,,,,,,,,,2.0,8.0,,,2.0,,,15.0,22.0,207.0,1.0,172.0,35.0,,4.0,,,,215.0,755.0,,,,,,,2022,WR,42.5,42.5,3.5,3.5,122.0,120.0,294.0,312.0,122.0,120.0,290.0,310.0,False,False
6806,8.0,,,,,,,,,92.0,520.0,2.0,9.0,202.0,14.0,8.0,7.0,8.0,42.0,1.0,3.0,39.0,,2.0,,,,201.0,482.0,,,2.0,,,,2022,RB,85.2,85.2,10.6,10.6,55.0,32.0,203.0,121.0,55.0,32.0,200.0,114.0,False,False
6813,11.0,,,,,,,,,192.0,861.0,4.0,24.0,381.0,31.0,15.0,28.0,40.0,143.0,,-61.0,204.0,1.0,3.0,3.0,3.0,,524.0,746.0,,,2.0,,,,2022,RB,150.4,150.4,13.7,13.7,33.0,17.0,113.0,68.0,33.0,17.0,108.0,59.0,False,True
3306,2.0,,,,,,,,,1.0,1.0,,,1.0,,,,,,,,,,,,,,4.0,98.0,,,,,,,2022,RB,0.1,0.1,0.0,0.0,152.0,152.0,560.0,559.0,152.0,152.0,557.0,556.0,False,False
6828,17.0,,,,,,,,,186.0,770.0,7.0,6.0,299.0,27.0,9.0,28.0,43.0,206.0,,10.0,196.0,5.0,4.0,1.0,,,506.0,1034.0,,,,,,,2022,RB,167.6,167.6,9.9,9.9,27.0,38.0,97.0,139.0,27.0,38.0,93.0,129.0,True,True
8840,,,,,,,,,,,,,,,,,,,,,,,,,,,,,,,,,,,,2022,TE,0.0,0.0,,,114.0,,561.0,,114.0,,558.0,,False,False
4741,17.0,,,,,,,,,,,,,,,,9.0,13.0,135.0,,60.0,75.0,1.0,2.0,,,,167.0,1123.0,,,,,,,2022,TE,22.5,22.5,1.3,1.3,77.0,85.0,367.0,448.0,77.0,85.0,366.0,444.0,False,False
6913,,,,,,,,,,,,,,,,,,,,,,,,,,,,,,,,,,,,2022,WR,0.0,0.0,,,217.0,,561.0,,217.0,,558.0,,False,False
7588,4.0,,,,,,,,,47.0,204.0,,6.0,110.0,4.0,5.0,16.0,22.0,76.0,,-42.0,118.0,1.0,6.0,1.0,1.0,,142.0,265.0,,,,,,,2022,RB,42.0,42.0,10.5,10.5,81.0,34.0,296.0,123.0,81.0,34.0,292.0,116.0,False,False
5000,13.0,,,,,,,,,68.0,245.0,2.0,,56.0,5.0,9.0,16.0,24.0,157.0,1.0,44.0,113.0,4.0,4.0,,,,273.0,794.0,,,,,,,2022,RB,74.2,74.2,5.7,5.7,59.0,65.0,222.0,248.0,59.0,65.0,222.0,245.0,False,False
8757,,,,,,,,,,,,,,,,,,,,,,,,,,,,,,,,,,,,2022,TE,0.0,0.0,,,114.0,,561.0,,114.0,,558.0,,False,False
7741,12.0,,,,,,,,,76.0,366.0,1.0,,147.0,19.0,5.0,2.0,2.0,3.0,,-6.0,9.0,,,1.0,,,120.0,718.0,,,,,,,2022,RB,44.9,44.9,3.7,3.7,76.0,80.0,285.0,300.0,76.0,80.0,282.0,297.0,False,False
4998,,,,,,,,,,,,,,,,,,,,,,,,,,,,,,,,,,,,2022,WR,0.0,0.0,,,217.0,,561.0,,217.0,,558.0,,False,False
8188,13.0,,,,,,,,,3.0,16.0,1.0,,,2.0,2.0,22.0,45.0,247.0,2.0,179.0,68.0,4.0,5.0,,,,490.0,735.0,,,,,,,2022,WR,66.3,66.3,5.1,5.1,98.0,101.0,235.0,261.0,98.0,101.0,234.0,258.0,False,False
2334,15.0,1.0,,,,,,,,,,,,,,,20.0,40.0,257.0,1.0,195.0,62.0,3.0,2.0,,,,465.0,935.0,,,,,,,2022,WR,51.7,51.7,3.4,3.4,116.0,122.0,273.0,317.0,116.0,123.0,270.0,316.0,False,False
6865,17.0,,,,,,,,,,,,,,,,25.0,34.0,322.0,2.0,172.0,150.0,,5.0,,,,388.0,1023.0,,,,,,,2022,TE,69.2,69.2,4.1,4.1,37.0,42.0,232.0,291.0,37.0,42.0,231.0,288.0,False,False
8876,,,,,,,,,,,,,,,,,,,,,,,,,,,,,,,,,,,,2022,WR,0.0,0.0,,,217.0,,561.0,,217.0,,558.0,,False,False
6233,3.0,,,,,,,,,,,,,,,,,,,,,,,,,,,18.0,120.0,,,,,,,2022,TE,0.0,0.0,0.0,0.0,114.0,114.0,561.0,559.0,114.0,114.0,558.0,556.0,False,False
6231,,,,,,,,,,,,,,,,,,,,,,,,,,,,,,,,,,,,2022,QB,0.0,0.0,,,80.0,,561.0,,77.0,,558.0,,False,False
3242,12.0,,,,,,,,,109.0,482.0,4.0,,116.0,19.0,15.0,17.0,26.0,89.0,1.0,-36.0,125.0,3.0,5.0,1.0,,,314.0,721.0,,,1.0,,,,2022,RB,106.1,106.1,8.8,8.8,45.0,44.0,164.0,164.0,45.0,44.0,160.0,154.0,False,False
7038,,,,,,,,,,,,,,,,,,,,,,,,,,,,,,,,,,,,2022,RB,0.0,0.0,,,153.0,,561.0,,153.0,,558.0,,False,False
8058,,,,,,,,,,,,,,,,,,,,,,,,,,,,,,,,,,,,2022,RB,0.0,0.0,,,153.0,,561.0,,153.0,,558.0,,False,False
2251,14.0,,,,,,,,,,,,,,,,39.0,61.0,323.0,1.0,197.0,126.0,1.0,7.0,,,,635.0,930.0,,,,,,,2022,TE,77.3,77.3,5.5,5.5,32.0,35.0,218.0,254.0,32.0,35.0,218.0,251.0,False,False
4234,16.0,,,,,,,,,,,,,,,,43.0,74.0,555.0,3.0,427.0,128.0,6.0,11.0,1.0,1.0,,778.0,1034.0,,,,,,,2022,WR,114.5,114.5,7.2,7.2,62.0,78.0,153.0,209.0,62.0,78.0,149.0,203.0,False,False
6744,,,,,,,,,,,,,,,,,,,,,,,,,,,,,,,,,,,,2022,WR,0.0,0.0,,,217.0,,561.0,,217.0,,558.0,,False,False
4137,13.0,,,,,,,,,208.0,1040.0,7.0,27.0,353.0,32.0,21.0,27.0,33.0,165.0,2.0,-46.0,211.0,,5.0,,,,481.0,792.0,,,4.0,,,,2023,RB,209.5,209.5,16.1,16.1,18.0,9.0,71.0,45.0,18.0,9.0,70.0,37.0,True,True
312,16.0,,,,,,,,,,,,,,,,,,,,,,,,,,,,936.0,,,,,,,2023,WR,0.0,0.0,0.0,0.0,204.0,204.0,523.0,523.0,204.0,204.0,522.0,522.0,False,False
1466,15.0,,,,,,,,,,,,,,,,93.0,121.0,984.0,5.0,515.0,469.0,7.0,19.0,1.0,1.0,,775.0,1007.0,,,,,2.0,,2023,TE,223.4,223.4,14.9,14.9,3.0,1.0,57.0,62.0,3.0,1.0,52.0,53.0,True,True
9487,9.0,,,,,,,,,,,,,,,,16.0,21.0,132.0,2.0,98.0,34.0,1.0,3.0,2.0,1.0,,191.0,549.0,,,,,,,2023,WR,39.2,39.2,4.4,4.4,124.0,97.0,300.0,260.0,124.0,97.0,299.0,258.0,False,False
3342,,,,,,,,,,,,,,,,,,,,,,,,,,,,,,,,,,,,2023,WR,0.0,0.0,,,204.0,,523.0,,204.0,,522.0,,False,False
6918,8.0,,,,,,,,,22.0,61.0,1.0,2.0,23.0,5.0,3.0,16.0,23.0,88.0,1.0,-21.0,109.0,,5.0,,,,135.0,521.0,,,,,,,2023,RB,42.9,42.9,5.4,5.4,71.0,60.0,285.0,234.0,71.0,60.0,283.0,235.0,False,False
6137,,,,,,,,,,,,,,,,,,,,,,,,,,,,,782.0,,,,,,,2023,TE,0.0,0.0,,,112.0,,523.0,,112.0,,522.0,,False,False
6786,17.0,,,,,,,,,14.0,113.0,2.0,5.0,35.0,3.0,,135.0,181.0,1749.0,12.0,1073.0,676.0,6.0,31.0,3.0,2.0,,930.0,1112.0,,,,,7.0,1.0,2023,WR,419.2,419.2,24.7,24.7,1.0,1.0,1.0,2.0,1.0,1.0,1.0,2.0,True,True
5038,17.0,,,,,,,,,,,,,,,,34.0,57.0,418.0,2.0,314.0,104.0,5.0,4.0,,,,592.0,1112.0,,,,,,,2023,WR,87.8,87.8,5.2,5.2,78.0,92.0,190.0,239.0,78.0,92.0,185.0,239.0,False,False
6783,16.0,,,,,,,,,,,,,,,,54.0,87.0,758.0,2.0,435.0,323.0,2.0,10.0,,,,624.0,947.0,,,,,,,2023,WR,141.8,141.8,8.9,8.9,50.0,57.0,124.0,160.0,50.0,57.0,120.0,151.0,False,False
5965,17.0,,,,,,,,,,,,,,,,3.0,4.0,17.0,,15.0,2.0,1.0,,,,,121.0,1071.0,,,,,,,2023,WR,4.7,4.7,0.3,0.3,189.0,196.0,472.0,499.0,189.0,196.0,468.0,495.0,False,False
9504,5.0,,,,,,,,,,,,,,,,2.0,7.0,19.0,,9.0,10.0,2.0,1.0,,,,97.0,275.0,,,,,,,2023,WR,3.9,3.9,0.8,0.8,190.0,184.0,477.0,458.0,190.0,184.0,474.0,455.0,False,False
11439,17.0,,,,,,,,,76.0,410.0,1.0,2.0,148.0,7.0,7.0,31.0,36.0,160.0,2.0,-130.0,290.0,2.0,5.0,,,,184.0,1011.0,,,,,,,2023,RB,106.0,106.0,6.2,6.2,46.0,54.0,167.0,211.0,46.0,54.0,162.0,208.0,False,False
5122,15.0,,,,,,,,,20.0,86.0,,2.0,29.0,2.0,1.0,4.0,6.0,52.0,,9.0,43.0,1.0,,1.0,1.0,,48.0,940.0,,,,,,,2023,RB,15.8,15.8,1.1,1.1,97.0,112.0,394.0,433.0,97.0,112.0,393.0,430.0,False,False
2320,4.0,,,,,,,,,26.0,81.0,1.0,1.0,37.0,6.0,5.0,3.0,3.0,46.0,,18.0,28.0,,,1.0,1.0,,56.0,387.0,,,,,,,2023,RB,19.7,19.7,4.9,4.9,92.0,65.0,384.0,244.0,92.0,65.0,380.0,243.0,False,False
1895,2.0,5.0,4.0,19.0,,,1.0,-1.0,,,,,,,,,,,,,,,,,,,,5.0,384.0,,,,,,,2023,QB,0.8,0.4,0.4,0.2,74.0,73.0,521.0,492.0,71.0,71.0,519.0,503.0,False,False
7553,17.0,,,,,,,,,1.0,-4.0,,,,,1.0,53.0,90.0,667.0,3.0,533.0,134.0,4.0,5.0,,,,689.0,1069.0,,,,,,,2023,TE,137.3,137.3,8.1,8.1,14.0,17.0,128.0,171.0,14.0,17.0,124.0,162.0,False,True
11304,,,,,,,,,,,,,,,,,,,,,,,,,,,,,,,,,,,,2023,TE,0.0,0.0,,,112.0,,523.0,,112.0,,522.0,,False,False
19,5.0,204.0,123.0,1616.0,13.0,8.0,8.0,938.0,26.0,9.0,2.0,,,1.0,4.0,1.0,,,,,,,,,4.0,1.0,,346.0,358.0,4.0,,,,,,2023,QB,106.8,100.5,21.4,20.1,32.0,3.0,165.0,9.0,29.0,2.0,170.0,9.0,False,False
4054,17.0,,,,,,,,,,,,,,,,13.0,22.0,161.0,3.0,81.0,80.0,1.0,3.0,,,,434.0,1148.0,,,,,,,2023,TE,47.1,47.1,2.8,2.8,48.0,53.0,273.0,325.0,48.0,53.0,271.0,321.0,False,False
7944,4.0,,,,,,,,,,,,,,,,1.0,3.0,45.0,,37.0,8.0,,,,,,54.0,271.0,,,,,,,2023,WR,5.5,5.5,1.4,1.4,187.0,165.0,461.0,414.0,187.0,165.0,460.0,410.0,False,False
3423,9.0,,,,,,,,,,,,,,,,4.0,6.0,126.0,1.0,95.0,31.0,,,,,,133.0,524.0,,,,,,,2023,WR,22.6,22.6,2.5,2.5,151.0,135.0,366.0,343.0,151.0,135.0,362.0,339.0,False,False
3496,3.0,,,,,,,,,,,,,,,,,,,,,,,,,,,4.0,194.0,,,,,,,2023,TE,0.0,0.0,0.0,0.0,112.0,112.0,523.0,523.0,112.0,112.0,522.0,522.0,False,False
1800,1.0,,,,,,,,,,,,,,,,,,,,,,,,,,,,60.0,,,,,,,2023,TE,0.0,0.0,0.0,0.0,112.0,112.0,523.0,523.0,112.0,112.0,522.0,522.0,False,False
7938,1.0,,,,,,,,,,,,,,,,,,,,,,,,,,,1.0,66.0,,,,,,,2023,TE,0.0,0.0,0.0,0.0,112.0,112.0,523.0,523.0,112.0,112.0,522.0,522.0,False,False
8698,,,,,,,,,,,,,,,,,,,,,,,,,,,,,,,,,,,,2023,TE,0.0,0.0,,,112.0,,523.0,,112.0,,522.0,,False,False
10233,,,,,,,,,,,,,,,,,,,,,,,,,,,,,65.0,,,,,,,2023,QB,0.0,0.0,,,75.0,,523.0,,74.0,,522.0,,False,False
6279,,,,,,,,,,,,,,,,,,,,,,,,,,,,,,,,,,,,2023,TE,0.0,0.0,,,112.0,,523.0,,112.0,,522.0,,False,False
11157,,,,,,,,,,,,,,,,,,,,,,,,,,,,,,,,,,,,2023,WR,0.0,0.0,,,204.0,,523.0,,204.0,,522.0,,False,False
6908,3.0,,,,,,,,,22.0,77.0,,,,2.0,1.0,3.0,5.0,33.0,,1.0,32.0,,,,,,12.0,250.0,,,,,,,2023,RB,14.0,14.0,4.7,4.7,102.0,66.0,406.0,248.0,102.0,66.0,405.0,246.0,False,False
8116,17.0,,,,,,,,,63.0,291.0,1.0,4.0,72.0,5.0,8.0,5.0,8.0,47.0,,-26.0,73.0,,,1.0,1.0,,142.0,1187.0,,,,,,,2023,RB,42.8,42.8,2.5,2.5,72.0,90.0,286.0,343.0,72.0,90.0,284.0,339.0,False,False
6823,,,,,,,,,,,,,,,,,,,,,,,,,,,,,,,,,,,,2023,QB,0.0,0.0,,,75.0,,523.0,,74.0,,522.0,,False,False
7619,,,,,,,,,,,,,,,,,,,,,,,,,,,,,,,,,,,,2023,WR,0.0,0.0,,,204.0,,523.0,,204.0,,522.0,,False,False
7585,6.0,39.0,18.0,173.0,2.0,,2.0,95.0,6.0,2.0,9.0,,,,1.0,,,,,,,,,,,,,53.0,1134.0,,,,,,,2023,QB,15.8,16.4,2.6,2.7,59.0,62.0,394.0,336.0,57.0,58.0,391.0,327.0,False,False
8931,,,,,,,,,,,,,,,,,,,,,,,,,,,,,67.0,,,,,,,2023,WR,0.0,0.0,,,204.0,,523.0,,204.0,,522.0,,False,False
2359,17.0,,,,,,,,,15.0,89.0,,1.0,37.0,,,19.0,24.0,131.0,,43.0,88.0,,3.0,,,,198.0,980.0,,,,,,,2023,RB,41.0,41.0,2.4,2.4,74.0,92.0,290.0,350.0,74.0,92.0,290.0,345.0,False,False
5854,4.0,76.0,48.0,543.0,3.0,3.0,6.0,238.0,4.0,5.0,14.0,,,,,,,,,,,,,,,,,145.0,996.0,,,,,,,2023,QB,29.1,24.3,7.3,6.1,48.0,52.0,337.0,192.0,51.0,51.0,358.0,210.0,False,False
7593,14.0,,,,,,,,,35.0,160.0,,4.0,99.0,1.0,3.0,3.0,6.0,13.0,,7.0,6.0,3.0,,,,,108.0,953.0,,,,,,,2023,RB,20.3,20.3,1.4,1.4,90.0,108.0,378.0,414.0,90.0,108.0,376.0,410.0,False,False
3294,17.0,590.0,410.0,4516.0,36.0,9.0,39.0,2564.0,104.0,55.0,242.0,2.0,1.0,61.0,13.0,1.0,,,,,,,,,4.0,2.0,,1050.0,1112.0,4.0,1.0,,,,,2023,QB,350.8,332.5,20.6,19.6,3.0,5.0,6.0,12.0,3.0,3.0,7.0,10.0,True,True
421,15.0,521.0,326.0,3965.0,24.0,11.0,30.0,2075.0,78.0,21.0,65.0,,,2.0,3.0,,,,,,,,,,,,,1000.0,1023.0,5.0,,,,,,2023,QB,249.1,217.8,16.6,14.5,15.0,17.0,39.0,35.0,16.0,21.0,60.0,61.0,False,True
8134,17.0,,,,,,,,,1.0,10.0,,,,1.0,,39.0,45.0,611.0,2.0,329.0,282.0,,2.0,1.0,,,544.0,1086.0,,,,,2.0,,2023,WR,117.1,117.1,6.9,6.9,59.0,72.0,149.0,197.0,59.0,72.0,147.0,192.0,False,False
7828,17.0,,,,,,,,,1.0,1.0,,,,1.0,,28.0,41.0,305.0,2.0,172.0,133.0,,3.0,,,,565.0,1072.0,,,,,,,2023,TE,70.6,70.6,4.2,4.2,35.0,39.0,220.0,266.0,35.0,39.0,218.0,264.0,False,False
10861,1.0,,,,,,,,,,,,,,,,,,,,,,,,,,,,,,,,,,,2023,RB,0.0,0.0,0.0,0.0,135.0,135.0,523.0,523.0,135.0,135.0,522.0,522.0,False,False
5052,,,,,,,,,,,,,,,,,,,,,,,,,,,,,,,,,,,,2023,RB,0.0,0.0,,,135.0,,523.0,,135.0,,522.0,,False,False
5995,16.0,,,,,,,,,84.0,387.0,3.0,9.0,98.0,19.0,6.0,28.0,39.0,206.0,1.0,-31.0,237.0,,1.0,1.0,1.0,,436.0,1054.0,,,,,,,2023,RB,109.3,109.3,6.8,6.8,44.0,50.0,161.0,200.0,44.0,50.0,158.0,195.0,False,False
8138,17.0,,,,,,,,,237.0,1122.0,2.0,6.0,456.0,31.0,22.0,44.0,54.0,445.0,4.0,47.0,398.0,5.0,6.0,4.0,2.0,,586.0,1086.0,,,3.0,,,,2023,RB,238.7,238.7,14.0,14.0,11.0,19.0,44.0,72.0,11.0,19.0,39.0,67.0,True,True
7159,,,,,,,,,,,,,,,,,,,,,,,,,,,,,77.0,,,,,,,2023,QB,0.0,0.0,,,75.0,,523.0,,74.0,,522.0,,False,False
9231,3.0,20.0,13.0,168.0,,1.0,4.0,69.0,3.0,6.0,14.0,,,1.0,1.0,,,,,,,,,,2.0,2.0,,46.0,522.0,,,,,,,2023,QB,2.1,-1.2,0.7,-0.4,71.0,70.0,498.0,471.0,110.0,81.0,816.0,617.0,False,False
8119,17.0,,,,,,,,,,,,,,,,49.0,83.0,518.0,4.0,402.0,116.0,5.0,11.0,,,,869.0,1058.0,,,,,1.0,,2023,WR,126.8,126.8,7.5,7.5,56.0,70.0,137.0,186.0,56.0,70.0,136.0,178.0,False,False
8194,6.0,,,,,,,,,1.0,1.0,,,,1.0,,3.0,3.0,12.0,,-1.0,13.0,,,,,,15.0,324.0,,,,,,,2023,RB,4.3,4.3,0.7,0.7,117.0,124.0,473.0,471.0,117.0,124.0,469.0,467.0,False,False
6075,13.0,,,,,,,,,,,,,,,,1.0,1.0,4.0,,2.0,2.0,,,,,,8.0,796.0,,,,,,,2023,TE,1.4,1.4,0.1,0.1,109.0,110.0,510.0,516.0,109.0,110.0,506.0,513.0,False,False
7049,13.0,,,,,,,,,,,,,,,,19.0,33.0,265.0,1.0,176.0,89.0,,2.0,,,,361.0,810.0,,,,,,,2023,WR,51.5,51.5,4.0,4.0,111.0,100.0,262.0,269.0,111.0,100.0,259.0,267.0,False,False
8136,17.0,,,,,,,,,272.0,990.0,6.0,8.0,353.0,38.0,17.0,64.0,70.0,549.0,3.0,-62.0,611.0,2.0,8.0,3.0,2.0,,813.0,1038.0,,,2.0,,,,2023,RB,271.9,271.9,16.0,16.0,4.0,10.0,25.0,46.0,4.0,10.0,20.0,38.0,True,True
4943,10.0,46.0,28.0,297.0,2.0,1.0,6.0,139.0,11.0,21.0,15.0,1.0,,,1.0,1.0,,,,,,,,,3.0,1.0,,69.0,1005.0,,,,,,,2023,QB,23.4,21.4,2.3,2.1,54.0,65.0,362.0,356.0,53.0,60.0,371.0,362.0,False,False
10228,11.0,,,,,,,,,2.0,13.0,,,,,,7.0,9.0,64.0,,-12.0,76.0,,,,,1.0,23.0,638.0,,,,,,,2023,WR,20.7,20.7,1.9,1.9,157.0,153.0,376.0,385.0,157.0,153.0,373.0,380.0,False,False
829,3.0,58.0,34.0,361.0,2.0,,3.0,233.0,1.0,3.0,12.0,,,1.0,,,,,,,,,,,,,,81.0,1099.0,1.0,,,,,,2023,QB,25.6,22.4,8.5,7.5,51.0,48.0,352.0,169.0,52.0,44.0,364.0,178.0,False,False
10222,16.0,,,,,,,,,11.0,119.0,2.0,1.0,9.0,2.0,3.0,64.0,94.0,793.0,8.0,458.0,335.0,3.0,14.0,2.0,,,542.0,970.0,,,,,1.0,,2023,WR,217.2,217.2,13.6,13.6,26.0,28.0,64.0,78.0,26.0,28.0,62.0,73.0,True,True
7534,,,,,,,,,,,,,,,,,,,,,,,,,,,,,,,,,,,,2023,WR,0.0,0.0,,,204.0,,523.0,,204.0,,522.0,,False,False
11311,7.0,,,,,,,,,,,,,,,,5.0,8.0,56.0,1.0,36.0,20.0,,2.0,,,,257.0,410.0,,,,,,,2023,WR,16.6,16.6,2.4,2.4,162.0,138.0,391.0,350.0,162.0,138.0,387.0,345.0,False,False
11370,9.0,,,,,,,,,19.0,106.0,,2.0,78.0,2.0,4.0,,,,,,,,,,,,36.0,523.0,,,,,,,2023,RB,10.6,10.6,1.2,1.2,108.0,111.0,429.0,428.0,108.0,111.0,426.0,425.0,False,False
7794,8.0,,,,,,,,,2.0,12.0,,,5.0,,,1.0,1.0,-1.0,,-1.0,,,,,,,24.0,503.0,,,,,,,2023,RB,2.1,2.1,0.3,0.3,127.0,130.0,498.0,499.0,127.0,130.0,495.0,495.0,False,False
6323,15.0,,,,,,,,,5.0,3.0,1.0,,1.0,3.0,,11.0,13.0,55.0,2.0,18.0,37.0,,4.0,1.0,1.0,1.0,322.0,998.0,,,,,,,2023,RB,38.8,38.8,2.6,2.6,78.0,87.0,302.0,336.0,78.0,87.0,301.0,333.0,False,False
7606,13.0,1.0,,,,,,,,11.0,31.0,,1.0,24.0,4.0,4.0,27.0,38.0,169.0,1.0,41.0,128.0,5.0,5.0,1.0,,,230.0,882.0,,,,,,,2023,WR,53.0,53.0,4.1,4.1,108.0,99.0,257.0,267.0,108.0,99.0,254.0,265.0,False,False
6927,9.0,,,,,,,,,,,,,,,,15.0,21.0,142.0,1.0,96.0,46.0,,3.0,,,,240.0,608.0,,,,,,,2023,WR,35.2,35.2,3.9,3.9,132.0,103.0,316.0,272.0,132.0,103.0,315.0,270.0,False,False
8111,17.0,,,,,,,,,,,,,,,,47.0,67.0,455.0,4.0,235.0,220.0,3.0,10.0,1.0,1.0,,1003.0,1038.0,,,,,,,2023,TE,114.5,114.5,6.7,6.7,20.0,26.0,152.0,203.0,20.0,26.0,150.0,198.0,False,False
3269,17.0,,,,,,,,,2.0,39.0,,,3.0,,,22.0,35.0,424.0,,367.0,57.0,1.0,1.0,1.0,,,561.0,995.0,,,,,,,2023,WR,68.3,68.3,4.0,4.0,91.0,100.0,226.0,269.0,91.0,100.0,222.0,267.0,False,False
6970,11.0,,,,,,,,,,,,,,,,12.0,24.0,125.0,,117.0,8.0,,,,,,165.0,680.0,,,,,,,2023,TE,24.5,24.5,2.2,2.2,69.0,60.0,358.0,361.0,69.0,60.0,355.0,355.0,False,False
1911,4.0,,,,,,,,,,,,,,,,2.0,3.0,14.0,,11.0,3.0,,1.0,,,,47.0,246.0,,,,,,,2023,WR,3.4,3.4,0.8,0.8,191.0,184.0,480.0,458.0,191.0,184.0,477.0,455.0,False,False
1034,17.0,,,,,,,,,4.0,31.0,1.0,,3.0,2.0,1.0,,,,,,,,,,,,5.0,980.0,,,,,,,2023,RB,9.1,9.1,0.5,0.5,110.0,126.0,438.0,484.0,110.0,126.0,435.0,480.0,False,False
5026,1.0,,,,,,,,,,,,,,,,,,,,,,,,,,,10.0,71.0,,,,,,,2023,WR,0.0,0.0,0.0,0.0,204.0,204.0,523.0,523.0,204.0,204.0,522.0,522.0,False,False
6395,,,,,,,,,,,,,,,,,,,,,,,,,,,,,,,,,,,,2023,WR,0.0,0.0,,,204.0,,523.0,,204.0,,522.0,,False,False
11266,,,,,,,,,,,,,,,,,,,,,,,,,,,,,,,,,,,,2023,WR,0.0,0.0,,,204.0,,523.0,,204.0,,522.0,,False,False
7608,12.0,,,,,,,,,132.0,611.0,2.0,11.0,254.0,15.0,9.0,20.0,31.0,134.0,1.0,-3.0,137.0,1.0,4.0,1.0,1.0,,334.0,747.0,,,3.0,,,,2023,RB,116.5,116.5,9.7,9.7,43.0,40.0,150.0,144.0,43.0,40.0,148.0,135.0,False,False
6402,3.0,,,,,,,,,1.0,1.0,,,1.0,,,3.0,3.0,25.0,,-2.0,27.0,,,,,,10.0,204.0,,,,,,,2023,WR,5.6,5.6,1.9,1.9,186.0,153.0,460.0,385.0,186.0,153.0,459.0,380.0,False,False
8484,16.0,,,,,,,,,,,,,,,,1.0,5.0,2.0,1.0,,2.0,,2.0,,,,184.0,982.0,,,,,,,2023,TE,7.2,7.2,0.4,0.4,93.0,99.0,451.0,492.0,93.0,99.0,449.0,488.0,False,False
11226,,,,,,,,,,,,,,,,,,,,,,,,,,,,,,,,,,,,2023,WR,0.0,0.0,,,204.0,,523.0,,204.0,,522.0,,False,False
9488,17.0,,,,,,,,,,,,,,,,63.0,93.0,628.0,4.0,262.0,366.0,9.0,10.0,,,,639.0,996.0,,,,,,,2023,WR,149.8,149.8,8.8,8.8,48.0,59.0,118.0,163.0,48.0,59.0,114.0,153.0,False,False
9510,,,,,,,,,,,,,,,,,,,,,,,,,,,,,,,,,,,,2023,RB,0.0,0.0,,,135.0,,523.0,,135.0,,522.0,,False,False
7526,14.0,,,,,,,,,3.0,12.0,,,,,1.0,72.0,104.0,1014.0,4.0,593.0,421.0,4.0,8.0,,,,611.0,904.0,,,,,3.0,,2023,WR,204.6,204.6,14.6,14.6,33.0,21.0,76.0,67.0,33.0,21.0,75.0,58.0,False,True
11505,,,,,,,,,,,,,,,,,,,,,,,,,,,,,,,,,,,,2023,WR,0.0,0.0,,,204.0,,523.0,,204.0,,522.0,,False,False
345,3.0,42.0,23.0,231.0,,2.0,1.0,151.0,8.0,3.0,-3.0,,,,,,,,,,,,,,,,,80.0,443.0,,,,,,,2023,QB,4.9,0.3,1.6,0.1,67.0,67.0,466.0,403.0,73.0,72.0,521.0,513.0,False,False
6820,15.0,,,,,,,,,70.0,223.0,1.0,4.0,75.0,7.0,8.0,17.0,22.0,188.0,1.0,-40.0,228.0,1.0,5.0,,,,216.0,958.0,,,,,,,2023,RB,70.1,70.1,4.7,4.7,59.0,66.0,221.0,248.0,59.0,66.0,219.0,246.0,False,False
7713,1.0,,,,,,,,,,,,,,,,,,,,,,,,,,,,76.0,,,,,,,2023,WR,0.0,0.0,0.0,0.0,204.0,204.0,523.0,523.0,204.0,204.0,522.0,522.0,False,False
5092,,,,,,,,,,,,,,,,,,,,,,,,,,,,,,,,,,,,2023,TE,0.0,0.0,,,112.0,,523.0,,112.0,,522.0,,False,False
2197,16.0,,,,,,,,,5.0,35.0,,,5.0,3.0,,54.0,81.0,657.0,8.0,532.0,125.0,2.0,12.0,1.0,,,752.0,1025.0,,,,,1.0,,2023,WR,173.2,173.2,10.8,10.8,38.0,46.0,100.0,126.0,38.0,46.0,97.0,121.0,False,False
5870,6.0,160.0,108.0,909.0,2.0,6.0,30.0,469.0,12.0,40.0,206.0,1.0,,25.0,8.0,2.0,,,,,,,,,4.0,1.0,,325.0,398.0,1.0,,,,,,2023,QB,59.0,44.8,9.8,7.5,44.0,41.0,246.0,142.0,44.0,44.0,277.0,178.0,False,False
2463,,,,,,,,,,,,,,,,,,,,,,,,,,,,,,,,,,,,2023,TE,0.0,0.0,,,112.0,,523.0,,112.0,,522.0,,False,False
7064,7.0,,,,,,,,,32.0,121.0,1.0,,19.0,4.0,2.0,7.0,12.0,49.0,,-20.0,69.0,1.0,2.0,,,,93.0,474.0,,,,,,,2023,RB,30.0,30.0,4.3,4.3,84.0,72.0,334.0,262.0,84.0,72.0,334.0,260.0,False,False
5844,15.0,,,,,,,,,,,,,,,,95.0,127.0,960.0,5.0,624.0,336.0,4.0,10.0,1.0,1.0,,790.0,995.0,,,,,1.0,,2023,TE,221.0,221.0,14.7,14.7,4.0,2.0,60.0,65.0,4.0,2.0,56.0,57.0,True,True
4127,7.0,53.0,40.0,349.0,1.0,,6.0,199.0,10.0,8.0,35.0,,1.0,27.0,,,,,,,,,,,1.0,,,113.0,1095.0,,,,,,,2023,QB,21.5,16.5,3.1,2.4,56.0,60.0,372.0,310.0,55.0,59.0,389.0,345.0,False,False
7601,17.0,,,,,,,,,28.0,178.0,1.0,2.0,34.0,1.0,4.0,40.0,62.0,352.0,1.0,136.0,216.0,2.0,5.0,1.0,,,717.0,1063.0,,,,,,,2023,WR,105.0,105.0,6.2,6.2,67.0,76.0,169.0,211.0,67.0,76.0,165.0,208.0,False,False
6790,16.0,,,,,,,,,229.0,1049.0,5.0,18.0,359.0,35.0,23.0,39.0,49.0,214.0,1.0,-53.0,267.0,1.0,4.0,3.0,1.0,,630.0,1082.0,,,2.0,,,,2023,RB,203.3,203.3,12.7,12.7,19.0,25.0,77.0,98.0,19.0,25.0,76.0,94.0,True,True
6146,,,,,,,,,,,,,,,,,,,,,,,,,,,,,,,,,,,,2023,TE,0.0,0.0,,,112.0,,523.0,,112.0,,522.0,,False,False
1373,15.0,499.0,323.0,3624.0,20.0,9.0,31.0,1901.0,67.0,37.0,155.0,1.0,,8.0,8.0,2.0,1.0,1.0,-2.0,,-8.0,6.0,,,5.0,3.0,,851.0,937.0,4.0,,,,,,2023,QB,231.3,198.8,15.4,13.3,19.0,23.0,52.0,56.0,19.0,24.0,81.0,80.0,False,True
6768,17.0,560.0,388.0,4624.0,29.0,14.0,29.0,2451.0,69.0,35.0,74.0,,1.0,3.0,9.0,9.0,,,,,,,,,13.0,5.0,,993.0,1046.0,4.0,1.0,,,,,2023,QB,282.4,247.9,16.6,14.6,10.0,17.0,20.0,35.0,11.0,19.0,35.0,58.0,True,True
6130,17.0,1.0,1.0,6.0,1.0,,,6.0,1.0,216.0,898.0,4.0,8.0,304.0,32.0,19.0,30.0,38.0,193.0,,-24.0,217.0,2.0,4.0,1.0,,,629.0,1134.0,,,3.0,,,,2023,RB,173.3,175.2,10.2,10.3,31.0,38.0,99.0,135.0,29.0,37.0,93.0,126.0,False,True
6904,17.0,538.0,352.0,3858.0,23.0,15.0,36.0,2162.0,50.0,157.0,605.0,15.0,2.0,86.0,43.0,16.0,,,,,,,,,9.0,5.0,,1075.0,1082.0,4.0,,,,,,2023,QB,364.8,333.7,21.5,19.6,2.0,2.0,5.0,8.0,2.0,3.0,6.0,10.0,True,True
7538,12.0,368.0,221.0,2271.0,8.0,7.0,46.0,1158.0,32.0,36.0,211.0,,1.0,32.0,2.0,3.0,,,,,,,,,11.0,7.0,,688.0,747.0,1.0,,,,,,2023,QB,117.9,88.5,9.8,7.4,29.0,41.0,147.0,142.0,30.0,46.0,184.0,183.0,False,False
7561,11.0,,,,,,,,,75.0,281.0,2.0,5.0,115.0,16.0,7.0,6.0,8.0,14.0,,-12.0,26.0,1.0,1.0,,,,129.0,699.0,,,,,,,2023,RB,47.5,47.5,4.3,4.3,64.0,72.0,271.0,262.0,64.0,72.0,269.0,260.0,False,False
8154,15.0,,,,,,,,,178.0,733.0,5.0,15.0,296.0,26.0,10.0,36.0,43.0,368.0,4.0,-43.0,411.0,3.0,5.0,4.0,2.0,,475.0,937.0,,,,,1.0,,2023,RB,198.1,198.1,13.2,13.2,24.0,22.0,84.0,88.0,24.0,22.0,83.0,83.0,True,True
11060,,,,,,,,,,,,,,,,,,,,,,,,,,,,,,,,,,,,2023,RB,0.0,0.0,,,135.0,,523.0,,135.0,,522.0,,False,False
7427,,,,,,,,,,,,,,,,,,,,,,,,,,,,,,,,,,,,2023,TE,0.0,0.0,,,112.0,,523.0,,112.0,,522.0,,False,False
6068,3.0,,,,,,,,,3.0,5.0,,1.0,3.0,,1.0,1.0,1.0,8.0,,3.0,5.0,,,,,,8.0,231.0,,,,,,,2023,RB,2.3,2.3,0.8,0.8,126.0,121.0,494.0,458.0,126.0,121.0,490.0,455.0,False,False
6111,9.0,243.0,171.0,1936.0,12.0,7.0,24.0,789.0,30.0,27.0,127.0,3.0,,36.0,9.0,,1.0,1.0,-7.0,,-7.0,,,,3.0,,,417.0,1024.0,3.0,,,,,,2023,QB,148.4,133.7,16.5,14.9,26.0,19.0,119.0,40.0,25.0,17.0,129.0,53.0,False,False
6018,1.0,,,,,,,,,,,,,,,,,,,,,,,,,,,,,,,,,,,2023,TE,0.0,0.0,0.0,0.0,112.0,112.0,523.0,523.0,112.0,112.0,522.0,522.0,False,False
7583,1.0,,,,,,,,,,,,,,,,,,,,,,,,,,,3.0,889.0,,,,,,,2023,QB,0.0,0.0,0.0,0.0,75.0,75.0,523.0,523.0,74.0,74.0,522.0,522.0,False,False
5284,10.0,,,,,,,,,41.0,188.0,,1.0,70.0,9.0,,14.0,17.0,85.0,,16.0,69.0,1.0,1.0,,,,123.0,587.0,,,,,,,2023,RB,41.3,41.3,4.1,4.1,73.0,74.0,288.0,267.0,73.0,74.0,288.0,265.0,False,False
6380,,,,,,,,,,,,,,,,,,,,,,,,,,,,,,,,,,,,2023,WR,0.0,0.0,,,204.0,,523.0,,204.0,,522.0,,False,False
10232,13.0,,,,,,,,,,,,,,,,38.0,58.0,565.0,3.0,426.0,139.0,,7.0,,,,651.0,811.0,,,,,,,2023,WR,112.5,112.5,8.7,8.7,61.0,61.0,155.0,165.0,61.0,61.0,153.0,155.0,False,False
6804,17.0,579.0,372.0,4159.0,32.0,11.0,30.0,2244.0,93.0,50.0,247.0,4.0,2.0,26.0,9.0,2.0,,,,,,,,,9.0,3.0,,1023.0,1036.0,2.0,,,,,,2023,QB,319.1,299.9,18.8,17.6,5.0,8.0,9.0,15.0,5.0,7.0,11.0,19.0,True,True
3225,17.0,1.0,,,,1.0,,,,2.0,11.0,,,,,,67.0,98.0,667.0,2.0,388.0,279.0,5.0,7.0,,,,797.0,1024.0,,,,,1.0,,2023,WR,146.8,146.8,8.6,8.6,49.0,63.0,120.0,167.0,49.0,63.0,116.0,157.0,False,False
5121,16.0,,,,,,,,,1.0,11.0,,1.0,10.0,,,27.0,33.0,238.0,1.0,153.0,85.0,1.0,1.0,1.0,,,432.0,976.0,,,,,,,2023,WR,57.9,57.9,3.6,3.6,104.0,111.0,250.0,284.0,104.0,111.0,245.0,281.0,False,False
11099,2.0,,,,,,,,,,,,,,,,,,,,,,,,,,,,128.0,,,,,,,2023,WR,0.0,0.0,0.0,0.0,204.0,204.0,523.0,523.0,204.0,204.0,522.0,522.0,False,False
8147,16.0,,,,,,,,,1.0,4.0,,,1.0,1.0,,16.0,30.0,158.0,,74.0,84.0,3.0,3.0,,,,310.0,1057.0,,,,,,,2023,WR,32.2,32.2,2.0,2.0,138.0,152.0,328.0,379.0,138.0,152.0,327.0,374.0,False,False
9483,1.0,,,,,,,,,,,,,,,,,,,,,,,,,,,,73.0,,,,,,,2023,TE,0.0,0.0,0.0,0.0,112.0,112.0,523.0,523.0,112.0,112.0,522.0,522.0,False,False
7956,,,,,,,,,,,,,,,,,,,,,,,,,,,,,,,,,,,,2023,WR,0.0,0.0,,,204.0,,523.0,,204.0,,522.0,,False,False
7496,14.0,,,,,,,,,,,,,,,,28.0,45.0,370.0,3.0,263.0,107.0,4.0,6.0,,,,611.0,874.0,,,,,,,2023,WR,83.0,83.0,5.9,5.9,81.0,78.0,195.0,216.0,81.0,78.0,192.0,213.0,False,False
11224,,,,,,,,,,,,,,,,,,,,,,,,,,,,,,,,,,,,2023,TE,0.0,0.0,,,112.0,,523.0,,112.0,,522.0,,False,False
3634,17.0,,,,,,,,,7.0,75.0,,,6.0,1.0,1.0,35.0,44.0,489.0,1.0,275.0,214.0,2.0,4.0,1.0,,,336.0,1121.0,,,,,,,2023,WR,97.4,97.4,5.7,5.7,70.0,79.0,177.0,219.0,70.0,79.0,173.0,217.0,False,False
5773,17.0,,,,,,,,,1.0,,,,,1.0,1.0,14.0,23.0,232.0,,150.0,82.0,,,1.0,,,353.0,1069.0,,,,,,,2023,WR,37.2,37.2,2.2,2.2,127.0,144.0,308.0,361.0,127.0,144.0,307.0,355.0,False,False
11520,3.0,,,,,,,,,,,,,,,,,,,,,,,,,,,2.0,108.0,,,,,,,2023,WR,0.0,0.0,0.0,0.0,204.0,204.0,523.0,523.0,204.0,204.0,522.0,522.0,False,False
4574,7.0,24.0,18.0,144.0,,1.0,1.0,64.0,1.0,12.0,-5.0,,,3.0,,,,,,,,,,,,,,62.0,1112.0,,,,,,,2023,QB,3.3,0.4,0.5,0.1,69.0,72.0,481.0,484.0,71.0,72.0,519.0,513.0,False,False
9998,,,,,,,,,,,,,,,,,,,,,,,,,,,,,,,,,,,,2023,QB,0.0,0.0,,,75.0,,523.0,,74.0,,522.0,,False,False
8500,9.0,,,,,,,,,,,,,,,,1.0,1.0,12.0,,2.0,10.0,,,,,,8.0,564.0,,,,,,,2023,TE,2.2,2.2,0.2,0.2,104.0,104.0,495.0,507.0,104.0,104.0,491.0,503.0,False,False
4037,17.0,1.0,,,,,,,,4.0,38.0,1.0,1.0,16.0,1.0,,83.0,130.0,1024.0,2.0,639.0,385.0,5.0,16.0,,,,842.0,1038.0,,,,,2.0,,2023,WR,211.2,211.2,12.4,12.4,30.0,37.0,69.0,102.0,30.0,37.0,68.0,99.0,True,True
5137,9.0,,,,,,,,,,,,,,,,10.0,14.0,114.0,,52.0,62.0,2.0,1.0,2.0,1.0,,89.0,520.0,,,,,,,2023,WR,19.4,19.4,2.2,2.2,160.0,144.0,385.0,361.0,160.0,144.0,381.0,355.0,False,False
5013,,,,,,,,,,,,,,,,,,,,,,,,,,,,,,,,,,,,2023,WR,0.0,0.0,,,204.0,,523.0,,204.0,,522.0,,False,False
5906,12.0,,,,,,,,,,,,,,,,22.0,36.0,186.0,2.0,91.0,95.0,4.0,8.0,,,,450.0,734.0,,,,,,,2023,TE,52.6,52.6,4.4,4.4,42.0,37.0,259.0,260.0,42.0,37.0,256.0,258.0,False,False
7812,6.0,,,,,,,,,,,,,,,,1.0,2.0,9.0,1.0,2.0,7.0,1.0,1.0,,,,24.0,392.0,,,,,,,2023,WR,7.9,7.9,1.3,1.3,180.0,169.0,445.0,421.0,180.0,169.0,443.0,418.0,False,False
7066,16.0,,,,,,,,,,,,,,,,48.0,75.0,540.0,3.0,355.0,185.0,5.0,10.0,1.0,,,780.0,975.0,,,,,,,2023,WR,120.0,120.0,7.5,7.5,57.0,70.0,143.0,186.0,57.0,70.0,141.0,178.0,False,False
8475,6.0,,,,,,,,,,,,,,,,,,,,,,,,2.0,,,2.0,420.0,,,,,,,2023,WR,0.0,0.0,0.0,0.0,204.0,204.0,523.0,523.0,204.0,204.0,522.0,522.0,False,False
260,,,,,,,,,,,,,,,,,,,,,,,,,,,,,196.0,,,,,,,2023,QB,0.0,0.0,,,75.0,,523.0,,74.0,,522.0,,False,False
2711,5.0,136.0,74.0,890.0,5.0,4.0,8.0,387.0,7.0,15.0,124.0,1.0,,6.0,1.0,1.0,,,,,,,,,1.0,,,271.0,1069.0,,,,,,,2023,QB,66.0,58.2,13.2,11.6,42.0,31.0,229.0,88.0,39.0,31.0,244.0,112.0,False,False
6857,3.0,,,,,,,,,,,,,,,,1.0,1.0,11.0,,7.0,4.0,,,,,,24.0,144.0,,,,,,,2023,WR,2.1,2.1,0.7,0.7,197.0,188.0,498.0,471.0,197.0,188.0,495.0,467.0,False,False
4157,,,,,,,,,,,,,,,,,,,,,,,,,,,,,,,,,,,,2023,RB,0.0,0.0,,,135.0,,523.0,,135.0,,522.0,,False,False
7533,,,,,,,,,,,,,,,,,,,,,,,,,,,,,,,,,,,,2023,WR,0.0,0.0,,,204.0,,523.0,,204.0,,522.0,,False,False
1837,7.0,169.0,110.0,1205.0,7.0,9.0,14.0,737.0,21.0,20.0,39.0,,1.0,13.0,3.0,1.0,,,,,,,,,1.0,,,322.0,842.0,1.0,,,,,,2023,QB,64.1,54.0,9.2,7.7,43.0,45.0,232.0,153.0,42.0,43.0,250.0,174.0,False,False
10220,12.0,,,,,,,,,,,,,,,,18.0,26.0,207.0,,118.0,89.0,,1.0,1.0,,,159.0,801.0,,,,,,,2023,TE,38.7,38.7,3.2,3.2,53.0,47.0,303.0,304.0,53.0,47.0,302.0,301.0,False,False
8205,14.0,,,,,,,,,205.0,935.0,7.0,15.0,375.0,42.0,14.0,44.0,49.0,244.0,2.0,-115.0,359.0,2.0,8.0,1.0,1.0,,568.0,941.0,,,3.0,,,,2023,RB,219.9,219.9,15.7,15.7,15.0,13.0,61.0,52.0,15.0,13.0,58.0,46.0,True,True
1166,8.0,311.0,216.0,2331.0,18.0,5.0,17.0,1340.0,45.0,14.0,25.0,,,3.0,4.0,1.0,,,,,,,,,7.0,4.0,,512.0,523.0,4.0,,,,,,2023,QB,157.7,147.1,19.7,18.4,23.0,6.0,108.0,13.0,22.0,6.0,115.0,13.0,False,True
5185,14.0,,,,,,,,,,,,,,,,23.0,49.0,311.0,1.0,255.0,56.0,4.0,2.0,,,,685.0,905.0,,,,,,,2023,WR,60.1,60.1,4.3,4.3,99.0,98.0,243.0,262.0,99.0,98.0,238.0,260.0,False,False
8110,17.0,,,,,,,,,,,,,,,,71.0,102.0,761.0,5.0,339.0,422.0,5.0,23.0,,,,828.0,1112.0,,,,,,,2023,TE,177.1,177.1,10.4,10.4,9.0,10.0,94.0,131.0,9.0,10.0,91.0,125.0,True,True
11225,,,,,,,,,,,,,,,,,,,,,,,,,,,,,,,,,,,,2023,TE,0.0,0.0,,,112.0,,523.0,,112.0,,522.0,,False,False
7842,17.0,,,,,,,,,,,,,,,,13.0,15.0,155.0,,59.0,96.0,,1.0,,,,395.0,1095.0,,,,,,,2023,TE,28.5,28.5,1.7,1.7,63.0,69.0,338.0,395.0,63.0,69.0,337.0,391.0,False,False
11232,,,,,,,,,,,,,,,,,,,,,,,,,,,,,,,,,,,,2023,WR,0.0,0.0,,,204.0,,523.0,,204.0,,522.0,,False,False
11046,10.0,,,,,,,,,,,,,,,,1.0,2.0,3.0,,3.0,,,,,,,51.0,614.0,,,,,,,2023,WR,1.3,1.3,0.1,0.1,200.0,201.0,511.0,516.0,200.0,201.0,507.0,513.0,False,False
4082,16.0,,,,,,,,,7.0,39.0,1.0,,16.0,4.0,1.0,62.0,91.0,613.0,4.0,353.0,260.0,2.0,15.0,,,,543.0,980.0,,,,,1.0,,2023,WR,159.2,159.2,10.0,10.0,42.0,50.0,105.0,138.0,42.0,50.0,104.0,132.0,False,False
1049,10.0,230.0,149.0,1616.0,4.0,7.0,32.0,827.0,27.0,17.0,74.0,1.0,,15.0,2.0,1.0,,1.0,,,,,,,4.0,,,445.0,790.0,,,,,,,2023,QB,80.0,55.7,8.0,5.6,37.0,50.0,201.0,173.0,40.0,52.0,248.0,223.0,False,False
1339,7.0,,,,,,,,,,,,,,,,27.0,43.0,187.0,1.0,141.0,46.0,2.0,7.0,,,,295.0,458.0,,,,,,,2023,TE,51.7,51.7,7.4,7.4,43.0,20.0,261.0,189.0,43.0,20.0,258.0,183.0,False,False
11280,15.0,,,,,,,,,,,,,,,,,,,,,,,,,,,11.0,873.0,,,,,,,2023,RB,0.0,0.0,0.0,0.0,135.0,135.0,523.0,523.0,135.0,135.0,522.0,522.0,False,False
5878,9.0,,,,,,,,,,,,,,,,,,,,,,,,,,,23.0,596.0,,,,,,,2023,TE,0.0,0.0,0.0,0.0,112.0,112.0,523.0,523.0,112.0,112.0,522.0,522.0,False,False
7143,,,,,,,,,,,,,,,,,,,,,,,,,,,,,,,,,,,,2023,QB,0.0,0.0,,,75.0,,523.0,,74.0,,522.0,,False,False
10867,17.0,,,,,,,,,1.0,3.0,1.0,,2.0,1.0,,19.0,25.0,196.0,2.0,109.0,87.0,,4.0,,,,286.0,996.0,,,,,,,2023,WR,56.9,56.9,3.3,3.3,105.0,119.0,251.0,298.0,105.0,119.0,246.0,295.0,False,False
8131,17.0,,,,,,,,,,,,,,,,30.0,40.0,411.0,5.0,195.0,216.0,3.0,7.0,,,,496.0,1126.0,,,,,,,2023,TE,101.1,101.1,5.9,5.9,25.0,30.0,174.0,216.0,25.0,30.0,169.0,213.0,False,False
4046,16.0,597.0,401.0,4183.0,27.0,14.0,27.0,1630.0,92.0,75.0,389.0,,2.0,37.0,13.0,1.0,,,,,,,,,5.0,3.0,,1051.0,1072.0,3.0,1.0,,,,,2023,QB,290.2,260.6,18.1,16.3,8.0,10.0,17.0,19.0,8.0,13.0,28.0,36.0,True,True
8938,,,,,,,,,,,,,,,,,,,,,,,,,,,,,,,,,,,,2023,QB,0.0,0.0,,,75.0,,523.0,,74.0,,522.0,,False,False
3286,16.0,,,,,,,,,1.0,23.0,,,9.0,,,26.0,39.0,371.0,4.0,282.0,89.0,,9.0,2.0,1.0,,370.0,1025.0,,,,,,,2023,WR,87.4,87.4,5.5,5.5,79.0,87.0,192.0,229.0,79.0,87.0,188.0,229.0,False,False
7609,,,,,,,,,,,,,,,,,,,,,,,,,,,,,,,,,,,,2023,RB,0.0,0.0,,,135.0,,523.0,,135.0,,522.0,,False,False
6171,7.0,,,,,,,,,,,,,,,,1.0,1.0,10.0,,6.0,4.0,,,,,,23.0,456.0,,,,,,,2023,WR,2.0,2.0,0.3,0.3,198.0,196.0,503.0,499.0,198.0,196.0,498.0,495.0,False,False
7564,16.0,1.0,1.0,-7.0,,,,-7.0,,3.0,-6.0,,,2.0,,1.0,100.0,145.0,1216.0,7.0,675.0,541.0,5.0,19.0,1.0,,,859.0,960.0,,,,,5.0,,2023,WR,272.7,272.9,17.0,17.1,10.0,11.0,24.0,33.0,10.0,11.0,19.0,24.0,True,True
8174,4.0,,,,,,,,,16.0,65.0,1.0,1.0,52.0,2.0,1.0,3.0,3.0,58.0,,-1.0,59.0,,1.0,,,,28.0,221.0,,,,,,,2023,RB,21.3,21.3,5.3,5.3,89.0,62.0,375.0,237.0,89.0,62.0,372.0,237.0,False,False
8177,15.0,,,,,,,,,,,,,,,,4.0,4.0,39.0,,8.0,31.0,,1.0,,,,100.0,954.0,,,,,,,2023,TE,7.9,7.9,0.5,0.5,91.0,97.0,445.0,484.0,91.0,97.0,443.0,480.0,False,False
8125,17.0,,,,,,,,,11.0,57.0,1.0,,7.0,1.0,1.0,17.0,30.0,180.0,1.0,107.0,73.0,1.0,,2.0,,,374.0,1071.0,,,,,,,2023,WR,52.7,52.7,3.1,3.1,109.0,125.0,258.0,310.0,109.0,125.0,255.0,307.0,False,False
7746,16.0,,,,,,,,,,,,,,,,4.0,7.0,29.0,,-6.0,35.0,,,3.0,1.0,,67.0,1000.0,,,,,,,2023,WR,4.9,4.9,0.3,0.3,188.0,196.0,466.0,499.0,188.0,196.0,464.0,495.0,False,False
7587,17.0,1.0,1.0,4.0,,,,2.0,1.0,1.0,,,,,,,12.0,23.0,168.0,1.0,92.0,76.0,2.0,2.0,,,,246.0,1058.0,,,,,,,2023,WR,35.0,34.9,2.1,2.1,133.0,146.0,317.0,368.0,133.0,146.0,316.0,362.0,False,False
11382,,,,,,,,,,,,,,,,,,,,,,,,,,,,,,,,,,,,2023,WR,0.0,0.0,,,204.0,,523.0,,204.0,,522.0,,False,False
8117,17.0,,,,,,,,,,,,,,,,22.0,36.0,268.0,2.0,234.0,34.0,1.0,4.0,1.0,1.0,,454.0,1112.0,,,,,,,2023,WR,58.8,58.8,3.5,3.5,102.0,114.0,247.0,292.0,102.0,114.0,241.0,288.0,False,False
6797,13.0,456.0,297.0,3134.0,20.0,7.0,29.0,1571.0,63.0,52.0,228.0,3.0,2.0,49.0,11.0,2.0,1.0,1.0,10.0,,-7.0,17.0,,,4.0,1.0,,838.0,875.0,2.0,1.0,,,,,2023,QB,240.2,217.5,18.5,16.7,17.0,9.0,42.0,16.0,17.0,9.0,61.0,27.0,False,True
6849,,,,,,,,,,,,,,,,,,,,,,,,,,,,,,,,,,,,2023,WR,0.0,0.0,,,204.0,,523.0,,204.0,,522.0,,False,False
6801,12.0,,,,,,,,,,,,,,,,42.0,76.0,656.0,5.0,421.0,235.0,7.0,9.0,,,,573.0,774.0,,,,,2.0,,2023,WR,141.6,141.6,11.8,11.8,51.0,40.0,125.0,109.0,51.0,40.0,121.0,106.0,False,False
10859,17.0,,,,,,,,,1.0,4.0,,,,,,86.0,120.0,889.0,10.0,532.0,357.0,5.0,15.0,,,,958.0,1121.0,,,,,1.0,,2023,TE,237.3,237.3,14.0,14.0,1.0,3.0,45.0,72.0,1.0,3.0,40.0,67.0,True,True
8660,7.0,,,,,,,,,,,,,,,,,,,,,,,,,,,10.0,440.0,,,,,,,2023,TE,0.0,0.0,0.0,0.0,112.0,112.0,523.0,523.0,112.0,112.0,522.0,522.0,False,False
8921,,,,,,,,,,,,,,,,,,,,,,,,,,,,,,,,,,,,2023,WR,0.0,0.0,,,204.0,,523.0,,204.0,,522.0,,False,False
8628,,,,,,,,,,,,,,,,,,,,,,,,,,,,,,,,,,,,2023,WR,0.0,0.0,,,204.0,,523.0,,204.0,,522.0,,False,False
3433,8.0,,,,,,,,,,,,,,,,16.0,29.0,232.0,1.0,174.0,58.0,,2.0,,,,272.0,460.0,,,,,,,2023,WR,45.2,45.2,5.6,5.6,117.0,83.0,279.0,225.0,117.0,83.0,276.0,223.0,False,False
4111,9.0,,,,,,,,,109.0,425.0,4.0,7.0,135.0,17.0,11.0,11.0,16.0,77.0,1.0,13.0,64.0,1.0,2.0,1.0,,,269.0,636.0,,,,,,,2023,RB,91.2,91.2,10.1,10.1,51.0,39.0,185.0,137.0,51.0,39.0,180.0,131.0,False,False
6386,,,,,,,,,,,,,,,,,,,,,,,,,,,,,,,,,,,,2023,WR,0.0,0.0,,,204.0,,523.0,,204.0,,522.0,,False,False
11524,,,,,,,,,,,,,,,,,,,,,,,,,,,,,,,,,,,,2023,TE,0.0,0.0,,,112.0,,523.0,,112.0,,522.0,,False,False
4443,17.0,,,,,,,,,,,,,,,,13.0,15.0,208.0,1.0,87.0,121.0,,,1.0,1.0,,366.0,994.0,,,,,,,2023,TE,37.8,37.8,2.2,2.2,55.0,60.0,307.0,361.0,55.0,60.0,306.0,355.0,False,False
11237,,,,,,,,,,,,,,,,,,,,,,,,,,,,,,,,,,,,2023,RB,0.0,0.0,,,135.0,,523.0,,135.0,,522.0,,False,False
2399,13.0,,,,,,,,,3.0,9.0,,,,,,5.0,12.0,40.0,,13.0,27.0,2.0,1.0,,,,42.0,830.0,,,,,,,2023,RB,9.9,9.9,0.8,0.8,109.0,121.0,433.0,458.0,109.0,121.0,431.0,455.0,False,False
8414,16.0,,,,,,,,,,,,,,,,4.0,6.0,42.0,,16.0,26.0,,1.0,2.0,,,23.0,1082.0,,,,,,,2023,WR,8.2,8.2,0.5,0.5,178.0,192.0,442.0,484.0,178.0,192.0,440.0,480.0,False,False
8523,2.0,,,,,,,,,,,,,,,,1.0,1.0,22.0,,12.0,10.0,,,,,,,53.0,,,,,,,2023,TE,3.2,3.2,1.6,1.6,102.0,72.0,483.0,403.0,102.0,72.0,479.0,399.0,False,False
9501,14.0,,,,,,,,,8.0,41.0,,,20.0,,,49.0,78.0,561.0,,225.0,336.0,1.0,4.0,3.0,1.0,,426.0,813.0,,,,,,,2023,WR,107.2,107.2,7.7,7.7,65.0,67.0,164.0,182.0,65.0,67.0,160.0,174.0,False,False
7539,,,,,,,,,,,,,,,,,,,,,,,,,,,,,,,,,,,,2023,RB,0.0,0.0,,,135.0,,523.0,,135.0,,522.0,,False,False
8180,6.0,,,,,,,,,,,,,,,,3.0,6.0,29.0,,8.0,21.0,1.0,,,,,94.0,396.0,,,,,,,2023,WR,5.9,5.9,1.0,1.0,184.0,182.0,457.0,441.0,184.0,182.0,455.0,439.0,False,False
1737,2.0,53.0,34.0,291.0,1.0,3.0,6.0,151.0,5.0,2.0,1.0,,,1.0,1.0,1.0,,,,,,,,,1.0,,,113.0,227.0,,,,,,,2023,QB,9.7,5.9,4.9,3.0,64.0,56.0,435.0,244.0,63.0,57.0,455.0,312.0,False,False
11495,,,,,,,,,,,,,,,,,,,,,,,,,,,,,,,,,,,,2023,WR,0.0,0.0,,,204.0,,523.0,,204.0,,522.0,,False,False
7854,,,,,,,,,,,,,,,,,,,,,,,,,,,,,,,,,,,,2023,TE,0.0,0.0,,,112.0,,523.0,,112.0,,522.0,,False,False
9486,15.0,1.0,1.0,14.0,,,,9.0,,1.0,1.0,,,1.0,,,39.0,58.0,581.0,4.0,370.0,211.0,3.0,8.0,3.0,1.0,,415.0,906.0,,,,,,,2023,WR,119.8,119.5,8.0,8.0,58.0,64.0,145.0,173.0,58.0,64.0,143.0,164.0,False,False
1346,12.0,,,,,,,,,4.0,33.0,,,,,1.0,4.0,13.0,67.0,,46.0,21.0,2.0,,,,,122.0,890.0,,,,,,,2023,WR,14.0,14.0,1.2,1.2,167.0,173.0,406.0,428.0,167.0,173.0,405.0,425.0,False,False
4881,16.0,457.0,307.0,3678.0,24.0,7.0,37.0,1926.0,61.0,148.0,821.0,5.0,14.0,189.0,30.0,9.0,,,,,,,,,11.0,6.0,,1040.0,1069.0,3.0,,1.0,,,,2023,QB,337.2,311.7,21.1,19.5,4.0,4.0,8.0,11.0,4.0,5.0,9.0,12.0,True,True
10870,2.0,,,,,,,,,,,,,,,,,,,,,,,,,,,,198.0,,,,,,,2023,RB,0.0,0.0,0.0,0.0,135.0,135.0,523.0,523.0,135.0,135.0,522.0,522.0,False,False
4219,3.0,,,,,,,,,,,,,,,,,,,,,,,,,,,,180.0,,,,,,,2023,RB,0.0,0.0,0.0,0.0,135.0,135.0,523.0,523.0,135.0,135.0,522.0,522.0,False,False
10983,2.0,1.0,1.0,37.0,,,,34.0,,3.0,-2.0,,,,,1.0,,,,,,,,,1.0,,,13.0,1036.0,,,,,,,2023,QB,1.3,0.5,0.6,0.3,73.0,71.0,511.0,478.0,70.0,70.0,517.0,495.0,False,False
2133,17.0,,,,,,,,,,,,,,,,103.0,175.0,1144.0,8.0,808.0,336.0,7.0,29.0,,,,901.0,980.0,,,,,3.0,,2023,WR,271.4,271.4,16.0,16.0,11.0,16.0,27.0,46.0,11.0,16.0,22.0,38.0,True,True
96,1.0,1.0,,,,,1.0,,,,,,,,,,,,,,,,,,,,,4.0,54.0,,,,,,,2023,QB,0.0,0.0,0.0,0.0,75.0,75.0,523.0,523.0,74.0,74.0,522.0,522.0,False,False
5872,15.0,1.0,,,,,,,,37.0,225.0,5.0,2.0,75.0,9.0,4.0,60.0,89.0,892.0,7.0,365.0,527.0,2.0,17.0,1.0,,,688.0,893.0,,,,,3.0,,2023,WR,249.7,249.7,16.6,16.6,15.0,13.0,38.0,35.0,15.0,13.0,34.0,28.0,True,True
8820,,,,,,,,,,,,,,,,,,,,,,,,,,,,,,,,,,,,2023,RB,0.0,0.0,,,135.0,,523.0,,135.0,,522.0,,False,False
9480,14.0,,,,,,,,,,,,,,,,5.0,9.0,35.0,1.0,7.0,28.0,,4.0,,,,297.0,888.0,,,,,,,2023,TE,14.5,14.5,1.0,1.0,78.0,80.0,404.0,441.0,78.0,80.0,403.0,439.0,False,False
8198,,,,,,,,,,,,,,,,,,,,,,,,,,,,,,,,,,,,2023,WR,0.0,0.0,,,204.0,,523.0,,204.0,,522.0,,False,False
827,11.0,180.0,116.0,1341.0,5.0,3.0,17.0,765.0,13.0,38.0,197.0,,1.0,39.0,3.0,3.0,,,,,,,,,4.0,,,310.0,810.0,1.0,,,,,,2023,QB,89.3,72.5,8.1,6.6,35.0,49.0,187.0,171.0,35.0,50.0,211.0,204.0,False,False
6985,,,,,,,,,,,,,,,,,,,,,,,,,,,,,,,,,,,,2023,WR,0.0,0.0,,,204.0,,523.0,,204.0,,522.0,,False,False
4892,17.0,566.0,364.0,4044.0,28.0,10.0,40.0,2103.0,60.0,62.0,163.0,1.0,3.0,65.0,16.0,2.0,,,,,,,,,8.0,3.0,,1035.0,1038.0,3.0,,,,,,2023,QB,276.1,251.2,16.2,14.8,11.0,21.0,23.0,44.0,10.0,18.0,33.0,55.0,False,True
10862,8.0,112.0,60.0,440.0,1.0,4.0,6.0,238.0,15.0,14.0,65.0,,2.0,12.0,2.0,2.0,,,,,,,,,2.0,,,214.0,830.0,,,,,,,2023,QB,20.1,13.3,2.5,1.7,57.0,63.0,380.0,343.0,59.0,62.0,410.0,391.0,False,False
8145,15.0,,,,,,,,,,,,,,,,16.0,22.0,151.0,,100.0,51.0,1.0,,,,,310.0,963.0,,,,,,,2023,TE,31.1,31.1,2.1,2.1,62.0,64.0,330.0,368.0,62.0,64.0,330.0,362.0,False,False
7106,11.0,,,,,,,,,,,,,,,,4.0,5.0,36.0,1.0,9.0,27.0,,2.0,,,,101.0,689.0,,,,,,,2023,TE,13.6,13.6,1.2,1.2,80.0,79.0,411.0,428.0,80.0,79.0,409.0,425.0,False,False
928,11.0,,,,,,,,,,,,,,,,5.0,17.0,39.0,1.0,16.0,23.0,2.0,4.0,,,,203.0,610.0,,,,,,,2023,WR,14.9,14.9,1.4,1.4,164.0,165.0,398.0,414.0,164.0,165.0,396.0,410.0,False,False
5347,,,,,,,,,,,,,,,,,,,,,,,,,,,,,,,,,,,,2023,RB,0.0,0.0,,,135.0,,523.0,,135.0,,522.0,,False,False
9506,11.0,,,,,,,,,15.0,23.0,,1.0,12.0,,3.0,2.0,2.0,9.0,,-3.0,12.0,,,,,,32.0,904.0,,,,,,,2023,RB,5.2,5.2,0.5,0.5,115.0,126.0,465.0,484.0,115.0,126.0,463.0,480.0,False,False
7607,15.0,,,,,,,,,30.0,187.0,,1.0,42.0,5.0,2.0,24.0,31.0,101.0,1.0,14.0,87.0,2.0,4.0,,,,215.0,914.0,,,,,,,2023,RB,58.8,58.8,3.9,3.9,62.0,75.0,247.0,272.0,62.0,75.0,241.0,270.0,False,False
8167,9.0,,,,,,,,,4.0,11.0,,1.0,14.0,,1.0,28.0,53.0,422.0,5.0,317.0,105.0,3.0,13.0,,,,446.0,579.0,,,,,,,2023,WR,101.3,101.3,11.3,11.3,68.0,43.0,173.0,117.0,68.0,43.0,168.0,113.0,False,False
8211,1.0,,,,,,,,,6.0,21.0,,,19.0,,1.0,,,,,,,,,,,,7.0,126.0,,,,,,,2023,RB,2.1,2.1,2.1,2.1,127.0,95.0,498.0,368.0,127.0,95.0,495.0,362.0,False,False
5432,,,,,,,,,,,,,,,,,,,,,,,,,,,,,,,,,,,,2023,WR,0.0,0.0,,,204.0,,523.0,,204.0,,522.0,,False,False
7599,,,,,,,,,,,,,,,,,,,,,,,,,,,,,,,,,,,,2023,RB,0.0,0.0,,,135.0,,523.0,,135.0,,522.0,,False,False
9999,9.0,255.0,149.0,1808.0,8.0,4.0,28.0,1062.0,20.0,25.0,57.0,1.0,,23.0,3.0,2.0,,,,,,,,,7.0,4.0,,528.0,572.0,1.0,,,,,,2023,QB,102.0,81.9,11.3,9.1,33.0,36.0,172.0,117.0,33.0,37.0,195.0,145.0,False,False
5947,16.0,3.0,2.0,12.0,1.0,,,12.0,1.0,4.0,24.0,2.0,,,3.0,,71.0,106.0,807.0,8.0,565.0,242.0,2.0,15.0,,,,845.0,940.0,,,,,,,2023,WR,218.6,220.3,13.7,13.8,25.0,27.0,63.0,77.0,24.0,26.0,57.0,70.0,True,True
8831,3.0,,,,,,,,,,,,,,,,,,,,,,,,,,,2.0,194.0,,,,,,,2023,WR,0.0,0.0,0.0,0.0,204.0,204.0,523.0,523.0,204.0,204.0,522.0,522.0,False,False
11189,,,,,,,,,,,,,,,,,,,,,,,,,,,,,,,,,,,,2023,WR,0.0,0.0,,,204.0,,523.0,,204.0,,522.0,,False,False
8068,,,,,,,,,,,,,,,,,,,,,,,,,,,,,,,,,,,,2023,WR,0.0,0.0,,,204.0,,523.0,,204.0,,522.0,,False,False
3271,15.0,,,,,,,,,,,,,,,,47.0,70.0,495.0,2.0,249.0,246.0,7.0,5.0,,,,866.0,1004.0,,,,,,,2023,TE,108.5,108.5,7.2,7.2,24.0,23.0,162.0,193.0,24.0,23.0,159.0,188.0,False,False
4988,2.0,,,,,,,,,28.0,170.0,,2.0,70.0,3.0,1.0,4.0,4.0,21.0,,1.0,20.0,,,,,,54.0,161.0,,,1.0,,,,2023,RB,25.1,25.1,12.6,12.6,87.0,26.0,356.0,99.0,87.0,26.0,352.0,95.0,False,False
1535,14.0,,,,,,,,,50.0,181.0,,1.0,76.0,7.0,5.0,9.0,12.0,38.0,1.0,1.0,37.0,1.0,2.0,1.0,,,169.0,868.0,,,,,,,2023,RB,36.9,36.9,2.6,2.6,80.0,87.0,309.0,336.0,80.0,87.0,308.0,333.0,False,False
7605,2.0,1.0,,,,,,,1.0,1.0,-1.0,,,,,,,,,,,,,,,,,3.0,1038.0,,,,,,,2023,QB,-0.1,-0.1,-0.0,-0.0,106.0,75.0,811.0,523.0,105.0,74.0,810.0,522.0,False,False
7569,15.0,,,,,,,,,1.0,7.0,,,3.0,,,80.0,109.0,1297.0,8.0,748.0,549.0,2.0,15.0,1.0,,,668.0,982.0,,,,,5.0,,2023,WR,268.4,268.4,17.9,17.9,12.0,7.0,28.0,24.0,12.0,7.0,23.0,17.0,True,True
6659,17.0,,,,,,,,,41.0,179.0,1.0,1.0,75.0,6.0,2.0,5.0,5.0,47.0,,-12.0,59.0,,,2.0,2.0,,130.0,1121.0,,,,,,,2023,RB,29.6,29.6,1.7,1.7,86.0,102.0,336.0,395.0,86.0,102.0,336.0,391.0,False,False
9228,16.0,527.0,315.0,2877.0,11.0,10.0,62.0,1580.0,39.0,39.0,253.0,,4.0,62.0,6.0,2.0,,,,,,,,,11.0,6.0,,1016.0,1020.0,1.0,,,,,,2023,QB,154.4,118.8,9.6,7.4,24.0,43.0,110.0,146.0,27.0,46.0,144.0,183.0,False,False
10221,17.0,,,,,,,,,,,,,,,,6.0,13.0,68.0,3.0,58.0,10.0,,3.0,1.0,,,145.0,1005.0,,,,,,,2023,WR,30.8,30.8,1.8,1.8,140.0,158.0,332.0,391.0,140.0,158.0,332.0,387.0,False,False
5973,17.0,,,,,,,,,,,,,,,,22.0,28.0,213.0,2.0,51.0,162.0,,5.0,1.0,1.0,,427.0,1048.0,,,,,,,2023,TE,53.3,53.3,3.1,3.1,41.0,48.0,255.0,310.0,41.0,48.0,253.0,307.0,False,False
8408,17.0,,,,,,,,,40.0,206.0,3.0,,69.0,4.0,3.0,3.0,4.0,31.0,,4.0,27.0,,,,,,72.0,1005.0,,,,,,,2023,RB,44.7,44.7,2.6,2.6,68.0,87.0,280.0,336.0,68.0,87.0,278.0,333.0,False,False
8226,,,,,,,,,,,,,,,,,,,,,,,,,,,,,,,,,,,,2023,RB,0.0,0.0,,,135.0,,523.0,,135.0,,522.0,,False,False
5128,1.0,4.0,3.0,27.0,,1.0,1.0,-2.0,,1.0,6.0,,,,,,,,,,,,,,,,,,,,,,,,,2023,QB,-0.3,-0.9,-0.3,-0.9,108.0,81.0,814.0,617.0,109.0,82.0,815.0,618.0,False,False
10869,,,,,,,,,,,,,,,,,,,,,,,,,,,,,,,,,,,,2023,WR,0.0,0.0,,,204.0,,523.0,,204.0,,522.0,,False,False
7021,16.0,,,,,,,,,89.0,361.0,2.0,3.0,133.0,15.0,6.0,17.0,22.0,144.0,2.0,-24.0,168.0,2.0,4.0,,,,221.0,1047.0,,,,,,,2023,RB,91.5,91.5,5.7,5.7,50.0,58.0,184.0,219.0,50.0,58.0,179.0,217.0,False,False
7083,5.0,37.0,21.0,203.0,3.0,,4.0,125.0,7.0,15.0,55.0,,,,4.0,,,,,,,,,,,,,86.0,987.0,,,,,,,2023,QB,25.6,27.6,5.1,5.5,51.0,55.0,352.0,242.0,48.0,54.0,344.0,229.0,False,False
8137,17.0,,,,,,,,,3.0,18.0,,,,,1.0,63.0,106.0,1140.0,5.0,747.0,393.0,2.0,8.0,3.0,,,929.0,1071.0,,,,,5.0,,2023,WR,218.8,218.8,12.9,12.9,24.0,32.0,62.0,92.0,25.0,32.0,59.0,88.0,True,True
5987,16.0,,,,,,,,,180.0,700.0,,5.0,269.0,23.0,25.0,30.0,44.0,192.0,3.0,11.0,181.0,7.0,11.0,3.0,2.0,,556.0,980.0,,,,,,,2023,RB,133.2,133.2,8.3,8.3,38.0,43.0,132.0,170.0,38.0,43.0,130.0,161.0,False,False
8179,,,,,,,,,,,,,,,,,,,,,,,,,,,,,,,,,,,,2023,RB,0.0,0.0,,,135.0,,523.0,,135.0,,522.0,,False,False
8135,11.0,,,,,,,,,5.0,18.0,,,11.0,1.0,1.0,16.0,30.0,221.0,,150.0,71.0,3.0,1.0,,,,405.0,658.0,,,,,,,2023,WR,39.9,39.9,3.6,3.6,123.0,111.0,296.0,284.0,123.0,111.0,296.0,281.0,False,False
7694,16.0,,,,,,,,,,,,,,,,23.0,32.0,194.0,3.0,99.0,95.0,,4.0,,,,510.0,1027.0,,,,,,,2023,TE,60.4,60.4,3.8,3.8,39.0,40.0,241.0,277.0,39.0,40.0,236.0,274.0,False,False
9484,17.0,,,,,,,,,,,,,,,,31.0,40.0,355.0,2.0,124.0,231.0,,7.0,,,,567.0,1036.0,,,,,,,2023,TE,78.5,78.5,4.6,4.6,29.0,35.0,204.0,252.0,29.0,35.0,201.0,250.0,False,False
10215,,,,,,,,,,,,,,,,,,,,,,,,,,,,,90.0,,,,,,,2023,QB,0.0,0.0,,,75.0,,523.0,,74.0,,522.0,,False,False
11270,,,,,,,,,,,,,,,,,,,,,,,,,,,,,,,,,,,,2023,RB,0.0,0.0,,,135.0,,523.0,,135.0,,522.0,,False,False
5076,,,,,,,,,,,,,,,,,,,,,,,,,,,,,,,,,,,,2023,RB,0.0,0.0,,,135.0,,523.0,,135.0,,522.0,,False,False
7596,17.0,,,,,,,,,9.0,11.0,,,11.0,1.0,3.0,59.0,104.0,640.0,2.0,449.0,191.0,5.0,13.0,2.0,2.0,,897.0,1187.0,,,,,,,2023,WR,132.1,132.1,7.8,7.8,54.0,65.0,134.0,178.0,54.0,65.0,132.0,168.0,False,False
8799,,,,,,,,,,,,,,,,,,,,,,,,,,,,,,,,,,,,2023,TE,0.0,0.0,,,112.0,,523.0,,112.0,,522.0,,False,False
8146,17.0,1.0,,,,,,,,4.0,,,,4.0,,2.0,95.0,168.0,1042.0,3.0,715.0,327.0,6.0,17.0,2.0,2.0,,970.0,1036.0,,,,,2.0,,2023,WR,217.2,217.2,12.8,12.8,26.0,35.0,64.0,95.0,26.0,35.0,62.0,91.0,True,True
6040,2.0,,,,,,,,,,,,,,,,,,,,,,,,,,,18.0,112.0,,,,,,,2023,TE,0.0,0.0,0.0,0.0,112.0,112.0,523.0,523.0,112.0,112.0,522.0,522.0,False,False
5209,9.0,,,,,,,,,5.0,23.0,,,7.0,1.0,,7.0,9.0,40.0,,7.0,33.0,1.0,,1.0,,,101.0,597.0,,,,,,,2023,RB,13.3,13.3,1.5,1.5,104.0,106.0,412.0,409.0,104.0,106.0,410.0,404.0,False,False
4663,14.0,,,,,,,,,179.0,628.0,5.0,9.0,258.0,30.0,16.0,51.0,74.0,436.0,1.0,-69.0,505.0,5.0,9.0,5.0,4.0,,567.0,876.0,,,1.0,,,,2023,RB,187.4,187.4,13.4,13.4,25.0,20.0,87.0,85.0,25.0,20.0,85.0,78.0,True,True
9511,8.0,,,,,,,,,47.0,396.0,2.0,7.0,151.0,3.0,6.0,9.0,11.0,93.0,,-29.0,122.0,1.0,1.0,,,,135.0,540.0,,,1.0,,,,2023,RB,71.9,71.9,9.0,9.0,58.0,41.0,216.0,155.0,58.0,41.0,214.0,146.0,False,False
7521,1.0,,,,,,,,,,,,,,,,,,,,,,,,,,,9.0,62.0,,,,,,,2023,WR,0.0,0.0,0.0,0.0,204.0,204.0,523.0,523.0,204.0,204.0,522.0,522.0,False,False
5902,,,,,,,,,,,,,,,,,,,,,,,,,,,,,,,,,,,,2023,WR,0.0,0.0,,,204.0,,523.0,,204.0,,522.0,,False,False
7438,2.0,,,,,,,,,,,,,,,,,,,,,,,,,,,42.0,99.0,,,,,,,2023,WR,0.0,0.0,0.0,0.0,204.0,204.0,523.0,523.0,204.0,204.0,522.0,522.0,False,False
8208,,,,,,,,,,,,,,,,,,,,,,,,,,,,,,,,,,,,2023,RB,0.0,0.0,,,135.0,,523.0,,135.0,,522.0,,False,False
11139,9.0,,,,,,,,,,,,,,,,3.0,4.0,38.0,,30.0,8.0,1.0,1.0,,,,99.0,515.0,,,,,,,2023,WR,6.8,6.8,0.8,0.8,182.0,184.0,452.0,458.0,182.0,184.0,450.0,455.0,False,False
8225,17.0,,,,,,,,,,,,,,,,25.0,28.0,255.0,,121.0,134.0,1.0,,,,,634.0,1037.0,,,,,,,2023,TE,50.5,50.5,3.0,3.0,45.0,50.0,265.0,316.0,45.0,50.0,263.0,312.0,False,False
5938,17.0,,,,,,,,,,,,,,,,13.0,19.0,162.0,3.0,63.0,99.0,1.0,4.0,,,,392.0,1011.0,,,,,,,2023,WR,47.2,47.2,2.8,2.8,116.0,130.0,272.0,325.0,116.0,130.0,270.0,321.0,False,False
4040,11.0,,,,,,,,,,,,,,,,29.0,47.0,260.0,1.0,166.0,94.0,2.0,2.0,,,,461.0,710.0,,,,,,,2023,WR,61.0,61.0,5.5,5.5,97.0,87.0,238.0,229.0,97.0,87.0,233.0,229.0,False,False
11214,,,,,,,,,,,,,,,,,,,,,,,,,,,,,,,,,,,,2023,QB,0.0,0.0,,,75.0,,523.0,,74.0,,522.0,,False,False
5110,,,,,,,,,,,,,,,,,,,,,,,,,,,,,,,,,,,,2023,WR,0.0,0.0,,,204.0,,523.0,,204.0,,522.0,,False,False
3321,16.0,,,,,,,,,6.0,15.0,,1.0,17.0,1.0,1.0,119.0,171.0,1799.0,13.0,1147.0,652.0,11.0,24.0,1.0,1.0,,655.0,985.0,,,,,7.0,1.0,2023,WR,394.4,394.4,24.6,24.6,2.0,2.0,4.0,3.0,2.0,2.0,3.0,3.0,True,True
8013,17.0,,,,,,,,,,,,,,,,11.0,18.0,83.0,,52.0,31.0,,,,,,331.0,1095.0,,,,,,,2023,WR,19.3,19.3,1.1,1.1,161.0,176.0,387.0,433.0,161.0,176.0,383.0,430.0,False,False
6185,5.0,174.0,111.0,1129.0,3.0,1.0,14.0,543.0,11.0,27.0,144.0,1.0,1.0,9.0,6.0,3.0,,,,,,,,,5.0,4.0,,237.0,1075.0,,,,,,,2023,QB,67.6,51.0,13.5,10.2,41.0,29.0,227.0,79.0,43.0,32.0,260.0,129.0,False,False
11081,,,,,,,,,,,,,,,,,,,,,,,,,,,,,,,,,,,,2023,WR,0.0,0.0,,,204.0,,523.0,,204.0,,522.0,,False,False
8197,8.0,,,,,,,,,1.0,,,,,1.0,,4.0,7.0,38.0,,10.0,28.0,2.0,2.0,,,,152.0,496.0,,,,,,,2023,TE,7.8,7.8,1.0,1.0,92.0,80.0,447.0,441.0,92.0,80.0,445.0,439.0,False,False
2216,17.0,,,,,,,,,,,,,,,,79.0,136.0,1255.0,13.0,934.0,321.0,7.0,14.0,,,,807.0,1038.0,,,,,3.0,,2023,WR,288.5,288.5,17.0,17.0,8.0,11.0,18.0,33.0,8.0,12.0,15.0,25.0,True,True
7562,16.0,,,,,,,,,5.0,31.0,,,6.0,1.0,1.0,39.0,67.0,483.0,3.0,379.0,104.0,4.0,5.0,,,,625.0,1006.0,,,,,1.0,,2023,WR,110.4,110.4,6.9,6.9,63.0,72.0,158.0,197.0,63.0,72.0,156.0,192.0,False,False
8132,17.0,,,,,,,,,186.0,683.0,4.0,14.0,354.0,34.0,17.0,18.0,23.0,193.0,1.0,-24.0,217.0,2.0,2.0,,,,342.0,1069.0,,,,,,,2023,RB,135.6,135.6,8.0,8.0,37.0,44.0,129.0,173.0,37.0,44.0,126.0,164.0,False,False
8254,3.0,,,,,,,,,,,,,,,,,,,,,,,,,,,7.0,176.0,,,,,,,2023,RB,0.0,0.0,0.0,0.0,135.0,135.0,523.0,523.0,135.0,135.0,522.0,522.0,False,False
8107,,,,,,,,,,,,,,,,,,,,,,,,,,,,,,,,,,,,2023,TE,0.0,0.0,,,112.0,,523.0,,112.0,,522.0,,False,False
7107,,,,,,,,,,,,,,,,,,,,,,,,,,,,,,,,,,,,2023,RB,0.0,0.0,,,135.0,,523.0,,135.0,,522.0,,False,False
2161,12.0,1.0,1.0,4.0,1.0,,,-3.0,1.0,21.0,60.0,1.0,,14.0,3.0,4.0,25.0,32.0,192.0,4.0,-27.0,219.0,3.0,5.0,,,,264.0,815.0,,,,,,,2023,RB,84.4,86.3,7.0,7.2,53.0,49.0,194.0,196.0,53.0,48.0,189.0,188.0,False,False
8157,10.0,212.0,127.0,1272.0,6.0,9.0,25.0,631.0,9.0,17.0,83.0,1.0,,22.0,1.0,,,,,,,,,,2.0,1.0,,356.0,934.0,,,,,,,2023,QB,69.2,55.7,6.9,5.6,39.0,53.0,224.0,197.0,40.0,52.0,248.0,223.0,False,False
8223,14.0,,,,,,,,,8.0,51.0,,,16.0,,2.0,4.0,7.0,20.0,,5.0,15.0,1.0,,,,,89.0,869.0,,,,,,,2023,WR,11.1,11.1,0.8,0.8,172.0,184.0,426.0,458.0,172.0,184.0,423.0,455.0,False,False
7867,,,,,,,,,,,,,,,,,,,,,,,,,,,,,,,,,,,,2023,RB,0.0,0.0,,,135.0,,523.0,,135.0,,522.0,,False,False
7535,4.0,,,,,,,,,,,,,,,,,,,,,,,,,,,55.0,275.0,,,,,,,2023,TE,0.0,0.0,0.0,0.0,112.0,112.0,523.0,523.0,112.0,112.0,522.0,522.0,False,False
11384,1.0,,,,,,,,,,,,,,,,,,,,,,,,,,,,65.0,,,,,,,2023,RB,0.0,0.0,0.0,0.0,135.0,135.0,523.0,523.0,135.0,135.0,522.0,522.0,False,False
11511,,,,,,,,,,,,,,,,,,,,,,,,,,,,,,,,,,,,2023,TE,0.0,0.0,,,112.0,,523.0,,112.0,,522.0,,False,False
7530,1.0,,,,,,,,,,,,,,,,,,,,,,,,,,,,71.0,,,,,,,2023,WR,0.0,0.0,0.0,0.0,204.0,204.0,523.0,523.0,204.0,204.0,522.0,522.0,False,False
6909,15.0,,,,,,,,,5.0,32.0,,,5.0,,2.0,11.0,16.0,83.0,,26.0,57.0,1.0,,1.0,,,306.0,1026.0,,,,,,,2023,WR,22.5,22.5,1.5,1.5,152.0,163.0,367.0,409.0,152.0,163.0,363.0,404.0,False,False
8253,17.0,,,,,,,,,8.0,56.0,,,19.0,3.0,1.0,17.0,25.0,83.0,1.0,-1.0,84.0,,4.0,3.0,1.0,,243.0,1038.0,,,,,,,2023,WR,34.9,34.9,2.1,2.1,134.0,146.0,318.0,368.0,133.0,146.0,316.0,362.0,False,False
6421,8.0,,,,,,,,,,,,,,,,10.0,21.0,89.0,1.0,57.0,32.0,2.0,3.0,,,,255.0,525.0,,,,,,,2023,WR,24.9,24.9,3.1,3.1,150.0,125.0,357.0,310.0,150.0,125.0,353.0,307.0,False,False
3695,1.0,,,,,,,,,,,,,,,,,,,,,,,,,,,1.0,82.0,,,,,,,2023,TE,0.0,0.0,0.0,0.0,112.0,112.0,523.0,523.0,112.0,112.0,522.0,522.0,False,False
8861,12.0,,,,,,,,,,,,,,,,,1.0,,,,,,,,,,27.0,749.0,,,,,,,2023,WR,0.0,0.0,0.0,0.0,204.0,204.0,523.0,523.0,204.0,204.0,522.0,522.0,False,False
7703,2.0,,,,,,,,,,,,,,,,,,,,,,,,,,,14.0,139.0,,,,,,,2023,WR,0.0,0.0,0.0,0.0,204.0,204.0,523.0,523.0,204.0,204.0,522.0,522.0,False,False
4351,,,,,,,,,,,,,,,,,,,,,,,,,,,,,,,,,,,,2023,WR,0.0,0.0,,,204.0,,523.0,,204.0,,522.0,,False,False
11276,,,,,,,,,,,,,,,,,,,,,,,,,,,,,,,,,,,,2023,WR,0.0,0.0,,,204.0,,523.0,,204.0,,522.0,,False,False
11190,,,,,,,,,,,,,,,,,,,,,,,,,,,,,,,,,,,,2023,WR,0.0,0.0,,,204.0,,523.0,,204.0,,522.0,,False,False
2410,17.0,,,,,,,,,,,,,,,,16.0,20.0,159.0,1.0,78.0,81.0,1.0,1.0,2.0,1.0,,135.0,1058.0,,,,,,,2023,WR,35.9,35.9,2.1,2.1,129.0,146.0,312.0,368.0,129.0,146.0,311.0,362.0,False,False
9220,1.0,,,,,,,,,1.0,1.0,,,,,,1.0,1.0,6.0,,3.0,3.0,,,,,,8.0,72.0,,,,,,,2023,RB,1.7,1.7,1.7,1.7,130.0,102.0,506.0,395.0,130.0,102.0,501.0,391.0,False,False
6984,7.0,,,,,,,,,26.0,95.0,2.0,1.0,39.0,5.0,1.0,7.0,10.0,37.0,,-7.0,44.0,1.0,1.0,,,,132.0,446.0,,,,,,,2023,RB,32.2,32.2,4.6,4.6,83.0,69.0,328.0,252.0,83.0,69.0,327.0,250.0,False,False
3198,17.0,3.0,2.0,14.0,2.0,,,14.0,3.0,280.0,1167.0,12.0,21.0,464.0,36.0,27.0,28.0,36.0,214.0,,-61.0,275.0,1.0,2.0,,,,522.0,995.0,,,4.0,,,,2023,RB,254.7,258.4,15.0,15.2,8.0,16.0,35.0,59.0,8.0,15.0,29.0,50.0,True,True
6885,6.0,,,,,,,,,24.0,42.0,,4.0,24.0,1.0,4.0,2.0,5.0,2.0,,1.0,1.0,1.0,1.0,,,,60.0,381.0,,,,,,,2023,RB,6.4,6.4,1.1,1.1,114.0,112.0,454.0,433.0,114.0,112.0,452.0,430.0,False,False
11387,,,,,,,,,,,,,,,,,,,,,,,,,,,,,,,,,,,,2023,WR,0.0,0.0,,,204.0,,523.0,,204.0,,522.0,,False,False
8143,17.0,,,,,,,,,204.0,813.0,4.0,21.0,310.0,16.0,34.0,44.0,63.0,319.0,5.0,16.0,303.0,9.0,6.0,1.0,1.0,,610.0,1187.0,,,2.0,,,,2023,RB,213.2,213.2,12.5,12.5,16.0,27.0,67.0,100.0,16.0,27.0,66.0,96.0,True,True
6694,17.0,,,,,,,,,41.0,108.0,,1.0,30.0,5.0,6.0,10.0,12.0,140.0,,4.0,136.0,,,,,,179.0,1095.0,,,,,,,2023,RB,34.8,34.8,2.0,2.0,81.0,99.0,319.0,379.0,81.0,99.0,318.0,374.0,False,False
6847,13.0,,,,,,,,,4.0,15.0,,,3.0,1.0,,4.0,9.0,18.0,,1.0,17.0,1.0,1.0,,,,136.0,874.0,,,,,,,2023,WR,7.3,7.3,0.6,0.6,181.0,190.0,449.0,478.0,181.0,190.0,447.0,474.0,False,False
5257,3.0,77.0,48.0,360.0,1.0,4.0,9.0,170.0,5.0,4.0,5.0,,,3.0,1.0,1.0,,,,,,,,,2.0,,,122.0,693.0,,,,,,,2023,QB,10.9,5.7,3.6,1.9,63.0,58.0,427.0,284.0,64.0,61.0,458.0,380.0,False,False
2750,17.0,,,,,,,,,3.0,18.0,,,1.0,1.0,,4.0,7.0,39.0,,-11.0,50.0,1.0,1.0,2.0,,,98.0,980.0,,,,,,,2023,WR,9.7,9.7,0.6,0.6,175.0,190.0,435.0,478.0,175.0,190.0,433.0,474.0,False,False
9493,17.0,,,,,,,,,12.0,89.0,,2.0,27.0,3.0,,105.0,160.0,1486.0,6.0,854.0,632.0,12.0,16.0,1.0,,,971.0,1081.0,,,,,7.0,,2023,WR,312.5,312.5,18.4,18.4,4.0,6.0,10.0,17.0,4.0,6.0,8.0,13.0,True,True
10226,16.0,,,,,,,,,,,,,,,,15.0,25.0,116.0,4.0,81.0,35.0,,5.0,,,,207.0,963.0,,,,,,,2023,WR,50.6,50.6,3.2,3.2,112.0,122.0,264.0,304.0,112.0,122.0,262.0,301.0,False,False
3312,1.0,,,,,,,,,1.0,-2.0,,,,,1.0,,1.0,,,,,,,,,,13.0,60.0,,,,,,,2023,RB,-0.2,-0.2,-0.2,-0.2,190.0,154.0,812.0,612.0,190.0,154.0,811.0,611.0,False,False
6996,5.0,,,,,,,,,,,,,,,,,2.0,,,,,,,,,,6.0,336.0,,,,,,,2023,RB,0.0,0.0,0.0,0.0,135.0,135.0,523.0,523.0,135.0,135.0,522.0,522.0,False,False
7191,,,,,,,,,,,,,,,,,,,,,,,,,,,,,,,,,,,,2023,WR,0.0,0.0,,,204.0,,523.0,,204.0,,522.0,,False,False
2673,1.0,,,,,,,,,,,,,,,,,2.0,,,,,,,,,,19.0,69.0,,,,,,,2023,WR,0.0,0.0,0.0,0.0,204.0,204.0,523.0,523.0,204.0,204.0,522.0,522.0,False,False
4981,17.0,,,,,,,,,9.0,23.0,,,,1.0,3.0,76.0,136.0,1016.0,8.0,822.0,194.0,6.0,26.0,1.0,,,933.0,1095.0,,,,,4.0,,2023,WR,235.9,235.9,13.9,13.9,18.0,25.0,47.0,74.0,18.0,25.0,42.0,69.0,True,True
4171,17.0,,,,,,,,,,,,,,,,40.0,64.0,608.0,5.0,436.0,172.0,4.0,10.0,1.0,1.0,,782.0,1121.0,,,,,,,2023,WR,128.8,128.8,7.6,7.6,55.0,69.0,135.0,184.0,55.0,69.0,133.0,177.0,False,False
6926,15.0,,,,,,,,,,,,,,,,5.0,7.0,78.0,,46.0,32.0,,1.0,,,,78.0,950.0,,,,,,,2023,TE,12.8,12.8,0.9,0.9,83.0,84.0,416.0,454.0,83.0,84.0,415.0,451.0,False,False
7946,17.0,,,,,,,,,,,,,,,,5.0,8.0,38.0,,13.0,25.0,1.0,2.0,,,,400.0,1082.0,,,,,,,2023,TE,8.8,8.8,0.5,0.5,89.0,97.0,439.0,484.0,89.0,97.0,436.0,480.0,False,False
7729,1.0,,,,,,,,,,,,,,,,,,,,,,,,,,,,59.0,,,,,,,2023,WR,0.0,0.0,0.0,0.0,204.0,204.0,523.0,523.0,204.0,204.0,522.0,522.0,False,False
7439,,,,,,,,,,,,,,,,,,,,,,,,,,,,,,,,,,,,2023,TE,0.0,0.0,,,112.0,,523.0,,112.0,,522.0,,False,False
10224,7.0,,,,,,,,,,,,,,,,,,,,,,,,,,,23.0,445.0,,,,,,,2023,TE,0.0,0.0,0.0,0.0,112.0,112.0,523.0,523.0,112.0,112.0,522.0,522.0,False,False
8160,12.0,324.0,201.0,2070.0,6.0,4.0,23.0,1020.0,32.0,42.0,54.0,1.0,,9.0,4.0,2.0,,,,,,,,,2.0,,,670.0,812.0,,,,,,,2023,QB,110.2,80.8,9.2,6.7,30.0,45.0,159.0,153.0,34.0,49.0,196.0,198.0,False,False
9479,17.0,,,,,,,,,,,,,,,,7.0,10.0,61.0,,11.0,50.0,,1.0,,,,511.0,1071.0,,,,,,,2023,TE,13.1,13.1,0.8,0.8,81.0,87.0,413.0,458.0,81.0,87.0,412.0,455.0,False,False
5859,17.0,,,,,,,,,,,,,,,,106.0,158.0,1456.0,7.0,984.0,472.0,7.0,15.0,2.0,2.0,,1007.0,1082.0,,,,,7.0,,2023,WR,303.6,303.6,17.9,17.9,5.0,7.0,12.0,24.0,5.0,7.0,10.0,17.0,True,True
4034,16.0,,,,,,,,,272.0,1459.0,14.0,13.0,573.0,63.0,25.0,67.0,83.0,564.0,7.0,103.0,461.0,,16.0,3.0,2.0,,812.0,1005.0,,,7.0,,,,2023,RB,405.3,405.3,25.3,25.3,1.0,1.0,2.0,1.0,1.0,1.0,2.0,1.0,True,True
6699,12.0,,,,,,,,,,,,,,,,1.0,1.0,,,-1.0,1.0,,,4.0,2.0,1.0,12.0,677.0,,,,,,,2023,WR,3.0,3.0,0.2,0.2,193.0,200.0,490.0,507.0,193.0,200.0,485.0,503.0,False,False
5937,13.0,,,,,,,,,,,,,,,,51.0,87.0,717.0,5.0,460.0,257.0,2.0,10.0,1.0,,,590.0,830.0,,,,,,,2023,WR,152.7,152.7,11.7,11.7,47.0,41.0,115.0,111.0,47.0,41.0,111.0,108.0,False,False
4455,17.0,,,,,,,,,55.0,151.0,1.0,1.0,62.0,8.0,4.0,17.0,21.0,88.0,,1.0,87.0,2.0,,1.0,,,283.0,1037.0,,,,,,,2023,RB,46.9,46.9,2.8,2.8,65.0,83.0,274.0,325.0,65.0,83.0,272.0,321.0,False,False
7591,13.0,370.0,227.0,2562.0,16.0,9.0,44.0,1338.0,47.0,124.0,657.0,4.0,9.0,197.0,22.0,13.0,,,,,,,,,10.0,4.0,,782.0,813.0,1.0,,1.0,,,,2023,QB,234.2,214.9,18.0,16.5,18.0,11.0,49.0,21.0,18.0,11.0,65.0,32.0,False,True
5134,13.0,,,,,,,,,,,,,,,,5.0,9.0,37.0,1.0,36.0,1.0,1.0,3.0,,,,236.0,895.0,,,,,,,2023,WR,14.7,14.7,1.1,1.1,165.0,176.0,401.0,433.0,165.0,176.0,399.0,430.0,False,False
2309,15.0,,,,,,,,,,,,,,,,72.0,128.0,1250.0,5.0,979.0,271.0,7.0,13.0,2.0,1.0,,883.0,1127.0,,,,,4.0,1.0,2023,WR,237.0,237.0,15.8,15.8,17.0,17.0,46.0,49.0,17.0,17.0,41.0,42.0,True,True
7771,4.0,,,,,,,,,2.0,10.0,,,,,,1.0,1.0,12.0,,,12.0,,,,,,13.0,277.0,,,,,,,2023,RB,3.2,3.2,0.8,0.8,121.0,121.0,483.0,458.0,121.0,121.0,479.0,455.0,False,False
4866,14.0,,,,,,,,,247.0,962.0,6.0,12.0,416.0,37.0,38.0,41.0,60.0,280.0,4.0,54.0,226.0,5.0,5.0,2.0,2.0,,670.0,840.0,,,1.0,,,,2023,RB,223.2,223.2,15.9,15.9,13.0,11.0,58.0,48.0,13.0,11.0,53.0,41.0,True,True
4068,3.0,,,,,,,,,1.0,3.0,,,1.0,,,19.0,26.0,249.0,1.0,141.0,108.0,,2.0,,,,167.0,215.0,,,,,1.0,,2023,WR,52.2,52.2,17.4,17.4,110.0,10.0,260.0,28.0,110.0,10.0,257.0,22.0,False,False
8170,15.0,,,,,,,,,,,,,,,,2.0,2.0,28.0,,16.0,12.0,,,,,,111.0,991.0,,,,,,,2023,TE,4.8,4.8,0.3,0.3,98.0,102.0,468.0,499.0,98.0,102.0,465.0,495.0,False,False
1833,3.0,,,,,,,,,11.0,43.0,,1.0,15.0,,2.0,2.0,2.0,12.0,,1.0,11.0,,,,,,28.0,219.0,,,,,,,2023,RB,7.5,7.5,2.5,2.5,112.0,90.0,448.0,343.0,112.0,90.0,446.0,339.0,False,False
6662,3.0,,,,,,,,,,,,,,,,,,,,,,,,,,,48.0,182.0,,,,,,,2023,TE,0.0,0.0,0.0,0.0,112.0,112.0,523.0,523.0,112.0,112.0,522.0,522.0,False,False
5967,17.0,,,,,,,,,252.0,1005.0,6.0,18.0,427.0,60.0,28.0,55.0,67.0,311.0,,-8.0,319.0,6.0,12.0,3.0,1.0,,795.0,1112.0,,,1.0,,,,2023,RB,222.6,222.6,13.1,13.1,14.0,23.0,59.0,90.0,14.0,23.0,54.0,85.0,True,True
8076,1.0,,,,,,,,,,,,,,,,,,,,,,,,,,,2.0,69.0,,,,,,,2023,WR,0.0,0.0,0.0,0.0,204.0,204.0,523.0,523.0,204.0,204.0,522.0,522.0,False,False
10217,7.0,21.0,12.0,62.0,,2.0,7.0,19.0,,8.0,30.0,1.0,,1.0,1.0,,,,,,,,,,2.0,1.0,,58.0,1063.0,,,,,,,2023,QB,5.5,4.2,0.8,0.6,66.0,69.0,461.0,458.0,65.0,67.0,470.0,474.0,False,False
10213,16.0,,,,,,,,,10.0,77.0,,1.0,13.0,1.0,2.0,19.0,34.0,331.0,2.0,303.0,28.0,1.0,3.0,,,,292.0,921.0,,,,,,,2023,WR,71.8,71.8,4.5,4.5,88.0,95.0,217.0,256.0,88.0,95.0,215.0,254.0,False,False
5916,4.0,,,,,,,,,46.0,112.0,2.0,1.0,67.0,5.0,8.0,10.0,14.0,103.0,,-31.0,134.0,2.0,3.0,,,,126.0,255.0,,,,,,,2023,RB,43.5,43.5,10.9,10.9,69.0,34.0,282.0,122.0,69.0,34.0,280.0,117.0,False,False
6069,3.0,,,,,,,,,,,,,,,,,,,,,,,,,,,4.0,134.0,,,,,,,2023,WR,0.0,0.0,0.0,0.0,204.0,204.0,523.0,523.0,204.0,204.0,522.0,522.0,False,False
8130,17.0,,,,,,,,,,,,,,,,81.0,106.0,825.0,3.0,386.0,439.0,2.0,11.0,1.0,,,718.0,1063.0,,,,,2.0,,2023,TE,185.5,185.5,10.9,10.9,7.0,8.0,88.0,122.0,7.0,8.0,86.0,117.0,True,True
7536,15.0,,,,,,,,,,,,,,,,2.0,3.0,26.0,1.0,21.0,5.0,1.0,2.0,,,,183.0,946.0,,,,,,,2023,TE,10.6,10.6,0.7,0.7,87.0,92.0,429.0,471.0,87.0,92.0,426.0,467.0,False,False
8142,17.0,,,,,,,,,,,,,,,,32.0,65.0,514.0,2.0,417.0,97.0,3.0,6.0,,,,1090.0,1148.0,,,,,1.0,,2023,WR,97.4,97.4,5.7,5.7,70.0,79.0,177.0,219.0,70.0,79.0,173.0,217.0,False,False
11298,,,,,,,,,,,,,,,,,,,,,,,,,,,,,,,,,,,,2023,TE,0.0,0.0,,,112.0,,523.0,,112.0,,522.0,,False,False
7045,17.0,,,,,,,,,107.0,405.0,2.0,6.0,180.0,14.0,10.0,8.0,12.0,32.0,,-7.0,39.0,3.0,1.0,1.0,1.0,,374.0,1075.0,,,,,,,2023,RB,61.7,61.7,3.6,3.6,60.0,76.0,236.0,284.0,60.0,76.0,231.0,281.0,False,False
6964,9.0,,,,,,,,,,,,,,,,,2.0,,,,,1.0,1.0,,,,100.0,616.0,,,,,,,2023,TE,0.0,0.0,0.0,0.0,112.0,112.0,523.0,523.0,112.0,112.0,522.0,522.0,False,False
3214,14.0,,,,,,,,,,,,,,,,42.0,61.0,419.0,6.0,341.0,78.0,3.0,6.0,1.0,,,664.0,883.0,,,,,,,2023,TE,119.9,119.9,8.6,8.6,19.0,16.0,144.0,167.0,19.0,16.0,142.0,157.0,False,False
3976,5.0,107.0,67.0,632.0,4.0,5.0,7.0,358.0,4.0,16.0,54.0,2.0,1.0,10.0,4.0,1.0,,,,,,,,,1.0,1.0,,201.0,1009.0,,,,,,,2023,QB,46.7,42.0,9.3,8.4,46.0,44.0,275.0,152.0,46.0,38.0,287.0,159.0,False,False
7523,16.0,564.0,370.0,4016.0,21.0,14.0,35.0,2230.0,56.0,70.0,339.0,4.0,5.0,53.0,14.0,4.0,,,,,,,,,12.0,7.0,,976.0,1032.0,2.0,,,,,,2023,QB,264.5,226.2,16.5,14.1,12.0,19.0,31.0,40.0,14.0,22.0,50.0,66.0,False,True
8164,,,,,,,,,,,,,,,,,,,,,,,,,,,,,154.0,,,,,,,2023,QB,0.0,0.0,,,75.0,,523.0,,74.0,,522.0,,False,False
4066,17.0,,,,,,,,,,,,,,,,114.0,143.0,963.0,4.0,441.0,522.0,6.0,9.0,3.0,2.0,,854.0,1095.0,,,,,,,2023,TE,230.3,230.3,13.5,13.5,2.0,4.0,53.0,79.0,2.0,4.0,46.0,74.0,True,True
3048,16.0,,,,,,,,,,,,,,,,2.0,4.0,16.0,,6.0,10.0,,1.0,,,,367.0,1011.0,,,,,,,2023,TE,3.6,3.6,0.2,0.2,101.0,104.0,479.0,507.0,101.0,104.0,476.0,503.0,False,False
3164,17.0,,,,,,,,,184.0,642.0,3.0,5.0,256.0,21.0,17.0,51.0,65.0,313.0,2.0,-61.0,374.0,2.0,4.0,2.0,1.0,,486.0,994.0,,,,,,,2023,RB,174.5,174.5,10.3,10.3,30.0,37.0,97.0,133.0,31.0,37.0,95.0,126.0,True,True
5903,,,,,,,,,,,,,,,,,,,,,,,,,,,,,135.0,,,,,,,2023,QB,0.0,0.0,,,75.0,,523.0,,74.0,,522.0,,False,False
6886,12.0,,,,,,,,,,,,,,,,8.0,21.0,77.0,1.0,52.0,25.0,1.0,1.0,,,,191.0,695.0,,,,,,,2023,WR,21.7,21.7,1.8,1.8,154.0,158.0,370.0,391.0,154.0,158.0,367.0,387.0,False,False
6945,16.0,,,,,,,,,65.0,265.0,1.0,5.0,134.0,8.0,2.0,48.0,59.0,389.0,2.0,12.0,377.0,2.0,5.0,4.0,2.0,,448.0,977.0,,,,,,,2023,RB,127.4,127.4,8.0,8.0,39.0,44.0,136.0,173.0,39.0,44.0,135.0,164.0,False,False
8227,7.0,,,,,,,,,,,,,,,,2.0,3.0,33.0,,15.0,18.0,,,,,,158.0,467.0,,,,,,,2023,TE,5.3,5.3,0.8,0.8,97.0,87.0,464.0,458.0,97.0,87.0,462.0,455.0,False,False
8171,9.0,,,,,,,,,,,,,,,,15.0,22.0,181.0,,102.0,79.0,1.0,1.0,1.0,1.0,,128.0,484.0,,,,,,,2023,WR,31.1,31.1,3.5,3.5,139.0,114.0,330.0,292.0,139.0,114.0,330.0,288.0,False,False
8220,,,,,,,,,,,,,,,,,,,,,,,,,,,,,,,,,,,,2023,RB,0.0,0.0,,,135.0,,523.0,,135.0,,522.0,,False,False
8676,15.0,,,,,,,,,7.0,37.0,,1.0,7.0,,,46.0,75.0,719.0,5.0,568.0,151.0,2.0,7.0,1.0,1.0,1.0,559.0,1024.0,,,,,1.0,,2023,WR,157.6,157.6,10.5,10.5,44.0,48.0,109.0,130.0,44.0,48.0,107.0,124.0,False,False
6271,17.0,,,,,,,,,,,,,,,,10.0,20.0,164.0,2.0,121.0,43.0,,3.0,,,,418.0,1082.0,,,,,,,2023,WR,38.4,38.4,2.3,2.3,126.0,141.0,304.0,356.0,126.0,141.0,303.0,351.0,False,False
6920,17.0,,,,,,,,,,,,,,,,21.0,33.0,230.0,3.0,155.0,75.0,,5.0,1.0,1.0,,458.0,1037.0,,,,,,,2023,WR,60.0,60.0,3.5,3.5,100.0,114.0,244.0,292.0,100.0,114.0,239.0,288.0,False,False
10225,15.0,,,,,,,,,,,,,,,,43.0,85.0,418.0,,263.0,155.0,4.0,3.0,1.0,,,910.0,1027.0,,,,,,,2023,WR,84.8,84.8,5.7,5.7,80.0,79.0,193.0,219.0,80.0,79.0,191.0,217.0,False,False
8428,,,,,,,,,,,,,,,,,,,,,,,,,,,,,,,,,,,,2023,RB,0.0,0.0,,,135.0,,523.0,,135.0,,522.0,,False,False
10219,13.0,,,,,,,,,51.0,247.0,2.0,5.0,122.0,7.0,3.0,2.0,2.0,12.0,,-7.0,19.0,,,1.0,1.0,,97.0,864.0,,,,,,,2023,RB,37.9,37.9,2.9,2.9,79.0,82.0,305.0,322.0,79.0,82.0,304.0,318.0,False,False
4985,3.0,,,,,,,,,11.0,33.0,,,2.0,,1.0,1.0,1.0,5.0,,-1.0,6.0,,,,,,11.0,268.0,,,,,,,2023,RB,4.8,4.8,1.6,1.6,116.0,105.0,468.0,403.0,116.0,105.0,465.0,399.0,False,False
5917,11.0,,,,,,,,,1.0,3.0,,,,,,15.0,24.0,124.0,,16.0,108.0,1.0,2.0,1.0,1.0,,95.0,610.0,,,,,,,2023,WR,25.7,25.7,2.3,2.3,148.0,141.0,351.0,356.0,148.0,141.0,349.0,351.0,False,False
4983,17.0,,,,,,,,,4.0,21.0,1.0,,,1.0,,96.0,136.0,1364.0,8.0,824.0,540.0,4.0,11.0,1.0,1.0,,986.0,1090.0,,,,,4.0,1.0,2023,WR,298.5,298.5,17.6,17.6,6.0,9.0,13.0,26.0,6.0,9.0,12.0,19.0,True,True
5022,14.0,,,,,,,,,1.0,1.0,,,1.0,1.0,,59.0,83.0,592.0,3.0,273.0,319.0,2.0,10.0,,,,786.0,888.0,,,,,1.0,,2023,TE,138.3,138.3,9.9,9.9,13.0,12.0,127.0,139.0,13.0,12.0,123.0,133.0,False,True
616,13.0,,,,,,,,,,,,,,,,6.0,7.0,39.0,4.0,36.0,3.0,1.0,5.0,,,,164.0,823.0,,,,,,,2023,TE,33.9,33.9,2.6,2.6,59.0,57.0,321.0,336.0,59.0,57.0,320.0,333.0,False,False
7436,6.0,,,,,,,,,,,,,,,,1.0,1.0,6.0,,-1.0,7.0,,,,,,13.0,298.0,,,,,,,2023,WR,1.6,1.6,0.3,0.3,199.0,196.0,507.0,499.0,199.0,196.0,502.0,495.0,False,False
1689,17.0,,,,,,,,,1.0,6.0,,,4.0,1.0,,103.0,137.0,1014.0,4.0,669.0,345.0,6.0,14.0,2.0,,,998.0,1099.0,,,,,3.0,,2023,WR,235.0,235.0,13.8,13.8,19.0,26.0,48.0,76.0,19.0,26.0,43.0,70.0,True,True
11082,17.0,,,,,,,,,,,,,,,,4.0,6.0,21.0,1.0,3.0,18.0,,2.0,,,,177.0,1036.0,,,,,,,2023,TE,12.1,12.1,0.7,0.7,84.0,92.0,418.0,471.0,84.0,92.0,417.0,467.0,False,False
8755,,,,,,,,,,,,,,,,,,,,,,,,,,,,,61.0,,,,,,,2023,WR,0.0,0.0,,,204.0,,523.0,,204.0,,522.0,,False,False
6955,1.0,,,,,,,,,1.0,2.0,,,2.0,,,1.0,1.0,-2.0,,-3.0,1.0,,,,,,4.0,120.0,,,,,,,2023,RB,1.0,1.0,1.0,1.0,134.0,114.0,519.0,441.0,134.0,114.0,515.0,439.0,False,False
5102,,,,,,,,,,,,,,,,,,,,,,,,,,,,,,,,,,,,2023,WR,0.0,0.0,,,204.0,,523.0,,204.0,,522.0,,False,False
4602,17.0,,,,,,,,,,,,,,,,11.0,17.0,112.0,,55.0,57.0,2.0,2.0,,,,307.0,1090.0,,,,,,,2023,TE,22.2,22.2,1.3,1.3,73.0,78.0,368.0,421.0,73.0,78.0,365.0,418.0,False,False
4189,10.0,,,,,,,,,,,,,,,,3.0,3.0,12.0,,6.0,6.0,,,,,,117.0,665.0,,,,,,,2023,TE,4.2,4.2,0.4,0.4,100.0,99.0,474.0,492.0,100.0,99.0,470.0,488.0,False,False
5695,17.0,,,,,,,,,5.0,17.0,,,3.0,,1.0,29.0,44.0,324.0,1.0,220.0,104.0,1.0,6.0,1.0,1.0,,398.0,1048.0,,,,,,,2023,WR,67.1,67.1,3.9,3.9,92.0,103.0,228.0,272.0,92.0,103.0,223.0,270.0,False,False
5133,17.0,,,,,,,,,1.0,,,,,,,61.0,87.0,621.0,,376.0,245.0,2.0,9.0,,,,722.0,1036.0,,,,,,,2023,TE,123.1,123.1,7.2,7.2,18.0,23.0,141.0,193.0,18.0,23.0,139.0,188.0,False,False
11140,,,,,,,,,,,,,,,,,,,,,,,,,,,,,,,,,,,,2023,TE,0.0,0.0,,,112.0,,523.0,,112.0,,522.0,,False,False
8221,8.0,,,,,,,,,35.0,74.0,,3.0,27.0,2.0,11.0,4.0,4.0,26.0,,-5.0,31.0,,,,,,119.0,639.0,,,,,,,2023,RB,14.0,14.0,1.8,1.8,102.0,101.0,406.0,391.0,102.0,101.0,405.0,387.0,False,False
8917,16.0,,,,,,,,,11.0,110.0,1.0,1.0,23.0,2.0,,12.0,18.0,127.0,3.0,88.0,39.0,3.0,6.0,1.0,,,130.0,1034.0,,,,,,,2023,WR,59.7,59.7,3.7,3.7,101.0,107.0,245.0,280.0,101.0,107.0,240.0,277.0,False,False
2374,17.0,,,,,,,,,,,,,,,,79.0,122.0,894.0,5.0,674.0,220.0,5.0,12.0,,,,795.0,996.0,,,,,,,2023,WR,198.4,198.4,11.7,11.7,34.0,41.0,82.0,111.0,34.0,41.0,82.0,108.0,False,True
6957,10.0,,,,,,,,,,,,,,,,,5.0,,,,,,,1.0,1.0,,9.0,657.0,,,,,,,2023,WR,-2.0,-2.0,-0.2,-0.2,332.0,242.0,818.0,612.0,332.0,242.0,818.0,611.0,False,False
3357,,,,,,,,,,,,,,,,,,,,,,,,,,,,,,,,,,,,2023,QB,0.0,0.0,,,75.0,,523.0,,74.0,,522.0,,False,False
10229,16.0,,,,,,,,,1.0,-3.0,,,,,1.0,79.0,102.0,938.0,7.0,285.0,653.0,8.0,22.0,2.0,1.0,,622.0,1072.0,,,,,2.0,,2023,WR,216.5,216.5,13.5,13.5,28.0,29.0,66.0,79.0,28.0,29.0,64.0,74.0,True,True
6956,,,,,,,,,,,,,,,,,,,,,,,,,,,,,,,,,,,,2023,TE,0.0,0.0,,,112.0,,523.0,,112.0,,522.0,,False,False
9226,11.0,,,,,,1.0,,,103.0,800.0,8.0,10.0,298.0,19.0,10.0,27.0,37.0,197.0,3.0,-65.0,262.0,,6.0,1.0,1.0,,267.0,653.0,,,3.0,1.0,,,2023,RB,200.7,200.7,18.2,18.2,21.0,3.0,79.0,18.0,21.0,3.0,78.0,15.0,True,True
9494,16.0,,,,,,,,,9.0,30.0,,1.0,20.0,1.0,2.0,22.0,33.0,377.0,1.0,223.0,154.0,1.0,1.0,2.0,2.0,1.0,358.0,942.0,,,,,1.0,,2023,WR,72.7,72.7,4.5,4.5,86.0,95.0,214.0,256.0,86.0,95.0,210.0,254.0,False,False
4973,9.0,,,,,,,,,,,,,,,,18.0,32.0,184.0,1.0,117.0,67.0,2.0,3.0,,,,336.0,628.0,,,,,,,2023,TE,42.4,42.4,4.7,4.7,50.0,34.0,287.0,248.0,50.0,34.0,285.0,246.0,False,False
6878,3.0,,,,,,,,,,,,,,,,2.0,2.0,11.0,,4.0,7.0,,2.0,,,,6.0,186.0,,,,,,,2023,RB,3.1,3.1,1.0,1.0,122.0,114.0,485.0,441.0,122.0,114.0,481.0,439.0,False,False
4993,17.0,,,,,,,,,,,,,,,,29.0,45.0,244.0,2.0,148.0,96.0,,6.0,,,,489.0,994.0,,,,,,,2023,TE,65.4,65.4,3.8,3.8,37.0,40.0,230.0,277.0,37.0,40.0,224.0,274.0,False,False
5248,17.0,,,,,,,,,198.0,810.0,13.0,11.0,292.0,39.0,13.0,12.0,13.0,180.0,,35.0,145.0,,,3.0,2.0,,470.0,1126.0,,,,,,,2023,RB,185.0,185.0,10.9,10.9,27.0,34.0,90.0,122.0,27.0,34.0,88.0,117.0,True,True
2755,,,,,,,,,,,,,,,,,,,,,,,,,,,,,,,,,,,,2023,TE,0.0,0.0,,,112.0,,523.0,,112.0,,522.0,,False,False
5955,17.0,,,,,,,,,,,,,,,,25.0,37.0,255.0,,103.0,152.0,1.0,3.0,1.0,1.0,,358.0,980.0,,,,,,,2023,WR,48.5,48.5,2.9,2.9,114.0,128.0,268.0,322.0,114.0,128.0,266.0,318.0,False,False
5323,7.0,,,,,,,,,,,,,,,,5.0,6.0,62.0,,55.0,7.0,,,,,,189.0,427.0,,,,,,,2023,WR,11.2,11.2,1.6,1.6,171.0,162.0,425.0,403.0,171.0,162.0,422.0,399.0,False,False
6108,,,,,,,,,,,,,,,,,,,,,,,,,,,,,,,,,,,,2023,RB,0.0,0.0,,,135.0,,523.0,,135.0,,522.0,,False,False
6869,17.0,,,,,,,,,,,,,,,,22.0,35.0,204.0,3.0,106.0,98.0,,13.0,,,,724.0,1011.0,,,,,,,2023,TE,60.4,60.4,3.6,3.6,39.0,42.0,241.0,284.0,39.0,42.0,236.0,281.0,False,False
6234,16.0,,,,,,,,,4.0,,,1.0,2.0,1.0,2.0,15.0,21.0,150.0,1.0,71.0,79.0,1.0,2.0,2.0,1.0,1.0,141.0,991.0,,,,,,,2023,WR,40.0,40.0,2.5,2.5,122.0,135.0,295.0,343.0,122.0,135.0,295.0,339.0,False,False
9509,17.0,,,,,,,,,214.0,976.0,4.0,14.0,393.0,23.0,22.0,58.0,86.0,487.0,4.0,-32.0,519.0,6.0,10.0,4.0,3.0,,726.0,1069.0,,,2.0,,1.0,,2023,RB,252.3,252.3,14.8,14.8,9.0,17.0,36.0,64.0,9.0,17.0,30.0,55.0,True,True
7525,16.0,,,,,,,,,,,,,,,,81.0,112.0,1066.0,7.0,772.0,294.0,5.0,6.0,1.0,1.0,,1043.0,1082.0,,,,,2.0,,2023,WR,231.6,231.6,14.5,14.5,20.0,22.0,50.0,68.0,20.0,22.0,44.0,61.0,True,True
11292,9.0,178.0,114.0,1101.0,8.0,3.0,37.0,518.0,15.0,36.0,195.0,1.0,1.0,26.0,3.0,4.0,,,,,,,,,2.0,1.0,,402.0,702.0,,,,,,,2023,QB,93.5,87.5,10.4,9.7,34.0,38.0,183.0,131.0,31.0,34.0,187.0,135.0,False,False
8002,,,,,,,,,,,,,,,,,,,,,,,,,,,,,,,,,,,,2023,QB,0.0,0.0,,,75.0,,523.0,,74.0,,522.0,,False,False
7540,3.0,,,,,,,,,,,,,,,,,2.0,,,,,1.0,,,,,25.0,208.0,,,,,,,2023,WR,0.0,0.0,0.0,0.0,204.0,204.0,523.0,523.0,204.0,204.0,522.0,522.0,False,False
8118,15.0,,,,,,,,,,,,,,,,14.0,23.0,167.0,3.0,96.0,71.0,1.0,2.0,,,,165.0,1036.0,,,,,,,2023,WR,48.7,48.7,3.2,3.2,113.0,122.0,267.0,304.0,113.0,122.0,265.0,301.0,False,False
3343,,,,,,,,,,,,,,,,,,,,,,,,,,,,,,,,,,,,2023,QB,0.0,0.0,,,75.0,,523.0,,74.0,,522.0,,False,False
8207,6.0,,,,,,,,,13.0,87.0,,,29.0,4.0,,6.0,9.0,34.0,,-17.0,51.0,1.0,3.0,,,,50.0,395.0,,,,,,,2023,RB,18.1,18.1,3.0,3.0,95.0,81.0,390.0,316.0,95.0,81.0,386.0,312.0,False,False
7039,,,,,,,,,,,,,,,,,,,,,,,,,,,,,,,,,,,,2023,WR,0.0,0.0,,,204.0,,523.0,,204.0,,522.0,,False,False
1992,17.0,,,,,,,,,,,,,,,,34.0,49.0,280.0,,212.0,68.0,,4.0,,,,771.0,1071.0,,,,,,,2023,WR,62.0,62.0,3.6,3.6,96.0,111.0,235.0,284.0,96.0,111.0,230.0,281.0,False,False
2028,17.0,548.0,375.0,3878.0,25.0,8.0,31.0,2182.0,68.0,32.0,40.0,,,4.0,6.0,1.0,,,,,,,,,7.0,3.0,,919.0,1091.0,6.0,,,,,,2023,QB,249.1,221.6,14.7,13.0,15.0,27.0,39.0,65.0,15.0,27.0,55.0,87.0,False,True
9512,,,,,,,,,,,,,,,,,,,,,,,,,,,,,,,,,,,,2023,RB,0.0,0.0,,,135.0,,523.0,,135.0,,522.0,,False,False
2749,15.0,,,,,,,,,209.0,1012.0,18.0,15.0,392.0,44.0,22.0,25.0,32.0,175.0,3.0,-38.0,213.0,1.0,6.0,4.0,1.0,,555.0,977.0,,,2.0,,,,2023,RB,271.7,271.7,18.1,18.1,5.0,4.0,26.0,19.0,5.0,4.0,21.0,16.0,True,True
8435,1.0,,,,,,,,,,,,,,,,1.0,1.0,2.0,,-1.0,3.0,,,,,,5.0,82.0,,,,,,,2023,WR,1.2,1.2,1.2,1.2,201.0,173.0,516.0,428.0,201.0,173.0,512.0,425.0,False,False
8112,16.0,1.0,1.0,22.0,,,,12.0,,,,,,,,,69.0,110.0,905.0,2.0,721.0,184.0,3.0,16.0,,,,814.0,1000.0,,,,,2.0,,2023,WR,176.4,175.9,11.0,11.0,36.0,45.0,95.0,120.0,36.0,45.0,92.0,115.0,False,False
4177,13.0,,,,,,,,,,,,,,,,18.0,30.0,251.0,,196.0,55.0,2.0,2.0,,,,332.0,816.0,,,,,,,2023,WR,43.1,43.1,3.3,3.3,119.0,119.0,284.0,298.0,119.0,119.0,282.0,295.0,False,False
5848,14.0,,,,,,,,,2.0,23.0,,,,,1.0,51.0,101.0,574.0,4.0,410.0,164.0,4.0,9.0,,,,784.0,926.0,,,,,,,2023,WR,134.7,134.7,9.6,9.6,52.0,52.0,131.0,146.0,52.0,52.0,128.0,138.0,False,False
11169,,,,,,,,,,,,,,,,,,,,,,,,,,,,,58.0,,,,,,,2023,QB,0.0,0.0,,,75.0,,523.0,,74.0,,522.0,,False,False
8246,,,,,,,,,,,,,,,,,,,,,,,,,,,,,,,,,,,,2023,RB,0.0,0.0,,,135.0,,523.0,,135.0,,522.0,,False,False
11371,15.0,,,,,,,,,,,,,,,,6.0,9.0,48.0,,18.0,30.0,,1.0,1.0,1.0,,326.0,916.0,,,,,,,2023,TE,8.8,8.8,0.6,0.6,89.0,95.0,439.0,478.0,89.0,95.0,436.0,474.0,False,False
8250,1.0,,,,,,,,,,,,,,,,,,,,,,,,,,,3.0,70.0,,,,,,,2023,WR,0.0,0.0,0.0,0.0,204.0,204.0,523.0,523.0,204.0,204.0,522.0,522.0,False,False
6598,16.0,,,,,,,,,,,,,,,,25.0,32.0,316.0,1.0,206.0,110.0,1.0,6.0,2.0,,,403.0,947.0,,,,,,,2023,WR,62.6,62.6,3.9,3.9,94.0,103.0,233.0,272.0,94.0,103.0,227.0,270.0,False,False
10857,,,,,,,,,,,,,,,,,,,,,,,,,,,,,,,,,,,,2023,QB,0.0,0.0,,,75.0,,523.0,,74.0,,522.0,,False,False
9229,4.0,84.0,50.0,577.0,3.0,1.0,7.0,280.0,5.0,25.0,136.0,4.0,,24.0,8.0,1.0,,,,,,,,,3.0,1.0,,173.0,259.0,,,,,,,2023,QB,68.7,63.1,17.2,15.8,40.0,15.0,225.0,31.0,37.0,15.0,226.0,42.0,False,False
6770,10.0,365.0,244.0,2309.0,15.0,6.0,24.0,1070.0,46.0,31.0,88.0,,,10.0,2.0,1.0,,,,,,,,,2.0,1.0,,602.0,640.0,3.0,,,,,,2023,QB,153.2,137.0,15.3,13.7,25.0,24.0,113.0,57.0,24.0,23.0,125.0,72.0,False,True
10227,13.0,,,,,,,,,,,,,,,,5.0,7.0,58.0,,46.0,12.0,2.0,1.0,,,,119.0,781.0,,,,,,,2023,TE,10.8,10.8,0.8,0.8,86.0,87.0,428.0,458.0,86.0,87.0,424.0,455.0,False,False
10214,15.0,,,,,,,,,,,,,,,,10.0,11.0,95.0,1.0,20.0,75.0,1.0,2.0,,,,142.0,1081.0,,,,,,,2023,TE,25.5,25.5,1.7,1.7,68.0,69.0,355.0,395.0,68.0,69.0,351.0,391.0,False,False
8153,9.0,,,,,,,,,37.0,96.0,,2.0,49.0,7.0,3.0,6.0,6.0,34.0,,-5.0,39.0,,1.0,,,,111.0,672.0,,,,,,,2023,RB,19.0,19.0,2.1,2.1,93.0,95.0,388.0,368.0,93.0,95.0,384.0,362.0,False,False
7308,,,,,,,,,,,,,,,,,,,,,,,,,,,,,,,,,,,,2023,TE,0.0,0.0,,,112.0,,523.0,,112.0,,522.0,,False,False
4179,13.0,417.0,262.0,2464.0,13.0,10.0,30.0,1452.0,48.0,77.0,421.0,6.0,5.0,141.0,11.0,6.0,,,,,,,,,14.0,7.0,,854.0,884.0,,,,,,,2023,QB,194.7,171.4,15.0,13.2,21.0,25.0,85.0,59.0,20.0,26.0,99.0,83.0,False,True
11216,,,,,,,,,,,,,,,,,,,,,,,,,,,,,,,,,,,,2023,QB,0.0,0.0,,,75.0,,523.0,,74.0,,522.0,,False,False
10866,11.0,343.0,213.0,2218.0,12.0,7.0,24.0,1164.0,45.0,17.0,11.0,1.0,,3.0,6.0,1.0,,,,,,,,,4.0,2.0,,578.0,675.0,,,,,,,2023,QB,125.8,105.5,11.4,9.6,28.0,35.0,139.0,116.0,28.0,35.0,164.0,138.0,False,False
6037,2.0,38.0,18.0,172.0,,1.0,2.0,88.0,,3.0,19.0,,,,,,,,,,,,,,2.0,1.0,,78.0,818.0,,,,,,,2023,QB,4.8,1.3,2.4,0.7,68.0,64.0,468.0,350.0,69.0,66.0,507.0,467.0,False,False
9503,,,,,,,,,,,,,,,,,,,,,,,,,,,,,,,,,,,,2023,WR,0.0,0.0,,,204.0,,523.0,,204.0,,522.0,,False,False
11201,2.0,,,,,,,,,,,,,,,,,,,,,,,,,,,2.0,122.0,,,,,,,2023,TE,0.0,0.0,0.0,0.0,112.0,112.0,523.0,523.0,112.0,112.0,522.0,522.0,False,False
11299,,,,,,,,,,,,,,,,,,,,,,,,,,,,,,,,,,,,2023,RB,0.0,0.0,,,135.0,,523.0,,135.0,,522.0,,False,False
9221,15.0,,,,,,,,,182.0,945.0,10.0,20.0,419.0,37.0,17.0,52.0,71.0,316.0,1.0,2.0,314.0,8.0,7.0,2.0,1.0,,567.0,991.0,,,2.0,,,,2023,RB,246.1,246.1,16.4,16.4,10.0,8.0,41.0,43.0,10.0,8.0,37.0,35.0,True,True
11380,,,,,,,,,,,,,,,,,,,,,,,,,,,,,,,,,,,,2023,TE,0.0,0.0,,,112.0,,523.0,,112.0,,522.0,,False,False
3163,17.0,605.0,407.0,4575.0,30.0,12.0,30.0,2430.0,73.0,32.0,21.0,2.0,,8.0,10.0,,,,,,,,,,6.0,4.0,,1118.0,1121.0,5.0,,,,,,2023,QB,295.1,263.6,17.4,15.5,7.0,14.0,14.0,28.0,7.0,16.0,26.0,48.0,True,True
4039,12.0,,,,,,,,,1.0,-3.0,,,,1.0,1.0,59.0,95.0,737.0,5.0,415.0,322.0,4.0,18.0,,,,710.0,783.0,,,,,4.0,,2023,WR,170.4,170.4,14.2,14.2,40.0,24.0,103.0,70.0,40.0,24.0,101.0,64.0,False,False
6223,8.0,,,,,,,,,,,,,,,,,1.0,,,,,,,,,,21.0,538.0,,,,,,,2023,WR,0.0,0.0,0.0,0.0,204.0,204.0,523.0,523.0,204.0,204.0,522.0,522.0,False,False
7568,14.0,,,,,,,,,,,,,,,,17.0,21.0,219.0,2.0,95.0,124.0,1.0,2.0,,,,283.0,929.0,,,,,,,2023,TE,50.9,50.9,3.6,3.6,44.0,42.0,263.0,284.0,44.0,42.0,261.0,281.0,False,False
5985,15.0,,,,,,,,,,,,,,,,21.0,25.0,193.0,1.0,97.0,96.0,1.0,4.0,,,,509.0,965.0,,,,,,,2023,TE,46.3,46.3,3.1,3.1,49.0,48.0,277.0,310.0,49.0,48.0,274.0,307.0,False,False
7989,10.0,,,,,,,,,,,,,,,,,,,,,,,,,,,10.0,537.0,,,,,,,2023,WR,0.0,0.0,0.0,0.0,204.0,204.0,523.0,523.0,204.0,204.0,522.0,522.0,False,False
4622,,,,,,,,,,,,,,,,,,,,,,,,,,,,,,,,,,,,2023,WR,0.0,0.0,,,204.0,,523.0,,204.0,,522.0,,False,False
10234,17.0,,,,,,,,,14.0,101.0,,1.0,17.0,1.0,3.0,15.0,17.0,66.0,,-45.0,111.0,,1.0,3.0,1.0,1.0,130.0,1075.0,,,,,,,2023,WR,35.7,35.7,2.1,2.1,131.0,146.0,314.0,368.0,131.0,146.0,313.0,362.0,False,False
7531,,,,,,,,,,,,,,,,,,,,,,,,,,,,,,,,,,,,2023,TE,0.0,0.0,,,112.0,,523.0,,112.0,,522.0,,False,False
11204,,,,,,,,,,,,,,,,,,,,,,,,,,,,,,,,,,,,2023,WR,0.0,0.0,,,204.0,,523.0,,204.0,,522.0,,False,False
7237,,,,,,,,,,,,,,,,,,,,,,,,,,,,,,,,,,,,2023,WR,0.0,0.0,,,204.0,,523.0,,204.0,,522.0,,False,False
8247,,,,,,,,,,,,,,,,,,,,,,,,,,,,,,,,,,,,2023,TE,0.0,0.0,,,112.0,,523.0,,112.0,,522.0,,False,False
7541,,,,,,,,,,,,,,,,,,,,,,,,,,,,,,,,,,,,2023,WR,0.0,0.0,,,204.0,,523.0,,204.0,,522.0,,False,False
8148,12.0,,,,,,,,,3.0,29.0,1.0,,4.0,1.0,,24.0,42.0,354.0,2.0,249.0,105.0,4.0,2.0,1.0,,,444.0,840.0,,,,,,,2023,WR,80.3,80.3,6.7,6.7,82.0,74.0,199.0,203.0,82.0,74.0,197.0,198.0,False,False
10444,14.0,,,,,,,,,1.0,8.0,,,,,,21.0,44.0,224.0,,136.0,88.0,,7.0,,,,575.0,958.0,,,,,,,2023,WR,44.2,44.2,3.2,3.2,118.0,122.0,281.0,304.0,118.0,122.0,279.0,301.0,False,False
7090,15.0,,,,,,,,,2.0,5.0,,,1.0,1.0,,31.0,61.0,414.0,1.0,233.0,181.0,3.0,7.0,,,,766.0,1016.0,,,,,,,2023,WR,78.9,78.9,5.3,5.3,83.0,91.0,203.0,237.0,83.0,91.0,200.0,237.0,False,False
1144,,,,,,,,,,,,,,,,,,,,,,,,,,,,,,,,,,,,2023,WR,0.0,0.0,,,204.0,,523.0,,204.0,,522.0,,False,False
7612,4.0,,,,,,,,,2.0,5.0,,,,,1.0,,1.0,,,,,,,,,,18.0,228.0,,,,,,,2023,WR,0.5,0.5,0.1,0.1,203.0,201.0,522.0,516.0,203.0,201.0,517.0,513.0,False,False
4217,16.0,,,,,,,,,1.0,2.0,,,1.0,,,65.0,90.0,1020.0,6.0,537.0,483.0,4.0,12.0,,,,895.0,1005.0,,,,,3.0,,2023,TE,209.2,209.2,13.1,13.1,5.0,6.0,72.0,90.0,5.0,6.0,71.0,85.0,True,True
8215,,,,,,,,,,,,,,,,,,,,,,,,,,,,,,,,,,,,2023,TE,0.0,0.0,,,112.0,,523.0,,112.0,,522.0,,False,False
7529,7.0,,,,,,,,,9.0,19.0,,1.0,12.0,,1.0,5.0,7.0,47.0,,-6.0,53.0,1.0,,,,,41.0,480.0,,,,,,,2023,RB,11.6,11.6,1.7,1.7,107.0,102.0,422.0,395.0,107.0,102.0,419.0,391.0,False,False
10210,,,,,,,,,,,,,,,,,,,,,,,,,,,,,,,,,,,,2023,TE,0.0,0.0,,,112.0,,523.0,,112.0,,522.0,,False,False
2306,7.0,47.0,25.0,264.0,2.0,3.0,2.0,179.0,4.0,5.0,-6.0,,,,2.0,,,,,,,,,,,,,75.0,1091.0,,,,,,,2023,QB,12.0,10.7,1.7,1.5,61.0,66.0,419.0,395.0,60.0,63.0,425.0,404.0,False,False
1479,13.0,2.0,1.0,49.0,1.0,,,22.0,,2.0,6.0,,,,1.0,,108.0,150.0,1243.0,7.0,847.0,396.0,5.0,12.0,2.0,1.0,,779.0,875.0,,,,,4.0,1.0,2023,WR,290.9,291.9,22.4,22.5,7.0,3.0,16.0,5.0,7.0,3.0,14.0,4.0,True,True
3258,8.0,,,,,,,,,,,,,,,,1.0,1.0,3.0,,3.0,,,,,,,99.0,463.0,,,,,,,2023,TE,1.3,1.3,0.2,0.2,110.0,104.0,511.0,507.0,110.0,104.0,507.0,503.0,False,False
4381,16.0,11.0,6.0,83.0,1.0,,2.0,65.0,2.0,81.0,401.0,4.0,7.0,121.0,27.0,11.0,33.0,40.0,291.0,2.0,158.0,133.0,1.0,4.0,1.0,1.0,,397.0,1039.0,,,,,,,2023,TE,143.5,143.9,9.0,9.0,12.0,15.0,123.0,155.0,12.0,15.0,119.0,146.0,True,True
7204,17.0,,,,,,,,,,,,,,,,1.0,1.0,3.0,,1.0,2.0,,,,,,93.0,1086.0,,,,,,,2023,RB,1.3,1.3,0.1,0.1,131.0,133.0,511.0,516.0,131.0,133.0,507.0,513.0,False,False
5117,,,,,,,,,,,,,,,,,,,,,,,,,,,,,,,,,,,,2023,TE,0.0,0.0,,,112.0,,523.0,,112.0,,522.0,,False,False
4183,2.0,,,,,,1.0,,,2.0,-4.0,,,,,,,,,,,,,,1.0,,,3.0,455.0,,,,,,,2023,QB,-0.4,-0.4,-0.2,-0.2,110.0,78.0,816.0,612.0,108.0,77.0,814.0,611.0,False,False
6963,11.0,,,,,,,,,32.0,141.0,,4.0,70.0,7.0,1.0,11.0,17.0,49.0,,-10.0,59.0,2.0,3.0,,,,215.0,635.0,,,,,,,2023,RB,30.0,30.0,2.7,2.7,84.0,84.0,334.0,331.0,84.0,84.0,334.0,327.0,False,False
7357,4.0,,,,,,,,,,,,,,,,,,,,,,,,,,,1.0,205.0,,,,,,,2023,WR,0.0,0.0,0.0,0.0,204.0,204.0,523.0,523.0,204.0,204.0,522.0,522.0,False,False
6843,4.0,,,,,,,,,,,,,,,,,1.0,,,,,,,,,,57.0,327.0,,,,,,,2023,TE,0.0,0.0,0.0,0.0,112.0,112.0,523.0,523.0,112.0,112.0,522.0,522.0,False,False
7789,,,,,,,,,,,,,,,,,,,,,,,,,,,,,,,,,,,,2023,WR,0.0,0.0,,,204.0,,523.0,,204.0,,522.0,,False,False
7087,7.0,,,,,,,,,3.0,11.0,,,6.0,,,,,,,,,,,,,,7.0,460.0,,,,,,,2023,RB,1.1,1.1,0.2,0.2,133.0,131.0,518.0,507.0,133.0,131.0,514.0,503.0,False,False
8423,,,,,,,,,,,,,,,,,,,,,,,,,,,,,,,,,,,,2023,RB,0.0,0.0,,,135.0,,523.0,,135.0,,522.0,,False,False
8183,17.0,444.0,308.0,4280.0,31.0,11.0,28.0,2226.0,64.0,39.0,144.0,2.0,2.0,43.0,6.0,1.0,,,,,,,,,6.0,2.0,,936.0,1005.0,5.0,,,,,,2023,QB,305.6,282.0,18.0,16.6,6.0,11.0,11.0,21.0,6.0,10.0,17.0,28.0,True,True
7084,,,,,,,,,,,,,,,,,,,,,,,,,,,,,79.0,,,,,,,2023,QB,0.0,0.0,,,75.0,,523.0,,74.0,,522.0,,False,False
1234,15.0,447.0,297.0,3070.0,26.0,8.0,45.0,1335.0,70.0,80.0,341.0,3.0,1.0,48.0,18.0,1.0,,,,,,,,,10.0,5.0,,938.0,1011.0,2.0,,,,,,2023,QB,256.9,247.5,17.1,16.5,14.0,16.0,34.0,32.0,12.0,11.0,36.0,32.0,False,True
7891,14.0,,,,,,,,,,,,,,,,13.0,14.0,91.0,1.0,42.0,49.0,,1.0,,,,423.0,973.0,,,,,,,2023,TE,28.1,28.1,2.0,2.0,65.0,65.0,343.0,379.0,65.0,65.0,342.0,374.0,False,False
1338,1.0,,,,,,,,,3.0,-3.0,,,,,,,,,,,,,,,,,6.0,227.0,,,,,,,2023,QB,-0.3,-0.3,-0.3,-0.3,108.0,81.0,814.0,617.0,107.0,80.0,813.0,616.0,False,False
8634,,,,,,,,,,,,,,,,,,,,,,,,,,,,,,,,,,,,2023,TE,0.0,0.0,,,112.0,,523.0,,112.0,,522.0,,False,False
1476,16.0,,,,,,,,,79.0,300.0,4.0,2.0,126.0,20.0,5.0,17.0,22.0,119.0,,27.0,92.0,3.0,3.0,1.0,,,351.0,1086.0,,,,,,,2023,RB,82.9,82.9,5.2,5.2,54.0,63.0,196.0,239.0,54.0,63.0,193.0,239.0,False,False
7565,9.0,,,,,,,,,,,,,,,,19.0,33.0,139.0,,91.0,48.0,2.0,2.0,1.0,,,287.0,628.0,,,,,,,2023,WR,32.9,32.9,3.7,3.7,136.0,107.0,324.0,280.0,136.0,107.0,323.0,277.0,False,False
11257,5.0,,,,,,,,,,,,,,,,,1.0,,,,,,,,,,5.0,189.0,,,,,,,2023,WR,0.0,0.0,0.0,0.0,204.0,204.0,523.0,523.0,204.0,204.0,522.0,522.0,False,False
1352,14.0,,,,,,,,,1.0,7.0,,,,,,40.0,75.0,426.0,1.0,300.0,126.0,4.0,10.0,,,,666.0,948.0,,,,,,,2023,WR,89.3,89.3,6.4,6.4,76.0,75.0,187.0,209.0,76.0,75.0,182.0,206.0,False,False
6144,17.0,,,,,,,,,15.0,69.0,,,22.0,1.0,2.0,7.0,9.0,10.0,,-25.0,35.0,,1.0,,,,155.0,1024.0,,,,,,,2023,RB,14.9,14.9,0.9,0.9,100.0,120.0,398.0,454.0,100.0,120.0,396.0,451.0,False,False
8181,17.0,1.0,,,,,,,1.0,1.0,,,,,,,23.0,34.0,167.0,,73.0,94.0,2.0,3.0,,,,403.0,1071.0,,,,,,,2023,RB,39.7,39.7,2.3,2.3,76.0,93.0,297.0,356.0,76.0,93.0,297.0,351.0,False,False
6951,,,,,,,,,,,,,,,,,,,,,,,,,,,,,,,,,,,,2023,RB,0.0,0.0,,,135.0,,523.0,,135.0,,522.0,,False,False
4335,6.0,111.0,54.0,674.0,1.0,5.0,11.0,276.0,11.0,13.0,30.0,,,1.0,,1.0,,,,,,,,,4.0,2.0,,243.0,728.0,,,,,,,2023,QB,20.0,8.5,3.3,1.4,58.0,59.0,382.0,298.0,62.0,64.0,439.0,410.0,False,False
8151,15.0,,,,,,,,,219.0,905.0,8.0,19.0,281.0,38.0,25.0,29.0,37.0,259.0,1.0,-58.0,317.0,2.0,3.0,1.0,,,475.0,871.0,,,1.0,,,,2023,RB,201.4,201.4,13.4,13.4,20.0,20.0,78.0,85.0,20.0,20.0,77.0,78.0,True,True
10236,16.0,,,,,,,,,,,,,,,,73.0,91.0,673.0,2.0,362.0,311.0,4.0,9.0,1.0,1.0,,656.0,1025.0,,,,,,,2023,TE,150.3,150.3,9.4,9.4,11.0,13.0,117.0,149.0,11.0,13.0,113.0,142.0,True,True
2078,14.0,,,,,,,,,,,,,,,,35.0,64.0,565.0,3.0,410.0,155.0,3.0,11.0,1.0,1.0,,464.0,939.0,,,,,1.0,,2023,WR,109.5,109.5,7.8,7.8,64.0,65.0,160.0,178.0,64.0,65.0,157.0,168.0,False,False
7547,16.0,,,,,,1.0,,,4.0,24.0,,,9.0,1.0,,119.0,164.0,1515.0,10.0,847.0,668.0,8.0,23.0,1.0,1.0,,969.0,1061.0,,,,,9.0,,2023,WR,348.9,348.9,21.8,21.8,3.0,4.0,7.0,7.0,3.0,4.0,5.0,6.0,True,True
8413,,,,,,,,,,,,,,,,,,,,,,,,,,,,,,,,,,,,2023,QB,0.0,0.0,,,75.0,,523.0,,74.0,,522.0,,False,False
11474,1.0,,,,,,,,,,,,,,,,,,,,,,,,,,,5.0,60.0,,,,,,,2023,WR,0.0,0.0,0.0,0.0,204.0,204.0,523.0,523.0,204.0,204.0,522.0,522.0,False,False
8928,,,,,,,,,,,,,,,,,,,,,,,,,,,,,,,,,,,,2023,WR,0.0,0.0,,,204.0,,523.0,,204.0,,522.0,,False,False
7009,7.0,,,,,,,,,,,,,,,,2.0,4.0,9.0,,2.0,7.0,1.0,2.0,,,,80.0,497.0,,,,,,,2023,WR,2.9,2.9,0.4,0.4,194.0,194.0,491.0,492.0,194.0,194.0,486.0,488.0,False,False
9481,11.0,,,,,,,,,,,,,,,,34.0,46.0,352.0,1.0,183.0,169.0,3.0,5.0,,,,459.0,648.0,,,,,,,2023,TE,75.2,75.2,6.8,6.8,31.0,25.0,209.0,200.0,31.0,25.0,206.0,195.0,False,False
8129,14.0,,,,,,,,,145.0,416.0,2.0,12.0,237.0,22.0,20.0,13.0,17.0,101.0,,6.0,95.0,1.0,1.0,,,1.0,297.0,920.0,,,,,,,2023,RB,82.7,82.7,5.9,5.9,55.0,57.0,197.0,216.0,55.0,56.0,194.0,213.0,False,False
5032,17.0,,,,,,,,,,,,,,,,15.0,23.0,132.0,,74.0,58.0,,,,,,197.0,1187.0,,,,,,,2023,TE,28.2,28.2,1.7,1.7,64.0,69.0,342.0,395.0,64.0,69.0,341.0,391.0,False,False
4080,9.0,,,,,,,,,,,,,,,,34.0,64.0,321.0,2.0,270.0,51.0,1.0,10.0,,,,409.0,579.0,,,,,,,2023,WR,78.1,78.1,8.7,8.7,84.0,61.0,205.0,165.0,84.0,61.0,202.0,155.0,False,False
4147,17.0,,,,,,,,,53.0,238.0,1.0,2.0,120.0,11.0,4.0,50.0,56.0,455.0,,-7.0,462.0,1.0,2.0,3.0,2.0,,337.0,1011.0,,,,,,,2023,RB,121.3,121.3,7.1,7.1,40.0,48.0,142.0,195.0,40.0,49.0,140.0,191.0,False,False
11312,,,,,,,,,,,,,,,,,,,,,,,,,,,,,,,,,,,,2023,WR,0.0,0.0,,,204.0,,523.0,,204.0,,522.0,,False,False
7720,9.0,,,,,,,,,5.0,13.0,,,5.0,,1.0,,,,,,,,,,,,13.0,520.0,,,,,,,2023,RB,1.3,1.3,0.1,0.1,131.0,133.0,511.0,516.0,131.0,133.0,507.0,513.0,False,False
8416,,,,,,,,,,,,,,,,,,,,,,,,,,,,,,,,,,,,2023,WR,0.0,0.0,,,204.0,,523.0,,204.0,,522.0,,False,False
6973,,,,,,,,,,,,,,,,,,,,,,,,,,,,,,,,,,,,2023,RB,0.0,0.0,,,135.0,,523.0,,135.0,,522.0,,False,False
10223,13.0,,,,,,,,,17.0,48.0,,1.0,12.0,2.0,3.0,6.0,7.0,22.0,,-18.0,40.0,,,3.0,,,51.0,787.0,,,,,,,2023,RB,13.0,13.0,1.0,1.0,105.0,114.0,414.0,441.0,105.0,114.0,413.0,439.0,False,False
7597,5.0,,,,,,,,,,,,,,,,2.0,4.0,28.0,,8.0,20.0,,,,,,80.0,289.0,,,,,,,2023,TE,4.8,4.8,1.0,1.0,98.0,80.0,468.0,441.0,98.0,80.0,465.0,439.0,False,False
6826,17.0,,,,,,,,,3.0,2.0,,,,1.0,,73.0,90.0,719.0,6.0,429.0,290.0,1.0,15.0,1.0,,,845.0,1090.0,,,,,1.0,,2023,TE,183.1,183.1,10.8,10.8,8.0,9.0,92.0,126.0,8.0,9.0,90.0,121.0,True,True
5199,17.0,,,,,,,,,,,,,,,,14.0,22.0,161.0,,130.0,31.0,,,1.0,1.0,,174.0,1058.0,,,,,,,2023,WR,28.1,28.1,1.7,1.7,145.0,161.0,343.0,395.0,145.0,161.0,342.0,391.0,False,False
2394,,,,,,,,,,,,,,,,,,,,,,,,,,,,,193.0,,,,,,,2023,QB,0.0,0.0,,,75.0,,523.0,,74.0,,522.0,,False,False
11210,13.0,,,,,,,,,,,,,,,,15.0,24.0,125.0,1.0,92.0,33.0,2.0,4.0,,,,237.0,789.0,,,,,,,2023,WR,33.5,33.5,2.6,2.6,135.0,133.0,322.0,336.0,135.0,133.0,321.0,333.0,False,False
111,17.0,,,,,,,,,,,,,,,,4.0,5.0,29.0,1.0,,29.0,,2.0,,,,316.0,1090.0,,,,,,,2023,TE,12.9,12.9,0.8,0.8,82.0,87.0,415.0,458.0,82.0,87.0,414.0,455.0,False,False
6943,17.0,,,,,,,,,1.0,-2.0,,,,,1.0,45.0,81.0,746.0,7.0,566.0,180.0,3.0,11.0,1.0,1.0,,948.0,1086.0,,,,,3.0,,2023,WR,165.4,165.4,9.7,9.7,41.0,51.0,104.0,144.0,41.0,51.0,102.0,135.0,False,False
7551,4.0,,,,,,,,,14.0,16.0,,,12.0,4.0,2.0,5.0,6.0,14.0,,-6.0,20.0,1.0,,2.0,2.0,,52.0,267.0,,,,,,,2023,RB,4.0,4.0,1.0,1.0,118.0,114.0,475.0,441.0,118.0,114.0,472.0,439.0,False,False
7032,,,,,,,,,,,,,,,,,,,,,,,,,,,,,,,,,,,,2023,WR,0.0,0.0,,,204.0,,523.0,,204.0,,522.0,,False,False
2449,17.0,,,,,,,,,1.0,5.0,,,2.0,1.0,,107.0,160.0,1183.0,8.0,784.0,399.0,8.0,15.0,2.0,1.0,,880.0,1086.0,,,,,5.0,,2023,WR,281.8,281.8,16.6,16.6,9.0,13.0,22.0,35.0,9.0,13.0,18.0,28.0,True,True
7567,16.0,1.0,1.0,17.0,,,,17.0,,84.0,364.0,2.0,4.0,130.0,23.0,5.0,30.0,37.0,183.0,,8.0,175.0,1.0,,3.0,1.0,,417.0,1005.0,,,,,,,2023,RB,95.4,95.0,6.0,5.9,49.0,56.0,181.0,215.0,49.0,56.0,177.0,213.0,False,False
7543,17.0,,,,,,,,,267.0,1008.0,11.0,30.0,401.0,37.0,30.0,58.0,73.0,476.0,1.0,-41.0,517.0,4.0,2.0,,,,809.0,1095.0,,,2.0,,,,2023,RB,282.4,282.4,16.6,16.6,3.0,7.0,20.0,35.0,3.0,7.0,16.0,28.0,True,True
7793,,,,,,,,,,,,,,,,,,,,,,,,,,,,,,,,,,,,2023,WR,0.0,0.0,,,204.0,,523.0,,204.0,,522.0,,False,False
8192,,,,,,,,,,,,,,,,,,,,,,,,,,,,,,,,,,,,2023,TE,0.0,0.0,,,112.0,,523.0,,112.0,,522.0,,False,False
5139,,,,,,,,,,,,,,,,,,,,,,,,,,,,,,,,,,,,2023,WR,0.0,0.0,,,204.0,,523.0,,204.0,,522.0,,False,False
6001,17.0,,,,,,,,,,,,,,,,22.0,27.0,163.0,2.0,-10.0,173.0,1.0,3.0,,,,450.0,1024.0,,,,,,,2023,TE,50.3,50.3,3.0,3.0,46.0,50.0,266.0,316.0,46.0,50.0,264.0,312.0,False,False
7757,17.0,,,,,,,,,2.0,9.0,,,6.0,,1.0,8.0,12.0,66.0,1.0,36.0,30.0,,1.0,,,,175.0,1081.0,,,,,,,2023,WR,21.5,21.5,1.3,1.3,155.0,169.0,372.0,421.0,155.0,169.0,369.0,418.0,False,False
8583,16.0,,,,,,,,,,,,,,,,11.0,21.0,155.0,1.0,99.0,56.0,1.0,2.0,,,,277.0,1007.0,,,,,,,2023,TE,32.5,32.5,2.0,2.0,61.0,65.0,325.0,379.0,61.0,65.0,324.0,374.0,False,False
4323,3.0,,,,,,,,,,,,,,,,,,,,,,,,,,,22.0,205.0,,,,,,,2023,TE,0.0,0.0,0.0,0.0,112.0,112.0,523.0,523.0,112.0,112.0,522.0,522.0,False,False
6824,15.0,,,,,,,,,,,,,,,,13.0,25.0,155.0,,120.0,35.0,,1.0,1.0,,,490.0,1013.0,,,,,,,2023,WR,28.5,28.5,1.9,1.9,142.0,153.0,338.0,385.0,142.0,153.0,337.0,380.0,False,False
9508,17.0,,,,,,,,,100.0,453.0,2.0,5.0,178.0,9.0,12.0,52.0,70.0,385.0,1.0,-68.0,453.0,1.0,6.0,1.0,,,541.0,995.0,,,,,,,2023,RB,153.8,153.8,9.0,9.0,34.0,41.0,112.0,155.0,34.0,41.0,109.0,146.0,False,True
8195,9.0,,,,,,,,,32.0,129.0,,,29.0,,2.0,5.0,5.0,22.0,,-19.0,41.0,,,,,,59.0,543.0,,,,,,,2023,RB,20.1,20.1,2.2,2.2,91.0,94.0,380.0,361.0,91.0,94.0,378.0,355.0,False,False
4218,17.0,,,,,,,,,1.0,-2.0,,,,,1.0,,2.0,,,,,,,2.0,1.0,,111.0,1090.0,,,,,,,2023,WR,-2.2,-2.2,-0.1,-0.1,333.0,241.0,819.0,611.0,333.0,241.0,819.0,610.0,False,False
8849,3.0,,,,,,,,,,,,,,,,,,,,,,,,,,,20.0,177.0,,,,,,,2023,TE,0.0,0.0,0.0,0.0,112.0,112.0,523.0,523.0,112.0,112.0,522.0,522.0,False,False
8159,15.0,388.0,249.0,2836.0,12.0,12.0,31.0,1614.0,47.0,53.0,193.0,5.0,2.0,26.0,12.0,7.0,1.0,1.0,-6.0,,-6.0,,,,12.0,7.0,,799.0,1069.0,3.0,,,,,,2023,QB,179.1,146.4,11.9,9.8,22.0,33.0,93.0,107.0,23.0,33.0,117.0,134.0,False,True
2152,1.0,,,,,,,,,2.0,-2.0,,,,,,,,,,,,,,,,,3.0,1121.0,,,,,,,2023,QB,-0.2,-0.2,-0.2,-0.2,107.0,78.0,812.0,612.0,106.0,77.0,811.0,611.0,False,False
5892,14.0,,,,,,,,,219.0,1015.0,13.0,17.0,442.0,50.0,15.0,16.0,24.0,117.0,,-32.0,149.0,2.0,,2.0,1.0,,425.0,890.0,,,3.0,,,,2023,RB,211.2,211.2,15.1,15.1,17.0,15.0,69.0,58.0,17.0,16.0,68.0,51.0,True,True
6290,17.0,,,,,,,,,,,,,,,,11.0,16.0,161.0,2.0,81.0,80.0,,3.0,,,,247.0,1069.0,,,,,,,2023,WR,39.1,39.1,2.3,2.3,125.0,141.0,301.0,356.0,125.0,141.0,300.0,351.0,False,False
11186,,,,,,,,,,,,,,,,,,,,,,,,,,,,,,,,,,,,2023,RB,0.0,0.0,,,135.0,,523.0,,135.0,,522.0,,False,False
5127,7.0,,,,,,,,,13.0,-13.0,,,,2.0,,,,,,,,,,,,,38.0,1086.0,,,,,,,2023,QB,-1.3,-1.3,-0.2,-0.2,111.0,78.0,817.0,612.0,111.0,77.0,817.0,611.0,False,False
5285,12.0,,,,,,,,,,,,,,,,1.0,2.0,12.0,,,12.0,,1.0,,,,76.0,755.0,,,,,,,2023,TE,2.2,2.2,0.2,0.2,104.0,104.0,495.0,507.0,104.0,104.0,491.0,503.0,False,False
4274,7.0,,,,,,,,,,,,,,,,5.0,7.0,94.0,1.0,32.0,62.0,,,,,,88.0,382.0,,,,,,,2023,WR,20.4,20.4,2.9,2.9,158.0,128.0,377.0,322.0,158.0,128.0,375.0,318.0,False,False
6845,14.0,,,,,,,,,183.0,794.0,5.0,3.0,289.0,39.0,14.0,27.0,37.0,192.0,2.0,3.0,189.0,5.0,5.0,,,,531.0,949.0,,,2.0,,,,2023,RB,171.6,171.6,12.3,12.3,32.0,28.0,101.0,103.0,32.0,28.0,98.0,101.0,False,True
8219,,,,,,,,,,,,,,,,,,,,,,,,,,,,,,,,,,,,2023,TE,0.0,0.0,,,112.0,,523.0,,112.0,,522.0,,False,False
7603,,,,,,,,,,,,,,,,,,,,,,,,,,,,,,,,,,,,2023,WR,0.0,0.0,,,204.0,,523.0,,204.0,,522.0,,False,False
7751,,,,,,,,,,,,,,,,,,,,,,,,,,,,,,,,,,,,2023,WR,0.0,0.0,,,204.0,,523.0,,204.0,,522.0,,False,False
5046,14.0,,,,,,,,,77.0,319.0,2.0,8.0,136.0,14.0,5.0,1.0,2.0,13.0,,-1.0,14.0,,,,,,180.0,887.0,,,,,,,2023,RB,46.2,46.2,3.3,3.3,67.0,77.0,278.0,298.0,67.0,77.0,275.0,295.0,False,False
7075,17.0,,,,,,,,,,,,,,,,3.0,3.0,32.0,,12.0,20.0,,1.0,,,,265.0,1005.0,,,,,,,2023,TE,6.2,6.2,0.4,0.4,94.0,99.0,455.0,492.0,94.0,99.0,453.0,488.0,False,False
7571,16.0,,,,,,,,,1.0,18.0,,,1.0,,,32.0,56.0,367.0,1.0,308.0,59.0,4.0,3.0,,,,611.0,1068.0,,,,,,,2023,WR,76.5,76.5,4.8,4.8,85.0,93.0,208.0,247.0,85.0,93.0,205.0,245.0,False,False
8783,,,,,,,,,,,,,,,,,,,,,,,,,,,,,,,,,,,,2023,WR,0.0,0.0,,,204.0,,523.0,,204.0,,522.0,,False,False
4854,10.0,,,,,,,,,,,,,,,,9.0,12.0,121.0,1.0,74.0,47.0,1.0,4.0,,,,176.0,606.0,,,,,,,2023,WR,27.1,27.1,2.7,2.7,147.0,131.0,346.0,331.0,147.0,131.0,346.0,327.0,False,False
8924,,,,,,,,,,,,,,,,,,,,,,,,,,,,,,,,,,,,2023,TE,0.0,0.0,,,112.0,,523.0,,112.0,,522.0,,False,False
11306,17.0,,,,,,,,,8.0,68.0,1.0,1.0,22.0,2.0,1.0,21.0,38.0,229.0,,120.0,109.0,1.0,5.0,5.0,2.0,1.0,459.0,1036.0,,,,,,,2023,WR,58.7,58.7,3.5,3.5,103.0,114.0,249.0,292.0,103.0,114.0,243.0,288.0,False,False
5927,17.0,,,,,,,,,,,,,,,,79.0,132.0,1002.0,4.0,652.0,350.0,5.0,8.0,,,,898.0,1058.0,,,,,1.0,,2023,WR,205.2,205.2,12.1,12.1,32.0,38.0,74.0,104.0,32.0,38.0,73.0,102.0,False,True
7554,6.0,,,,,,,,,,,,,,,,,,,,,,,,,,,66.0,422.0,,,,,,,2023,TE,0.0,0.0,0.0,0.0,112.0,112.0,523.0,523.0,112.0,112.0,522.0,522.0,False,False
5974,,,,,,,,,,,,,,,,,,,,,,,,,,,,,,,,,,,,2023,QB,0.0,0.0,,,75.0,,523.0,,74.0,,522.0,,False,False
4199,11.0,,,,,,,,,142.0,656.0,2.0,6.0,239.0,34.0,11.0,30.0,43.0,233.0,1.0,-38.0,271.0,4.0,10.0,2.0,1.0,,305.0,661.0,,,3.0,,,,2023,RB,140.9,140.9,12.8,12.8,36.0,24.0,126.0,95.0,36.0,24.0,122.0,91.0,False,False
4950,12.0,2.0,1.0,-1.0,,,,-1.0,,1.0,6.0,,,,,,57.0,85.0,787.0,3.0,540.0,247.0,4.0,5.0,2.0,2.0,,585.0,828.0,,,,,2.0,,2023,WR,154.3,154.3,12.9,12.9,45.0,32.0,111.0,92.0,45.0,32.0,108.0,88.0,False,False
4454,8.0,,,,,,,,,1.0,4.0,,,1.0,,,37.0,55.0,406.0,4.0,203.0,203.0,1.0,6.0,1.0,1.0,,371.0,508.0,,,,,,,2023,WR,100.0,100.0,12.5,12.5,69.0,36.0,175.0,100.0,69.0,36.0,171.0,96.0,False,False
10218,16.0,,,,,,,,,5.0,49.0,,1.0,9.0,2.0,,8.0,19.0,90.0,,70.0,20.0,,1.0,,,,281.0,1066.0,,,,,,,2023,WR,21.9,21.9,1.4,1.4,153.0,165.0,369.0,414.0,153.0,165.0,366.0,410.0,False,False
6154,3.0,,,,,,,,,,,,,,,,,,,,,,,,,,,16.0,197.0,,,,,,,2023,WR,0.0,0.0,0.0,0.0,204.0,204.0,523.0,523.0,204.0,204.0,522.0,522.0,False,False
6931,17.0,,,,,,1.0,,,10.0,36.0,,1.0,7.0,,2.0,6.0,9.0,26.0,,-5.0,31.0,,,2.0,2.0,,96.0,996.0,,,,,,,2023,RB,8.2,8.2,0.5,0.5,111.0,126.0,442.0,484.0,111.0,126.0,440.0,480.0,False,False
5915,2.0,,,,,,,,,,,,,,,,,,,,,,,,,,,2.0,164.0,,,,,,,2023,WR,0.0,0.0,0.0,0.0,204.0,204.0,523.0,523.0,204.0,204.0,522.0,522.0,False,False
6450,,,,,,,,,,,,,,,,,,,,,,,,,,,,,,,,,,,,2023,QB,0.0,0.0,,,75.0,,523.0,,74.0,,522.0,,False,False
2549,5.0,153.0,86.0,724.0,2.0,4.0,8.0,254.0,17.0,11.0,40.0,,,6.0,,1.0,,,,,,,,,5.0,3.0,,222.0,415.0,,,,,,,2023,QB,27.0,16.5,5.4,3.3,49.0,54.0,347.0,234.0,55.0,56.0,389.0,295.0,False,False
4995,12.0,,,,,,,,,,,,,,,,5.0,9.0,56.0,,23.0,33.0,,1.0,,,,197.0,764.0,,,,,,,2023,TE,10.6,10.6,0.9,0.9,87.0,84.0,429.0,454.0,87.0,84.0,426.0,451.0,False,False
9225,17.0,,,,,,,,,50.0,132.0,2.0,7.0,58.0,9.0,7.0,1.0,4.0,6.0,,1.0,5.0,2.0,,2.0,2.0,,132.0,1095.0,,,,,,,2023,RB,22.8,22.8,1.3,1.3,88.0,109.0,365.0,421.0,88.0,109.0,361.0,418.0,False,False
7589,,,,,,,,,,,,,,,,,,,,,,,,,,,,,,,,,,,,2023,QB,0.0,0.0,,,75.0,,523.0,,74.0,,522.0,,False,False
6063,,,,,,,,,,,,,,,,,,,,,,,,,,,,,,,,,,,,2023,WR,0.0,0.0,,,204.0,,523.0,,204.0,,522.0,,False,False
4018,17.0,,,,,,,,,257.0,1034.0,9.0,9.0,333.0,56.0,22.0,52.0,64.0,376.0,3.0,-87.0,463.0,4.0,13.0,,,,717.0,1024.0,,,1.0,,,,2023,RB,267.0,267.0,15.7,15.7,6.0,13.0,29.0,52.0,6.0,13.0,24.0,46.0,True,True
2319,13.0,,,,,,,,,,,,,,,,33.0,55.0,394.0,,268.0,126.0,3.0,,,,,553.0,724.0,,,,,,,2023,WR,72.4,72.4,5.6,5.6,87.0,83.0,215.0,225.0,87.0,83.0,213.0,223.0,False,False
8094,,,,,,,,,,,,,,,,,,,,,,,,,,,,,,,,,,,,2023,TE,0.0,0.0,,,112.0,,523.0,,112.0,,522.0,,False,False
9757,8.0,,,,,,,,,41.0,156.0,1.0,1.0,37.0,3.0,1.0,10.0,11.0,117.0,,-11.0,128.0,1.0,,,,,88.0,576.0,,,,,,,2023,RB,43.3,43.3,5.4,5.4,70.0,60.0,283.0,234.0,70.0,60.0,281.0,235.0,False,False
7670,10.0,,,,,,,,,1.0,6.0,,,,,,38.0,61.0,581.0,2.0,385.0,196.0,1.0,9.0,1.0,1.0,,477.0,620.0,,,,,2.0,,2023,WR,110.7,110.7,11.1,11.1,62.0,44.0,157.0,119.0,62.0,44.0,155.0,114.0,False,False
7611,12.0,,,,,,,,,156.0,619.0,4.0,12.0,310.0,18.0,12.0,38.0,51.0,238.0,,-23.0,261.0,4.0,4.0,1.0,1.0,,486.0,773.0,,,,,,,2023,RB,145.7,145.7,12.1,12.1,35.0,29.0,121.0,104.0,35.0,29.0,118.0,102.0,False,True
4197,13.0,,,,,,,,,3.0,14.0,,,7.0,,,11.0,14.0,82.0,,10.0,72.0,1.0,,3.0,2.0,,117.0,888.0,,,,,,,2023,WR,16.6,16.6,1.3,1.3,162.0,169.0,391.0,421.0,162.0,169.0,387.0,418.0,False,False
5890,6.0,,,,,,,,,23.0,94.0,1.0,2.0,37.0,6.0,1.0,2.0,2.0,16.0,,,16.0,,,,,,60.0,394.0,,,,,,,2023,RB,19.0,19.0,3.2,3.2,93.0,78.0,388.0,304.0,93.0,78.0,384.0,301.0,False,False
8005,,,,,,,,,,,,,,,,,,,,,,,,,,,,,,,,,,,,2023,WR,0.0,0.0,,,204.0,,523.0,,204.0,,522.0,,False,False
8150,12.0,,,,,,,,,228.0,1144.0,12.0,20.0,353.0,50.0,15.0,32.0,48.0,206.0,3.0,-69.0,275.0,4.0,12.0,3.0,2.0,,678.0,826.0,,,6.0,,,,2023,RB,265.0,265.0,22.1,22.1,7.0,2.0,30.0,6.0,7.0,2.0,25.0,5.0,True,True
8121,17.0,,,,,,,,,,,,,,,,59.0,96.0,674.0,8.0,540.0,134.0,6.0,18.0,1.0,,,834.0,1036.0,,,,,,,2023,WR,174.4,174.4,10.3,10.3,37.0,49.0,98.0,133.0,37.0,49.0,96.0,126.0,False,False
8123,,,,,,,,,,,,,,,,,,,,,,,,,,,,,128.0,,,,,,,2023,RB,0.0,0.0,,,135.0,,523.0,,135.0,,522.0,,False,False
8033,,,,,,,,,,,,,,,,,,,,,,,,,,,,,,,,,,,,2023,TE,0.0,0.0,,,112.0,,523.0,,112.0,,522.0,,False,False
3161,2.0,24.0,17.0,163.0,2.0,1.0,2.0,96.0,3.0,17.0,56.0,1.0,,,3.0,1.0,,,,,,,,,,,,3.0,482.0,,,,,,,2023,QB,24.1,24.9,12.1,12.4,53.0,32.0,360.0,104.0,49.0,29.0,353.0,99.0,False,False
7600,12.0,,,,,,,,,,,,,,,,32.0,47.0,308.0,2.0,163.0,145.0,,6.0,,,,474.0,749.0,,,,,1.0,,2023,TE,76.8,76.8,6.4,6.4,30.0,29.0,207.0,209.0,30.0,29.0,204.0,206.0,False,False
8527,6.0,,,,,,,,,,,,,,,,,,,,,,,,,,,5.0,312.0,,,,,,,2023,WR,0.0,0.0,0.0,0.0,204.0,204.0,523.0,523.0,204.0,204.0,522.0,522.0,False,False
11199,14.0,,,,,,,,,58.0,284.0,2.0,2.0,113.0,2.0,5.0,21.0,30.0,119.0,,10.0,109.0,3.0,1.0,,,,285.0,885.0,,,,,,,2023,RB,73.3,73.3,5.2,5.2,57.0,63.0,212.0,239.0,57.0,63.0,208.0,239.0,False,False
6002,2.0,,,,,,,,,,,,,,,,,,,,,,,,,,,1.0,116.0,,,,,,,2023,RB,0.0,0.0,0.0,0.0,135.0,135.0,523.0,523.0,135.0,135.0,522.0,522.0,False,False
11104,1.0,,,,,,,,,,,,,,,,,,,,,,,,,,,2.0,60.0,,,,,,,2023,RB,0.0,0.0,0.0,0.0,135.0,135.0,523.0,523.0,135.0,135.0,522.0,522.0,False,False
10212,11.0,,,,,,,,,,,,,,,,9.0,15.0,94.0,1.0,54.0,40.0,1.0,5.0,,,,156.0,738.0,,,,,,,2023,TE,24.4,24.4,2.2,2.2,70.0,60.0,359.0,361.0,70.0,60.0,356.0,355.0,False,False
11381,2.0,,,,,,,,,,,,,,,,,,,,,,,,,,,19.0,76.0,,,,,,,2023,TE,0.0,0.0,0.0,0.0,112.0,112.0,523.0,523.0,112.0,112.0,522.0,522.0,False,False
8161,3.0,5.0,4.0,74.0,,,4.0,19.0,,5.0,21.0,,,3.0,,1.0,,,,,,,,,1.0,1.0,,22.0,628.0,,,,,,,2023,QB,3.1,1.6,1.0,0.5,70.0,68.0,485.0,441.0,68.0,68.0,502.0,480.0,False,False
4951,15.0,,,,,,,,,,,,,,,,35.0,66.0,525.0,5.0,442.0,83.0,4.0,6.0,2.0,1.0,,737.0,962.0,,,,,,,2023,WR,115.5,115.5,7.7,7.7,60.0,67.0,151.0,182.0,60.0,67.0,149.0,174.0,False,False
11483,,,,,,,,,,,,,,,,,,,,,,,,,,,,,,,,,,,,2023,RB,0.0,0.0,,,135.0,,523.0,,135.0,,522.0,,False,False
8228,17.0,,,,,,,,,149.0,784.0,4.0,25.0,302.0,17.0,16.0,61.0,74.0,370.0,,-116.0,486.0,5.0,5.0,4.0,2.0,,518.0,1071.0,,,2.0,,,,2023,RB,200.4,200.4,11.8,11.8,22.0,30.0,80.0,109.0,22.0,30.0,79.0,106.0,True,True
8230,17.0,,,,,,,,,102.0,461.0,3.0,1.0,140.0,9.0,6.0,21.0,25.0,159.0,,-42.0,201.0,,3.0,,,,268.0,1048.0,,,1.0,,,,2023,RB,103.0,103.0,6.1,6.1,47.0,55.0,170.0,213.0,47.0,55.0,166.0,210.0,False,False
6011,17.0,490.0,305.0,3305.0,15.0,9.0,34.0,1739.0,58.0,34.0,100.0,3.0,1.0,7.0,7.0,,,,,,,,,,8.0,5.0,,972.0,1148.0,3.0,,,,,,2023,QB,198.2,162.1,11.7,9.5,20.0,34.0,83.0,111.0,21.0,36.0,103.0,141.0,False,True
5089,6.0,6.0,5.0,74.0,1.0,1.0,,23.0,1.0,8.0,-9.0,,,,,1.0,,,,,,,,,1.0,1.0,,53.0,1046.0,,,,,,,2023,QB,2.1,2.6,0.3,0.4,71.0,74.0,498.0,499.0,66.0,69.0,487.0,488.0,False,False
8732,,,,,,,,,,,,,,,,,,,,,,,,,,,,,,,,,,,,2023,WR,0.0,0.0,,,204.0,,523.0,,204.0,,522.0,,False,False
7581,,,,,,,,,,,,,,,,,,,,,,,,,,,,,,,,,,,,2023,QB,0.0,0.0,,,75.0,,523.0,,74.0,,522.0,,False,False
6136,3.0,66.0,40.0,496.0,2.0,1.0,7.0,162.0,6.0,9.0,8.0,,,1.0,1.0,1.0,,,,,,,,,1.0,,,73.0,1011.0,,,,,,,2023,QB,26.6,20.7,8.9,6.9,50.0,47.0,348.0,160.0,54.0,48.0,373.0,192.0,False,False
5171,14.0,,,,,,,,,,,,,,,,1.0,3.0,6.0,,2.0,4.0,,1.0,,,,129.0,819.0,,,,,,,2023,TE,1.6,1.6,0.1,0.1,107.0,110.0,507.0,516.0,107.0,110.0,502.0,513.0,False,False
4942,,,,,,,,,,,,,,,,,,,,,,,,,,,,,,,,,,,,2023,WR,0.0,0.0,,,204.0,,523.0,,204.0,,522.0,,False,False
9489,,,,,,,,,,,,,,,,,,,,,,,,,,,,,,,,,,,,2023,WR,0.0,0.0,,,204.0,,523.0,,204.0,,522.0,,False,False
5857,17.0,,,,,,,,,,,,,,,,32.0,43.0,414.0,,237.0,177.0,1.0,2.0,,,,566.0,996.0,,,,,,,2023,TE,73.4,73.4,4.3,4.3,32.0,38.0,211.0,262.0,32.0,38.0,207.0,260.0,False,False
5154,17.0,,,,,,,,,,,,,,,,11.0,22.0,86.0,1.0,37.0,49.0,1.0,2.0,,,,337.0,1086.0,,,,,,,2023,WR,25.6,25.6,1.5,1.5,149.0,163.0,352.0,409.0,149.0,163.0,350.0,404.0,False,False
9224,12.0,,,,,,,,,44.0,179.0,,2.0,83.0,4.0,9.0,14.0,15.0,156.0,1.0,-38.0,194.0,,1.0,1.0,,,75.0,710.0,,,,,,,2023,RB,53.5,53.5,4.5,4.5,63.0,71.0,254.0,256.0,63.0,71.0,252.0,254.0,False,False
8204,5.0,,,,,,,,,3.0,21.0,,,7.0,,,16.0,24.0,218.0,1.0,181.0,37.0,1.0,3.0,,,,94.0,256.0,,,,,1.0,,2023,WR,47.9,47.9,9.6,9.6,115.0,52.0,270.0,146.0,115.0,52.0,268.0,138.0,False,False
11073,,,,,,,,,,,,,,,,,,,,,,,,,,,,,,,,,,,,2023,WR,0.0,0.0,,,204.0,,523.0,,204.0,,522.0,,False,False
5012,10.0,,,,,,,,,1.0,,,,,1.0,,45.0,61.0,544.0,6.0,328.0,216.0,3.0,14.0,1.0,,,467.0,667.0,,,,,,,2023,TE,135.4,135.4,13.5,13.5,15.0,4.0,130.0,79.0,15.0,4.0,127.0,74.0,False,True
7595,11.0,,,,,,,,,,,,,,,,1.0,2.0,11.0,,11.0,,,,,,1.0,65.0,748.0,,,,,,,2023,WR,8.1,8.1,0.7,0.7,179.0,188.0,444.0,471.0,179.0,188.0,442.0,467.0,False,False
6074,14.0,,,,,,,,,,,,,,,,27.0,41.0,285.0,4.0,142.0,143.0,2.0,10.0,,,,413.0,875.0,,,,,,,2023,TE,79.5,79.5,5.7,5.7,28.0,31.0,202.0,219.0,28.0,31.0,199.0,217.0,False,False
3202,17.0,,,,,,,,,,,,,,,,25.0,31.0,234.0,,92.0,142.0,1.0,3.0,,,,500.0,980.0,,,,,,,2023,TE,48.4,48.4,2.8,2.8,47.0,53.0,269.0,325.0,47.0,53.0,267.0,321.0,False,False
6794,10.0,1.0,,,,,,,,1.0,-12.0,,,,1.0,1.0,68.0,100.0,1074.0,5.0,814.0,260.0,1.0,11.0,1.0,1.0,,482.0,572.0,,,,,5.0,,2023,WR,212.2,212.2,21.2,21.2,29.0,5.0,68.0,10.0,29.0,5.0,67.0,8.0,True,True
11347,,,,,,,,,,,,,,,,,,,,,,,,,,,,,,,,,,,,2023,WR,0.0,0.0,,,204.0,,523.0,,204.0,,522.0,,False,False
11377,,,,,,,,,,,,,,,,,,,,,,,,,,,,,,,,,,,,2023,WR,0.0,0.0,,,204.0,,523.0,,204.0,,522.0,,False,False
11184,,,,,,,,,,,,,,,,,,,,,,,,,,,,,,,,,,,,2023,WR,0.0,0.0,,,204.0,,523.0,,204.0,,522.0,,False,False
8411,2.0,,,,,,,,,,,,,,,,,,,,,,,,,,,,150.0,,,,,,,2023,WR,0.0,0.0,0.0,0.0,204.0,204.0,523.0,523.0,204.0,204.0,522.0,522.0,False,False
7992,1.0,,,,,,,,,,,,,,,,,,,,,,,,,,,7.0,65.0,,,,,,,2023,TE,0.0,0.0,0.0,0.0,112.0,112.0,523.0,523.0,112.0,112.0,522.0,522.0,False,False
8202,,,,,,,,,,,,,,,,,,,,,,,,,,,,,,,,,,,,2023,WR,0.0,0.0,,,204.0,,523.0,,204.0,,522.0,,False,False
1067,6.0,,,,,,,,,,,,,,,,5.0,10.0,35.0,,26.0,9.0,2.0,2.0,1.0,1.0,,178.0,411.0,,,,,,,2023,WR,6.5,6.5,1.1,1.1,183.0,176.0,453.0,433.0,183.0,176.0,451.0,430.0,False,False
2381,8.0,,,,,,,,,,,,,,,,3.0,6.0,69.0,,41.0,28.0,,1.0,,,,67.0,445.0,,,,,,,2023,WR,9.9,9.9,1.2,1.2,174.0,173.0,433.0,428.0,174.0,173.0,431.0,425.0,False,False
6553,,,,,,,,,,,,,,,,,,,,,,,,,,,,,,,,,,,,2023,RB,0.0,0.0,,,135.0,,523.0,,135.0,,522.0,,False,False
5980,3.0,,,,,,,,,,,,,,,,,,,,,,,,,,,,334.0,,,,,,,2023,RB,0.0,0.0,0.0,0.0,135.0,135.0,523.0,523.0,135.0,135.0,522.0,522.0,False,False
5008,16.0,,,,,,,,,,,,,,,,35.0,43.0,366.0,,228.0,138.0,1.0,4.0,,,,746.0,976.0,,,,,,,2023,TE,71.6,71.6,4.5,4.5,34.0,36.0,218.0,256.0,34.0,36.0,216.0,254.0,False,False
8665,,,,,,,,,,,,,,,,,,,,,,,,,,,,,,,,,,,,2023,TE,0.0,0.0,,,112.0,,523.0,,112.0,,522.0,,False,False
10651,1.0,,,,,,,,,,,,,,,,,,,,,,,,,,,,75.0,,,,,,,2023,RB,0.0,0.0,0.0,0.0,135.0,135.0,523.0,523.0,135.0,135.0,522.0,522.0,False,False
9754,17.0,,,,,,,,,3.0,9.0,,,1.0,,,38.0,67.0,431.0,2.0,279.0,152.0,2.0,8.0,,,,676.0,1075.0,,,,,,,2023,WR,94.0,94.0,5.5,5.5,74.0,87.0,182.0,229.0,74.0,87.0,178.0,229.0,False,False
6453,7.0,,,,,,,,,,,,,,,,3.0,8.0,56.0,1.0,28.0,28.0,1.0,2.0,,,,124.0,468.0,,,,,,,2023,WR,14.6,14.6,2.1,2.1,166.0,146.0,402.0,368.0,166.0,146.0,400.0,362.0,False,False
5235,5.0,,,,,,,,,,,,,,,,2.0,2.0,-10.0,,1.0,-11.0,,,1.0,,,43.0,313.0,,,,,,,2023,TE,1.0,1.0,0.2,0.2,111.0,104.0,519.0,507.0,111.0,104.0,515.0,503.0,False,False
6894,17.0,,,,,,,,,,,,,,,,9.0,12.0,56.0,,8.0,48.0,1.0,2.0,,,,212.0,1024.0,,,,,,,2023,TE,14.6,14.6,0.9,0.9,77.0,84.0,402.0,454.0,77.0,84.0,400.0,451.0,False,False
11540,,,,,,,,,,,,,,,,,,,,,,,,,,,,,,,,,,,,2023,TE,0.0,0.0,,,112.0,,523.0,,112.0,,522.0,,False,False
6938,7.0,,,,,,1.0,,,60.0,167.0,2.0,6.0,67.0,7.0,12.0,11.0,12.0,70.0,,-8.0,78.0,,2.0,,,,139.0,475.0,,,,,,,2023,RB,46.7,46.7,6.7,6.7,66.0,52.0,275.0,203.0,66.0,52.0,273.0,198.0,False,False
11080,,,,,,,,,,,,,,,,,,,,,,,,,,,,,,,,,,,,2023,WR,0.0,0.0,,,204.0,,523.0,,204.0,,522.0,,False,False
4198,11.0,,,,,,,,,4.0,-2.0,,,,2.0,2.0,14.0,21.0,225.0,1.0,149.0,76.0,,2.0,1.0,1.0,,201.0,737.0,,,,,,,2023,WR,40.3,40.3,3.7,3.7,121.0,107.0,291.0,280.0,121.0,107.0,291.0,277.0,False,False
7537,,,,,,,,,,,,,,,,,,,,,,,,,,,,,,,,,,,,2023,RB,0.0,0.0,,,135.0,,523.0,,135.0,,522.0,,False,False
8114,2.0,,,,,,,,,5.0,22.0,,1.0,13.0,2.0,2.0,,1.0,,,,,,,,,,29.0,130.0,,,,,,,2023,WR,2.2,2.2,1.1,1.1,196.0,176.0,495.0,433.0,196.0,176.0,491.0,430.0,False,False
8144,16.0,,,,,,,,,,,,,,,,87.0,138.0,1123.0,5.0,776.0,347.0,6.0,11.0,,,,765.0,1029.0,,,,,5.0,,2023,WR,239.3,239.3,15.0,15.0,16.0,20.0,43.0,59.0,16.0,20.0,38.0,52.0,True,True
6529,,,,,,,,,,,,,,,,,,,,,,,,,,,,,,,,,,,,2023,TE,0.0,0.0,,,112.0,,523.0,,112.0,,522.0,,False,False
4984,17.0,579.0,385.0,4306.0,29.0,18.0,24.0,2338.0,68.0,111.0,524.0,15.0,3.0,157.0,35.0,3.0,,,,,,,,,7.0,4.0,,1048.0,1086.0,5.0,,,,,,2023,QB,396.6,368.5,23.3,21.7,1.0,1.0,3.0,4.0,1.0,1.0,4.0,7.0,True,True
11053,9.0,,,,,,,,,,,,,,,,1.0,2.0,2.0,,1.0,1.0,,,,,,96.0,638.0,,,,,,,2023,WR,1.2,1.2,0.1,0.1,201.0,201.0,516.0,516.0,201.0,201.0,512.0,513.0,False,False
7579,,,,,,,,,,,,,,,,,,,,,,,,,,,,,78.0,,,,,,,2023,WR,0.0,0.0,,,204.0,,523.0,,204.0,,522.0,,False,False
947,11.0,,,,,,,,,,,,,,,,11.0,19.0,74.0,3.0,46.0,28.0,,4.0,,,,214.0,639.0,,,,,,,2023,WR,36.4,36.4,3.3,3.3,128.0,119.0,310.0,298.0,128.0,119.0,309.0,295.0,False,False
9500,17.0,,,,,,,,,,,,,,,,68.0,98.0,771.0,2.0,400.0,371.0,5.0,9.0,,,,788.0,1148.0,,,,,1.0,,2023,WR,159.1,159.1,9.4,9.4,43.0,54.0,106.0,149.0,43.0,54.0,105.0,142.0,False,False
7602,15.0,,,,,,,,,1.0,2.0,,,,,,30.0,50.0,368.0,1.0,240.0,128.0,3.0,5.0,,,,496.0,1007.0,,,,,,,2023,TE,73.0,73.0,4.9,4.9,33.0,33.0,213.0,244.0,33.0,33.0,209.0,243.0,False,False
5010,16.0,,,,,,,,,,,,,,,,17.0,22.0,172.0,1.0,53.0,119.0,1.0,2.0,,,,361.0,921.0,,,,,,,2023,TE,40.2,40.2,2.5,2.5,51.0,58.0,292.0,343.0,51.0,58.0,292.0,339.0,False,False
6039,10.0,,,,,,,,,30.0,132.0,,,62.0,5.0,2.0,7.0,7.0,62.0,1.0,2.0,60.0,,2.0,1.0,,,78.0,637.0,,,,,,,2023,RB,32.4,32.4,3.2,3.2,82.0,78.0,327.0,304.0,82.0,78.0,326.0,301.0,False,False
6803,16.0,,,,,,,,,,,,,,,,75.0,105.0,1342.0,7.0,960.0,382.0,2.0,9.0,1.0,1.0,,780.0,922.0,,,,,7.0,,2023,WR,263.2,263.2,16.5,16.5,13.0,15.0,33.0,40.0,13.0,15.0,27.0,32.0,True,True
9997,16.0,,,,,,,,,8.0,56.0,1.0,2.0,38.0,2.0,1.0,77.0,108.0,858.0,5.0,467.0,391.0,4.0,13.0,,,,905.0,1069.0,,,,,1.0,,2023,WR,206.4,206.4,12.9,12.9,31.0,32.0,73.0,92.0,31.0,32.0,72.0,88.0,False,True
6032,5.0,,,,,,,,,,,,,,,,6.0,13.0,33.0,,19.0,14.0,,2.0,,,,69.0,266.0,,,,,,,2023,WR,9.3,9.3,1.9,1.9,176.0,153.0,437.0,385.0,176.0,153.0,434.0,380.0,False,False
8172,2.0,,,,,,,,,,,,,,,,3.0,4.0,25.0,,20.0,5.0,,,,,,32.0,116.0,,,,,,,2023,TE,5.5,5.5,2.8,2.8,96.0,53.0,461.0,325.0,96.0,53.0,460.0,321.0,False,False
9222,10.0,,,,,,,,,9.0,19.0,,1.0,4.0,,,,,,,,,,,,,,10.0,589.0,,,,,,,2023,RB,1.9,1.9,0.2,0.2,129.0,131.0,504.0,507.0,129.0,131.0,499.0,503.0,False,False
8193,,,,,,,,,,,,,,,,,,,,,,,,,,,,,,,,,,,,2023,QB,0.0,0.0,,,75.0,,523.0,,74.0,,522.0,,False,False
11421,1.0,,,,,,,,,,,,,,,,,,,,,,,,,,,3.0,62.0,,,,,,,2023,WR,0.0,0.0,0.0,0.0,204.0,204.0,523.0,523.0,204.0,204.0,522.0,522.0,False,False
7050,15.0,,,,,,,,,,,,,,,,8.0,8.0,65.0,,26.0,39.0,,,,,,189.0,916.0,,,,,,,2023,TE,14.5,14.5,1.0,1.0,78.0,80.0,404.0,441.0,78.0,80.0,403.0,439.0,False,False
4144,17.0,1.0,,,,,,,1.0,1.0,,,,,1.0,,50.0,70.0,582.0,3.0,225.0,357.0,4.0,9.0,1.0,1.0,,614.0,1069.0,,,,,1.0,,2023,TE,126.2,126.2,7.4,7.4,16.0,20.0,138.0,189.0,16.0,20.0,137.0,183.0,False,False
8126,15.0,,,,,,,,,9.0,87.0,1.0,1.0,12.0,1.0,,60.0,78.0,525.0,1.0,238.0,287.0,3.0,2.0,,,,595.0,899.0,,,,,,,2023,WR,133.2,133.2,8.9,8.9,53.0,57.0,132.0,160.0,53.0,57.0,130.0,151.0,False,False
8249,7.0,,,,,,,,,,,,,,,,8.0,14.0,95.0,1.0,45.0,50.0,,2.0,,,,133.0,404.0,,,,,,,2023,TE,23.5,23.5,3.4,3.4,71.0,45.0,361.0,297.0,71.0,45.0,359.0,294.0,False,False
11168,,,,,,,,,,,,,,,,,,,,,,,,,,,,,,,,,,,,2023,WR,0.0,0.0,,,204.0,,523.0,,204.0,,522.0,,False,False
6853,17.0,,,,,,,,,1.0,4.0,,,1.0,,,20.0,43.0,209.0,,187.0,22.0,3.0,1.0,,,,591.0,1087.0,,,,,,,2023,WR,41.3,41.3,2.4,2.4,120.0,138.0,288.0,350.0,120.0,138.0,288.0,345.0,False,False
6557,,,,,,,,,,,,,,,,,,,,,,,,,,,,,,,,,,,,2023,WR,0.0,0.0,,,204.0,,523.0,,204.0,,522.0,,False,False
8489,12.0,,,,,,,,,,,,,,,,9.0,21.0,147.0,2.0,117.0,30.0,1.0,2.0,,,,336.0,961.0,,,,,,,2023,TE,35.7,35.7,3.0,3.0,57.0,50.0,314.0,316.0,57.0,50.0,313.0,312.0,False,False
8801,,,,,,,,,,,,,,,,,,,,,,,,,,,,,,,,,,,,2023,WR,0.0,0.0,,,204.0,,523.0,,204.0,,522.0,,False,False
8571,,,,,,,,,,,,,,,,,,,,,,,,,,,,,,,,,,,,2023,WR,0.0,0.0,,,204.0,,523.0,,204.0,,522.0,,False,False
6239,3.0,,,,,,,,,,,,,,,,2.0,4.0,13.0,,6.0,7.0,,,,,,51.0,211.0,,,,,,,2023,WR,3.3,3.3,1.1,1.1,192.0,176.0,481.0,433.0,192.0,176.0,478.0,430.0,False,False
8235,11.0,,,,,,,,,,,,,,,,8.0,18.0,78.0,,60.0,18.0,1.0,2.0,1.0,1.0,,139.0,700.0,,,,,,,2023,WR,13.8,13.8,1.3,1.3,168.0,169.0,410.0,421.0,168.0,169.0,408.0,418.0,False,False
8168,14.0,,,,,,,,,3.0,23.0,,,5.0,,,21.0,38.0,244.0,1.0,135.0,109.0,1.0,7.0,,,,495.0,942.0,,,,,,,2023,WR,53.7,53.7,3.8,3.8,107.0,106.0,253.0,277.0,107.0,106.0,251.0,274.0,False,False
2446,17.0,,,,,,,,,,,,,,,,9.0,12.0,110.0,1.0,59.0,51.0,,3.0,1.0,,,389.0,1069.0,,,,,,,2023,TE,26.0,26.0,1.5,1.5,67.0,75.0,350.0,409.0,67.0,75.0,348.0,404.0,False,False
5045,16.0,,,,,,,,,,,,,,,,59.0,90.0,772.0,10.0,616.0,156.0,5.0,17.0,3.0,3.0,,754.0,942.0,,,,,,,2023,WR,190.2,190.2,11.9,11.9,35.0,39.0,86.0,107.0,35.0,39.0,84.0,105.0,False,True
9497,17.0,,,,,,,,,,,,,,,,23.0,40.0,373.0,,325.0,48.0,3.0,,1.0,,,548.0,1037.0,,,,,1.0,,2023,WR,62.3,62.3,3.7,3.7,95.0,107.0,234.0,280.0,95.0,107.0,229.0,277.0,False,False
9492,17.0,,,,,,,,,3.0,22.0,,,2.0,,,39.0,68.0,385.0,3.0,281.0,104.0,4.0,3.0,3.0,1.0,,689.0,1038.0,,,,,,,2023,WR,95.7,95.7,5.6,5.6,73.0,83.0,180.0,225.0,73.0,83.0,176.0,223.0,False,False
6665,,,,,,,,,,,,,,,,,,,,,,,,,,,,,,,,,,,,2023,TE,0.0,0.0,,,112.0,,523.0,,112.0,,522.0,,False,False
8570,,,,,,,,,,,,,,,,,,,,,,,,,,,,,,,,,,,,2023,WR,0.0,0.0,,,204.0,,523.0,,204.0,,522.0,,False,False
8122,2.0,,,,,,,,,3.0,13.0,,,6.0,,,1.0,1.0,8.0,,-5.0,13.0,,,,,,9.0,130.0,,,,,,,2023,RB,3.1,3.1,1.5,1.5,122.0,106.0,485.0,409.0,122.0,106.0,481.0,404.0,False,False
7594,17.0,,,,,,,,,238.0,902.0,5.0,15.0,377.0,33.0,23.0,39.0,44.0,233.0,,-29.0,262.0,1.0,1.0,1.0,,,637.0,1099.0,,,1.0,,,,2023,RB,184.5,184.5,10.9,10.9,28.0,34.0,91.0,122.0,28.0,34.0,89.0,117.0,True,True
11508,2.0,,,,,,,,,,,,,,,,,,,,,,,,,,,,171.0,,,,,,,2023,TE,0.0,0.0,0.0,0.0,112.0,112.0,523.0,523.0,112.0,112.0,522.0,522.0,False,False
3852,,,,,,,,,,,,,,,,,,,,,,,,,,,,,,,,,,,,2023,WR,0.0,0.0,,,204.0,,523.0,,204.0,,522.0,,False,False
11493,,,,,,,,,,,,,,,,,,,,,,,,,,,,,,,,,,,,2023,TE,0.0,0.0,,,112.0,,523.0,,112.0,,522.0,,False,False
6850,17.0,,,,,,,,,5.0,8.0,,,3.0,,1.0,13.0,20.0,81.0,3.0,46.0,35.0,2.0,5.0,1.0,1.0,,371.0,1187.0,,,,,,,2023,TE,37.9,37.9,2.2,2.2,54.0,60.0,305.0,361.0,54.0,60.0,304.0,355.0,False,False
5096,12.0,,,,,,,,,3.0,30.0,,,2.0,,,12.0,15.0,135.0,,49.0,86.0,,1.0,1.0,,,173.0,696.0,,,,,,,2023,WR,28.5,28.5,2.4,2.4,142.0,138.0,338.0,350.0,142.0,138.0,337.0,345.0,False,False
4098,15.0,,,,,,,,,135.0,411.0,9.0,2.0,147.0,32.0,13.0,15.0,21.0,84.0,,-14.0,98.0,1.0,1.0,,,,332.0,1026.0,,,,,,,2023,RB,118.5,118.5,7.9,7.9,41.0,46.0,146.0,177.0,41.0,46.0,145.0,167.0,False,False
8127,15.0,,,,,,,,,,,,,,,,7.0,9.0,87.0,1.0,69.0,18.0,1.0,2.0,,,,229.0,981.0,,,,,,,2023,TE,21.7,21.7,1.4,1.4,74.0,76.0,370.0,414.0,74.0,76.0,367.0,410.0,False,False
3200,15.0,,,,,,,,,1.0,6.0,,,,1.0,,10.0,22.0,57.0,1.0,24.0,33.0,3.0,7.0,1.0,1.0,,125.0,1037.0,,,,,,,2023,WR,20.3,20.3,1.4,1.4,159.0,165.0,378.0,414.0,159.0,165.0,376.0,410.0,False,False
4089,15.0,,,,,,,,,3.0,10.0,,,4.0,,,51.0,70.0,411.0,3.0,136.0,275.0,2.0,10.0,3.0,,,568.0,941.0,,,,,,,2023,TE,111.1,111.1,7.4,7.4,23.0,20.0,156.0,189.0,23.0,20.0,154.0,183.0,False,False
2390,8.0,,,,,,,,,,,,,,,,,,,,,,,,,,,43.0,525.0,,,,,,,2023,TE,0.0,0.0,0.0,0.0,112.0,112.0,523.0,523.0,112.0,112.0,522.0,522.0,False,False
4718,12.0,,,,,,,,,8.0,35.0,,1.0,15.0,2.0,,2.0,7.0,18.0,,13.0,5.0,,,,,,108.0,809.0,,,,,,,2023,RB,7.3,7.3,0.6,0.6,113.0,125.0,449.0,478.0,113.0,125.0,447.0,474.0,False,False
7559,17.0,,,,,,,,,8.0,74.0,1.0,3.0,37.0,1.0,,8.0,10.0,51.0,,3.0,48.0,,,2.0,,1.0,114.0,1099.0,,,,,,,2023,WR,32.5,32.5,1.9,1.9,137.0,153.0,325.0,385.0,137.0,153.0,324.0,380.0,False,False
886,2.0,,,,,,,,,,,,,,,,,,,,,,,,,,,,188.0,,,,,,,2023,RB,0.0,0.0,0.0,0.0,135.0,135.0,523.0,523.0,135.0,135.0,522.0,522.0,False,False
7528,17.0,,,,,,,,,255.0,1035.0,8.0,28.0,503.0,42.0,29.0,29.0,38.0,170.0,,-5.0,175.0,2.0,3.0,2.0,1.0,,569.0,1071.0,,,2.0,,,,2023,RB,199.5,199.5,11.7,11.7,23.0,31.0,81.0,111.0,23.0,31.0,80.0,108.0,True,True
8745,,,,,,,,,,,,,,,,,,,,,,,,,,,,,,,,,,,,2023,WR,0.0,0.0,,,204.0,,523.0,,204.0,,522.0,,False,False
8255,12.0,,,,,,,,,14.0,46.0,,1.0,10.0,2.0,1.0,6.0,7.0,45.0,,7.0,38.0,1.0,,,,,48.0,803.0,,,,,,,2023,RB,15.1,15.1,1.3,1.3,98.0,109.0,396.0,421.0,98.0,109.0,394.0,418.0,False,False
8915,,,,,,,,,,,,,,,,,,,,,,,,,,,,,,,,,,,,2023,QB,0.0,0.0,,,75.0,,523.0,,74.0,,522.0,,False,False
9482,14.0,,,,,,,,,,,,,,,,27.0,40.0,304.0,2.0,140.0,164.0,1.0,7.0,,,,602.0,850.0,,,,,,,2023,TE,69.4,69.4,5.0,5.0,36.0,32.0,223.0,243.0,36.0,32.0,221.0,242.0,False,False
8800,3.0,,,,,,,,,,,,,,,,,,,,,,,,,,,,187.0,,,,,,,2023,RB,0.0,0.0,0.0,0.0,135.0,135.0,523.0,523.0,135.0,135.0,522.0,522.0,False,False
7337,1.0,,,,,,,,,,,,,,,,,,,,,,,,,,,2.0,60.0,,,,,,,2023,WR,0.0,0.0,0.0,0.0,204.0,204.0,523.0,523.0,204.0,204.0,522.0,522.0,False,False
4435,2.0,,,,,,,,,,,,,,,,,,,,,,,,,,,2.0,148.0,,,,,,,2023,TE,0.0,0.0,0.0,0.0,112.0,112.0,523.0,523.0,112.0,112.0,522.0,522.0,False,False
10863,10.0,,,,,,,,,,,,,,,,12.0,18.0,246.0,4.0,226.0,20.0,1.0,4.0,,,,300.0,656.0,,,,,,,2023,WR,60.6,60.6,6.1,6.1,98.0,77.0,240.0,213.0,98.0,77.0,235.0,210.0,False,False
10235,15.0,,,,,,,,,81.0,352.0,2.0,3.0,111.0,11.0,3.0,34.0,40.0,209.0,,-38.0,247.0,1.0,4.0,1.0,,,371.0,953.0,,,,,,,2023,RB,102.1,102.1,6.8,6.8,48.0,50.0,171.0,200.0,48.0,50.0,167.0,195.0,False,False
3155,5.0,,,,,,,,,,,,,,,,1.0,3.0,16.0,,16.0,,,,,,,65.0,310.0,,,,,,,2023,WR,2.6,2.6,0.5,0.5,195.0,192.0,492.0,484.0,195.0,192.0,487.0,480.0,False,False
8162,17.0,612.0,388.0,3946.0,21.0,21.0,65.0,1925.0,60.0,48.0,263.0,5.0,8.0,81.0,9.0,3.0,1.0,1.0,4.0,,2.0,2.0,,1.0,4.0,2.0,,1012.0,1058.0,5.0,,,,,,2023,QB,263.5,226.6,15.5,13.3,13.0,22.0,32.0,54.0,13.0,24.0,49.0,80.0,False,True
6012,16.0,,,,,,,,,,,,,,,,,1.0,,,,,1.0,,,,,6.0,1024.0,,,,,,,2023,RB,0.0,0.0,0.0,0.0,135.0,135.0,523.0,523.0,135.0,135.0,522.0,522.0,False,False
9490,17.0,,,,,,,,,7.0,41.0,,,6.0,,2.0,17.0,32.0,168.0,,98.0,70.0,2.0,5.0,1.0,1.0,,424.0,1090.0,,,,,,,2023,WR,35.9,35.9,2.1,2.1,129.0,146.0,312.0,368.0,129.0,146.0,311.0,362.0,False,False
6798,11.0,,,,,,,,,1.0,17.0,,,,,,7.0,24.0,138.0,,120.0,18.0,2.0,1.0,,,1.0,261.0,665.0,,,,,,,2023,WR,28.5,28.5,2.6,2.6,142.0,133.0,338.0,336.0,142.0,133.0,337.0,333.0,False,False
7351,1.0,,,,,,,,,,,,,,,,,,,,,,,,,,,2.0,142.0,,,,,,,2023,WR,0.0,0.0,0.0,0.0,204.0,204.0,523.0,523.0,204.0,204.0,522.0,522.0,False,False
8041,,,,,,,,,,,,,,,,,,,,,,,,,,,,,,,,,,,,2023,TE,0.0,0.0,,,112.0,,523.0,,112.0,,522.0,,False,False
4035,13.0,,,,,,,,,180.0,694.0,5.0,7.0,270.0,36.0,15.0,75.0,86.0,466.0,1.0,-35.0,501.0,2.0,8.0,,,,558.0,888.0,,,,,,,2023,RB,227.0,227.0,17.5,17.5,12.0,5.0,55.0,27.0,12.0,5.0,48.0,21.0,True,True
8756,13.0,,,,,,,,,,,,,,,,19.0,30.0,284.0,4.0,195.0,89.0,1.0,6.0,,,,315.0,743.0,,,,,,,2023,WR,71.4,71.4,5.5,5.5,89.0,87.0,219.0,229.0,89.0,87.0,217.0,229.0,False,False
7546,,,,,,,,,,,,,,,,,,,,,,,,,,,,,,,,,,,,2023,WR,0.0,0.0,,,204.0,,523.0,,204.0,,522.0,,False,False
6753,6.0,,,,,,,,,3.0,26.0,,,1.0,1.0,,,,,,,,,,,,,23.0,336.0,,,,,,,2023,RB,2.6,2.6,0.4,0.4,125.0,129.0,492.0,492.0,125.0,129.0,487.0,488.0,False,False
5113,15.0,,,,,,1.0,,,,,,,,,,22.0,38.0,296.0,3.0,240.0,56.0,1.0,5.0,,,,495.0,916.0,,,,,,,2023,WR,69.6,69.6,4.6,4.6,90.0,94.0,222.0,252.0,90.0,94.0,220.0,250.0,False,False
6822,,,,,,,,,,,,,,,,,,,,,,,,,,,,,46.0,,,,,,,2023,QB,0.0,0.0,,,75.0,,523.0,,74.0,,522.0,,False,False
8140,10.0,,,,,,,,,,,,,,,,6.0,11.0,53.0,,38.0,15.0,2.0,1.0,,,,98.0,1006.0,,,,,,,2023,WR,11.3,11.3,1.1,1.1,170.0,176.0,424.0,433.0,170.0,176.0,421.0,430.0,False,False
11024,,,,,,,,,,,,,,,,,,,,,,,,,,,,,,,,,,,,2023,WR,0.0,0.0,,,204.0,,523.0,,204.0,,522.0,,False,False
3362,1.0,26.0,13.0,166.0,2.0,2.0,3.0,93.0,,7.0,33.0,,,,,1.0,,,,,,,,,,,,,52.0,,,,,,,2023,QB,13.9,14.6,13.9,14.6,60.0,28.0,409.0,74.0,58.0,19.0,400.0,58.0,False,False
10871,17.0,,,,,,,,,,,,,,,,8.0,15.0,65.0,2.0,38.0,27.0,3.0,5.0,,,,340.0,1112.0,,,,,,,2023,TE,26.5,26.5,1.6,1.6,66.0,72.0,349.0,403.0,66.0,72.0,347.0,399.0,False,False
11435,7.0,,,,,,,,,14.0,85.0,,,18.0,1.0,1.0,4.0,5.0,23.0,,-7.0,30.0,,,1.0,,,36.0,588.0,,,,,,,2023,RB,14.8,14.8,2.1,2.1,101.0,95.0,400.0,368.0,101.0,95.0,398.0,362.0,False,False
3257,3.0,23.0,18.0,224.0,3.0,,,154.0,8.0,3.0,19.0,,,9.0,1.0,,,,,,,,,,,,,46.0,1012.0,,,,,,,2023,QB,22.9,24.4,7.6,8.1,55.0,51.0,364.0,184.0,50.0,40.0,356.0,162.0,False,False
9758,15.0,499.0,319.0,4108.0,23.0,5.0,38.0,2346.0,58.0,39.0,167.0,3.0,2.0,15.0,9.0,2.0,1.0,1.0,,,-1.0,1.0,,,8.0,4.0,,967.0,982.0,5.0,1.0,,,,,2023,QB,288.0,251.9,19.2,16.8,9.0,7.0,19.0,14.0,9.0,8.0,32.0,26.0,True,True
3199,10.0,,,,,,,,,,,,,,,,39.0,64.0,448.0,1.0,348.0,100.0,3.0,9.0,,,,490.0,708.0,,,,,,,2023,WR,89.8,89.8,9.0,9.0,75.0,55.0,186.0,155.0,75.0,55.0,181.0,146.0,False,False
10231,11.0,,,,,,,,,,,,,,,,14.0,19.0,163.0,1.0,96.0,67.0,2.0,2.0,,,,165.0,671.0,,,,,,,2023,TE,36.3,36.3,3.3,3.3,56.0,46.0,311.0,298.0,56.0,46.0,310.0,295.0,False,False
4972,4.0,74.0,55.0,719.0,3.0,,6.0,292.0,9.0,10.0,8.0,,,3.0,3.0,2.0,,,,,,,,,3.0,1.0,,199.0,321.0,,,,,,,2023,QB,39.6,31.2,9.9,7.8,47.0,39.0,299.0,139.0,47.0,41.0,329.0,168.0,False,False
11105,,,,,,,,,,,,,,,,,,,,,,,,,,,,,,,,,,,,2023,WR,0.0,0.0,,,204.0,,523.0,,204.0,,522.0,,False,False
9227,6.0,,,,,,,,,22.0,70.0,,1.0,20.0,,3.0,7.0,11.0,43.0,,-3.0,46.0,2.0,,1.0,1.0,,72.0,472.0,,,,,,,2023,RB,16.3,16.3,2.7,2.7,96.0,84.0,393.0,331.0,96.0,84.0,392.0,327.0,False,False
6834,,,,,,,,,,,,,,,,,,,,,,,,,,,,,,,,,,,,2023,TE,0.0,0.0,,,112.0,,523.0,,112.0,,522.0,,False,False
8185,1.0,,,,,,,,,,,,,,,,,,,,,,,,,,,4.0,56.0,,,,,,,2023,WR,0.0,0.0,0.0,0.0,204.0,204.0,523.0,523.0,204.0,204.0,522.0,522.0,False,False
11113,,,,,,,,,,,,,,,,,,,,,,,,,,,,,,,,,,,,2023,TE,0.0,0.0,,,112.0,,523.0,,112.0,,522.0,,False,False
5970,16.0,,,,,,,,,1.0,5.0,,,1.0,,,24.0,41.0,280.0,2.0,128.0,152.0,,3.0,,,,350.0,986.0,,,,,,,2023,WR,64.5,64.5,4.0,4.0,93.0,100.0,231.0,269.0,93.0,100.0,225.0,267.0,False,False
6805,,,,,,,,,,,,,,,,,,,,,,,,,,,,,,,,,,,,2023,WR,0.0,0.0,,,204.0,,523.0,,204.0,,522.0,,False,False
11433,10.0,,,,,,,,,,,,,,,,4.0,5.0,22.0,,-2.0,24.0,1.0,,,,,52.0,560.0,,,,,,,2023,TE,6.2,6.2,0.6,0.6,94.0,95.0,455.0,478.0,94.0,95.0,453.0,474.0,False,False
7733,3.0,,,,,,,,,,,,,,,,,,,,,,,,,,,8.0,207.0,,,,,,,2023,TE,0.0,0.0,0.0,0.0,112.0,112.0,523.0,523.0,112.0,112.0,522.0,522.0,False,False
9502,11.0,,,,,,1.0,,,11.0,51.0,,2.0,20.0,2.0,2.0,47.0,75.0,709.0,7.0,557.0,152.0,4.0,8.0,1.0,,,494.0,746.0,,,,,3.0,,2023,WR,171.0,171.0,15.5,15.5,39.0,19.0,102.0,54.0,39.0,19.0,100.0,48.0,False,False
11456,,,,,,,,,,,,,,,,,,,,,,,,,,,,,,,,,,,,2023,WR,0.0,0.0,,,204.0,,523.0,,204.0,,522.0,,False,False
2307,3.0,23.0,15.0,164.0,1.0,1.0,3.0,102.0,3.0,8.0,52.0,,,,,,,,,,,,,,1.0,1.0,,7.0,1082.0,,,,,,,2023,QB,11.8,10.5,3.9,3.5,62.0,57.0,420.0,272.0,61.0,55.0,429.0,288.0,False,False
8178,,,,,,,,,,,,,,,,,,,,,,,,,,,,,,,,,,,,2023,WR,0.0,0.0,,,204.0,,523.0,,204.0,,522.0,,False,False
3969,2.0,,,,,,,,,12.0,40.0,,,10.0,5.0,1.0,,,,,,,,,,,,10.0,55.0,,,,,,,2023,RB,4.0,4.0,2.0,2.0,118.0,99.0,475.0,379.0,118.0,99.0,472.0,374.0,False,False
11056,,,,,,,,,,,,,,,,,,,,,,,,,,,,,,,,,,,,2023,WR,0.0,0.0,,,204.0,,523.0,,204.0,,522.0,,False,False
11378,2.0,,,,,,,,,,,,,,,,,2.0,,,,,,1.0,,,,,82.0,,,,,,,2023,RB,0.0,0.0,0.0,0.0,135.0,135.0,523.0,523.0,135.0,135.0,522.0,522.0,False,False
6149,17.0,,,,,,,,,,,,,,,,50.0,79.0,770.0,4.0,472.0,298.0,2.0,4.0,,,,844.0,1037.0,,,,,1.0,,2023,WR,153.0,153.0,9.0,9.0,46.0,55.0,114.0,155.0,46.0,55.0,110.0,146.0,False,False
8214,12.0,,,,,,,,,,,,,,,,11.0,15.0,120.0,,70.0,50.0,1.0,4.0,,,,142.0,819.0,,,,,,,2023,TE,23.0,23.0,1.9,1.9,72.0,68.0,363.0,385.0,72.0,68.0,360.0,380.0,False,False
4149,13.0,,,,,,,,,106.0,306.0,1.0,3.0,126.0,12.0,10.0,18.0,20.0,62.0,,-25.0,87.0,,1.0,1.0,,,291.0,811.0,,,,,,,2023,RB,60.8,60.8,4.7,4.7,61.0,66.0,239.0,248.0,61.0,66.0,234.0,246.0,False,False
4017,6.0,171.0,105.0,1115.0,7.0,4.0,17.0,616.0,16.0,26.0,142.0,1.0,3.0,52.0,3.0,1.0,,,,,,,,,5.0,2.0,,383.0,458.0,,,,,,,2023,QB,80.8,72.5,13.5,12.1,36.0,29.0,198.0,79.0,35.0,30.0,211.0,102.0,False,False
4464,5.0,148.0,100.0,1306.0,7.0,8.0,12.0,822.0,16.0,10.0,25.0,,,,2.0,,,,,,,,,,2.0,,,171.0,629.0,2.0,1.0,,,,,2023,QB,74.7,62.6,14.9,12.5,38.0,26.0,210.0,62.0,38.0,28.0,227.0,96.0,False,False
8139,17.0,,,,,,,,,104.0,451.0,1.0,5.0,208.0,12.0,7.0,15.0,19.0,98.0,,13.0,85.0,,1.0,1.0,1.0,,181.0,980.0,,,2.0,,,,2023,RB,77.9,77.9,4.6,4.6,56.0,69.0,206.0,252.0,56.0,69.0,203.0,250.0,False,False
7809,,,,,,,,,,,,,,,,,,,,,,,,,,,,,,,,,,,,2023,RB,0.0,0.0,,,135.0,,523.0,,135.0,,522.0,,False,False
2505,12.0,,,,,,,,,,,,,,,,52.0,74.0,552.0,1.0,343.0,209.0,2.0,4.0,,,,534.0,754.0,,,,,,,2023,TE,113.2,113.2,9.4,9.4,22.0,13.0,154.0,149.0,22.0,13.0,152.0,142.0,False,False
2422,17.0,,,,,,,,,,,,,,,,5.0,9.0,26.0,1.0,7.0,19.0,1.0,1.0,1.0,1.0,,210.0,1072.0,,,,,,,2023,TE,11.6,11.6,0.7,0.7,85.0,92.0,422.0,471.0,85.0,92.0,419.0,467.0,False,False
1426,17.0,1.0,,,,,,,,2.0,9.0,,,4.0,2.0,,75.0,137.0,1057.0,7.0,834.0,223.0,4.0,17.0,,,,715.0,995.0,,,,,3.0,,2023,WR,229.6,229.6,13.5,13.5,22.0,29.0,54.0,79.0,22.0,29.0,47.0,74.0,True,True
11114,4.0,,,,,,,,,4.0,6.0,,,3.0,1.0,,2.0,2.0,13.0,,-1.0,14.0,,,,,,16.0,280.0,,,,,,,2023,RB,3.9,3.9,1.0,1.0,120.0,114.0,477.0,441.0,120.0,114.0,474.0,439.0,False,False
5220,12.0,,,,,,,,,,,,,,,,,,,,,,,,,,,2.0,778.0,,,,,,,2023,RB,0.0,0.0,0.0,0.0,135.0,135.0,523.0,523.0,135.0,135.0,522.0,522.0,False,False
4651,3.0,,,,,,,,,,,,,,,,,,,,,,,,,,,,180.0,,,,,,,2023,RB,0.0,0.0,0.0,0.0,135.0,135.0,523.0,523.0,135.0,135.0,522.0,522.0,False,False
11034,7.0,,,,,,,,,,,,,,,,6.0,6.0,64.0,,36.0,28.0,,,,,,68.0,420.0,,,,,,,2023,WR,12.4,12.4,1.8,1.8,169.0,158.0,417.0,391.0,169.0,158.0,416.0,387.0,False,False
6451,1.0,,,,,,,,,,,,,,,,,,,,,,,,,,,,72.0,,,,,,,2023,TE,0.0,0.0,0.0,0.0,112.0,112.0,523.0,523.0,112.0,112.0,522.0,522.0,False,False
8210,17.0,,,,,,,,,2.0,6.0,,,1.0,,,54.0,77.0,528.0,1.0,266.0,262.0,5.0,6.0,,,,661.0,995.0,,,,,,,2023,TE,113.4,113.4,6.7,6.7,21.0,26.0,153.0,203.0,21.0,26.0,151.0,198.0,False,False
6151,16.0,,,,,,,,,129.0,432.0,1.0,8.0,220.0,11.0,17.0,27.0,41.0,154.0,,-4.0,158.0,4.0,2.0,2.0,2.0,,399.0,1030.0,,,,,,,2023,RB,87.6,87.6,5.5,5.5,52.0,59.0,191.0,229.0,52.0,59.0,186.0,229.0,False,False
7943,,,,,,,,,,,,,,,,,,,,,,,,,,,,,,,,,,,,2023,TE,0.0,0.0,,,112.0,,523.0,,112.0,,522.0,,False,False
11256,5.0,143.0,94.0,859.0,3.0,6.0,5.0,362.0,17.0,23.0,109.0,2.0,,5.0,4.0,,,,,,,,,,3.0,2.0,,305.0,912.0,,,,,,,2023,QB,53.3,42.1,10.7,8.4,45.0,37.0,255.0,128.0,45.0,38.0,286.0,159.0,False,False
5086,16.0,,,,,,,,,,,,,,,,21.0,42.0,315.0,1.0,223.0,92.0,3.0,3.0,1.0,1.0,,618.0,1072.0,,,,,,,2023,WR,56.5,56.5,3.5,3.5,106.0,114.0,252.0,292.0,106.0,114.0,247.0,288.0,False,False
9499,,,,,,,,,,,,,,,,,,,,,,,,,,,,,,,,,,,,2023,WR,0.0,0.0,,,204.0,,523.0,,204.0,,522.0,,False,False
6311,,,,,,,,,,,,,,,,,,,,,,,,,,,,,,,,,,,,2023,RB,0.0,0.0,,,135.0,,523.0,,135.0,,522.0,,False,False
3391,13.0,,,,,,,,,,,,,,,,,,,,,,,,,,,1.0,880.0,,,,,,,2023,RB,0.0,0.0,0.0,0.0,135.0,135.0,523.0,523.0,135.0,135.0,522.0,522.0,False,False
7404,1.0,,,,,,,,,,,,,,,,,,,,,,,,,,,7.0,66.0,,,,,,,2023,TE,0.0,0.0,0.0,0.0,112.0,112.0,523.0,523.0,112.0,112.0,522.0,522.0,False,False
6989,3.0,,,,,,,,,,,,,,,,,,,,,,,,,,,28.0,181.0,,,,,,,2023,WR,0.0,0.0,0.0,0.0,204.0,204.0,523.0,523.0,204.0,204.0,522.0,522.0,False,False
5850,13.0,,,,,,1.0,,,233.0,805.0,6.0,10.0,293.0,36.0,26.0,37.0,54.0,296.0,,3.0,293.0,5.0,6.0,3.0,1.0,,600.0,786.0,,,2.0,,,,2023,RB,185.1,185.1,14.2,14.2,26.0,18.0,89.0,70.0,26.0,18.0,87.0,64.0,True,True
9753,16.0,,,,,,,,,108.0,462.0,1.0,10.0,192.0,22.0,12.0,33.0,40.0,209.0,,-39.0,248.0,2.0,1.0,,,,449.0,936.0,,,,,,,2023,RB,106.1,106.1,6.6,6.6,45.0,53.0,166.0,208.0,45.0,53.0,161.0,204.0,False,False
5880,12.0,,,,,,1.0,,,,,,,,,,20.0,27.0,104.0,,39.0,65.0,1.0,4.0,,,,207.0,782.0,,,,,,,2023,WR,30.4,30.4,2.5,2.5,141.0,135.0,333.0,343.0,141.0,135.0,333.0,339.0,False,False
4314,17.0,,,,,,,,,,,,,,,,17.0,23.0,172.0,1.0,71.0,101.0,,4.0,,,,168.0,1048.0,,,,,,,2023,TE,40.2,40.2,2.4,2.4,51.0,59.0,292.0,350.0,51.0,59.0,292.0,345.0,False,False
7527,11.0,345.0,224.0,2120.0,10.0,12.0,22.0,905.0,27.0,26.0,96.0,,,5.0,,1.0,,,,,,,,,3.0,2.0,,635.0,994.0,1.0,,,,,,2023,QB,108.4,86.0,9.9,7.8,31.0,39.0,163.0,139.0,32.0,41.0,190.0,168.0,False,False
11452,,,,,,,,,,,,,,,,,,,,,,,,,,,,,,,,,,,,2023,WR,0.0,0.0,,,204.0,,523.0,,204.0,,522.0,,False,False
9505,7.0,,,,,,,,,23.0,40.0,,,16.0,4.0,5.0,7.0,7.0,40.0,,-6.0,46.0,,,,,,61.0,553.0,,,,,,,2023,RB,15.0,15.0,2.1,2.1,99.0,95.0,397.0,368.0,99.0,95.0,395.0,362.0,False,False
862,2.0,35.0,18.0,185.0,,3.0,1.0,66.0,1.0,7.0,45.0,,,,,,,,,,,,,,,,,21.0,1072.0,,,,,,,2023,QB,5.9,2.2,3.0,1.1,65.0,61.0,457.0,316.0,67.0,65.0,491.0,430.0,False,False
2545,14.0,,,,,,,,,,,,,,,,10.0,11.0,94.0,,64.0,30.0,,2.0,,,,337.0,926.0,,,,,,,2023,TE,19.4,19.4,1.4,1.4,76.0,76.0,385.0,414.0,76.0,76.0,381.0,410.0,False,False
6126,12.0,,,,,,,,,,,,,,,,18.0,26.0,115.0,1.0,49.0,66.0,3.0,5.0,1.0,1.0,,330.0,830.0,,,,,,,2023,TE,33.5,33.5,2.8,2.8,60.0,53.0,322.0,325.0,60.0,53.0,321.0,321.0,False,False
7082,1.0,,,,,,,,,,,,,,,,,,,,,,,,,,,8.0,75.0,,,,,,,2023,TE,0.0,0.0,0.0,0.0,112.0,112.0,523.0,523.0,112.0,112.0,522.0,522.0,False,False
4319,14.0,,,,,,,,,,,,,,,,4.0,15.0,19.0,,7.0,12.0,1.0,3.0,,,,183.0,868.0,,,,,,,2023,WR,5.9,5.9,0.4,0.4,184.0,194.0,457.0,492.0,184.0,194.0,455.0,488.0,False,False
6588,,,,,,,,,,,,,,,,,,,,,,,,,,,,,,,,,,,,2023,WR,0.0,0.0,,,204.0,,523.0,,204.0,,522.0,,False,False
1916,,,,,,,,,,,,,,,,,,,,,,,,,,,,,,,,,,,,2023,WR,0.0,0.0,,,204.0,,523.0,,204.0,,522.0,,False,False
9495,10.0,,,,,,,,,1.0,,,,,,,4.0,9.0,60.0,,33.0,27.0,,,,,,115.0,656.0,,,,,,,2023,WR,10.0,10.0,1.0,1.0,173.0,182.0,432.0,441.0,173.0,182.0,430.0,439.0,False,False
10860,2.0,,,,,,1.0,,,,,,,,,,,,,,,,,,,,,10.0,238.0,,,,,,,2023,WR,0.0,0.0,0.0,0.0,204.0,204.0,523.0,523.0,204.0,204.0,522.0,522.0,False,False
2460,12.0,,,,,,,,,,,,,,,,8.0,12.0,58.0,1.0,25.0,33.0,1.0,4.0,,,,239.0,747.0,,,,,,,2023,TE,19.8,19.8,1.6,1.6,75.0,72.0,383.0,403.0,75.0,72.0,379.0,399.0,False,False
8176,,,,,,,,,,,,,,,,,,,,,,,,,,,,,,,,,,,,2023,WR,0.0,0.0,,,204.0,,523.0,,204.0,,522.0,,False,False
5001,15.0,,,,,,,,,,,,,,,,59.0,88.0,635.0,5.0,372.0,263.0,3.0,13.0,1.0,1.0,,739.0,1010.0,,,,,1.0,,2023,TE,152.5,152.5,10.2,10.2,10.0,11.0,116.0,135.0,10.0,11.0,112.0,129.0,True,True
6181,15.0,,,,,,,,,,,,,,,,1.0,3.0,21.0,,9.0,12.0,1.0,,,,,413.0,874.0,,,,,,,2023,TE,3.1,3.1,0.2,0.2,103.0,104.0,485.0,507.0,103.0,104.0,481.0,503.0,False,False
5806,,,,,,,,,,,,,,,,,,,,,,,,,,,,,,,,,,,,2023,QB,0.0,0.0,,,75.0,,523.0,,74.0,,522.0,,False,False
11467,,,,,,,,,,,,,,,,,,,,,,,,,,,,,,,,,,,,2023,TE,0.0,0.0,,,112.0,,523.0,,112.0,,522.0,,False,False
7131,,,,,,,,,,,,,,,,,,,,,,,,,,,,,,,,,,,,2023,TE,0.0,0.0,,,112.0,,523.0,,112.0,,522.0,,False,False
11506,,,,,,,,,,,,,,,,,,,,,,,,,,,,,,,,,,,,2023,WR,0.0,0.0,,,204.0,,523.0,,204.0,,522.0,,False,False
4029,15.0,,,,,,,,,67.0,214.0,,6.0,83.0,8.0,5.0,15.0,20.0,78.0,,-28.0,106.0,1.0,,2.0,2.0,,202.0,1036.0,,,,,,,2023,RB,40.2,40.2,2.7,2.7,75.0,84.0,292.0,331.0,75.0,84.0,292.0,327.0,False,False
5374,16.0,,,,,,,,,,,,,,,,27.0,53.0,460.0,3.0,413.0,47.0,4.0,6.0,1.0,1.0,,518.0,1004.0,,,,,,,2023,WR,89.0,89.0,5.6,5.6,77.0,83.0,189.0,225.0,77.0,83.0,183.0,223.0,False,False
9756,17.0,,,,,,,,,1.0,2.0,,,,1.0,,70.0,108.0,911.0,10.0,649.0,262.0,3.0,15.0,,,,853.0,1048.0,,,,,2.0,,2023,WR,225.3,225.3,13.3,13.3,23.0,31.0,56.0,87.0,23.0,31.0,51.0,80.0,True,True
7574,,,,,,,,,,,,,,,,,,,,,,,,,,,,,,,,,,,,2023,RB,0.0,0.0,,,135.0,,523.0,,135.0,,522.0,,False,False
4033,16.0,,,,,,,,,,,,,,,,81.0,123.0,882.0,6.0,283.0,599.0,11.0,17.0,2.0,2.0,,970.0,1187.0,,,,,2.0,,2023,TE,205.2,205.2,12.8,12.8,6.0,7.0,74.0,95.0,6.0,7.0,73.0,91.0,True,True
4152,,,,,,,,,,,,,,,,,,,,,,,,,,,,,,,,,,,,2023,RB,0.0,0.0,,,135.0,,523.0,,135.0,,522.0,,False,False
5849,8.0,268.0,176.0,1799.0,10.0,5.0,18.0,822.0,28.0,44.0,244.0,3.0,,13.0,11.0,8.0,,,,,,,,,7.0,,,470.0,476.0,,,,,,,2023,QB,144.4,128.4,18.0,16.0,27.0,11.0,122.0,21.0,26.0,14.0,134.0,38.0,False,False
5409,12.0,,,,,,1.0,,,,,,,,,,39.0,50.0,352.0,1.0,204.0,148.0,1.0,3.0,,,,246.0,709.0,,,,,,,2023,TE,80.2,80.2,6.7,6.7,27.0,26.0,200.0,203.0,27.0,26.0,198.0,198.0,False,False
7233,5.0,,,,,,,,,,,,,,,,,,,,,,,,,,,49.0,329.0,,,,,,,2023,WR,0.0,0.0,0.0,0.0,204.0,204.0,523.0,523.0,204.0,204.0,522.0,522.0,False,False
6960,1.0,,,,,,,,,,,,,,,,2.0,3.0,8.0,1.0,6.0,2.0,,1.0,,,,,75.0,,,,,,,2023,WR,8.8,8.8,8.8,8.8,177.0,59.0,439.0,163.0,177.0,59.0,436.0,153.0,False,False
11068,2.0,,,,,,,,,,,,,,,,,,,,,,,,,,,3.0,73.0,,,,,,,2023,WR,0.0,0.0,0.0,0.0,204.0,204.0,523.0,523.0,204.0,204.0,522.0,522.0,False,False
6819,16.0,,,,,,,,,,,,,,,,109.0,156.0,1152.0,4.0,639.0,513.0,3.0,19.0,2.0,1.0,,991.0,1077.0,,,,,3.0,,2023,WR,252.2,252.2,15.8,15.8,14.0,17.0,37.0,49.0,14.0,17.0,31.0,42.0,True,True
7002,13.0,,,,,,,,,,,,,,,,37.0,59.0,368.0,4.0,223.0,145.0,3.0,7.0,,,,524.0,847.0,,,,,,,2023,TE,97.8,97.8,7.5,7.5,26.0,19.0,176.0,186.0,26.0,19.0,172.0,178.0,False,False
8885,6.0,,,,,,,,,,,,,,,,1.0,1.0,9.0,,3.0,6.0,,,,,,64.0,309.0,,,,,,,2023,TE,1.9,1.9,0.3,0.3,106.0,102.0,504.0,499.0,106.0,102.0,499.0,495.0,False,False
6387,,,,,,,,,,,,,,,,,,,,,,,,,,,,,,,,,,,,2023,WR,0.0,0.0,,,204.0,,523.0,,204.0,,522.0,,False,False
11070,,,,,,,,,,,,,,,,,,,,,,,,,,,,,,,,,,,,2023,WR,0.0,0.0,,,204.0,,523.0,,204.0,,522.0,,False,False
5846,16.0,,,,,,,,,,,,,,,,66.0,119.0,1114.0,8.0,747.0,367.0,5.0,23.0,,,,785.0,936.0,,,,,3.0,,2023,WR,231.4,231.4,14.5,14.5,21.0,22.0,51.0,68.0,21.0,22.0,45.0,61.0,True,True
8155,17.0,,,,,,,,,223.0,994.0,5.0,13.0,399.0,21.0,31.0,76.0,95.0,591.0,4.0,-58.0,649.0,5.0,5.0,2.0,,,609.0,1036.0,,,3.0,,,,2023,RB,294.5,294.5,17.3,17.3,2.0,6.0,15.0,30.0,2.0,6.0,13.0,23.0,True,True
6814,8.0,,,,,,,,,12.0,55.0,,1.0,27.0,3.0,1.0,10.0,10.0,60.0,,-25.0,85.0,,,1.0,,,92.0,561.0,,,,,,,2023,WR,21.5,21.5,2.7,2.7,155.0,131.0,372.0,331.0,155.0,131.0,369.0,327.0,False,False
7716,17.0,,,,,,,,,,,,,,,,19.0,28.0,151.0,,86.0,65.0,3.0,3.0,,,,470.0,1058.0,,,,,,,2023,TE,34.1,34.1,2.0,2.0,58.0,65.0,320.0,379.0,58.0,65.0,319.0,374.0,False,False
2325,17.0,,,,,,,,,,,,,,,,35.0,45.0,381.0,4.0,241.0,140.0,2.0,7.0,1.0,,,583.0,1126.0,,,,,,,2023,WR,97.1,97.1,5.7,5.7,72.0,79.0,179.0,219.0,72.0,79.0,175.0,217.0,False,False
7135,,,,,,,,,,,,,,,,,,,,,,,,,,,,,,,,,,,,2023,WR,0.0,0.0,,,204.0,,523.0,,204.0,,522.0,,False,False
6427,,,,,,,,,,,,,,,,,,,,,,,,,,,,,,,,,,,,2023,WR,0.0,0.0,,,204.0,,523.0,,204.0,,522.0,,False,False
6806,1.0,,,,,,,,,8.0,22.0,1.0,,4.0,1.0,,2.0,3.0,15.0,,,15.0,,1.0,,,,30.0,64.0,,,,,,,2023,RB,11.7,11.7,11.7,11.7,106.0,31.0,421.0,111.0,106.0,31.0,418.0,108.0,False,False
6813,10.0,,,,,,,,,169.0,741.0,7.0,10.0,300.0,28.0,14.0,19.0,23.0,153.0,1.0,-21.0,174.0,2.0,4.0,1.0,,,386.0,669.0,,,1.0,,,,2023,RB,158.4,158.4,15.8,15.8,33.0,12.0,107.0,49.0,33.0,12.0,106.0,42.0,False,True
6828,15.0,,,,,,,,,178.0,613.0,2.0,5.0,297.0,34.0,15.0,22.0,28.0,223.0,,-8.0,231.0,1.0,1.0,,,,494.0,976.0,,,,,,,2023,RB,117.6,117.6,7.8,7.8,42.0,47.0,148.0,178.0,42.0,47.0,146.0,168.0,False,False
8840,2.0,,,,,,,,,,,,,,,,1.0,1.0,6.0,,1.0,5.0,,,,,,21.0,130.0,,,,,,,2023,TE,1.6,1.6,0.8,0.8,107.0,87.0,507.0,458.0,107.0,87.0,502.0,455.0,False,False
5124,,,,,,,,,,,,,,,,,,,,,,,,,,,,,,,,,,,,2023,QB,0.0,0.0,,,75.0,,523.0,,74.0,,522.0,,False,False
11415,,,,,,,,,,,,,,,,,,,,,,,,,,,,,,,,,,,,2023,TE,0.0,0.0,,,112.0,,523.0,,112.0,,522.0,,False,False
7588,16.0,,,,,,,,,217.0,774.0,3.0,9.0,324.0,37.0,25.0,47.0,58.0,228.0,2.0,-75.0,303.0,3.0,3.0,1.0,1.0,,468.0,948.0,,,,,,,2023,RB,175.2,175.2,11.0,11.0,29.0,33.0,96.0,120.0,29.0,33.0,93.0,115.0,True,True
5000,13.0,,,,,,,,,49.0,176.0,,2.0,52.0,4.0,5.0,14.0,17.0,81.0,,-30.0,111.0,1.0,,,,,139.0,791.0,,,,,,,2023,RB,39.7,39.7,3.1,3.1,76.0,80.0,297.0,310.0,76.0,80.0,297.0,307.0,False,False
8757,13.0,,,,,,,,,,,,,,,,,2.0,,,,,1.0,,,,,55.0,833.0,,,,,,,2023,TE,0.0,0.0,0.0,0.0,112.0,112.0,523.0,523.0,112.0,112.0,522.0,522.0,False,False
11115,1.0,,,,,,,,,,,,,,,,,,,,,,,,,,,1.0,65.0,,,,,,,2023,WR,0.0,0.0,0.0,0.0,204.0,204.0,523.0,523.0,204.0,204.0,522.0,522.0,False,False
8188,9.0,,,,,,,,,3.0,51.0,,2.0,39.0,,,13.0,23.0,91.0,,41.0,50.0,1.0,,,,,224.0,606.0,,,,,,,2023,WR,27.2,27.2,3.0,3.0,146.0,127.0,345.0,316.0,146.0,127.0,345.0,312.0,False,False
2334,2.0,,,,,,,,,,,,,,,,,3.0,,,,,,,,,,34.0,133.0,,,,,,,2023,WR,0.0,0.0,0.0,0.0,204.0,204.0,523.0,523.0,204.0,204.0,522.0,522.0,False,False
11192,,,,,,,,,,,,,,,,,,,,,,,,,,,,,,,,,,,,2023,WR,0.0,0.0,,,204.0,,523.0,,204.0,,522.0,,False,False
6865,17.0,,,,,,,,,,,,,,,,25.0,34.0,247.0,2.0,161.0,86.0,1.0,8.0,,,,455.0,996.0,,,,,,,2023,TE,61.7,61.7,3.6,3.6,38.0,42.0,236.0,284.0,38.0,42.0,231.0,281.0,False,False
6233,3.0,,,,,,,,,,,,,,,,,,,,,,,,,,,11.0,111.0,,,,,,,2023,TE,0.0,0.0,0.0,0.0,112.0,112.0,523.0,523.0,112.0,112.0,522.0,522.0,False,False
10216,3.0,,,,,,,,,,,,,,,,,,,,,,,,,,,,246.0,,,,,,,2023,RB,0.0,0.0,0.0,0.0,135.0,135.0,523.0,523.0,135.0,135.0,522.0,522.0,False,False
3242,3.0,,,,,,,,,2.0,,,,,,,2.0,3.0,31.0,,-5.0,36.0,,,1.0,1.0,,17.0,270.0,,,,,,,2023,RB,3.1,3.1,1.0,1.0,122.0,114.0,485.0,441.0,122.0,114.0,481.0,439.0,False,False
8058,,,,,,,,,,,,,,,,,,,,,,,,,,,,,,,,,,,,2023,RB,0.0,0.0,,,135.0,,523.0,,135.0,,522.0,,False,False
2251,16.0,,,,,,,,,1.0,2.0,,,2.0,,,55.0,78.0,496.0,4.0,267.0,229.0,2.0,9.0,2.0,2.0,,706.0,1004.0,,,,,,,2023,TE,124.8,124.8,7.8,7.8,17.0,18.0,140.0,178.0,17.0,18.0,138.0,168.0,False,False
4234,10.0,,,,,,,,,1.0,-1.0,,1.0,,1.0,1.0,33.0,55.0,567.0,2.0,344.0,223.0,3.0,7.0,,,,463.0,682.0,,,,,2.0,,2023,WR,105.6,105.6,10.6,10.6,66.0,47.0,168.0,129.0,66.0,47.0,163.0,123.0,False,False
6744,,,,,,,,,,,,,,,,,,,,,,,,,,,,,,,,,,,,2023,WR,0.0,0.0,,,204.0,,523.0,,204.0,,522.0,,False,False
4177,17.0,,,,,,,,,,,,,,,,31.0,50.0,378.0,5.0,288.0,90.0,3.0,7.0,,,,721.0,1088.0,,,,,,,2024,WR,98.8,98.8,5.8,5.8,80.0,93.0,188.0,232.0,80.0,93.0,186.0,231.0,False,False
11306,17.0,,,,,,,,,1.0,5.0,,1.0,5.0,,,6.0,10.0,39.0,1.0,17.0,22.0,1.0,1.0,4.0,1.0,,182.0,1066.0,,,,,,,2024,WR,14.4,14.4,0.8,0.8,156.0,187.0,389.0,457.0,156.0,187.0,388.0,454.0,False,False
6865,17.0,,,,,,,,,,,,,,,,30.0,49.0,294.0,1.0,134.0,160.0,2.0,9.0,,,,601.0,1090.0,,,,,,,2024,TE,65.4,65.4,3.8,3.8,39.0,42.0,236.0,283.0,39.0,42.0,234.0,280.0,False,False
8809,3.0,,,,,,,,,6.0,17.0,,,9.0,1.0,1.0,,,,,,,,,,,,28.0,195.0,,,,,,,2024,RB,1.7,1.7,0.6,0.6,128.0,121.0,506.0,478.0,128.0,121.0,505.0,474.0,False,False
9487,17.0,,,,,,,,,,,,,,,,32.0,51.0,390.0,3.0,282.0,108.0,1.0,6.0,2.0,,1.0,584.0,1033.0,,,,,1.0,,2024,WR,97.0,97.0,5.7,5.7,81.0,95.0,190.0,235.0,81.0,95.0,188.0,234.0,False,False
6918,,,,,,,,,,,,,,,,,,,,,,,,,,,,,,,,,,,,2024,RB,0.0,0.0,,,136.0,,538.0,,136.0,,538.0,,False,False
6137,,,,,,,,,,,,,,,,,,,,,,,,,,,,,,,,,,,,2024,TE,0.0,0.0,,,115.0,,538.0,,115.0,,538.0,,False,False
6786,15.0,,,,,,,,,14.0,70.0,,1.0,33.0,1.0,3.0,101.0,152.0,1194.0,6.0,657.0,537.0,7.0,16.0,1.0,1.0,,826.0,1031.0,,,,,3.0,,2024,WR,267.4,267.4,17.8,17.8,8.0,9.0,31.0,30.0,8.0,9.0,26.0,26.0,True,True
11584,17.0,,,,,,,,,207.0,1122.0,8.0,12.0,556.0,37.0,15.0,47.0,52.0,392.0,,-136.0,528.0,1.0,8.0,2.0,1.0,,516.0,1142.0,,,3.0,,,,2024,RB,250.4,250.4,14.7,14.7,14.0,19.0,41.0,70.0,14.0,19.0,37.0,64.0,True,True
11649,2.0,,,,,,,,,,,,,,,,,,,,,,,,,,,6.0,148.0,,,,,,,2024,RB,0.0,0.0,0.0,0.0,136.0,134.0,538.0,536.0,136.0,134.0,538.0,536.0,False,False
6783,17.0,,,,,,,,,,,,,,,,90.0,145.0,1229.0,4.0,842.0,387.0,9.0,13.0,,,,1061.0,1180.0,,,,,2.0,1.0,2024,WR,244.9,244.9,14.4,14.4,13.0,26.0,47.0,74.0,13.0,26.0,43.0,68.0,True,True
11616,15.0,,,,,,,,,1.0,7.0,,,2.0,,,4.0,6.0,80.0,,54.0,26.0,,2.0,2.0,1.0,,106.0,966.0,,,,,,,2024,WR,10.7,10.7,0.7,0.7,168.0,190.0,418.0,468.0,168.0,190.0,413.0,464.0,False,False
5965,,,,,,,,,,,,,,,,,,,,,,,,,,,,,,,,,,,,2024,WR,0.0,0.0,,,216.0,,538.0,,216.0,,538.0,,False,False
4992,8.0,,,,,,,,,,,,,,,,12.0,28.0,120.0,1.0,84.0,36.0,1.0,3.0,,,,148.0,488.0,,,,,,,2024,WR,30.0,30.0,3.8,3.8,131.0,117.0,325.0,283.0,131.0,117.0,325.0,280.0,False,False
9504,15.0,,,,,,,,,,,,,,,,43.0,68.0,589.0,3.0,439.0,150.0,4.0,3.0,,,,760.0,1025.0,,,,,1.0,,2024,WR,121.9,121.9,8.1,8.1,65.0,70.0,150.0,183.0,65.0,70.0,148.0,178.0,False,False
4038,1.0,,,,,,,,,,,,,,,,1.0,2.0,6.0,,4.0,2.0,,,,,,12.0,57.0,,,,,,,2024,WR,1.6,1.6,1.6,1.6,208.0,155.0,511.0,389.0,208.0,155.0,510.0,384.0,False,False
11439,16.0,,,,,,,,,113.0,496.0,1.0,8.0,194.0,15.0,14.0,24.0,27.0,76.0,2.0,-91.0,167.0,,3.0,1.0,1.0,,296.0,1038.0,,,,,,,2024,RB,97.2,97.2,6.1,6.1,45.0,52.0,189.0,226.0,45.0,52.0,187.0,225.0,False,False
5122,,,,,,,,,,,,,,,,,,,,,,,,,,,,,,,,,,,,2024,RB,0.0,0.0,,,136.0,,538.0,,136.0,,538.0,,False,False
11629,9.0,,,,,,,,,,,,,,,,1.0,3.0,21.0,1.0,21.0,,,,,,,57.0,566.0,,,,,,,2024,WR,9.1,9.1,1.0,1.0,172.0,175.0,429.0,435.0,172.0,175.0,425.0,432.0,False,False
7553,17.0,,,,,,,,,,,,,,,,47.0,74.0,602.0,4.0,330.0,272.0,4.0,13.0,,,,707.0,1143.0,,,,,,,2024,TE,131.2,131.2,7.7,7.7,15.0,22.0,134.0,194.0,15.0,22.0,132.0,190.0,False,True
11304,8.0,,,,,,,,,,,,,,,,1.0,2.0,7.0,1.0,4.0,3.0,,2.0,,,,95.0,571.0,,,,,,,2024,TE,7.7,7.7,1.0,1.0,94.0,81.0,437.0,435.0,94.0,81.0,433.0,432.0,False,False
19,8.0,248.0,162.0,1761.0,12.0,7.0,18.0,1110.0,41.0,9.0,26.0,,,2.0,2.0,1.0,,,,,,,,,4.0,4.0,,467.0,1087.0,2.0,,,,,,2024,QB,103.0,91.8,12.9,11.5,34.0,35.0,184.0,95.0,34.0,31.0,197.0,112.0,False,False
4054,17.0,,,,,,,,,,,,,,,,12.0,22.0,147.0,1.0,98.0,49.0,1.0,6.0,,,,475.0,1087.0,,,,,,,2024,TE,32.7,32.7,1.9,1.9,60.0,63.0,315.0,368.0,60.0,63.0,313.0,364.0,False,False
7944,,,,,,,,,,,,,,,,,,,,,,,,,,,,,,,,,,,,2024,WR,0.0,0.0,,,216.0,,538.0,,216.0,,538.0,,False,False
3423,2.0,,,,,,,,,,,,,,,,1.0,4.0,5.0,,4.0,1.0,,2.0,,,,12.0,71.0,,,,,,,2024,WR,1.5,1.5,0.8,0.8,211.0,187.0,515.0,457.0,211.0,187.0,514.0,454.0,False,False
12121,,,,,,,,,,,,,,,,,,,,,,,,,,,,,,,,,,,,2024,RB,0.0,0.0,,,136.0,,538.0,,136.0,,538.0,,False,False
1800,4.0,,,,,,,,,,,,,,,,,1.0,,,,,,,,,,26.0,160.0,,,,,,,2024,TE,0.0,0.0,0.0,0.0,115.0,115.0,538.0,536.0,115.0,115.0,538.0,536.0,False,False
8698,16.0,,,,,,,,,,,,,,,,,,,,,,,,,,,34.0,1015.0,,,,,,,2024,TE,0.0,0.0,0.0,0.0,115.0,115.0,538.0,536.0,115.0,115.0,538.0,536.0,False,False
11157,2.0,,,,,,,,,,,,,,,,1.0,1.0,-2.0,,-2.0,,,,,,,21.0,150.0,,,,,,,2024,WR,0.8,0.8,0.4,0.4,215.0,200.0,527.0,496.0,215.0,200.0,525.0,495.0,False,False
6908,,,,,,,,,,,,,,,,,,,,,,,,,,,,,,,,,,,,2024,RB,0.0,0.0,,,136.0,,538.0,,136.0,,538.0,,False,False
8116,14.0,,,,,,,,,26.0,108.0,,,39.0,,1.0,14.0,22.0,104.0,,-19.0,123.0,2.0,1.0,,,,192.0,995.0,,,,,,,2024,RB,35.2,35.2,2.5,2.5,78.0,90.0,303.0,340.0,78.0,90.0,302.0,338.0,False,False
7585,5.0,36.0,20.0,212.0,,,2.0,140.0,10.0,3.0,11.0,,,2.0,3.0,,,,,,,,,,,,,72.0,1107.0,,,,,,,2024,QB,9.6,5.3,1.9,1.1,61.0,62.0,427.0,368.0,62.0,63.0,459.0,424.0,False,False
2359,16.0,,,,,,,,,66.0,311.0,2.0,5.0,128.0,13.0,3.0,40.0,47.0,261.0,3.0,9.0,252.0,,6.0,2.0,1.0,,410.0,1072.0,,,1.0,,,,2024,RB,127.2,127.2,8.0,8.0,37.0,46.0,140.0,186.0,37.0,46.0,137.0,182.0,False,False
8241,,,,,,,,,,,,,,,,,,,,,,,,,,,,,,,,,,,,2024,QB,0.0,0.0,,,74.0,,538.0,,74.0,,538.0,,False,False
5854,8.0,181.0,107.0,1071.0,6.0,5.0,12.0,460.0,15.0,18.0,133.0,2.0,,30.0,2.0,1.0,,,,,,,,,5.0,2.0,,321.0,1057.0,1.0,,,,,,2024,QB,80.1,70.7,10.0,8.8,39.0,43.0,215.0,144.0,39.0,42.0,226.0,160.0,False,False
7593,17.0,,,,,,,,,56.0,159.0,2.0,3.0,84.0,12.0,7.0,16.0,19.0,99.0,,,99.0,1.0,3.0,,,,245.0,1087.0,,,,,,,2024,RB,53.8,53.8,3.2,3.2,66.0,79.0,265.0,311.0,66.0,79.0,263.0,309.0,False,False
11579,13.0,,,,,,,,,76.0,310.0,2.0,3.0,176.0,11.0,4.0,5.0,5.0,27.0,,-10.0,37.0,,,2.0,1.0,,138.0,849.0,,,,,,,2024,RB,48.7,48.7,3.7,3.7,67.0,71.0,272.0,288.0,67.0,71.0,271.0,286.0,False,False
3294,8.0,286.0,185.0,1978.0,11.0,8.0,21.0,1039.0,28.0,13.0,54.0,1.0,,6.0,2.0,,,,,,,,,,4.0,1.0,,501.0,553.0,2.0,,,,,,2024,QB,120.5,103.0,15.1,12.9,31.0,22.0,155.0,62.0,31.0,26.0,181.0,86.0,False,False
421,16.0,517.0,340.0,3762.0,20.0,8.0,28.0,2036.0,71.0,30.0,41.0,,,5.0,6.0,2.0,,,,,,,,,6.0,2.0,,1024.0,1024.0,2.0,,,,,,2024,QB,218.6,183.3,13.7,11.5,19.0,30.0,62.0,83.0,19.0,31.0,87.0,112.0,False,True
11636,16.0,,,,,,,,,,,,,,,,5.0,15.0,38.0,1.0,23.0,15.0,1.0,3.0,,,,369.0,1101.0,,,,,,,2024,WR,14.8,14.8,0.9,0.9,152.0,182.0,384.0,448.0,152.0,182.0,383.0,446.0,False,False
8134,15.0,,,,,,,,,2.0,4.0,,1.0,3.0,,,76.0,100.0,821.0,4.0,224.0,597.0,1.0,8.0,1.0,,,586.0,1027.0,,,,,2.0,,2024,WR,186.5,186.5,12.4,12.4,34.0,36.0,86.0,101.0,34.0,36.0,84.0,94.0,False,True
7828,17.0,,,,,,,,,1.0,-4.0,,,,,1.0,40.0,49.0,437.0,5.0,227.0,210.0,2.0,8.0,,,,664.0,1148.0,,,,,,,2024,TE,113.3,113.3,6.7,6.7,21.0,30.0,165.0,218.0,21.0,30.0,161.0,216.0,False,False
10861,,,,,,,,,,,,,,,,,,,,,,,,,,,,,,,,,,,,2024,RB,0.0,0.0,,,136.0,,538.0,,136.0,,538.0,,False,False
11557,1.0,29.0,22.0,241.0,1.0,,,169.0,3.0,10.0,16.0,1.0,,14.0,3.0,1.0,,,,,,,,,1.0,1.0,,61.0,130.0,,,,,,,2024,QB,19.2,16.4,19.2,16.4,53.0,9.0,358.0,18.0,54.0,11.0,373.0,39.0,False,False
5995,15.0,,,,,,,,,47.0,228.0,1.0,6.0,138.0,5.0,5.0,42.0,51.0,383.0,3.0,-55.0,438.0,2.0,8.0,,,,414.0,977.0,,,,,,,2024,RB,127.1,127.1,8.5,8.5,38.0,42.0,141.0,177.0,38.0,42.0,138.0,171.0,False,False
8138,16.0,,,,,,,,,207.0,1009.0,16.0,14.0,479.0,48.0,21.0,32.0,38.0,258.0,2.0,-2.0,260.0,2.0,3.0,1.0,,,485.0,1019.0,,,4.0,,,,2024,RB,274.7,274.7,17.2,17.2,8.0,11.0,29.0,37.0,8.0,11.0,24.0,33.0,True,True
9231,,,,,,,,,,,,,,,,,,,,,,,,,,,,,,,,,,,,2024,QB,0.0,0.0,,,74.0,,538.0,,74.0,,538.0,,False,False
8119,17.0,,,,,,,,,1.0,13.0,,,,,,19.0,33.0,216.0,,144.0,72.0,,1.0,,,,674.0,1157.0,,,,,,,2024,WR,41.9,41.9,2.5,2.5,118.0,136.0,288.0,340.0,118.0,136.0,286.0,338.0,False,False
7049,15.0,,,,,,,,,,,,,,,,77.0,113.0,975.0,6.0,737.0,238.0,5.0,15.0,1.0,,,689.0,948.0,,,,,1.0,,2024,WR,212.5,212.5,14.2,14.2,26.0,29.0,68.0,80.0,26.0,29.0,65.0,72.0,True,True
8136,16.0,,,,,,,,,144.0,613.0,3.0,9.0,382.0,20.0,17.0,51.0,57.0,393.0,6.0,-123.0,516.0,,10.0,3.0,3.0,,591.0,1065.0,,,,,,,2024,RB,199.6,199.6,12.5,12.5,23.0,24.0,76.0,100.0,23.0,24.0,74.0,93.0,True,True
11610,14.0,,,,,,,,,5.0,25.0,1.0,1.0,14.0,1.0,1.0,26.0,36.0,223.0,,100.0,123.0,2.0,2.0,1.0,1.0,,414.0,930.0,,,,,,,2024,WR,54.8,54.8,3.9,3.9,111.0,114.0,262.0,280.0,111.0,114.0,260.0,277.0,False,False
11918,,,,,,,,,,,,,,,,,,,,,,,,,,,,,,,,,,,,2024,WR,0.0,0.0,,,216.0,,538.0,,216.0,,538.0,,False,False
4943,17.0,545.0,361.0,4319.0,35.0,12.0,48.0,2566.0,93.0,67.0,212.0,1.0,1.0,57.0,7.0,5.0,,,,,,,,,8.0,4.0,,1110.0,1117.0,3.0,,,,,,2024,QB,314.0,297.6,18.5,17.5,9.0,11.0,16.0,23.0,8.0,10.0,17.0,28.0,True,True
10228,8.0,,,,,,,,,,,,,,,,1.0,1.0,5.0,,5.0,,,,2.0,1.0,1.0,26.0,477.0,,,,,,,2024,WR,5.5,5.5,0.7,0.7,188.0,190.0,461.0,468.0,188.0,190.0,458.0,464.0,False,False
11598,2.0,,,,,,,,,,,,,,,,,,,,,,,,,,,5.0,146.0,,,,,,,2024,TE,0.0,0.0,0.0,0.0,115.0,115.0,538.0,536.0,115.0,115.0,538.0,536.0,False,False
11998,,,,,,,,,,,,,,,,,,,,,,,,,,,,,,,,,,,,2024,RB,0.0,0.0,,,136.0,,538.0,,136.0,,538.0,,False,False
829,6.0,160.0,106.0,989.0,7.0,6.0,7.0,530.0,21.0,11.0,34.0,,1.0,19.0,,,,,,,,,,,2.0,,,306.0,973.0,1.0,,,,,,2024,QB,61.0,55.2,10.2,9.2,42.0,42.0,248.0,138.0,41.0,41.0,258.0,152.0,False,False
10222,17.0,,,,,,,,,20.0,163.0,1.0,2.0,49.0,3.0,2.0,55.0,75.0,857.0,6.0,477.0,380.0,9.0,10.0,3.0,1.0,,685.0,1084.0,,,,,3.0,,2024,WR,203.0,203.0,11.9,11.9,28.0,40.0,73.0,111.0,28.0,40.0,71.0,104.0,True,True
7534,,,,,,,,,,,,,,,,,,,,,,,,,,,,,,,,,,,,2024,WR,0.0,0.0,,,216.0,,538.0,,216.0,,538.0,,False,False
11311,,,,,,,,,,,,,,,,,,,,,,,,,,,,,,,,,,,,2024,WR,0.0,0.0,,,216.0,,538.0,,216.0,,538.0,,False,False
11370,15.0,,,,,,,,,36.0,183.0,1.0,6.0,109.0,9.0,1.0,11.0,13.0,69.0,,-26.0,95.0,1.0,3.0,,,,184.0,947.0,,,,,,,2024,RB,42.2,42.2,2.8,2.8,73.0,84.0,287.0,322.0,73.0,84.0,285.0,319.0,False,False
7794,,,,,,,,,,,,,,,,,,,,,,,,,,,,,,,,,,,,2024,RB,0.0,0.0,,,136.0,,538.0,,136.0,,538.0,,False,False
11574,10.0,,,,,,,,,1.0,,,,,,,,,,,,,,,1.0,1.0,,2.0,673.0,,,,,,,2024,RB,-2.0,-2.0,-0.2,-0.2,190.0,151.0,826.0,616.0,190.0,151.0,826.0,616.0,False,False
6323,4.0,,,,,,,,,,,,,,,,,2.0,,,,,,,,,,22.0,191.0,,,,,,,2024,RB,0.0,0.0,0.0,0.0,136.0,134.0,538.0,536.0,136.0,134.0,538.0,536.0,False,False
7606,3.0,,,,,,,,,2.0,-4.0,,1.0,3.0,,1.0,,1.0,,,,,,,1.0,1.0,,12.0,159.0,,,,,,,2024,WR,-2.4,-2.4,-0.8,-0.8,342.0,250.0,829.0,621.0,342.0,250.0,829.0,621.0,False,False
6927,,,,,,,,,,,,,,,,,,,,,,,,,,,,,,,,,,,,2024,WR,0.0,0.0,,,216.0,,538.0,,216.0,,538.0,,False,False
8111,14.0,,,,,,,,,1.0,-4.0,,1.0,,,1.0,59.0,87.0,600.0,4.0,289.0,311.0,8.0,14.0,2.0,1.0,,856.0,926.0,,,,,1.0,,2024,TE,142.6,142.6,10.2,10.2,14.0,11.0,122.0,138.0,14.0,11.0,119.0,134.0,False,True
3269,5.0,,,,,,,,,,,,,,,,,,,,,,,,,,,19.0,245.0,,,,,,,2024,WR,0.0,0.0,0.0,0.0,216.0,216.0,538.0,536.0,216.0,216.0,538.0,536.0,False,False
6970,1.0,,,,,,,,,,,,,,,,,1.0,,,,,,,,,,8.0,70.0,,,,,,,2024,TE,0.0,0.0,0.0,0.0,115.0,115.0,538.0,536.0,115.0,115.0,538.0,536.0,False,False
12374,7.0,,,,,,,,,,,,,,,,,1.0,,,,,,,,,,41.0,477.0,,,,,,,2024,TE,0.0,0.0,0.0,0.0,115.0,115.0,538.0,536.0,115.0,115.0,538.0,536.0,False,False
5026,,,,,,,,,,,,,,,,,,,,,,,,,,,,,,,,,,,,2024,WR,0.0,0.0,,,216.0,,538.0,,216.0,,538.0,,False,False
11647,10.0,,,,,,,,,43.0,155.0,,3.0,72.0,4.0,3.0,5.0,9.0,62.0,1.0,25.0,37.0,3.0,,1.0,,,169.0,644.0,,,,,,,2024,RB,32.7,32.7,3.3,3.3,81.0,77.0,315.0,305.0,81.0,77.0,313.0,304.0,False,False
7608,14.0,,,,,,,,,36.0,130.0,1.0,,26.0,7.0,2.0,10.0,11.0,25.0,,-24.0,49.0,,3.0,1.0,,,139.0,1003.0,,,,,,,2024,RB,31.5,31.5,2.2,2.2,84.0,94.0,323.0,353.0,84.0,94.0,321.0,350.0,False,False
6402,9.0,,,,,,,,,1.0,,,,,,,,,,,,,,,2.0,1.0,,10.0,629.0,,,,,,,2024,WR,-2.0,-2.0,-0.2,-0.2,341.0,248.0,826.0,616.0,341.0,248.0,826.0,616.0,False,False
8484,17.0,,,,,,,,,,,,,,,,,,,,,,,,,,,104.0,1142.0,,,,,,,2024,TE,0.0,0.0,0.0,0.0,115.0,115.0,538.0,536.0,115.0,115.0,538.0,536.0,False,False
9488,17.0,1.0,1.0,35.0,,,,35.0,,5.0,26.0,,,9.0,,,100.0,137.0,1130.0,6.0,653.0,477.0,5.0,13.0,1.0,,,948.0,1100.0,,,,,3.0,,2024,WR,259.0,258.3,15.2,15.2,9.0,19.0,35.0,59.0,9.0,19.0,32.0,53.0,True,True
9510,,,,,,,,,,,,,,,,,,,,,,,,,,,,,,,,,,,,2024,RB,0.0,0.0,,,136.0,,538.0,,136.0,,538.0,,False,False
11571,17.0,,,,,,,,,30.0,174.0,1.0,4.0,108.0,2.0,2.0,9.0,12.0,75.0,1.0,,75.0,1.0,3.0,,,,110.0,1066.0,,,,,,,2024,RB,45.9,45.9,2.7,2.7,70.0,87.0,278.0,327.0,70.0,87.0,278.0,326.0,False,False
7526,15.0,,,,,,,,,4.0,12.0,,,4.0,1.0,1.0,58.0,83.0,744.0,2.0,508.0,236.0,8.0,10.0,,,,793.0,1071.0,,,,,2.0,,2024,WR,149.6,149.6,10.0,10.0,46.0,54.0,112.0,144.0,46.0,54.0,111.0,140.0,False,False
6820,2.0,,,,,,,,,13.0,46.0,,3.0,29.0,,1.0,3.0,5.0,24.0,,-11.0,35.0,1.0,,,,,26.0,315.0,,,,,,,2024,RB,10.0,10.0,5.0,5.0,105.0,62.0,423.0,252.0,105.0,62.0,420.0,251.0,False,False
11931,,,,,,,,,,,,,,,,,,,,,,,,,,,,,,,,,,,,2024,QB,0.0,0.0,,,74.0,,538.0,,74.0,,538.0,,False,False
7713,12.0,,,,,,,,,,,,,,,,1.0,1.0,6.0,,-3.0,9.0,,,,,,22.0,717.0,,,,,,,2024,WR,1.6,1.6,0.1,0.1,208.0,214.0,511.0,525.0,208.0,214.0,510.0,524.0,False,False
2197,10.0,,,,,,,,,3.0,-3.0,,,5.0,1.0,2.0,26.0,54.0,259.0,3.0,204.0,55.0,1.0,8.0,,,,471.0,678.0,,,,,,,2024,WR,69.6,69.6,7.0,7.0,96.0,85.0,229.0,210.0,96.0,85.0,228.0,208.0,False,False
5870,10.0,341.0,216.0,2070.0,8.0,7.0,29.0,1126.0,30.0,67.0,265.0,2.0,5.0,79.0,13.0,3.0,,,,,,,,,4.0,2.0,,677.0,689.0,,,,,,,2024,QB,135.3,109.9,13.5,11.0,28.0,31.0,129.0,84.0,29.0,34.0,167.0,119.0,False,False
7064,5.0,,,,,,,,,3.0,3.0,,,1.0,,1.0,,,,,,,,,,,,4.0,307.0,,,,,,,2024,RB,0.3,0.3,0.1,0.1,133.0,131.0,535.0,525.0,133.0,131.0,535.0,524.0,False,False
5844,10.0,,,,,,,,,,,,,,,,41.0,62.0,455.0,,310.0,145.0,2.0,8.0,,,,423.0,694.0,,,,,1.0,,2024,TE,88.5,88.5,8.8,8.8,34.0,18.0,208.0,169.0,34.0,18.0,204.0,160.0,False,False
4127,,,,,,,,,,,,,,,,,,,,,,,,,,,,,429.0,,,,,,,2024,QB,0.0,0.0,,,74.0,,538.0,,74.0,,538.0,,False,False
7601,,,,,,,,,,,,,,,,,,,,,,,,,,,,,,,,,,,,2024,WR,0.0,0.0,,,216.0,,538.0,,216.0,,538.0,,False,False
6790,17.0,,,,,,,,,253.0,959.0,6.0,7.0,448.0,31.0,31.0,42.0,52.0,386.0,,-19.0,405.0,3.0,,2.0,,,751.0,1136.0,,,1.0,,,,2024,RB,214.5,214.5,12.6,12.6,19.0,23.0,67.0,99.0,19.0,23.0,64.0,91.0,True,True
1373,17.0,578.0,407.0,4320.0,21.0,15.0,50.0,2139.0,54.0,53.0,272.0,2.0,,18.0,8.0,5.0,,,,,,,,,9.0,,,1075.0,1100.0,5.0,,,,,,2024,QB,276.0,231.6,16.2,13.6,14.0,18.0,28.0,49.0,15.0,23.0,51.0,76.0,False,True
6768,11.0,399.0,291.0,2867.0,19.0,7.0,21.0,1182.0,57.0,17.0,49.0,,,,2.0,4.0,,,,,,,,,7.0,2.0,,717.0,740.0,4.0,,,,,,2024,QB,185.6,166.2,16.9,15.1,21.0,15.0,88.0,39.0,21.0,17.0,101.0,57.0,False,True
6130,15.0,,,,,,,,,113.0,437.0,4.0,10.0,231.0,11.0,6.0,21.0,24.0,119.0,,-59.0,178.0,1.0,,2.0,2.0,,380.0,974.0,,,,,,,2024,RB,96.6,96.6,6.4,6.4,46.0,50.0,191.0,222.0,46.0,50.0,190.0,221.0,False,False
12356,,,,,,,,,,,,,,,,,,,,,,,,,,,,,,,,,,,,2024,RB,0.0,0.0,,,136.0,,538.0,,136.0,,538.0,,False,False
6904,15.0,361.0,248.0,2903.0,18.0,5.0,38.0,1528.0,48.0,150.0,630.0,14.0,11.0,181.0,49.0,10.0,,,,,,,,,9.0,5.0,,934.0,1024.0,1.0,,,,,,2024,QB,317.1,295.1,21.1,19.7,8.0,6.0,15.0,9.0,9.0,5.0,18.0,11.0,True,True
7561,,,,,,,,,,,,,,,,,,,,,,,,,,,,,,,,,,,,2024,RB,0.0,0.0,,,136.0,,538.0,,136.0,,538.0,,False,False
11635,16.0,,,,,,,,,,,,,,,,82.0,112.0,1149.0,7.0,759.0,390.0,5.0,9.0,2.0,,,735.0,1007.0,,,,,3.0,,2024,WR,244.9,244.9,15.3,15.3,13.0,18.0,47.0,56.0,13.0,18.0,43.0,52.0,True,True
8154,14.0,,,,,,,,,187.0,799.0,8.0,10.0,421.0,41.0,18.0,20.0,25.0,159.0,,-20.0,179.0,,4.0,2.0,2.0,,505.0,978.0,,,3.0,,,,2024,RB,165.8,165.8,11.8,11.8,29.0,29.0,105.0,115.0,29.0,29.0,102.0,108.0,True,True
11060,,,,,,,,,,,,,,,,,,,,,,,,,,,,,,,,,,,,2024,RB,0.0,0.0,,,136.0,,538.0,,136.0,,538.0,,False,False
7427,2.0,,,,,,,,,,,,,,,,,,,,,,,,,,,4.0,124.0,,,,,,,2024,TE,0.0,0.0,0.0,0.0,115.0,115.0,538.0,536.0,115.0,115.0,538.0,536.0,False,False
11806,8.0,,,,,,,,,,,,,,,,1.0,2.0,14.0,,3.0,11.0,,,,,,9.0,824.0,,,,,,,2024,WR,2.4,2.4,0.3,0.3,202.0,206.0,495.0,506.0,202.0,206.0,493.0,506.0,False,False
6111,3.0,,,,,,,,,2.0,-2.0,,,,,,,,,,,,,,,,,5.0,1137.0,,,,,,,2024,QB,-0.2,-0.2,-0.1,-0.1,108.0,76.0,822.0,614.0,108.0,75.0,822.0,613.0,False,False
7583,,,,,,,,,,,,,,,,,,,,,,,,,,,,,295.0,,,,,,,2024,QB,0.0,0.0,,,74.0,,538.0,,74.0,,538.0,,False,False
5284,9.0,,,,,,,,,16.0,57.0,,,33.0,2.0,3.0,3.0,3.0,19.0,,,19.0,,,,,,71.0,608.0,,,,,,,2024,RB,10.6,10.6,1.2,1.2,104.0,110.0,420.0,421.0,104.0,110.0,416.0,418.0,False,False
11620,17.0,,,,,,,,,3.0,15.0,,,9.0,,,54.0,101.0,734.0,3.0,481.0,253.0,6.0,17.0,2.0,1.0,,954.0,1136.0,,,,,2.0,,2024,WR,148.9,148.9,8.8,8.8,47.0,62.0,113.0,169.0,47.0,62.0,112.0,160.0,False,False
10232,16.0,,,,,,,,,1.0,7.0,,,3.0,,,47.0,71.0,548.0,4.0,418.0,130.0,3.0,7.0,1.0,1.0,,799.0,1031.0,,,,,,,2024,WR,124.5,124.5,7.8,7.8,61.0,73.0,144.0,190.0,61.0,73.0,141.0,186.0,False,False
6804,15.0,425.0,268.0,3389.0,25.0,11.0,14.0,1735.0,72.0,25.0,83.0,1.0,,35.0,11.0,2.0,,,,,,,,,4.0,,,868.0,951.0,1.0,,,,,,2024,QB,229.9,212.1,15.3,14.1,17.0,20.0,53.0,56.0,17.0,21.0,66.0,73.0,False,True
3225,16.0,1.0,,,,,,,,1.0,3.0,,,1.0,,,39.0,57.0,390.0,,201.0,189.0,3.0,7.0,,,,635.0,1032.0,,,,,,,2024,WR,78.3,78.3,4.9,4.9,93.0,103.0,220.0,256.0,93.0,103.0,217.0,254.0,False,False
5121,6.0,,,,,,,,,,,,,,,,,4.0,,,,,,1.0,,,,112.0,415.0,,,,,,,2024,WR,0.0,0.0,0.0,0.0,216.0,216.0,538.0,536.0,216.0,216.0,538.0,536.0,False,False
11099,,,,,,,,,,,,,,,,,,,,,,,,,,,,,,,,,,,,2024,WR,0.0,0.0,,,216.0,,538.0,,216.0,,538.0,,False,False
8147,13.0,,,,,,,,,,,,,,,,24.0,37.0,254.0,1.0,185.0,69.0,,7.0,1.0,,,381.0,840.0,,,,,,,2024,WR,55.4,55.4,4.3,4.3,109.0,108.0,260.0,270.0,109.0,108.0,257.0,267.0,False,False
9483,1.0,,,,,,,,,,,,,,,,,,,,,,,,,,,1.0,58.0,,,,,,,2024,TE,0.0,0.0,0.0,0.0,115.0,115.0,538.0,536.0,115.0,115.0,538.0,536.0,False,False
11592,9.0,,,,,,,,,,,,,,,,20.0,22.0,158.0,,71.0,87.0,1.0,1.0,,,,231.0,551.0,,,,,,,2024,TE,35.8,35.8,4.0,4.0,54.0,41.0,300.0,278.0,54.0,41.0,299.0,275.0,False,False
7496,17.0,,,,,,,,,,,,,,,,32.0,60.0,497.0,9.0,373.0,124.0,4.0,9.0,,,,772.0,1094.0,,,,,1.0,,2024,WR,137.7,137.7,8.1,8.1,54.0,70.0,126.0,183.0,54.0,70.0,124.0,178.0,False,False
11224,,,,,,,,,,,,,,,,,,,,,,,,,,,,,,,,,,,,2024,TE,0.0,0.0,,,115.0,,538.0,,115.0,,538.0,,False,False
3634,12.0,,,,,,,,,2.0,,,,3.0,,1.0,17.0,22.0,215.0,2.0,78.0,137.0,,1.0,,,1.0,211.0,781.0,,,,,,,2024,WR,56.5,56.5,4.7,4.7,108.0,104.0,257.0,260.0,108.0,104.0,254.0,258.0,False,False
12018,,,,,,,,,,,,,,,,,,,,,,,,,,,,,,,,,,,,2024,WR,0.0,0.0,,,216.0,,538.0,,216.0,,538.0,,False,False
5773,17.0,,,,,,,,,,,,,,,,7.0,12.0,131.0,1.0,42.0,89.0,1.0,2.0,,,,231.0,1143.0,,,,,,,2024,WR,26.1,26.1,1.5,1.5,136.0,159.0,342.0,400.0,136.0,159.0,342.0,394.0,False,False
11520,,,,,,,,,,,,,,,,,,,,,,,,,,,,,,,,,,,,2024,WR,0.0,0.0,,,216.0,,538.0,,216.0,,538.0,,False,False
4574,12.0,308.0,187.0,1844.0,12.0,5.0,13.0,902.0,32.0,26.0,18.0,,,11.0,5.0,7.0,,,,,,,,,9.0,3.0,,572.0,1171.0,1.0,,,,,,2024,QB,109.6,96.7,9.1,8.1,33.0,49.0,171.0,163.0,33.0,46.0,189.0,178.0,False,False
9998,3.0,9.0,6.0,62.0,,,1.0,32.0,,5.0,2.0,,,,,,,,,,,,,,,,,33.0,1146.0,,,,,,,2024,QB,2.7,1.4,0.9,0.5,67.0,67.0,490.0,448.0,67.0,68.0,519.0,486.0,False,False
8500,9.0,,,,,,,,,,,,,,,,1.0,1.0,2.0,,2.0,,,,,,,73.0,618.0,,,,,,,2024,TE,1.2,1.2,0.1,0.1,113.0,111.0,521.0,525.0,113.0,111.0,520.0,524.0,False,False
4037,7.0,,,,,,,,,1.0,2.0,,,1.0,,,50.0,62.0,576.0,5.0,226.0,350.0,2.0,6.0,1.0,,,399.0,458.0,,,,,2.0,,2024,WR,141.8,141.8,20.3,20.3,52.0,2.0,124.0,13.0,52.0,2.0,121.0,10.0,False,False
11606,12.0,,,,,,,,,,,,,,,,3.0,4.0,21.0,,8.0,13.0,,,,,,73.0,816.0,,,,,,,2024,TE,5.1,5.1,0.4,0.4,96.0,101.0,464.0,496.0,96.0,101.0,462.0,495.0,False,False
5013,2.0,,,,,,,,,,,,,,,,1.0,1.0,16.0,,15.0,1.0,,,,,,9.0,125.0,,,,,,,2024,WR,2.6,2.6,1.3,1.3,200.0,166.0,493.0,414.0,200.0,166.0,490.0,410.0,False,False
11561,,,,,,,,,,,,,,,,,,,,,,,,,,,,,,,,,,,,2024,QB,0.0,0.0,,,74.0,,538.0,,74.0,,538.0,,False,False
5906,16.0,,,,,,,,,,,,,,,,22.0,33.0,311.0,1.0,217.0,94.0,1.0,4.0,,,,618.0,1088.0,,,,,,,2024,TE,59.1,59.1,3.7,3.7,41.0,43.0,251.0,288.0,41.0,43.0,248.0,286.0,False,False
7812,8.0,,,,,,,,,,,,,,,,6.0,16.0,106.0,,90.0,16.0,2.0,1.0,,,,244.0,495.0,,,,,,,2024,WR,16.6,16.6,2.1,2.1,148.0,144.0,373.0,358.0,148.0,144.0,372.0,355.0,False,False
7066,8.0,,,,,,,,,,,,,,,,7.0,18.0,57.0,1.0,41.0,16.0,1.0,3.0,,,,251.0,589.0,,,,,,,2024,WR,18.7,18.7,2.3,2.3,144.0,139.0,362.0,347.0,144.0,139.0,361.0,345.0,False,False
8475,1.0,,,,,,,,,,,,,,,,,,,,,,,,,,,5.0,72.0,,,,,,,2024,WR,0.0,0.0,0.0,0.0,216.0,216.0,538.0,536.0,216.0,216.0,538.0,536.0,False,False
11921,2.0,,,,,,,,,,,,,,,,,2.0,,,,,,,,,,57.0,123.0,,,,,,,2024,WR,0.0,0.0,0.0,0.0,216.0,216.0,538.0,536.0,216.0,216.0,538.0,536.0,False,False
260,6.0,3.0,2.0,17.0,,,1.0,15.0,,4.0,1.0,,,2.0,1.0,,,,,,,,,,,,,36.0,1110.0,,,,,,,2024,QB,0.8,0.4,0.1,0.1,70.0,72.0,527.0,525.0,72.0,71.0,532.0,524.0,False,False
2711,4.0,5.0,3.0,28.0,,,3.0,19.0,,2.0,20.0,,,,,,,,,,,,,,,,,22.0,941.0,,,,,,,2024,QB,3.1,2.6,0.8,0.6,66.0,68.0,483.0,457.0,65.0,66.0,490.0,474.0,False,False
6857,9.0,,,,,,,,,,,,,,,,1.0,2.0,6.0,,3.0,3.0,,,,,,32.0,610.0,,,,,,,2024,WR,1.6,1.6,0.2,0.2,208.0,210.0,511.0,517.0,208.0,210.0,510.0,516.0,False,False
7533,,,,,,,,,,,,,,,,,,,,,,,,,,,,,,,,,,,,2024,WR,0.0,0.0,,,216.0,,538.0,,216.0,,538.0,,False,False
1837,1.0,41.0,27.0,334.0,2.0,1.0,3.0,102.0,8.0,2.0,5.0,,,,,,,,,,,,,,,,,66.0,960.0,1.0,,,,,,2024,QB,21.9,19.2,21.9,19.2,51.0,5.0,353.0,7.0,52.0,7.0,357.0,15.0,False,False
10220,10.0,,,,,,,,,,,,,,,,4.0,8.0,29.0,,25.0,4.0,,,,,,93.0,650.0,,,,,,,2024,TE,6.9,6.9,0.7,0.7,95.0,91.0,444.0,468.0,95.0,91.0,441.0,464.0,False,False
8205,7.0,,,,,,,,,83.0,310.0,1.0,,128.0,8.0,5.0,12.0,16.0,79.0,,-40.0,119.0,1.0,1.0,,,,218.0,470.0,,,,,,,2024,RB,56.9,56.9,8.1,8.1,63.0,45.0,255.0,183.0,63.0,45.0,252.0,178.0,False,False
1166,14.0,453.0,303.0,3508.0,18.0,16.0,28.0,1821.0,46.0,23.0,,,,8.0,3.0,4.0,,,,,,,,,13.0,2.0,,913.0,1143.0,2.0,1.0,,,,,2024,QB,184.3,150.2,13.2,10.7,22.0,33.0,90.0,88.0,24.0,37.0,110.0,125.0,False,True
5185,12.0,1.0,,,,,,,1.0,,,,,,,,37.0,60.0,530.0,6.0,375.0,155.0,6.0,12.0,,,,649.0,769.0,,,,,1.0,,2024,WR,128.0,128.0,10.7,10.7,59.0,46.0,139.0,128.0,59.0,46.0,136.0,125.0,False,False
8110,14.0,,,,,,,,,,,,,,,,59.0,86.0,494.0,,185.0,309.0,3.0,4.0,4.0,2.0,,616.0,959.0,,,,,,,2024,TE,104.4,104.4,7.5,7.5,26.0,23.0,177.0,197.0,26.0,23.0,174.0,194.0,False,False
7842,17.0,,,,,,,,,,,,,,,,12.0,17.0,67.0,,37.0,30.0,1.0,1.0,,,,390.0,1033.0,,,,,,,2024,TE,18.7,18.7,1.1,1.1,70.0,79.0,362.0,427.0,70.0,79.0,361.0,424.0,False,False
11046,,,,,,,,,,,,,,,,,,,,,,,,,,,,,,,,,,,,2024,WR,0.0,0.0,,,216.0,,538.0,,216.0,,538.0,,False,False
4082,14.0,,,,,,,,,5.0,14.0,,,5.0,1.0,1.0,31.0,46.0,253.0,1.0,93.0,160.0,1.0,6.0,,,,378.0,883.0,,,,,,,2024,WR,63.7,63.7,4.6,4.6,103.0,105.0,241.0,262.0,103.0,105.0,239.0,261.0,False,False
1339,17.0,,,,,,,,,,,,,,,,66.0,91.0,654.0,7.0,467.0,187.0,4.0,21.0,1.0,,,771.0,1163.0,,,,,,,2024,TE,173.4,173.4,10.2,10.2,8.0,11.0,99.0,138.0,8.0,11.0,96.0,134.0,True,True
11280,11.0,,,,,,,,,,,,,,,,,,,,,,,,,,,33.0,746.0,,,,,,,2024,RB,0.0,0.0,0.0,0.0,136.0,134.0,538.0,536.0,136.0,134.0,538.0,536.0,False,False
11589,13.0,,,,,,,,,63.0,291.0,1.0,4.0,134.0,3.0,4.0,6.0,6.0,59.0,,-19.0,78.0,,,1.0,,,137.0,882.0,,,,,,,2024,RB,47.0,47.0,3.6,3.6,69.0,74.0,276.0,295.0,69.0,74.0,275.0,292.0,False,False
5878,,,,,,,,,,,,,,,,,,,,,,,,,,,,,,,,,,,,2024,TE,0.0,0.0,,,115.0,,538.0,,115.0,,538.0,,False,False
7143,,,,,,,,,,,,,,,,,,,,,,,,,,,,,,,,,,,,2024,QB,0.0,0.0,,,74.0,,538.0,,74.0,,538.0,,False,False
10867,17.0,,,,,,,,,,,,,,,,13.0,17.0,107.0,1.0,80.0,27.0,1.0,2.0,,,,319.0,1100.0,,,,,,,2024,WR,29.7,29.7,1.7,1.7,132.0,152.0,326.0,379.0,132.0,152.0,326.0,375.0,False,False
8131,16.0,,,,,,,,,,,,,,,,42.0,58.0,477.0,6.0,221.0,256.0,2.0,13.0,1.0,1.0,,627.0,1047.0,,,,,1.0,,2024,TE,125.7,125.7,7.9,7.9,16.0,20.0,142.0,187.0,16.0,20.0,139.0,183.0,False,False
4046,16.0,581.0,392.0,3928.0,26.0,11.0,36.0,1631.0,99.0,58.0,307.0,2.0,,67.0,9.0,,1.0,1.0,2.0,,-1.0,3.0,,,2.0,,,1106.0,1114.0,3.0,,,,,,2024,QB,289.0,262.5,18.1,16.4,11.0,13.0,20.0,28.0,11.0,11.0,30.0,39.0,False,True
3286,17.0,,,,,,,,,,,,,,,,31.0,64.0,505.0,7.0,434.0,71.0,1.0,11.0,,,,892.0,1090.0,,,,,,,2024,WR,123.5,123.5,7.3,7.3,62.0,78.0,146.0,201.0,62.0,78.0,144.0,197.0,False,False
7609,,,,,,,,,,,,,,,,,,,,,,,,,,,,,,,,,,,,2024,RB,0.0,0.0,,,136.0,,538.0,,136.0,,538.0,,False,False
11608,8.0,,,,,,,,,,,,,,,,2.0,3.0,6.0,,-1.0,7.0,,,,,,27.0,588.0,,,,,,,2024,WR,2.6,2.6,0.3,0.3,200.0,206.0,493.0,506.0,200.0,206.0,490.0,506.0,False,False
6171,1.0,,,,,,,,,,,,,,,,,,,,,,,,,,,3.0,53.0,,,,,,,2024,WR,0.0,0.0,0.0,0.0,216.0,216.0,538.0,536.0,216.0,216.0,538.0,536.0,False,False
7564,17.0,,,,,,,,,3.0,32.0,,,2.0,,,127.0,175.0,1708.0,17.0,921.0,787.0,9.0,35.0,,,,1054.0,1137.0,,,,,4.0,1.0,2024,WR,415.0,415.0,24.4,24.4,1.0,1.0,2.0,2.0,1.0,1.0,2.0,2.0,True,True
8174,,,,,,,,,,,,,,,,,,,,,,,,,,,,,,,,,,,,2024,RB,0.0,0.0,,,136.0,,538.0,,136.0,,538.0,,False,False
12235,,,,,,,,,,,,,,,,,,,,,,,,,,,,,,,,,,,,2024,WR,0.0,0.0,,,216.0,,538.0,,216.0,,538.0,,False,False
8177,17.0,,,,,,,,,,,,,,,,24.0,30.0,298.0,1.0,172.0,126.0,,2.0,,,,766.0,1157.0,,,,,,,2024,TE,59.8,59.8,3.5,3.5,40.0,44.0,250.0,297.0,40.0,44.0,247.0,294.0,False,False
8125,17.0,,,,,,,,,,,,,,,,36.0,58.0,548.0,4.0,396.0,152.0,2.0,4.0,1.0,1.0,1.0,593.0,1129.0,,,,,,,2024,WR,118.8,118.8,7.0,7.0,69.0,85.0,158.0,210.0,69.0,85.0,154.0,208.0,False,False
7746,1.0,,,,,,,,,,,,,,,,2.0,3.0,40.0,,31.0,9.0,,,1.0,1.0,,33.0,54.0,,,,,,,2024,WR,4.0,4.0,4.0,4.0,193.0,113.0,472.0,278.0,193.0,113.0,471.0,275.0,False,False
7587,16.0,1.0,,,,,,,,3.0,26.0,,,6.0,,,30.0,40.0,308.0,1.0,90.0,218.0,2.0,4.0,1.0,1.0,,495.0,1080.0,,,,,,,2024,WR,67.4,67.4,4.2,4.2,98.0,110.0,232.0,272.0,98.0,110.0,231.0,269.0,False,False
12410,,,,,,,,,,,,,,,,,,,,,,,,,,,,,,,,,,,,2024,WR,0.0,0.0,,,216.0,,538.0,,216.0,,538.0,,False,False
11897,4.0,,,,,,,,,1.0,-1.0,,,,,1.0,,,,,,,,,,,,4.0,275.0,,,,,,,2024,WR,-0.1,-0.1,-0.0,-0.0,340.0,216.0,821.0,536.0,340.0,216.0,821.0,536.0,False,False
8117,17.0,,,,,,,,,,,,,,,,49.0,79.0,610.0,7.0,444.0,166.0,3.0,13.0,,,,892.0,1171.0,,,,,,,2024,WR,152.0,152.0,8.9,8.9,45.0,60.0,111.0,166.0,45.0,60.0,109.0,157.0,False,False
6797,17.0,504.0,332.0,3870.0,23.0,3.0,41.0,2182.0,57.0,69.0,306.0,2.0,2.0,82.0,6.0,3.0,,,,,,,,,6.0,2.0,,1045.0,1067.0,2.0,,,,,,2024,QB,283.4,252.0,16.7,14.8,12.0,16.0,23.0,42.0,12.0,18.0,36.0,61.0,False,True
5884,,,,,,,,,,,,,,,,,,,,,,,,,,,,,,,,,,,,2024,WR,0.0,0.0,,,216.0,,538.0,,216.0,,538.0,,False,False
5781,,,,,,,,,,,,,,,,,,,,,,,,,,,,,,,,,,,,2024,WR,0.0,0.0,,,216.0,,538.0,,216.0,,538.0,,False,False
6801,12.0,,,,,,,,,,,,,,,,73.0,109.0,911.0,10.0,683.0,228.0,3.0,24.0,1.0,1.0,,636.0,808.0,,,,,2.0,,2024,WR,226.1,226.1,18.8,18.8,18.0,6.0,56.0,21.0,18.0,6.0,54.0,18.0,True,True
10859,16.0,,,,,,,,,,,,,,,,60.0,83.0,726.0,7.0,383.0,343.0,1.0,17.0,,,,910.0,1067.0,,,,,1.0,,2024,TE,176.6,176.6,11.0,11.0,7.0,9.0,96.0,124.0,7.0,9.0,93.0,119.0,True,True
11567,,,,,,,,,,,,,,,,,,,,,,,,,,,,,,,,,,,,2024,QB,0.0,0.0,,,74.0,,538.0,,74.0,,538.0,,False,False
8660,4.0,,,,,,,,,,,,,,,,,,,,,,,,,,,190.0,265.0,,,,,,,2024,TE,0.0,0.0,0.0,0.0,115.0,115.0,538.0,536.0,115.0,115.0,538.0,536.0,False,False
8921,3.0,,,,,,,,,,,,,,,,,,,,,,,,1.0,,,,229.0,,,,,,,2024,WR,0.0,0.0,0.0,0.0,216.0,216.0,538.0,536.0,216.0,216.0,538.0,536.0,False,False
11633,9.0,,,,,,,,,,,,,,,,3.0,7.0,22.0,,8.0,14.0,2.0,,,,,143.0,791.0,,,,,,,2024,WR,5.2,5.2,0.6,0.6,189.0,193.0,462.0,478.0,189.0,193.0,460.0,474.0,False,False
6712,,,,,,,,,,,,,,,,,,,,,,,,,,,,,,,,,,,,2024,WR,0.0,0.0,,,216.0,,538.0,,216.0,,538.0,,False,False
3433,3.0,,,,,,,,,,,,,,,,,,,,,,,,,,,,126.0,,,,,,,2024,WR,0.0,0.0,0.0,0.0,216.0,216.0,538.0,536.0,216.0,216.0,538.0,536.0,False,False
4111,11.0,,,,,,,,,71.0,232.0,,,84.0,12.0,2.0,6.0,8.0,54.0,,6.0,48.0,2.0,,2.0,1.0,,195.0,750.0,,,,,,,2024,RB,32.6,32.6,3.0,3.0,82.0,81.0,318.0,316.0,82.0,81.0,316.0,313.0,False,False
6386,6.0,,,,,,,,,,,,,,,,3.0,3.0,31.0,,21.0,10.0,,,,,,71.0,390.0,,,,,,,2024,WR,6.1,6.1,1.0,1.0,183.0,175.0,454.0,435.0,183.0,175.0,450.0,432.0,False,False
4443,15.0,,,,,,,,,,,,,,,,8.0,12.0,65.0,,35.0,30.0,1.0,1.0,1.0,1.0,,264.0,963.0,,,,,,,2024,TE,12.5,12.5,0.8,0.8,82.0,86.0,407.0,457.0,82.0,86.0,402.0,454.0,False,False
8414,5.0,,,,,,,,,,,,,,,,7.0,8.0,34.0,,6.0,28.0,1.0,2.0,,,,50.0,348.0,,,,,,,2024,WR,10.4,10.4,2.1,2.1,170.0,144.0,421.0,358.0,170.0,144.0,417.0,355.0,False,False
8523,4.0,,,,,,,,,,,,,,,,,,,,,,,,,,,17.0,233.0,,,,,,,2024,TE,0.0,0.0,0.0,0.0,115.0,115.0,538.0,536.0,115.0,115.0,538.0,536.0,False,False
9501,17.0,,,,,,,,,3.0,16.0,,,4.0,,,66.0,87.0,621.0,3.0,262.0,359.0,7.0,5.0,1.0,,,679.0,1093.0,,,,,,,2024,WR,147.7,147.7,8.7,8.7,48.0,64.0,115.0,172.0,48.0,64.0,113.0,166.0,False,False
8180,17.0,,,,,,,,,3.0,-4.0,,,1.0,2.0,1.0,28.0,42.0,414.0,6.0,308.0,106.0,4.0,7.0,1.0,1.0,,573.0,1117.0,,,,,,,2024,WR,103.0,103.0,6.1,6.1,78.0,91.0,184.0,226.0,78.0,91.0,181.0,225.0,False,False
1737,,,,,,,,,,,,,,,,,,,,,,,,,,,,,,,,,,,,2024,QB,0.0,0.0,,,74.0,,538.0,,74.0,,538.0,,False,False
7854,,,,,,,,,,,,,,,,,,,,,,,,,,,,,,,,,,,,2024,TE,0.0,0.0,,,115.0,,538.0,,115.0,,538.0,,False,False
9486,17.0,,,,,,,,,,,,,,,,39.0,76.0,415.0,5.0,276.0,139.0,9.0,14.0,,,,586.0,1084.0,,,,,,,2024,WR,110.5,110.5,6.5,6.5,73.0,89.0,169.0,221.0,73.0,89.0,165.0,220.0,False,False
4881,17.0,474.0,316.0,4172.0,41.0,4.0,23.0,2087.0,64.0,139.0,915.0,4.0,6.0,216.0,18.0,10.0,,,,,,,,,10.0,5.0,,1074.0,1110.0,2.0,,1.0,,,,2024,QB,434.4,432.9,25.6,25.5,1.0,1.0,1.0,1.0,1.0,1.0,1.0,1.0,True,True
10870,,,,,,,,,,,,,,,,,,,,,,,,,,,,,,,,,,,,2024,RB,0.0,0.0,,,136.0,,538.0,,136.0,,538.0,,False,False
11618,13.0,,,,,,,,,4.0,43.0,,1.0,17.0,1.0,,37.0,58.0,461.0,8.0,328.0,133.0,4.0,8.0,,,,626.0,957.0,,,,,,,2024,WR,135.4,135.4,10.4,10.4,55.0,51.0,127.0,136.0,55.0,51.0,126.0,132.0,False,False
4219,17.0,,,,,,,,,55.0,261.0,4.0,7.0,164.0,12.0,6.0,9.0,12.0,27.0,,-6.0,33.0,,2.0,,,,251.0,1163.0,,,,,,,2024,RB,61.8,61.8,3.6,3.6,61.0,74.0,246.0,295.0,61.0,74.0,244.0,292.0,False,False
10983,,,,,,,,,,,,,,,,,,,,,,,,,,,,,133.0,,,,,,,2024,QB,0.0,0.0,,,74.0,,538.0,,74.0,,538.0,,False,False
2133,14.0,,,,,,,,,,,,,,,,85.0,141.0,1063.0,8.0,590.0,473.0,6.0,24.0,,,,792.0,863.0,,,,,3.0,,2024,WR,245.3,245.3,17.5,17.5,12.0,10.0,46.0,33.0,12.0,10.0,42.0,28.0,True,True
96,17.0,584.0,368.0,3897.0,28.0,11.0,40.0,1778.0,83.0,22.0,107.0,,1.0,5.0,2.0,,,,,,,,,,5.0,2.0,,1030.0,1066.0,1.0,,,,,,2024,QB,254.6,232.6,15.0,13.7,16.0,24.0,39.0,67.0,14.0,22.0,50.0,75.0,False,True
5872,15.0,,,,,,1.0,,,42.0,136.0,1.0,1.0,69.0,10.0,5.0,51.0,81.0,670.0,3.0,249.0,421.0,6.0,13.0,2.0,1.0,,682.0,932.0,,,,,2.0,,2024,WR,157.6,157.6,10.5,10.5,44.0,49.0,110.0,134.0,44.0,49.0,107.0,130.0,False,False
8820,2.0,,,,,,,,,,,,,,,,,,,,,,,,,,,,135.0,,,,,,,2024,RB,0.0,0.0,0.0,0.0,136.0,134.0,538.0,536.0,136.0,134.0,538.0,536.0,False,False
9480,17.0,,,,,,,,,,,,,,,,40.0,53.0,411.0,2.0,228.0,183.0,3.0,6.0,1.0,1.0,,575.0,1033.0,,,,,,,2024,TE,91.1,91.1,5.4,5.4,31.0,35.0,202.0,245.0,31.0,35.0,198.0,245.0,False,False
827,2.0,22.0,17.0,119.0,3.0,,,51.0,6.0,3.0,13.0,,1.0,5.0,1.0,1.0,,,,,,,,,1.0,,,36.0,1066.0,,,,,,,2024,QB,18.1,21.7,9.0,10.8,54.0,50.0,366.0,164.0,51.0,36.0,353.0,124.0,False,False
4892,17.0,570.0,407.0,4500.0,41.0,16.0,40.0,2061.0,78.0,60.0,378.0,3.0,5.0,84.0,8.0,7.0,,,,,,,,,13.0,2.0,,1123.0,1142.0,6.0,,,,,,2024,QB,375.8,367.8,22.1,21.6,4.0,4.0,5.0,6.0,3.0,3.0,6.0,6.0,True,True
4137,16.0,,,,,,,,,236.0,1094.0,8.0,24.0,566.0,44.0,21.0,47.0,55.0,414.0,1.0,-69.0,483.0,2.0,5.0,4.0,1.0,,619.0,1031.0,,,6.0,,,,2024,RB,261.8,261.8,16.4,16.4,11.0,14.0,34.0,45.0,11.0,14.0,31.0,39.0,True,True
10862,7.0,118.0,61.0,440.0,,6.0,8.0,189.0,11.0,21.0,122.0,,1.0,27.0,2.0,3.0,,,,,,,,,3.0,1.0,,208.0,787.0,,,,,,,2024,QB,15.8,7.0,2.3,1.0,55.0,60.0,377.0,347.0,60.0,64.0,440.0,432.0,False,False
8145,17.0,,,,,,,,,,,,,,,,18.0,28.0,105.0,,21.0,84.0,2.0,3.0,,,,393.0,1066.0,,,,,,,2024,TE,28.5,28.5,1.7,1.7,62.0,65.0,331.0,379.0,62.0,65.0,331.0,375.0,False,False
12068,,,,,,,,,,,,,,,,,,,,,,,,,,,,,,,,,,,,2024,TE,0.0,0.0,,,115.0,,538.0,,115.0,,538.0,,False,False
11961,,,,,,,,,,,,,,,,,,,,,,,,,,,,,,,,,,,,2024,QB,0.0,0.0,,,74.0,,538.0,,74.0,,538.0,,False,False
7106,,,,,,,,,,,,,,,,,,,,,,,,,,,,,,,,,,,,2024,TE,0.0,0.0,,,115.0,,538.0,,115.0,,538.0,,False,False
12191,,,,,,,,,,,,,,,,,,,,,,,,,,,,,,,,,,,,2024,TE,0.0,0.0,,,115.0,,538.0,,115.0,,538.0,,False,False
5347,,,,,,,,,,,,,,,,,,,,,,,,,,,,,,,,,,,,2024,RB,0.0,0.0,,,136.0,,538.0,,136.0,,538.0,,False,False
9506,17.0,,,,,,,,,50.0,308.0,2.0,5.0,129.0,5.0,1.0,9.0,12.0,109.0,1.0,4.0,105.0,,,1.0,,,112.0,1142.0,,,1.0,,,,2024,RB,70.7,70.7,4.2,4.2,57.0,67.0,228.0,272.0,57.0,67.0,226.0,269.0,False,False
7607,3.0,,,,,,,,,35.0,131.0,1.0,1.0,50.0,7.0,2.0,11.0,11.0,57.0,,-16.0,73.0,,2.0,,,,132.0,214.0,,,,,,,2024,RB,35.8,35.8,11.9,11.9,77.0,28.0,300.0,111.0,77.0,28.0,299.0,104.0,False,False
8167,15.0,,,,,,,,,4.0,23.0,,1.0,4.0,,1.0,29.0,53.0,620.0,2.0,471.0,149.0,2.0,8.0,1.0,1.0,,555.0,962.0,,,,,2.0,,2024,WR,107.3,107.3,7.2,7.2,74.0,79.0,173.0,203.0,74.0,79.0,170.0,200.0,False,False
8211,1.0,,,,,,,,,3.0,7.0,,,4.0,,,,,,,,,,,,,,5.0,65.0,,,,,,,2024,RB,0.7,0.7,0.7,0.7,130.0,120.0,530.0,468.0,130.0,120.0,526.0,464.0,False,False
7599,2.0,,,,,,,,,6.0,22.0,,,13.0,3.0,1.0,1.0,1.0,10.0,,,10.0,,,,,,12.0,136.0,,,,,,,2024,RB,4.2,4.2,2.1,2.1,116.0,95.0,470.0,358.0,116.0,95.0,468.0,355.0,False,False
9999,12.0,301.0,190.0,2091.0,13.0,12.0,41.0,1150.0,21.0,45.0,183.0,,4.0,54.0,7.0,7.0,,,,,,,,,10.0,6.0,,621.0,868.0,,,,,,,2024,QB,117.9,102.1,9.8,8.5,32.0,44.0,161.0,149.0,32.0,45.0,183.0,171.0,False,False
5947,15.0,,,,,,1.0,,,2.0,23.0,,,13.0,,,87.0,129.0,1027.0,4.0,734.0,293.0,1.0,14.0,,,,898.0,981.0,,,,,3.0,,2024,WR,222.0,222.0,14.8,14.8,20.0,23.0,60.0,69.0,20.0,23.0,58.0,61.0,True,True
11651,16.0,,,,,,,,,84.0,420.0,4.0,3.0,240.0,14.0,6.0,15.0,16.0,152.0,,45.0,107.0,,,3.0,1.0,,227.0,1015.0,,,,,,,2024,RB,94.2,94.2,5.9,5.9,48.0,54.0,197.0,231.0,48.0,54.0,193.0,230.0,False,False
8831,,,,,,,,,,,,,,,,,,,,,,,,,,,,,,,,,,,,2024,WR,0.0,0.0,,,216.0,,538.0,,216.0,,538.0,,False,False
3271,3.0,,,,,,,,,,,,,,,,8.0,12.0,66.0,2.0,18.0,48.0,,5.0,,,,58.0,175.0,,,,,,,2024,TE,26.6,26.6,8.9,8.9,65.0,17.0,339.0,166.0,65.0,17.0,339.0,157.0,False,False
4988,8.0,,,,,,,,,102.0,332.0,3.0,4.0,162.0,16.0,11.0,5.0,11.0,31.0,1.0,,31.0,,1.0,1.0,1.0,,236.0,583.0,,,,,,,2024,RB,63.3,63.3,7.9,7.9,59.0,47.0,243.0,187.0,59.0,47.0,241.0,183.0,False,False
1535,13.0,,,,,,,,,32.0,135.0,,3.0,88.0,1.0,3.0,12.0,14.0,80.0,1.0,24.0,56.0,,2.0,1.0,1.0,,110.0,870.0,,,,,,,2024,RB,37.5,37.5,2.9,2.9,74.0,83.0,294.0,319.0,74.0,83.0,292.0,316.0,False,False
11638,11.0,1.0,,,,,,,,3.0,45.0,,,1.0,1.0,,31.0,46.0,400.0,3.0,286.0,114.0,,7.0,,,,455.0,674.0,,,,,1.0,,2024,WR,95.5,95.5,8.7,8.7,82.0,64.0,193.0,172.0,82.0,64.0,192.0,166.0,False,False
7605,4.0,1.0,1.0,5.0,,,,-3.0,,5.0,-4.0,,,,3.0,,,,,,,,,,,,,19.0,1142.0,,,,,,,2024,QB,-0.2,-0.3,-0.0,-0.1,108.0,74.0,822.0,536.0,109.0,75.0,823.0,613.0,False,False
7569,12.0,,,,,,,,,,,,,,,,68.0,99.0,1006.0,7.0,641.0,365.0,3.0,13.0,,,,502.0,759.0,,,,,4.0,,2024,WR,218.6,218.6,18.2,18.2,22.0,8.0,62.0,26.0,22.0,8.0,60.0,22.0,True,True
6659,17.0,,,,,,,,,31.0,139.0,,1.0,48.0,,3.0,3.0,5.0,40.0,,-2.0,42.0,,,1.0,,,96.0,1146.0,,,,,,,2024,RB,20.9,20.9,1.2,1.2,96.0,110.0,357.0,421.0,96.0,110.0,356.0,418.0,False,False
9228,14.0,384.0,234.0,2403.0,15.0,9.0,29.0,1434.0,56.0,43.0,249.0,6.0,4.0,32.0,10.0,1.0,,,,,,,,,5.0,2.0,,728.0,1034.0,,,,,,,2024,QB,195.0,177.0,13.9,12.6,20.0,29.0,81.0,82.0,20.0,28.0,92.0,91.0,False,True
10221,9.0,,,,,,,,,,,,,,,,2.0,6.0,22.0,,20.0,2.0,2.0,1.0,,,,113.0,586.0,,,,,,,2024,WR,4.2,4.2,0.5,0.5,192.0,198.0,470.0,488.0,192.0,198.0,468.0,486.0,False,False
5973,15.0,,,,,,,,,,,,,,,,22.0,28.0,258.0,3.0,129.0,129.0,2.0,3.0,,,,552.0,993.0,,,,,,,2024,TE,65.8,65.8,4.4,4.4,38.0,40.0,235.0,268.0,38.0,40.0,233.0,265.0,False,False
8408,12.0,,,,,,,,,153.0,789.0,3.0,13.0,348.0,32.0,15.0,11.0,14.0,91.0,,32.0,59.0,,2.0,3.0,1.0,,378.0,760.0,,,3.0,,,,2024,RB,121.0,121.0,10.1,10.1,40.0,36.0,153.0,142.0,40.0,36.0,150.0,137.0,False,False
5128,,,,,,,,,,,,,,,,,,,,,,,,,,,,,,,,,,,,2024,QB,0.0,0.0,,,74.0,,538.0,,74.0,,538.0,,False,False
10869,,,,,,,,,,,,,,,,,,,,,,,,,,,,,,,,,,,,2024,WR,0.0,0.0,,,216.0,,538.0,,216.0,,538.0,,False,False
11650,17.0,,,,,,,,,,,,,,,,18.0,24.0,168.0,,71.0,97.0,1.0,3.0,,,,419.0,1163.0,,,,,,,2024,WR,34.8,34.8,2.0,2.0,126.0,147.0,306.0,365.0,126.0,147.0,305.0,361.0,False,False
7021,16.0,,,,,,,,,235.0,1079.0,2.0,11.0,510.0,24.0,19.0,39.0,49.0,249.0,3.0,-23.0,272.0,2.0,5.0,3.0,2.0,,636.0,1109.0,,,4.0,,,,2024,RB,205.8,205.8,12.9,12.9,21.0,21.0,70.0,95.0,21.0,21.0,68.0,86.0,True,True
11895,11.0,,,,,,,,,,,,,,,,14.0,26.0,99.0,,72.0,27.0,2.0,1.0,,,,358.0,709.0,,,,,,,2024,WR,23.9,23.9,2.2,2.2,137.0,142.0,346.0,353.0,137.0,142.0,345.0,350.0,False,False
11630,1.0,,,,,,,,,,,,,,,,,,,,,,,,,,,5.0,67.0,,,,,,,2024,WR,0.0,0.0,0.0,0.0,216.0,216.0,538.0,536.0,216.0,216.0,538.0,536.0,False,False
7083,5.0,133.0,86.0,829.0,3.0,3.0,15.0,477.0,18.0,26.0,135.0,2.0,,31.0,3.0,2.0,,,,,,,,,6.0,2.0,,314.0,544.0,,,,,,,2024,QB,60.7,50.1,12.1,10.0,43.0,36.0,249.0,107.0,42.0,39.0,267.0,140.0,False,False
8137,14.0,,,,,,,,,2.0,-6.0,,,2.0,,1.0,59.0,103.0,900.0,3.0,685.0,215.0,5.0,16.0,1.0,1.0,,774.0,961.0,,,,,2.0,,2024,WR,168.4,168.4,12.0,12.0,42.0,39.0,102.0,109.0,42.0,39.0,98.0,102.0,False,False
5987,14.0,,,,,,,,,132.0,420.0,4.0,7.0,211.0,22.0,17.0,36.0,48.0,294.0,1.0,-20.0,314.0,2.0,1.0,1.0,1.0,,444.0,911.0,,,,,,,2024,RB,135.4,135.4,9.7,9.7,32.0,37.0,127.0,151.0,32.0,37.0,126.0,146.0,False,True
8135,5.0,,,,,,,,,2.0,1.0,,1.0,6.0,,1.0,4.0,8.0,34.0,,29.0,5.0,2.0,,,,,147.0,307.0,,,,,,,2024,WR,7.5,7.5,1.5,1.5,174.0,159.0,438.0,400.0,174.0,159.0,434.0,394.0,False,False
7694,12.0,,,,,,,,,,,,,,,,23.0,32.0,234.0,2.0,109.0,125.0,1.0,3.0,1.0,1.0,,513.0,753.0,,,,,,,2024,TE,56.4,56.4,4.7,4.7,44.0,37.0,258.0,260.0,44.0,37.0,255.0,258.0,False,False
9484,17.0,,,,,,,,,3.0,6.0,,,3.0,,,50.0,70.0,707.0,7.0,251.0,456.0,5.0,15.0,1.0,1.0,,925.0,1084.0,,,,,,,2024,TE,161.3,161.3,9.5,9.5,10.0,15.0,107.0,154.0,10.0,15.0,103.0,149.0,True,True
10215,8.0,39.0,18.0,226.0,1.0,1.0,6.0,129.0,5.0,11.0,22.0,,,,,,,,,,,,,,,,,82.0,1088.0,,,,,,,2024,QB,13.2,10.7,1.7,1.3,59.0,63.0,404.0,379.0,56.0,62.0,413.0,410.0,False,False
11597,12.0,,,,,,,,,,,,,,,,29.0,43.0,331.0,1.0,182.0,149.0,5.0,1.0,,,,683.0,811.0,,,,,,,2024,TE,68.1,68.1,5.7,5.7,37.0,34.0,231.0,235.0,37.0,34.0,230.0,234.0,False,False
11270,,,,,,,,,,,,,,,,,,,,,,,,,,,,,,,,,,,,2024,RB,0.0,0.0,,,136.0,,538.0,,136.0,,538.0,,False,False
5076,2.0,,,,,,,,,,,,,,,,,,,,,,,,,,,,204.0,,,,,,,2024,RB,0.0,0.0,0.0,0.0,136.0,134.0,538.0,536.0,136.0,134.0,538.0,536.0,False,False
11576,17.0,,,,,,,,,92.0,334.0,2.0,4.0,191.0,10.0,7.0,19.0,27.0,148.0,1.0,-15.0,163.0,4.0,1.0,,,,283.0,1066.0,,,,,,,2024,RB,85.2,85.2,5.0,5.0,51.0,62.0,211.0,252.0,51.0,62.0,207.0,251.0,False,False
7596,17.0,,,,,,,,,1.0,1.0,,,,,,61.0,102.0,538.0,1.0,405.0,133.0,5.0,6.0,,,,892.0,1180.0,,,,,1.0,,2024,WR,122.9,122.9,7.2,7.2,63.0,79.0,147.0,203.0,63.0,79.0,145.0,200.0,False,False
8799,,,,,,,,,,,,,,,,,,,,,,,,,,,,,,,,,,,,2024,TE,0.0,0.0,,,115.0,,538.0,,115.0,,538.0,,False,False
8146,17.0,,,,,,,,,2.0,5.0,,1.0,5.0,,,101.0,154.0,1104.0,7.0,662.0,442.0,7.0,23.0,2.0,2.0,,1025.0,1066.0,,,,,4.0,,2024,WR,257.9,257.9,15.2,15.2,10.0,19.0,36.0,59.0,10.0,19.0,33.0,53.0,True,True
6040,,,,,,,,,,,,,,,,,,,,,,,,,,,,,,,,,,,,2024,TE,0.0,0.0,,,115.0,,538.0,,115.0,,538.0,,False,False
5209,6.0,,,,,,,,,13.0,51.0,,1.0,21.0,2.0,,1.0,3.0,-2.0,,-4.0,2.0,1.0,,,,,43.0,370.0,,,,,,,2024,RB,5.9,5.9,1.0,1.0,114.0,115.0,459.0,435.0,114.0,115.0,455.0,432.0,False,False
4663,12.0,,,,,,,,,77.0,367.0,4.0,3.0,136.0,20.0,6.0,35.0,41.0,366.0,,-58.0,424.0,2.0,3.0,3.0,,,412.0,779.0,,,,,,,2024,RB,132.3,132.3,11.0,11.0,35.0,34.0,133.0,124.0,35.0,34.0,131.0,119.0,False,True
9511,5.0,,,,,,,,,15.0,30.0,,2.0,15.0,,3.0,1.0,1.0,28.0,,-5.0,33.0,,,,,,36.0,322.0,,,,,,,2024,RB,6.8,6.8,1.4,1.4,110.0,106.0,445.0,406.0,110.0,106.0,442.0,401.0,False,False
7521,4.0,,,,,,,,,,,,,,,,1.0,2.0,17.0,,17.0,,,,,,,27.0,418.0,,,,,,,2024,WR,2.7,2.7,0.7,0.7,199.0,190.0,490.0,468.0,199.0,190.0,488.0,464.0,False,False
7438,3.0,,,,,,,,,,,,,,,,2.0,3.0,18.0,1.0,7.0,11.0,,3.0,,,,45.0,209.0,,,,,,,2024,WR,9.8,9.8,3.3,3.3,171.0,125.0,425.0,305.0,171.0,126.0,422.0,304.0,False,False
8208,3.0,,,,,,,,,11.0,86.0,,1.0,64.0,,1.0,3.0,3.0,-2.0,,-6.0,4.0,,1.0,1.0,1.0,,21.0,190.0,,,,,,,2024,RB,9.4,9.4,3.1,3.1,106.0,80.0,428.0,315.0,106.0,80.0,424.0,311.0,False,False
11586,17.0,,,,,,,,,58.0,207.0,,,85.0,8.0,5.0,7.0,8.0,58.0,,-7.0,65.0,1.0,,,,,119.0,1090.0,,,,,,,2024,RB,33.5,33.5,2.0,2.0,79.0,96.0,311.0,365.0,79.0,96.0,310.0,361.0,False,False
11139,2.0,,,,,,,,,,,,,,,,,,,,,,,,,,,10.0,124.0,,,,,,,2024,WR,0.0,0.0,0.0,0.0,216.0,216.0,538.0,536.0,216.0,216.0,538.0,536.0,False,False
8225,17.0,,,,,,,,,,,,,,,,14.0,17.0,125.0,,72.0,53.0,,,,,,365.0,1125.0,,,,,,,2024,TE,26.5,26.5,1.6,1.6,66.0,68.0,340.0,389.0,66.0,68.0,340.0,384.0,False,False
5938,17.0,,,,,,,,,,,,,,,,31.0,45.0,293.0,1.0,101.0,192.0,3.0,5.0,2.0,1.0,,546.0,1102.0,,,,,,,2024,WR,64.3,64.3,3.8,3.8,102.0,117.0,239.0,283.0,102.0,117.0,237.0,280.0,False,False
12079,,,,,,,,,,,,,,,,,,,,,,,,,,,,,,,,,,,,2024,TE,0.0,0.0,,,115.0,,538.0,,115.0,,538.0,,False,False
11925,,,,,,,,,,,,,,,,,,,,,,,,,,,,,,,,,,,,2024,WR,0.0,0.0,,,216.0,,538.0,,216.0,,538.0,,False,False
11644,1.0,,,,,,,,,1.0,3.0,,,,,,1.0,1.0,6.0,,,6.0,,,,,,2.0,66.0,,,,,,,2024,RB,1.9,1.9,1.9,1.9,125.0,98.0,501.0,368.0,125.0,98.0,500.0,364.0,False,False
4040,14.0,,,,,,,,,,,,,,,,18.0,26.0,231.0,2.0,76.0,155.0,2.0,6.0,,,,424.0,923.0,,,,,1.0,,2024,WR,55.1,55.1,3.9,3.9,110.0,114.0,261.0,280.0,110.0,114.0,259.0,277.0,False,False
8206,3.0,33.0,21.0,187.0,,,6.0,102.0,8.0,1.0,4.0,,,,,,,,,,,,,,2.0,,,58.0,654.0,,,,,,,2024,QB,7.9,4.1,2.6,1.4,62.0,59.0,434.0,331.0,64.0,61.0,470.0,401.0,False,False
12171,5.0,,,,,,,,,1.0,2.0,,,1.0,,,,,,,,,,,,,,9.0,351.0,,,,,,,2024,RB,0.2,0.2,0.0,0.0,134.0,134.0,536.0,536.0,134.0,134.0,536.0,536.0,False,False
5110,,,,,,,,,,,,,,,,,,,,,,,,,,,,,,,,,,,,2024,WR,0.0,0.0,,,216.0,,538.0,,216.0,,538.0,,False,False
3321,17.0,,,,,,,,,8.0,53.0,,1.0,8.0,,,81.0,123.0,959.0,6.0,667.0,292.0,2.0,18.0,,,,906.0,1138.0,,,,,3.0,,2024,WR,224.2,224.2,13.2,13.2,19.0,32.0,58.0,88.0,19.0,32.0,57.0,81.0,True,True
8013,17.0,,,,,,,,,,,,,,,,3.0,5.0,41.0,,24.0,17.0,,,,,,169.0,1033.0,,,,,,,2024,WR,7.1,7.1,0.4,0.4,176.0,200.0,441.0,496.0,176.0,200.0,438.0,495.0,False,False
6185,,,,,,,,,,,,,,,,,,,,,,,,,,,,,288.0,,,,,,,2024,QB,0.0,0.0,,,74.0,,538.0,,74.0,,538.0,,False,False
12224,,,,,,,,,,,,,,,,,,,,,,,,,,,,,,,,,,,,2024,WR,0.0,0.0,,,216.0,,538.0,,216.0,,538.0,,False,False
8197,7.0,,,,,,,,,,,,,,,,5.0,5.0,51.0,,19.0,32.0,,1.0,,,,68.0,443.0,,,,,,,2024,TE,10.1,10.1,1.4,1.4,88.0,73.0,422.0,406.0,88.0,73.0,419.0,401.0,False,False
2216,14.0,,,,,,,,,,,,,,,,74.0,110.0,1004.0,11.0,778.0,226.0,4.0,15.0,,,,671.0,953.0,,,,,2.0,,2024,WR,244.4,244.4,17.5,17.5,15.0,10.0,50.0,33.0,15.0,10.0,46.0,28.0,True,True
7562,17.0,1.0,,,,,,,,2.0,7.0,,,1.0,1.0,,42.0,62.0,562.0,,436.0,126.0,3.0,3.0,,,,425.0,1090.0,,,,,,,2024,WR,98.9,98.9,5.8,5.8,79.0,93.0,187.0,232.0,79.0,93.0,185.0,231.0,False,False
8132,17.0,,,,,,,,,137.0,644.0,3.0,7.0,356.0,23.0,11.0,13.0,13.0,88.0,,-5.0,93.0,,,,,,287.0,1143.0,,,1.0,,,,2024,RB,106.2,106.2,6.2,6.2,43.0,51.0,175.0,224.0,43.0,51.0,172.0,223.0,False,False
8254,17.0,,,,,,,,,22.0,102.0,,2.0,47.0,4.0,2.0,2.0,3.0,11.0,,-3.0,14.0,,,,,,84.0,1094.0,,,,,,,2024,RB,13.3,13.3,0.8,0.8,101.0,119.0,403.0,457.0,101.0,119.0,400.0,454.0,False,False
8107,2.0,,,,,,,,,,,,,,,,,,,,,,,,,,,,110.0,,,,,,,2024,TE,0.0,0.0,0.0,0.0,115.0,115.0,538.0,536.0,115.0,115.0,538.0,536.0,False,False
8157,1.0,31.0,16.0,170.0,1.0,2.0,1.0,69.0,6.0,2.0,2.0,,,,,,,,,,,,,,,,,53.0,204.0,,,,,,,2024,QB,7.0,5.6,7.0,5.6,63.0,52.0,443.0,210.0,61.0,52.0,457.0,237.0,False,False
8223,3.0,,,,,,,,,3.0,11.0,,,5.0,,,1.0,1.0,8.0,,-5.0,13.0,,,1.0,1.0,,7.0,206.0,,,,,,,2024,WR,0.9,0.9,0.3,0.3,214.0,206.0,526.0,506.0,214.0,206.0,524.0,506.0,False,False
7535,17.0,,,,,,,,,,,,,,,,7.0,9.0,60.0,,30.0,30.0,1.0,,,,1.0,279.0,1090.0,,,,,,,2024,TE,19.0,19.0,1.1,1.1,69.0,79.0,361.0,427.0,69.0,79.0,360.0,424.0,False,False
11384,,,,,,,,,,,,,,,,,,,,,,,,,,,,,,,,,,,,2024,RB,0.0,0.0,,,136.0,,538.0,,136.0,,538.0,,False,False
11959,10.0,,,,,,,,,,,,,,,,6.0,9.0,95.0,,69.0,26.0,,1.0,,,,67.0,638.0,,,,,,,2024,WR,15.5,15.5,1.6,1.6,150.0,155.0,380.0,389.0,150.0,155.0,380.0,384.0,False,False
11511,,,,,,,,,,,,,,,,,,,,,,,,,,,,,,,,,,,,2024,TE,0.0,0.0,,,115.0,,538.0,,115.0,,538.0,,False,False
8253,7.0,,,,,,,,,2.0,7.0,,,2.0,1.0,1.0,4.0,4.0,20.0,,-8.0,28.0,,1.0,,,,51.0,439.0,,,,,,,2024,WR,6.7,6.7,1.0,1.0,179.0,175.0,447.0,435.0,179.0,175.0,444.0,432.0,False,False
6421,,,,,,,,,,,,,,,,,,,,,,,,,,,,,,,,,,,,2024,WR,0.0,0.0,,,216.0,,538.0,,216.0,,538.0,,False,False
11964,,,,,,,,,,,,,,,,,,,,,,,,,,,,,,,,,,,,2024,WR,0.0,0.0,,,216.0,,538.0,,216.0,,538.0,,False,False
8861,13.0,,,,,,,,,,,,,,,,,1.0,,,,,,1.0,,,,10.0,812.0,,,,,,,2024,WR,0.0,0.0,0.0,0.0,216.0,216.0,538.0,536.0,216.0,216.0,538.0,536.0,False,False
7703,,,,,,,,,,,,,,,,,,,,,,,,,,,,,,,,,,,,2024,WR,0.0,0.0,,,216.0,,538.0,,216.0,,538.0,,False,False
4351,16.0,,,,,,,,,,,,,,,,33.0,44.0,394.0,3.0,253.0,141.0,1.0,8.0,,,,641.0,1085.0,,,,,,,2024,WR,90.4,90.4,5.6,5.6,85.0,97.0,205.0,238.0,85.0,97.0,201.0,237.0,False,False
2410,6.0,,,,,,,,,,,,,,,,9.0,13.0,72.0,2.0,61.0,11.0,,3.0,2.0,1.0,,118.0,405.0,,,,,,,2024,WR,26.2,26.2,4.4,4.4,135.0,107.0,341.0,268.0,135.0,107.0,341.0,265.0,False,False
9220,1.0,,,,,,,,,,,,,,,,,,,,,,,,,,,1.0,140.0,,,,,,,2024,RB,0.0,0.0,0.0,0.0,136.0,134.0,538.0,536.0,136.0,134.0,538.0,536.0,False,False
6984,1.0,,,,,,,,,4.0,55.0,1.0,,46.0,,,,,,,,,,,,,,,,,,,,,,2024,RB,11.5,11.5,11.5,11.5,103.0,31.0,415.0,120.0,103.0,31.0,410.0,112.0,False,False
11596,17.0,,,,,,,,,,,,,,,,5.0,5.0,28.0,1.0,9.0,19.0,,1.0,,,,311.0,1163.0,,,,,,,2024,TE,13.8,13.8,0.8,0.8,80.0,86.0,397.0,457.0,80.0,86.0,395.0,454.0,False,False
3198,17.0,,,,,,,,,325.0,1921.0,16.0,42.0,842.0,55.0,26.0,19.0,22.0,193.0,2.0,-23.0,216.0,,5.0,3.0,1.0,,635.0,1110.0,,,9.0,,,,2024,RB,354.4,354.4,20.8,20.8,3.0,3.0,8.0,10.0,3.0,3.0,8.0,8.0,True,True
6885,3.0,,,,,,,,,2.0,4.0,,,2.0,,,,,,,,,,,,,,3.0,179.0,,,,,,,2024,RB,0.4,0.4,0.1,0.1,132.0,131.0,534.0,525.0,132.0,131.0,532.0,524.0,False,False
8143,14.0,,,,,,,,,104.0,565.0,3.0,5.0,220.0,10.0,11.0,37.0,43.0,225.0,,-69.0,294.0,1.0,1.0,,,,526.0,968.0,,,,,,,2024,RB,134.0,134.0,9.6,9.6,33.0,38.0,130.0,152.0,33.0,38.0,128.0,147.0,False,True
6694,14.0,,,,,,,,,32.0,143.0,,,64.0,7.0,3.0,12.0,19.0,96.0,,-5.0,101.0,,3.0,,,,192.0,820.0,,,,,,,2024,RB,35.9,35.9,2.6,2.6,76.0,88.0,299.0,331.0,76.0,88.0,298.0,330.0,False,False
11652,,,,,,,,,,,,,,,,,,,,,,,,,,,,,,,,,,,,2024,RB,0.0,0.0,,,136.0,,538.0,,136.0,,538.0,,False,False
6847,13.0,,,,,,,,,4.0,3.0,,,7.0,1.0,1.0,11.0,16.0,79.0,,16.0,63.0,1.0,2.0,1.0,,,190.0,799.0,,,,,,,2024,WR,19.2,19.2,1.5,1.5,142.0,159.0,358.0,400.0,142.0,159.0,357.0,394.0,False,False
5257,3.0,50.0,27.0,276.0,1.0,1.0,2.0,125.0,7.0,3.0,9.0,,,1.0,,,,,,,,,,,,,,85.0,399.0,,,,,,,2024,QB,13.9,10.4,4.6,3.5,57.0,55.0,395.0,262.0,57.0,55.0,417.0,294.0,False,False
2750,13.0,,,,,,,,,,,,,,,,9.0,14.0,72.0,,40.0,32.0,,3.0,1.0,1.0,,137.0,882.0,,,,,,,2024,WR,14.2,14.2,1.1,1.1,157.0,172.0,392.0,427.0,157.0,172.0,391.0,424.0,False,False
9493,11.0,,,,,,,,,11.0,46.0,1.0,1.0,22.0,4.0,2.0,79.0,106.0,990.0,3.0,472.0,518.0,1.0,12.0,,,,487.0,720.0,,,,,5.0,,2024,WR,216.6,216.6,19.7,19.7,24.0,3.0,65.0,15.0,24.0,3.0,62.0,11.0,True,True
10226,17.0,,,,,,,,,,,,,,,,36.0,61.0,479.0,6.0,412.0,67.0,4.0,10.0,,,,892.0,1137.0,,,,,,,2024,WR,119.9,119.9,7.1,7.1,68.0,81.0,156.0,206.0,68.0,81.0,152.0,204.0,False,False
6996,15.0,,,,,,,,,20.0,69.0,,,31.0,,2.0,10.0,12.0,59.0,1.0,-13.0,72.0,,1.0,,,,107.0,956.0,,,,,,,2024,RB,28.8,28.8,1.9,1.9,88.0,98.0,329.0,368.0,88.0,98.0,330.0,364.0,False,False
11617,9.0,,,,,,,,,2.0,26.0,,,,2.0,,3.0,6.0,16.0,,11.0,5.0,,2.0,1.0,1.0,,83.0,748.0,,,,,,,2024,WR,5.2,5.2,0.6,0.6,189.0,193.0,462.0,478.0,189.0,193.0,460.0,474.0,False,False
4981,17.0,,,,,,,,,8.0,55.0,1.0,1.0,13.0,1.0,1.0,64.0,120.0,1017.0,4.0,786.0,231.0,6.0,7.0,1.0,1.0,,888.0,1094.0,,,,,1.0,,2024,WR,201.2,201.2,11.8,11.8,29.0,43.0,74.0,115.0,29.0,43.0,72.0,108.0,True,True
4171,9.0,,,,,,,,,,,,,,,,13.0,24.0,194.0,1.0,159.0,35.0,,3.0,,,,312.0,600.0,,,,,,,2024,WR,38.4,38.4,4.3,4.3,120.0,108.0,291.0,270.0,120.0,108.0,289.0,267.0,False,False
7946,11.0,,,,,,,,,,,,,,,,2.0,3.0,10.0,,8.0,2.0,,,,,,203.0,730.0,,,,,,,2024,TE,3.0,3.0,0.3,0.3,102.0,102.0,487.0,506.0,102.0,102.0,485.0,506.0,False,False
7729,1.0,,,,,,,,,,,,,,,,,,,,,,,,,,,,,,,,,,,2024,WR,0.0,0.0,0.0,0.0,216.0,216.0,538.0,536.0,216.0,216.0,538.0,536.0,False,False
7439,,,,,,,,,,,,,,,,,,,,,,,,,,,,,,,,,,,,2024,TE,0.0,0.0,,,115.0,,538.0,,115.0,,538.0,,False,False
10224,10.0,,,,,,,,,,,,,,,,,2.0,,,,,1.0,,,,,25.0,618.0,,,,,,,2024,TE,0.0,0.0,0.0,0.0,115.0,115.0,538.0,536.0,115.0,115.0,538.0,536.0,False,False
8160,5.0,42.0,25.0,291.0,2.0,1.0,4.0,234.0,7.0,9.0,15.0,1.0,,4.0,2.0,,,,,,,,,,1.0,,,134.0,1157.0,,,,,,,2024,QB,25.1,23.3,5.0,4.7,50.0,54.0,345.0,252.0,50.0,53.0,348.0,258.0,False,False
9479,17.0,,,,,,,,,,,,,,,,19.0,25.0,200.0,1.0,74.0,126.0,,2.0,,,,584.0,1129.0,,,,,,,2024,TE,45.0,45.0,2.6,2.6,48.0,53.0,282.0,331.0,48.0,53.0,281.0,330.0,False,False
11577,16.0,,,,,,,,,30.0,82.0,,,38.0,3.0,1.0,4.0,4.0,35.0,,7.0,28.0,,1.0,,,,65.0,1092.0,,,,,,,2024,RB,15.7,15.7,1.0,1.0,100.0,115.0,378.0,435.0,100.0,115.0,377.0,432.0,False,False
5859,13.0,,,,,,,,,,,,,,,,67.0,97.0,1079.0,7.0,726.0,353.0,,9.0,,,,766.0,889.0,,,,,5.0,,2024,WR,226.9,226.9,17.5,17.5,17.0,10.0,54.0,33.0,17.0,10.0,52.0,28.0,True,True
4034,4.0,,,,,,,,,50.0,202.0,,3.0,86.0,6.0,5.0,15.0,19.0,146.0,,48.0,98.0,,4.0,1.0,1.0,,167.0,224.0,,,,,,,2024,RB,47.8,47.8,12.0,12.0,68.0,27.0,274.0,109.0,68.0,27.0,273.0,102.0,False,False
6699,,,,,,,,,,,,,,,,,,,,,,,,,,,,,71.0,,,,,,,2024,WR,0.0,0.0,,,216.0,,538.0,,216.0,,538.0,,False,False
5937,12.0,,,,,,,,,2.0,6.0,,,,,,33.0,67.0,375.0,3.0,284.0,91.0,3.0,11.0,,,,404.0,798.0,,,,,1.0,,2024,WR,91.1,91.1,7.6,7.6,84.0,76.0,202.0,195.0,84.0,76.0,198.0,192.0,False,False
11940,,,,,,,,,,,,,,,,,,,,,,,,,,,,,,,,,,,,2024,WR,0.0,0.0,,,216.0,,538.0,,216.0,,538.0,,False,False
7591,10.0,161.0,106.0,1106.0,5.0,1.0,16.0,586.0,19.0,62.0,289.0,5.0,2.0,75.0,16.0,6.0,,,,,,,,,6.0,1.0,,408.0,928.0,1.0,,,,,,2024,QB,121.1,109.0,12.1,10.9,30.0,36.0,152.0,107.0,30.0,35.0,168.0,123.0,False,False
12173,,,,,,,,,,,,,,,,,,,,,,,,,,,,,,,,,,,,2024,WR,0.0,0.0,,,216.0,,538.0,,216.0,,538.0,,False,False
5134,,,,,,,,,,,,,,,,,,,,,,,,,,,,,,,,,,,,2024,WR,0.0,0.0,,,216.0,,538.0,,216.0,,538.0,,False,False
2309,14.0,,,,,,,,,,,,,,,,44.0,85.0,547.0,4.0,436.0,111.0,12.0,5.0,,,,587.0,914.0,,,,,,,2024,WR,122.7,122.7,8.8,8.8,64.0,62.0,149.0,169.0,64.0,62.0,147.0,160.0,False,False
7771,,,,,,,,,,,,,,,,,,,,,,,,,,,,,118.0,,,,,,,2024,RB,0.0,0.0,,,136.0,,538.0,,136.0,,538.0,,False,False
4866,16.0,,,,,,1.0,,,345.0,2005.0,13.0,19.0,677.0,55.0,33.0,33.0,43.0,278.0,2.0,33.0,245.0,2.0,9.0,2.0,1.0,,801.0,1089.0,,,10.0,1.0,,,2024,RB,373.3,373.3,23.3,23.3,1.0,1.0,6.0,3.0,1.0,1.0,4.0,3.0,True,True
4068,18.0,,,,,,,,,,,,,,,,21.0,34.0,298.0,1.0,263.0,35.0,2.0,2.0,,,,472.0,1165.0,,,,,,,2024,WR,56.8,56.8,3.2,3.2,107.0,128.0,256.0,311.0,107.0,128.0,253.0,309.0,False,False
12370,,,,,,,,,,,,,,,,,,,,,,,,,,,,,,,,,,,,2024,WR,0.0,0.0,,,216.0,,538.0,,216.0,,538.0,,False,False
8170,1.0,,,,,,,,,,,,,,,,,,,,,,,,,,,25.0,79.0,,,,,,,2024,TE,0.0,0.0,0.0,0.0,115.0,115.0,538.0,536.0,115.0,115.0,538.0,536.0,False,False
6662,5.0,,,,,,,,,,,,,,,,,,,,,,,,,,,59.0,440.0,,,,,,,2024,TE,0.0,0.0,0.0,0.0,115.0,115.0,538.0,536.0,115.0,115.0,538.0,536.0,False,False
12036,,,,,,,,,,,,,,,,,,,,,,,,,,,,,,,,,,,,2024,RB,0.0,0.0,,,136.0,,538.0,,136.0,,538.0,,False,False
5967,16.0,,,,,,,,,260.0,1079.0,5.0,22.0,558.0,32.0,25.0,41.0,57.0,238.0,,17.0,221.0,8.0,3.0,2.0,2.0,,701.0,1025.0,,,3.0,,,,2024,RB,204.7,204.7,12.8,12.8,22.0,22.0,71.0,98.0,22.0,22.0,69.0,89.0,True,True
8076,,,,,,,,,,,,,,,,,,,,,,,,,,,,,,,,,,,,2024,WR,0.0,0.0,,,216.0,,538.0,,216.0,,538.0,,False,False
12048,5.0,,,,,,,,,3.0,10.0,,,3.0,,1.0,1.0,1.0,-1.0,,-1.0,,,,,,,5.0,300.0,,,,,,,2024,RB,1.9,1.9,0.4,0.4,125.0,127.0,501.0,496.0,125.0,127.0,500.0,495.0,False,False
10217,6.0,2.0,2.0,8.0,,,,4.0,,7.0,-4.0,,,1.0,1.0,1.0,,,,,,,,,1.0,1.0,,31.0,1096.0,,,,,,,2024,QB,-2.1,-2.2,-0.3,-0.4,112.0,78.0,828.0,619.0,112.0,78.0,828.0,619.0,False,False
10213,17.0,,,,,,,,,9.0,44.0,1.0,,10.0,3.0,1.0,47.0,81.0,539.0,3.0,331.0,208.0,2.0,5.0,,,,984.0,1123.0,,,,,,,2024,WR,129.3,129.3,7.6,7.6,58.0,76.0,138.0,195.0,58.0,76.0,135.0,192.0,False,False
6069,,,,,,,,,,,,,,,,,,,,,,,,,,,,,,,,,,,,2024,WR,0.0,0.0,,,216.0,,538.0,,216.0,,538.0,,False,False
8130,16.0,,,,,,,,,1.0,2.0,1.0,,2.0,1.0,,111.0,147.0,1146.0,2.0,633.0,513.0,3.0,20.0,,,,934.0,1037.0,,,,,3.0,,2024,TE,249.8,249.8,15.6,15.6,2.0,3.0,42.0,54.0,2.0,3.0,38.0,48.0,True,True
7536,16.0,,,,,,,,,,,,,,,,5.0,8.0,36.0,1.0,14.0,22.0,1.0,1.0,,,,214.0,1028.0,,,,,,,2024,TE,14.6,14.6,0.9,0.9,77.0,84.0,387.0,448.0,77.0,84.0,386.0,446.0,False,False
8142,16.0,,,,,,,,,,,,,,,,37.0,69.0,824.0,7.0,706.0,118.0,3.0,6.0,,,,817.0,1025.0,,,,,3.0,,2024,WR,167.4,167.4,10.5,10.5,43.0,49.0,104.0,134.0,43.0,49.0,100.0,130.0,False,False
7045,3.0,,,,,,,,,1.0,2.0,,,,,,,,,,,,,,,,,4.0,351.0,,,,,,,2024,RB,0.2,0.2,0.1,0.1,134.0,131.0,536.0,525.0,134.0,131.0,536.0,524.0,False,False
6964,,,,,,,,,,,,,,,,,,,,,,,,,,,,,,,,,,,,2024,TE,0.0,0.0,,,115.0,,538.0,,115.0,,538.0,,False,False
11648,,,,,,,,,,,,,,,,,,,,,,,,,,,,,,,,,,,,2024,QB,0.0,0.0,,,74.0,,538.0,,74.0,,538.0,,False,False
3214,16.0,,,,,,,,,,,,,,,,66.0,97.0,674.0,2.0,406.0,268.0,2.0,16.0,,,,835.0,1029.0,,,,,1.0,,2024,TE,147.4,147.4,9.2,9.2,11.0,16.0,116.0,159.0,11.0,16.0,114.0,152.0,True,True
3976,9.0,26.0,19.0,179.0,2.0,,,30.0,2.0,17.0,1.0,,,,4.0,1.0,,,,,,,,,1.0,,,102.0,1088.0,,,,,,,2024,QB,15.3,15.7,1.7,1.7,56.0,63.0,381.0,379.0,55.0,59.0,377.0,375.0,False,False
12215,,,,,,,,,,,,,,,,,,,,,,,,,,,,,,,,,,,,2024,TE,0.0,0.0,,,115.0,,538.0,,115.0,,538.0,,False,False
7523,10.0,284.0,172.0,2045.0,11.0,7.0,18.0,1211.0,36.0,26.0,119.0,3.0,2.0,30.0,4.0,,,,-5.0,,,-5.0,,,3.0,1.0,,536.0,604.0,2.0,,,,,,2024,QB,143.2,124.3,14.3,12.4,27.0,28.0,121.0,79.0,27.0,29.0,142.0,94.0,False,False
11605,15.0,,,,,,,,,,,,,,,,2.0,3.0,20.0,,15.0,5.0,,,,,,83.0,969.0,,,,,,,2024,TE,4.0,4.0,0.3,0.3,99.0,102.0,472.0,506.0,99.0,102.0,471.0,506.0,False,False
4066,9.0,,,,,,,,,,,,,,,,47.0,64.0,365.0,1.0,215.0,150.0,4.0,3.0,1.0,1.0,,363.0,568.0,,,,,1.0,,2024,TE,89.5,89.5,9.9,9.9,33.0,13.0,207.0,147.0,33.0,13.0,203.0,143.0,False,False
3048,17.0,,,,,,,,,,,,,,,,3.0,4.0,30.0,1.0,11.0,19.0,,1.0,,,,342.0,1125.0,,,,,,,2024,TE,12.0,12.0,0.7,0.7,83.0,91.0,408.0,468.0,83.0,91.0,403.0,464.0,False,False
3164,15.0,,,,,,,,,74.0,226.0,3.0,2.0,111.0,12.0,6.0,12.0,15.0,69.0,,-28.0,97.0,,2.0,1.0,1.0,,248.0,954.0,,,,,,,2024,RB,57.5,57.5,3.8,3.8,62.0,70.0,253.0,283.0,62.0,70.0,250.0,280.0,False,False
5903,,,,,,,,,,,,,,,,,,,,,,,,,,,,,,,,,,,,2024,QB,0.0,0.0,,,74.0,,538.0,,74.0,,538.0,,False,False
6945,17.0,,,,,,,,,120.0,538.0,1.0,12.0,323.0,14.0,15.0,23.0,29.0,206.0,,-7.0,213.0,1.0,2.0,2.0,,,359.0,1093.0,,,,,,,2024,RB,103.4,103.4,6.1,6.1,44.0,52.0,181.0,226.0,44.0,52.0,178.0,225.0,False,False
8227,7.0,,,,,,,,,,,,,,,,,,,,,,,,,,,102.0,468.0,,,,,,,2024,TE,0.0,0.0,0.0,0.0,115.0,115.0,538.0,536.0,115.0,115.0,538.0,536.0,False,False
11565,,,,,,,,,,,,,,,,,,,,,,,,,,,,,,,,,,,,2024,QB,0.0,0.0,,,74.0,,538.0,,74.0,,538.0,,False,False
11859,,,,,,,,,,,,,,,,,,,,,,,,,,,,,,,,,,,,2024,QB,0.0,0.0,,,74.0,,538.0,,74.0,,538.0,,False,False
8171,,,,,,,,,,,,,,,,,,,,,,,,,,,,,,,,,,,,2024,WR,0.0,0.0,,,216.0,,538.0,,216.0,,538.0,,False,False
8220,5.0,,,,,,,,,39.0,183.0,,5.0,93.0,5.0,5.0,6.0,7.0,29.0,,,29.0,,1.0,,,,89.0,349.0,,,,,,,2024,RB,27.2,27.2,5.4,5.4,90.0,61.0,334.0,245.0,90.0,61.0,334.0,245.0,False,False
8676,6.0,,,,,,,,,6.0,29.0,,,8.0,3.0,,20.0,41.0,349.0,3.0,243.0,106.0,,2.0,1.0,1.0,1.0,286.0,378.0,,,,,,,2024,WR,79.8,79.8,13.3,13.3,90.0,31.0,216.0,85.0,90.0,31.0,212.0,78.0,False,False
6271,17.0,,,,,,,,,1.0,8.0,,,4.0,,,45.0,64.0,506.0,3.0,222.0,284.0,5.0,8.0,3.0,1.0,,494.0,1163.0,,,,,,,2024,WR,112.4,112.4,6.6,6.6,71.0,88.0,166.0,219.0,71.0,88.0,162.0,218.0,False,False
11885,8.0,,,,,,,,,,,,,,,,1.0,3.0,7.0,,7.0,,,1.0,,,,44.0,539.0,,,,,,,2024,WR,1.7,1.7,0.2,0.2,207.0,210.0,506.0,517.0,207.0,210.0,505.0,516.0,False,False
12086,,,,,,,,,,,,,,,,,,,,,,,,,,,,,,,,,,,,2024,WR,0.0,0.0,,,216.0,,538.0,,216.0,,538.0,,False,False
6920,3.0,,,,,,,,,,,,,,,,2.0,2.0,12.0,,11.0,1.0,,,,,,63.0,226.0,,,,,,,2024,WR,3.2,3.2,1.1,1.1,196.0,172.0,480.0,427.0,196.0,172.0,479.0,424.0,False,False
10225,17.0,,,,,,,,,2.0,5.0,,,1.0,,,17.0,42.0,167.0,,100.0,67.0,2.0,1.0,1.0,1.0,,462.0,1092.0,,,,,,,2024,WR,32.2,32.2,1.9,1.9,129.0,148.0,319.0,368.0,129.0,148.0,317.0,364.0,False,False
10219,9.0,,,,,,,,,35.0,173.0,2.0,1.0,111.0,11.0,1.0,1.0,1.0,12.0,,1.0,11.0,,,,,,77.0,627.0,,,,,,,2024,RB,31.5,31.5,3.5,3.5,84.0,76.0,323.0,297.0,84.0,76.0,321.0,294.0,False,False
5917,12.0,,,,,,,,,5.0,62.0,1.0,2.0,17.0,3.0,,12.0,14.0,90.0,,-9.0,99.0,,5.0,,,,115.0,834.0,,,,,,,2024,WR,33.2,33.2,2.8,2.8,127.0,131.0,312.0,322.0,127.0,131.0,311.0,319.0,False,False
4983,17.0,1.0,,,,,,,,14.0,75.0,,1.0,19.0,,3.0,98.0,140.0,966.0,6.0,378.0,588.0,3.0,21.0,1.0,1.0,,1066.0,1136.0,,,,,2.0,,2024,WR,240.1,240.1,14.1,14.1,16.0,30.0,52.0,81.0,16.0,30.0,48.0,73.0,True,True
5022,10.0,,,,,,,,,,,,,,,,42.0,52.0,496.0,2.0,239.0,257.0,1.0,9.0,2.0,,,446.0,674.0,,,,,1.0,,2024,TE,105.6,105.6,10.6,10.6,25.0,10.0,176.0,131.0,25.0,10.0,173.0,128.0,False,False
7436,6.0,,,,,,,,,,,,,,,,2.0,2.0,17.0,,17.0,,,,,,,63.0,326.0,,,,,,,2024,WR,3.7,3.7,0.6,0.6,194.0,193.0,475.0,478.0,194.0,193.0,474.0,474.0,False,False
1689,10.0,,,,,,,,,,,,,,,,48.0,62.0,615.0,5.0,463.0,152.0,2.0,7.0,,,,429.0,621.0,,,,,2.0,,2024,WR,143.5,143.5,14.4,14.4,50.0,26.0,119.0,74.0,50.0,26.0,117.0,68.0,False,False
11082,17.0,,,,,,,,,,,,,,,,4.0,5.0,42.0,,26.0,16.0,,2.0,,,,224.0,1084.0,,,,,,,2024,TE,8.2,8.2,0.5,0.5,91.0,99.0,431.0,488.0,91.0,99.0,428.0,486.0,False,False
8755,1.0,,,,,,,,,,,,,,,,,,,,,,,,,,,15.0,59.0,,,,,,,2024,WR,0.0,0.0,0.0,0.0,216.0,216.0,538.0,536.0,216.0,216.0,538.0,536.0,False,False
4602,5.0,,,,,,,,,,,,,,,,,,,,,,,,,,,15.0,314.0,,,,,,,2024,TE,0.0,0.0,0.0,0.0,115.0,115.0,538.0,536.0,115.0,115.0,538.0,536.0,False,False
4189,17.0,,,,,,,,,,,,,,,,11.0,14.0,97.0,1.0,62.0,35.0,1.0,3.0,1.0,,,377.0,1079.0,,,,,,,2024,TE,26.7,26.7,1.6,1.6,64.0,68.0,337.0,389.0,64.0,68.0,337.0,384.0,False,False
5695,17.0,,,,,,,,,,,,,,,,7.0,10.0,71.0,,59.0,12.0,,,1.0,,,213.0,1117.0,,,,,,,2024,WR,14.1,14.1,0.8,0.8,159.0,187.0,394.0,457.0,159.0,187.0,393.0,454.0,False,False
5133,16.0,,,,,,,,,1.0,,,,,,,51.0,72.0,449.0,4.0,187.0,262.0,1.0,8.0,,,,805.0,1008.0,,,,,,,2024,TE,119.9,119.9,7.5,7.5,18.0,23.0,156.0,197.0,18.0,23.0,152.0,194.0,False,False
8221,1.0,,,,,,,,,,,,,,,,,,,,,,,,,,,,,,,,,,,2024,RB,0.0,0.0,0.0,0.0,136.0,134.0,538.0,536.0,136.0,134.0,538.0,536.0,False,False
8917,17.0,,,,,,,,,16.0,92.0,,2.0,39.0,1.0,2.0,31.0,52.0,420.0,2.0,160.0,260.0,2.0,7.0,3.0,1.0,2.0,315.0,1171.0,,,,,,,2024,WR,104.2,104.2,6.1,6.1,76.0,91.0,179.0,226.0,76.0,91.0,175.0,225.0,False,False
11655,17.0,,,,,,,,,192.0,839.0,5.0,6.0,328.0,21.0,13.0,38.0,53.0,284.0,1.0,3.0,281.0,5.0,5.0,5.0,2.0,,651.0,1125.0,,,3.0,,,,2024,RB,188.3,188.3,11.1,11.1,26.0,32.0,84.0,121.0,26.0,32.0,82.0,116.0,True,True
2374,17.0,,,,,,,,,,,,,,,,49.0,74.0,600.0,2.0,466.0,134.0,4.0,9.0,,,,765.0,1100.0,,,,,,,2024,WR,121.0,121.0,7.1,7.1,67.0,81.0,153.0,206.0,67.0,81.0,150.0,204.0,False,False
6957,9.0,,,,,,,,,,,,,,,,3.0,3.0,21.0,,17.0,4.0,,,1.0,1.0,,16.0,598.0,,,,,,,2024,WR,3.1,3.1,0.3,0.3,197.0,206.0,483.0,506.0,197.0,206.0,482.0,506.0,False,False
3357,3.0,30.0,17.0,199.0,1.0,2.0,2.0,83.0,4.0,3.0,4.0,,,,,,,,,,,,,,2.0,1.0,,54.0,967.0,,,,,,,2024,QB,6.4,4.4,2.1,1.5,64.0,61.0,449.0,358.0,63.0,60.0,466.0,394.0,False,False
10229,4.0,,,,,,,,,1.0,1.0,,,1.0,,,24.0,29.0,288.0,2.0,102.0,186.0,1.0,2.0,,,,155.0,255.0,,,,,2.0,,2024,WR,68.9,68.9,17.2,17.2,97.0,13.0,230.0,37.0,97.0,13.0,229.0,33.0,False,False
9226,17.0,,,,,,,,,203.0,907.0,6.0,7.0,421.0,38.0,36.0,78.0,87.0,592.0,6.0,-73.0,665.0,2.0,14.0,1.0,,,704.0,1138.0,,,2.0,,,,2024,RB,303.9,303.9,17.9,17.9,5.0,8.0,17.0,29.0,5.0,8.0,14.0,24.0,True,True
9494,17.0,,,,,,,,,13.0,42.0,,1.0,28.0,,4.0,39.0,52.0,503.0,6.0,26.0,477.0,3.0,5.0,1.0,,,297.0,1102.0,,,,,2.0,,2024,WR,133.5,133.5,7.9,7.9,56.0,72.0,131.0,187.0,56.0,72.0,129.0,183.0,False,False
4973,9.0,,,,,,,,,,,,,,,,8.0,13.0,73.0,,53.0,20.0,2.0,3.0,,,,174.0,562.0,,,,,,,2024,TE,15.3,15.3,1.7,1.7,76.0,65.0,381.0,379.0,76.0,65.0,381.0,375.0,False,False
11559,5.0,105.0,61.0,775.0,3.0,3.0,4.0,504.0,13.0,7.0,11.0,1.0,,3.0,2.0,,,,,,,,,,2.0,,,230.0,1143.0,1.0,,,,,,2024,QB,46.1,36.6,9.2,7.3,45.0,48.0,277.0,159.0,46.0,48.0,295.0,197.0,False,False
4993,17.0,,,,,,,,,,,,,,,,65.0,83.0,665.0,2.0,420.0,245.0,5.0,10.0,1.0,1.0,,523.0,1137.0,,,,,1.0,,2024,TE,143.5,143.5,8.4,8.4,13.0,19.0,119.0,178.0,13.0,19.0,117.0,173.0,False,True
12070,,,,,,,,,,,,,,,,,,,,,,,,,,,,,,,,,,,,2024,TE,0.0,0.0,,,115.0,,538.0,,115.0,,538.0,,False,False
12113,,,,,,,,,,,,,,,,,,,,,,,,,,,,,,,,,,,,2024,TE,0.0,0.0,,,115.0,,538.0,,115.0,,538.0,,False,False
5248,11.0,,,,,,,,,101.0,365.0,4.0,9.0,240.0,20.0,6.0,3.0,5.0,6.0,,-5.0,11.0,,,,,,223.0,646.0,,,,,,,2024,RB,64.1,64.1,5.8,5.8,58.0,55.0,240.0,232.0,58.0,55.0,238.0,231.0,False,False
11627,16.0,,,,,,,,,2.0,8.0,,,2.0,,,28.0,53.0,263.0,2.0,100.0,163.0,3.0,5.0,,,,386.0,1033.0,,,,,,,2024,WR,67.1,67.1,4.2,4.2,99.0,110.0,234.0,272.0,99.0,110.0,232.0,269.0,False,False
2755,9.0,,,,,,,,,,,,,,,,2.0,4.0,9.0,,-3.0,12.0,1.0,1.0,,,,133.0,547.0,,,,,,,2024,TE,2.9,2.9,0.3,0.3,103.0,102.0,488.0,506.0,103.0,102.0,486.0,506.0,False,False
5323,2.0,,,,,,,,,,,,,,,,,,,,,,,,,,,35.0,143.0,,,,,,,2024,WR,0.0,0.0,0.0,0.0,216.0,216.0,538.0,536.0,216.0,216.0,538.0,536.0,False,False
11654,2.0,,,,,,,,,,,,,,,,,,,,,,,,,,,1.0,151.0,,,,,,,2024,RB,0.0,0.0,0.0,0.0,136.0,134.0,538.0,536.0,136.0,134.0,538.0,536.0,False,False
6869,17.0,,,,,,,,,,,,,,,,13.0,22.0,188.0,2.0,90.0,98.0,1.0,4.0,,,,574.0,1102.0,,,,,,,2024,TE,43.8,43.8,2.6,2.6,49.0,53.0,284.0,331.0,49.0,53.0,283.0,330.0,False,False
6234,5.0,,,,,,,,,,,,,,,,,,,,,,,,,,,6.0,333.0,,,,,,,2024,WR,0.0,0.0,0.0,0.0,216.0,216.0,538.0,536.0,216.0,216.0,538.0,536.0,False,False
9509,17.0,,,,,,,,,304.0,1456.0,14.0,23.0,728.0,59.0,23.0,61.0,72.0,431.0,1.0,-100.0,531.0,3.0,7.0,1.0,,,861.0,1143.0,,,5.0,,,,2024,RB,349.7,349.7,20.6,20.6,4.0,4.0,10.0,12.0,4.0,4.0,9.0,9.0,True,True
7525,13.0,,,,,,,,,1.0,1.0,,,1.0,1.0,,68.0,89.0,833.0,8.0,534.0,299.0,2.0,11.0,,,,801.0,903.0,,,,,2.0,,2024,WR,203.4,203.4,15.6,15.6,27.0,17.0,72.0,54.0,27.0,17.0,70.0,48.0,True,True
11292,3.0,44.0,31.0,257.0,,,6.0,138.0,3.0,8.0,32.0,,,4.0,1.0,,,,,,,,,,,,,91.0,373.0,,,,,,,2024,QB,13.5,8.3,4.5,2.8,58.0,56.0,401.0,267.0,58.0,56.0,427.0,319.0,False,False
8002,,,,,,,,,,,,,,,,,,,,,,,,,,,,,,,,,,,,2024,QB,0.0,0.0,,,74.0,,538.0,,74.0,,538.0,,False,False
8118,1.0,,,,,,,,,,,,,,,,3.0,3.0,27.0,,19.0,8.0,,1.0,,,,9.0,72.0,,,,,,,2024,WR,5.7,5.7,5.7,5.7,187.0,95.0,460.0,235.0,187.0,95.0,456.0,234.0,False,False
8207,16.0,,,,,,,,,32.0,153.0,1.0,,60.0,6.0,3.0,11.0,15.0,61.0,1.0,-6.0,67.0,2.0,2.0,,,,132.0,1087.0,,,,,,,2024,RB,44.4,44.4,2.8,2.8,72.0,84.0,283.0,322.0,72.0,84.0,282.0,319.0,False,False
7039,4.0,,,,,,,,,,,,,,,,2.0,3.0,44.0,,31.0,13.0,,,,,,62.0,268.0,,,,,,,2024,WR,6.4,6.4,1.6,1.6,181.0,155.0,449.0,389.0,181.0,155.0,446.0,384.0,False,False
1992,12.0,,,,,,,,,,,,,,,,3.0,7.0,30.0,,26.0,4.0,1.0,,,,,91.0,1000.0,,,,,,,2024,WR,6.0,6.0,0.5,0.5,184.0,198.0,455.0,488.0,184.0,198.0,451.0,486.0,False,False
2028,10.0,279.0,189.0,2145.0,15.0,5.0,8.0,1058.0,26.0,17.0,71.0,1.0,,5.0,4.0,1.0,,,,,,,,,3.0,,,604.0,638.0,,,,,,,2024,QB,148.9,136.0,14.9,13.6,26.0,25.0,113.0,68.0,26.0,23.0,125.0,76.0,False,False
2749,13.0,,,,,,,,,85.0,278.0,2.0,1.0,135.0,14.0,14.0,19.0,23.0,161.0,,15.0,146.0,,2.0,2.0,2.0,,278.0,869.0,,,,,,,2024,RB,70.9,70.9,5.5,5.5,56.0,57.0,226.0,241.0,56.0,57.0,224.0,241.0,False,False
8112,17.0,,,,,,,,,1.0,-3.0,,,,,1.0,100.0,158.0,1271.0,9.0,944.0,327.0,5.0,24.0,,,,1032.0,1143.0,,,,,3.0,,2024,WR,286.8,286.8,16.9,16.9,5.0,14.0,22.0,39.0,5.0,14.0,20.0,35.0,True,True
11632,15.0,1.0,,,,,,,1.0,5.0,2.0,,,6.0,1.0,2.0,109.0,170.0,1204.0,7.0,742.0,462.0,9.0,13.0,1.0,,,886.0,974.0,,,,,3.0,,2024,WR,277.6,277.6,18.5,18.5,7.0,7.0,26.0,23.0,7.0,7.0,23.0,21.0,True,True
5848,2.0,,,,,,,,,,,,,,,,9.0,15.0,91.0,,45.0,46.0,,2.0,,,,45.0,170.0,,,,,,,2024,WR,18.1,18.1,9.0,9.0,146.0,59.0,366.0,164.0,146.0,59.0,365.0,156.0,False,False
11371,16.0,,,,,,,,,,,,,,,,12.0,19.0,100.0,,42.0,58.0,2.0,5.0,1.0,,,514.0,1077.0,,,,,,,2024,TE,22.0,22.0,1.4,1.4,68.0,73.0,352.0,406.0,68.0,73.0,352.0,401.0,False,False
8250,1.0,,,,,,,,,,,,,,,,1.0,2.0,49.0,1.0,44.0,5.0,,,,,,4.0,62.0,,,,,,,2024,WR,11.9,11.9,11.9,11.9,165.0,40.0,409.0,111.0,165.0,40.0,404.0,104.0,False,False
6598,7.0,,,,,,,,,,,,,,,,3.0,10.0,15.0,,11.0,4.0,1.0,6.0,,,,125.0,531.0,,,,,,,2024,WR,4.5,4.5,0.6,0.6,191.0,193.0,468.0,478.0,191.0,193.0,465.0,474.0,False,False
12090,,,,,,,,,,,,,,,,,,,,,,,,,,,,,,,,,,,,2024,WR,0.0,0.0,,,216.0,,538.0,,216.0,,538.0,,False,False
10857,,,,,,,,,,,,,,,,,,,,,,,,,,,,,196.0,,,,,,,2024,QB,0.0,0.0,,,74.0,,538.0,,74.0,,538.0,,False,False
9229,11.0,264.0,126.0,1814.0,8.0,12.0,14.0,1038.0,17.0,86.0,499.0,6.0,9.0,136.0,19.0,9.0,1.0,1.0,-1.0,,-8.0,7.0,,,9.0,3.0,,620.0,792.0,,,,,,,2024,QB,161.4,141.1,14.7,12.8,25.0,26.0,106.0,70.0,25.0,27.0,122.0,89.0,False,False
6770,17.0,652.0,460.0,4918.0,43.0,9.0,48.0,2721.0,122.0,42.0,201.0,2.0,,35.0,6.0,2.0,,,,,,,,,11.0,5.0,,1132.0,1137.0,5.0,2.0,,,,,2024,QB,390.8,378.5,23.0,22.3,2.0,2.0,3.0,4.0,2.0,2.0,3.0,4.0,True,True
11624,17.0,,,,,,,,,20.0,104.0,3.0,1.0,33.0,6.0,1.0,59.0,98.0,638.0,6.0,231.0,407.0,7.0,17.0,,,,757.0,1148.0,,,,,,,2024,WR,187.2,187.2,11.0,11.0,33.0,45.0,85.0,124.0,33.0,45.0,83.0,119.0,False,True
11994,6.0,,,,,,,,,2.0,11.0,,,1.0,,,,1.0,,,,,1.0,1.0,,,,47.0,396.0,,,,,,,2024,WR,1.1,1.1,0.2,0.2,213.0,210.0,523.0,517.0,213.0,210.0,522.0,516.0,False,False
10227,16.0,,,,,,,,,,,,,,,,11.0,14.0,115.0,2.0,91.0,24.0,,2.0,1.0,,,430.0,1060.0,,,,,,,2024,TE,34.5,34.5,2.2,2.2,57.0,59.0,308.0,353.0,57.0,59.0,307.0,350.0,False,False
10214,15.0,,,,,,,,,,,,,,,,6.0,13.0,39.0,,18.0,21.0,2.0,5.0,,,,309.0,980.0,,,,,,,2024,TE,9.9,9.9,0.7,0.7,89.0,91.0,424.0,468.0,89.0,91.0,421.0,464.0,False,False
8153,,,,,,,,,,,,,,,,,,,,,,,,,,,,,,,,,,,,2024,RB,0.0,0.0,,,136.0,,538.0,,136.0,,538.0,,False,False
4179,2.0,47.0,32.0,361.0,2.0,2.0,2.0,260.0,6.0,9.0,24.0,2.0,1.0,6.0,3.0,1.0,,,,,,,,,2.0,1.0,,81.0,307.0,1.0,,,,,,2024,QB,32.8,29.6,16.4,14.8,48.0,17.0,313.0,45.0,49.0,18.0,327.0,61.0,False,False
10866,9.0,243.0,154.0,1612.0,8.0,4.0,10.0,881.0,27.0,21.0,30.0,1.0,,11.0,2.0,1.0,,,,,,,,,2.0,2.0,,427.0,795.0,1.0,,,,,,2024,QB,95.5,79.2,10.6,8.8,35.0,41.0,193.0,131.0,36.0,42.0,213.0,160.0,False,False
11201,11.0,,,,,,,,,,,,,,,,6.0,9.0,51.0,1.0,41.0,10.0,,2.0,,,,207.0,742.0,,,,,,,2024,TE,17.1,17.1,1.6,1.6,73.0,68.0,372.0,389.0,73.0,68.0,370.0,384.0,False,False
11299,,,,,,,,,,,,,,,,,,,,,,,,,,,,,,,,,,,,2024,RB,0.0,0.0,,,136.0,,538.0,,136.0,,538.0,,False,False
9221,17.0,,,,,,,,,250.0,1412.0,16.0,21.0,599.0,50.0,19.0,52.0,63.0,517.0,4.0,-76.0,593.0,2.0,11.0,1.0,1.0,,639.0,1146.0,,,5.0,,,,2024,RB,372.9,372.9,21.9,21.9,2.0,2.0,7.0,7.0,2.0,2.0,5.0,5.0,True,True
6895,,,,,,,,,,,,,,,,,,,,,,,,,,,,,,,,,,,,2024,WR,0.0,0.0,,,216.0,,538.0,,216.0,,538.0,,False,False
11380,,,,,,,,,,,,,,,,,,,,,,,,,,,,,,,,,,,,2024,TE,0.0,0.0,,,115.0,,538.0,,115.0,,538.0,,False,False
3163,17.0,539.0,390.0,4629.0,37.0,12.0,31.0,1994.0,93.0,35.0,56.0,,,4.0,9.0,,1.0,1.0,7.0,1.0,5.0,2.0,,1.0,6.0,,,1113.0,1146.0,4.0,2.0,,,,,2024,QB,338.5,319.9,19.9,18.8,6.0,8.0,11.0,14.0,6.0,8.0,13.0,18.0,True,True
12151,,,,,,,,,,,,,,,,,,,,,,,,,,,,,,,,,,,,2024,WR,0.0,0.0,,,216.0,,538.0,,216.0,,538.0,,False,False
4039,12.0,,,,,,,,,2.0,10.0,,,1.0,1.0,,67.0,100.0,710.0,6.0,441.0,269.0,2.0,10.0,1.0,,,637.0,772.0,,,,,3.0,,2024,WR,181.0,181.0,15.1,15.1,38.0,22.0,93.0,62.0,38.0,22.0,90.0,57.0,False,False
7610,4.0,41.0,25.0,266.0,,1.0,4.0,117.0,7.0,11.0,41.0,,,7.0,2.0,1.0,,,,,,,,,,,,98.0,618.0,,,,,,,2024,QB,12.7,7.4,3.2,1.9,60.0,58.0,406.0,311.0,59.0,58.0,436.0,364.0,False,False
6223,,,,,,,,,,,,,,,,,,,,,,,,,,,,,,,,,,,,2024,WR,0.0,0.0,,,216.0,,538.0,,216.0,,538.0,,False,False
7568,2.0,,,,,,,,,,,,,,,,2.0,3.0,7.0,,4.0,3.0,,,,,,67.0,141.0,,,,,,,2024,TE,2.7,2.7,1.4,1.4,104.0,73.0,490.0,406.0,104.0,73.0,488.0,401.0,False,False
5985,17.0,,,,,,,,,,,,,,,,32.0,43.0,413.0,5.0,255.0,158.0,,9.0,,,,752.0,1088.0,,,,,,,2024,TE,103.3,103.3,6.1,6.1,29.0,33.0,183.0,226.0,29.0,33.0,180.0,225.0,False,False
7989,12.0,,,,,,,,,5.0,33.0,1.0,2.0,23.0,3.0,,16.0,29.0,158.0,1.0,75.0,83.0,1.0,2.0,1.0,,,358.0,787.0,,,,,,,2024,WR,47.1,47.1,3.9,3.9,117.0,114.0,275.0,280.0,117.0,114.0,274.0,277.0,False,False
10234,15.0,,,,,,,,,12.0,39.0,,,17.0,1.0,3.0,13.0,17.0,112.0,2.0,-7.0,119.0,,2.0,3.0,,,148.0,935.0,,,,,,,2024,WR,40.1,40.1,2.7,2.7,119.0,132.0,289.0,327.0,119.0,132.0,287.0,326.0,False,False
7531,16.0,,,,,,,,,,,,,,,,1.0,3.0,12.0,,12.0,,,,,,,45.0,981.0,,,,,,,2024,TE,2.2,2.2,0.1,0.1,105.0,111.0,496.0,525.0,105.0,111.0,495.0,524.0,False,False
7237,,,,,,,,,,,,,,,,,,,,,,,,,,,,,,,,,,,,2024,WR,0.0,0.0,,,216.0,,538.0,,216.0,,538.0,,False,False
7541,,,,,,,,,,,,,,,,,,,,,,,,,,,,,,,,,,,,2024,WR,0.0,0.0,,,216.0,,538.0,,216.0,,538.0,,False,False
8148,15.0,,,,,,,,,11.0,61.0,1.0,1.0,21.0,1.0,2.0,58.0,91.0,1001.0,7.0,504.0,497.0,3.0,10.0,,,,826.0,1041.0,,,,,3.0,,2024,WR,218.2,218.2,14.5,14.5,23.0,24.0,64.0,72.0,23.0,25.0,61.0,66.0,True,True
10444,11.0,,,,,,,,,1.0,-5.0,,,,,1.0,29.0,49.0,339.0,3.0,235.0,104.0,3.0,5.0,1.0,1.0,,432.0,756.0,,,,,,,2024,WR,78.4,78.4,7.1,7.1,92.0,81.0,219.0,206.0,92.0,81.0,216.0,204.0,False,False
7090,16.0,1.0,,,,,,,,,,,,,,,64.0,106.0,992.0,5.0,717.0,275.0,6.0,6.0,,,,988.0,1064.0,,,,,2.0,,2024,WR,197.2,197.2,12.3,12.3,31.0,38.0,78.0,104.0,31.0,38.0,76.0,98.0,False,True
7612,6.0,,,,,,,,,,,,,,,,3.0,3.0,44.0,,15.0,29.0,,,,,,37.0,379.0,,,,,,,2024,WR,7.4,7.4,1.2,1.2,175.0,170.0,440.0,421.0,175.0,170.0,436.0,418.0,False,False
4217,15.0,,,,,,,,,,,,,,,,78.0,94.0,1106.0,8.0,584.0,522.0,2.0,19.0,,,,808.0,945.0,,,,,4.0,,2024,TE,244.6,244.6,16.3,16.3,3.0,1.0,49.0,47.0,3.0,1.0,45.0,42.0,True,True
7529,2.0,,,,,,,,,,,,,,,,,,,,,,,,,,,,67.0,,,,,,,2024,RB,0.0,0.0,0.0,0.0,136.0,134.0,538.0,536.0,136.0,134.0,538.0,536.0,False,False
11628,17.0,,,,,,,,,,,,,,,,62.0,116.0,885.0,8.0,737.0,148.0,5.0,13.0,1.0,1.0,,865.0,1096.0,,,,,2.0,,2024,WR,200.5,200.5,11.8,11.8,30.0,43.0,75.0,115.0,30.0,43.0,73.0,108.0,True,True
10210,,,,,,,,,,,,,,,,,,,,,,,,,,,,,,,,,,,,2024,TE,0.0,0.0,,,115.0,,538.0,,115.0,,538.0,,False,False
2306,12.0,296.0,181.0,2121.0,13.0,12.0,24.0,1356.0,28.0,25.0,83.0,1.0,,11.0,3.0,2.0,,,,,,,,,5.0,2.0,,504.0,976.0,2.0,1.0,,,,,2024,QB,131.1,114.7,10.9,9.6,29.0,39.0,135.0,127.0,28.0,40.0,158.0,147.0,False,False
1479,15.0,1.0,,,,1.0,,,,,,,,,,,70.0,121.0,744.0,7.0,504.0,240.0,6.0,15.0,1.0,,,850.0,976.0,,,,,1.0,,2024,WR,186.4,186.4,12.4,12.4,35.0,36.0,87.0,101.0,35.0,36.0,85.0,94.0,False,True
3258,17.0,,,,,,,,,,,,,,,,17.0,20.0,135.0,3.0,25.0,110.0,,5.0,,,,399.0,1094.0,,,,,,,2024,TE,48.5,48.5,2.9,2.9,46.0,49.0,273.0,319.0,46.0,49.0,272.0,316.0,False,False
11556,,,,,,,,,,,,,,,,,,,,,,,,,,,,,,,,,,,,2024,QB,0.0,0.0,,,74.0,,538.0,,74.0,,538.0,,False,False
4381,8.0,4.0,2.0,21.0,,1.0,,12.0,,39.0,278.0,6.0,4.0,170.0,9.0,1.0,23.0,31.0,187.0,,50.0,137.0,2.0,2.0,1.0,1.0,,225.0,534.0,,,1.0,,,,2024,TE,104.3,103.9,13.0,13.0,27.0,6.0,178.0,94.0,28.0,6.0,177.0,85.0,False,False
7204,15.0,,,,,,,,,3.0,7.0,,1.0,5.0,1.0,1.0,,,,,,,,,,,,139.0,948.0,,,,,,,2024,RB,0.7,0.7,0.0,0.0,130.0,134.0,530.0,536.0,130.0,134.0,526.0,536.0,False,False
11595,7.0,,,,,,,,,,,,,,,,1.0,1.0,7.0,,4.0,3.0,,,,,,94.0,481.0,,,,,,,2024,TE,1.7,1.7,0.2,0.2,106.0,108.0,506.0,517.0,106.0,108.0,505.0,516.0,False,False
4183,,,,,,,,,,,,,,,,,,,,,,,,,,,,,,,,,,,,2024,QB,0.0,0.0,,,74.0,,538.0,,74.0,,538.0,,False,False
6963,13.0,,,,,,,,,39.0,183.0,1.0,,94.0,12.0,1.0,3.0,11.0,25.0,,6.0,19.0,2.0,1.0,,,,172.0,855.0,,,1.0,,,,2024,RB,31.8,31.8,2.4,2.4,83.0,92.0,321.0,344.0,83.0,92.0,319.0,342.0,False,False
5101,,,,,,,,,,,,,,,,,,,,,,,,,,,,,,,,,,,,2024,WR,0.0,0.0,,,216.0,,538.0,,216.0,,538.0,,False,False
11808,12.0,,,,,,,,,1.0,-5.0,,,,,1.0,1.0,3.0,8.0,,6.0,2.0,,,5.0,2.0,,46.0,768.0,,,,,,,2024,WR,-2.7,-2.7,-0.2,-0.2,343.0,248.0,830.0,616.0,343.0,248.0,830.0,616.0,False,False
7357,6.0,,,,,,,,,,,,,,,,3.0,4.0,37.0,,28.0,9.0,,,,,,19.0,385.0,,,,,,,2024,WR,6.7,6.7,1.1,1.1,179.0,172.0,447.0,427.0,179.0,172.0,444.0,424.0,False,False
6843,,,,,,,,,,,,,,,,,,,,,,,,,,,,,,,,,,,,2024,TE,0.0,0.0,,,115.0,,538.0,,115.0,,538.0,,False,False
8749,3.0,,,,,,,,,2.0,11.0,,,2.0,1.0,,,,,,,,,,,,,4.0,261.0,,,,,,,2024,RB,1.1,1.1,0.4,0.4,129.0,127.0,523.0,496.0,129.0,127.0,522.0,495.0,False,False
7087,4.0,,,,,,,,,5.0,22.0,,1.0,10.0,,,,,,,,,,,,,,10.0,259.0,,,,,,,2024,RB,2.2,2.2,0.6,0.6,123.0,121.0,496.0,478.0,123.0,121.0,495.0,474.0,False,False
8423,,,,,,,,,,,,,,,,,,,,,,,,,,,,,,,,,,,,2024,RB,0.0,0.0,,,136.0,,538.0,,136.0,,538.0,,False,False
8183,15.0,455.0,300.0,3864.0,20.0,12.0,31.0,2220.0,75.0,66.0,323.0,5.0,2.0,64.0,15.0,2.0,,,,,,,,,7.0,3.0,,944.0,954.0,5.0,,,,,,2024,QB,276.9,239.6,18.5,16.0,13.0,11.0,27.0,23.0,13.0,13.0,49.0,45.0,False,True
12080,,,,,,,,,,,,,,,,,,,,,,,,,,,,,,,,,,,,2024,RB,0.0,0.0,,,136.0,,538.0,,136.0,,538.0,,False,False
7084,,,,,,,,,,,,,,,,,,,,,,,,,,,,,,,,,,,,2024,QB,0.0,0.0,,,74.0,,538.0,,74.0,,538.0,,False,False
11133,,,,,,,,,,,,,,,,,,,,,,,,,,,,,,,,,,,,2024,WR,0.0,0.0,,,216.0,,538.0,,216.0,,538.0,,False,False
1234,11.0,336.0,214.0,2482.0,16.0,5.0,33.0,1360.0,45.0,43.0,155.0,2.0,,13.0,10.0,1.0,,,,,,,,,5.0,4.0,,719.0,799.0,,1.0,,,,,2024,QB,176.8,159.1,16.1,14.5,23.0,19.0,95.0,50.0,22.0,20.0,105.0,66.0,False,True
7891,17.0,,,,,,,,,,,,,,,,13.0,16.0,100.0,2.0,25.0,75.0,,5.0,,,,583.0,1146.0,,,,,,,2024,TE,35.0,35.0,2.1,2.1,55.0,61.0,305.0,358.0,55.0,61.0,304.0,355.0,False,False
11593,17.0,,,,,,,,,,,,,,,,9.0,14.0,88.0,,35.0,53.0,,2.0,,,,305.0,1171.0,,,,,,,2024,TE,17.8,17.8,1.0,1.0,71.0,81.0,368.0,435.0,71.0,81.0,366.0,432.0,False,False
7565,7.0,,,,,,,,,,,,,,,,3.0,6.0,41.0,,37.0,4.0,,,,,,140.0,469.0,,,,,,,2024,WR,7.1,7.1,1.0,1.0,176.0,175.0,441.0,435.0,176.0,175.0,438.0,432.0,False,False
11257,,,,,,,,,,,,,,,,,,,,,,,,,,,,,,,,,,,,2024,WR,0.0,0.0,,,216.0,,538.0,,216.0,,538.0,,False,False
1352,15.0,,,,,,,,,,,,,,,,20.0,30.0,203.0,,130.0,73.0,1.0,3.0,3.0,1.0,,361.0,977.0,,,,,,,2024,WR,38.3,38.3,2.6,2.6,121.0,134.0,292.0,331.0,121.0,134.0,290.0,330.0,False,False
6144,17.0,,,,,,,,,,,,,,,,,,,,,,,,,,,10.0,1137.0,,,,,,,2024,RB,0.0,0.0,0.0,0.0,136.0,134.0,538.0,536.0,136.0,134.0,538.0,536.0,False,False
8181,17.0,,,,,,,,,,,,,,,,6.0,8.0,40.0,1.0,33.0,7.0,2.0,1.0,,,,207.0,1129.0,,,,,,,2024,RB,16.0,16.0,0.9,0.9,99.0,118.0,375.0,448.0,99.0,118.0,375.0,446.0,False,False
10230,,,,,,,,,,,,,,,,,,,,,,,,,,,,,,,,,,,,2024,WR,0.0,0.0,,,216.0,,538.0,,216.0,,538.0,,False,False
8151,11.0,,,,,,,,,153.0,573.0,7.0,13.0,310.0,21.0,20.0,46.0,53.0,299.0,1.0,-64.0,363.0,2.0,8.0,1.0,,,469.0,736.0,,,1.0,,,,2024,RB,183.2,183.2,16.7,16.7,27.0,12.0,91.0,42.0,27.0,12.0,88.0,37.0,True,True
10236,13.0,,,,,,,,,,,,,,,,44.0,75.0,448.0,2.0,174.0,274.0,6.0,10.0,1.0,,,471.0,897.0,,,,,,,2024,TE,100.8,100.8,7.8,7.8,30.0,21.0,186.0,190.0,30.0,21.0,184.0,186.0,False,False
2078,9.0,,,,,,,,,,,,,,,,9.0,18.0,55.0,,41.0,14.0,1.0,4.0,,,,119.0,605.0,,,,,,,2024,WR,14.5,14.5,1.6,1.6,155.0,155.0,388.0,389.0,155.0,155.0,387.0,384.0,False,False
12383,,,,,,,,,,,,,,,,,,,,,,,,,,,,,,,,,,,,2024,WR,0.0,0.0,,,216.0,,538.0,,216.0,,538.0,,False,False
12062,8.0,,,,,,,,,,,,,,,,5.0,5.0,28.0,,12.0,16.0,,2.0,,,,75.0,586.0,,,,,,,2024,TE,7.8,7.8,1.0,1.0,92.0,81.0,435.0,435.0,92.0,81.0,431.0,432.0,False,False
7547,17.0,1.0,1.0,7.0,1.0,,,5.0,1.0,2.0,6.0,,,2.0,1.0,1.0,115.0,141.0,1263.0,12.0,851.0,412.0,4.0,31.0,1.0,1.0,,1010.0,1146.0,,,,,4.0,,2024,WR,324.2,326.0,19.1,19.2,3.0,5.0,13.0,19.0,3.0,4.0,12.0,15.0,True,True
11900,1.0,,,,,,,,,5.0,24.0,,,,,1.0,1.0,3.0,15.0,,4.0,11.0,,2.0,,,,17.0,59.0,,,,,,,2024,RB,4.9,4.9,4.9,4.9,115.0,64.0,465.0,256.0,115.0,64.0,463.0,254.0,False,False
8413,1.0,,,,,,1.0,,,1.0,5.0,,,,,,,,,,,,,,1.0,,,5.0,34.0,,,,,,,2024,QB,0.5,0.5,0.5,0.5,72.0,70.0,532.0,488.0,70.0,68.0,530.0,486.0,False,False
11474,,,,,,,,,,,,,,,,,,,,,,,,,,,,,,,,,,,,2024,WR,0.0,0.0,,,216.0,,538.0,,216.0,,538.0,,False,False
7009,2.0,,,,,,,,,,,,,,,,,,,,,,,,,,,10.0,117.0,,,,,,,2024,WR,0.0,0.0,0.0,0.0,216.0,216.0,538.0,536.0,216.0,216.0,538.0,536.0,False,False
9481,7.0,,,,,,,,,,,,,,,,7.0,10.0,45.0,,27.0,18.0,,1.0,,,,145.0,532.0,,,,,,,2024,TE,11.5,11.5,1.6,1.6,86.0,68.0,415.0,389.0,86.0,68.0,410.0,384.0,False,False
8129,11.0,,,,,,,,,40.0,293.0,2.0,6.0,216.0,4.0,1.0,2.0,4.0,2.0,,-3.0,5.0,,1.0,1.0,,,111.0,688.0,,,1.0,,,,2024,RB,45.5,45.5,4.1,4.1,71.0,69.0,280.0,276.0,71.0,69.0,279.0,273.0,False,False
11581,1.0,,,,,,,,,6.0,15.0,,,3.0,,,1.0,1.0,3.0,,-5.0,8.0,,,,,,10.0,70.0,,,,,,,2024,RB,2.8,2.8,2.8,2.8,122.0,84.0,489.0,322.0,122.0,84.0,487.0,319.0,False,False
5032,17.0,,,,,,,,,,,,,,,,40.0,58.0,390.0,2.0,214.0,176.0,2.0,7.0,1.0,,,456.0,1180.0,,,,,,,2024,TE,91.0,91.0,5.4,5.4,32.0,35.0,204.0,245.0,32.0,35.0,200.0,245.0,False,False
4080,11.0,,,,,,,,,,,,,,,,8.0,11.0,84.0,,65.0,19.0,,,,,,257.0,793.0,,,,,,,2024,WR,16.4,16.4,1.5,1.5,149.0,159.0,374.0,400.0,149.0,159.0,373.0,394.0,False,False
4147,17.0,,,,,,,,,20.0,92.0,1.0,,38.0,2.0,,28.0,35.0,322.0,1.0,12.0,310.0,1.0,3.0,,,,296.0,1148.0,,,,,,,2024,RB,81.4,81.4,4.8,4.8,53.0,66.0,214.0,259.0,53.0,66.0,210.0,257.0,False,False
11312,,,,,,,,,,,,,,,,,,,,,,,,,,,,,,,,,,,,2024,WR,0.0,0.0,,,216.0,,538.0,,216.0,,538.0,,False,False
7720,2.0,,,,,,,,,,,,,,,,,,,,,,,,,,1.0,1.0,136.0,,,,,,,2024,RB,6.0,6.0,3.0,3.0,113.0,81.0,455.0,316.0,113.0,81.0,451.0,313.0,False,False
11867,,,,,,,,,,,,,,,,,,,,,,,,,,,,,,,,,,,,2024,WR,0.0,0.0,,,216.0,,538.0,,216.0,,538.0,,False,False
8416,7.0,,,,,,,,,,,,,,,,,,,,,,,,,,,37.0,466.0,,,,,,,2024,WR,0.0,0.0,0.0,0.0,216.0,216.0,538.0,536.0,216.0,216.0,538.0,536.0,False,False
6973,5.0,,,,,,,,,10.0,44.0,,,10.0,2.0,,2.0,3.0,,,-1.0,1.0,1.0,,,,,33.0,357.0,,,,,,,2024,RB,6.4,6.4,1.3,1.3,111.0,108.0,449.0,414.0,111.0,108.0,446.0,410.0,False,False
10223,17.0,,,,,,,,,14.0,31.0,,,14.0,5.0,1.0,10.0,11.0,82.0,,-21.0,103.0,1.0,2.0,3.0,2.0,,108.0,1125.0,,,,,,,2024,RB,17.3,17.3,1.0,1.0,98.0,115.0,371.0,435.0,98.0,115.0,369.0,432.0,False,False
7597,9.0,,,,,,,,,,,,,,,,5.0,8.0,47.0,1.0,13.0,34.0,2.0,1.0,,,,106.0,557.0,,,,,,,2024,TE,15.7,15.7,1.7,1.7,75.0,65.0,378.0,379.0,75.0,65.0,377.0,375.0,False,False
6826,17.0,,,,,,,,,,,,,,,,47.0,55.0,474.0,4.0,293.0,181.0,1.0,8.0,,,,994.0,1136.0,,,,,,,2024,TE,118.4,118.4,7.0,7.0,19.0,28.0,159.0,210.0,19.0,28.0,155.0,208.0,False,False
12134,,,,,,,,,,,,,,,,,,,,,,,,,,,,,,,,,,,,2024,WR,0.0,0.0,,,216.0,,538.0,,216.0,,538.0,,False,False
7622,,,,,,,,,,,,,,,,,,,,,,,,,,,,,,,,,,,,2024,TE,0.0,0.0,,,115.0,,538.0,,115.0,,538.0,,False,False
11210,13.0,,,,,,,,,,,,,,,,10.0,13.0,97.0,2.0,74.0,23.0,,2.0,,,,164.0,819.0,,,,,,,2024,WR,31.7,31.7,2.4,2.4,130.0,138.0,322.0,344.0,130.0,138.0,320.0,342.0,False,False
111,17.0,,,,,,,,,,,,,,,,1.0,2.0,2.0,,1.0,1.0,,,,,,220.0,1136.0,,,,,,,2024,TE,1.2,1.2,0.1,0.1,113.0,111.0,521.0,525.0,113.0,111.0,520.0,524.0,False,False
6943,10.0,,,,,,,,,,,,,,,,20.0,42.0,239.0,2.0,200.0,39.0,,9.0,1.0,1.0,,410.0,572.0,,,,,,,2024,WR,53.9,53.9,5.4,5.4,112.0,99.0,264.0,245.0,112.0,99.0,262.0,245.0,False,False
11802,,,,,,,,,,,,,,,,,,,,,,,,,,,,,,,,,,,,2024,WR,0.0,0.0,,,216.0,,538.0,,216.0,,538.0,,False,False
11563,17.0,567.0,376.0,3775.0,29.0,12.0,24.0,1703.0,68.0,92.0,430.0,4.0,3.0,71.0,17.0,3.0,1.0,1.0,2.0,1.0,2.0,,,1.0,3.0,,,1088.0,1102.0,2.0,,,,,,2024,QB,321.2,303.7,18.9,17.9,7.0,10.0,14.0,20.0,7.0,9.0,15.0,24.0,True,True
2449,8.0,1.0,1.0,13.0,,,,-4.0,,3.0,8.0,1.0,,2.0,1.0,1.0,47.0,64.0,496.0,3.0,311.0,185.0,3.0,5.0,,,,431.0,552.0,,,,,,,2024,WR,121.9,121.7,15.2,15.2,65.0,19.0,150.0,59.0,66.0,19.0,149.0,53.0,False,False
7567,17.0,,,,,,,,,75.0,290.0,1.0,3.0,128.0,20.0,6.0,16.0,22.0,116.0,,8.0,108.0,,3.0,,,,301.0,1157.0,,,,,,,2024,RB,62.6,62.6,3.7,3.7,60.0,71.0,245.0,288.0,60.0,71.0,243.0,286.0,False,False
7543,15.0,,,,,,,,,150.0,558.0,2.0,3.0,275.0,21.0,17.0,39.0,52.0,254.0,,-42.0,296.0,2.0,5.0,1.0,1.0,,494.0,915.0,,,,,,,2024,RB,130.2,130.2,8.7,8.7,36.0,41.0,136.0,172.0,36.0,41.0,133.0,166.0,False,False
12217,,,,,,,,,,,,,,,,,,,,,,,,,,,,,,,,,,,,2024,TE,0.0,0.0,,,115.0,,538.0,,115.0,,538.0,,False,False
6001,17.0,,,,,,,,,1.0,-4.0,,,,1.0,1.0,20.0,22.0,109.0,1.0,28.0,81.0,,2.0,1.0,,,655.0,1137.0,,,,,,,2024,TE,36.5,36.5,2.1,2.1,53.0,61.0,298.0,358.0,53.0,61.0,297.0,355.0,False,False
7757,10.0,,,,,,,,,,,,,,,,5.0,5.0,69.0,,40.0,29.0,,,,,,101.0,657.0,,,,,,,2024,WR,11.9,11.9,1.2,1.2,165.0,170.0,409.0,421.0,165.0,170.0,404.0,418.0,False,False
8583,15.0,,,,,,,,,,,,,,,,16.0,19.0,208.0,,142.0,66.0,2.0,,1.0,1.0,,181.0,951.0,,,,,,,2024,TE,34.8,34.8,2.3,2.3,56.0,57.0,306.0,347.0,56.0,57.0,305.0,345.0,False,False
6824,,,,,,,,,,,,,,,,,,,,,,,,,,,,,,,,,,,,2024,WR,0.0,0.0,,,216.0,,538.0,,216.0,,538.0,,False,False
11874,1.0,,,,,,,,,,,,,,,,,,,,,,,,,,,1.0,66.0,,,,,,,2024,WR,0.0,0.0,0.0,0.0,216.0,216.0,538.0,536.0,216.0,216.0,538.0,536.0,False,False
9508,12.0,,,,,,,,,84.0,312.0,4.0,13.0,184.0,11.0,11.0,30.0,35.0,224.0,1.0,-31.0,255.0,1.0,2.0,1.0,,,320.0,739.0,,,,,,,2024,RB,113.6,113.6,9.5,9.5,42.0,39.0,164.0,154.0,42.0,39.0,160.0,149.0,False,False
11570,6.0,,,,,,,,,10.0,31.0,,,15.0,3.0,1.0,,2.0,,,,,,,,,,29.0,394.0,,,,,,,2024,RB,3.1,3.1,0.5,0.5,121.0,124.0,483.0,488.0,121.0,124.0,482.0,486.0,False,False
8195,17.0,,,,,,,,,22.0,99.0,,,28.0,3.0,2.0,5.0,6.0,34.0,,-24.0,58.0,,,,,,81.0,1090.0,,,,,,,2024,RB,18.3,18.3,1.1,1.1,97.0,113.0,364.0,427.0,97.0,113.0,363.0,424.0,False,False
4218,2.0,,,,,,,,,,,,,,,,1.0,1.0,11.0,,9.0,2.0,,,,,,14.0,140.0,,,,,,,2024,WR,2.1,2.1,1.0,1.0,204.0,175.0,499.0,435.0,204.0,175.0,498.0,432.0,False,False
12154,,,,,,,,,,,,,,,,,,,,,,,,,,,,,,,,,,,,2024,TE,0.0,0.0,,,115.0,,538.0,,115.0,,538.0,,False,False
8849,8.0,,,,,,,,,,,,,,,,3.0,4.0,16.0,,11.0,5.0,,1.0,,,,25.0,529.0,,,,,,,2024,TE,4.6,4.6,0.6,0.6,97.0,97.0,467.0,478.0,97.0,97.0,464.0,474.0,False,False
8159,6.0,85.0,52.0,458.0,2.0,2.0,10.0,257.0,5.0,9.0,36.0,,,14.0,1.0,2.0,,,,,,,,,3.0,2.0,,132.0,665.0,,,,,,,2024,QB,21.9,16.8,3.7,2.8,51.0,57.0,353.0,288.0,53.0,56.0,371.0,319.0,False,False
11631,17.0,,,,,,,,,6.0,48.0,,,10.0,,,87.0,133.0,1282.0,10.0,720.0,562.0,7.0,16.0,,,,821.0,1033.0,,,,,4.0,,2024,WR,288.0,288.0,16.9,16.9,4.0,14.0,21.0,39.0,4.0,14.0,19.0,35.0,True,True
5892,14.0,1.0,1.0,3.0,1.0,,,3.0,1.0,185.0,775.0,12.0,19.0,428.0,49.0,13.0,36.0,38.0,341.0,,-24.0,365.0,,3.0,2.0,1.0,,390.0,942.0,,,1.0,,,,2024,RB,223.7,225.7,16.0,16.1,18.0,15.0,59.0,51.0,18.0,15.0,55.0,44.0,True,True
6290,13.0,,,,,,,,,,,,,,,,5.0,9.0,69.0,,36.0,33.0,1.0,1.0,,,,210.0,852.0,,,,,,,2024,WR,11.9,11.9,0.9,0.9,165.0,182.0,409.0,448.0,165.0,182.0,404.0,446.0,False,False
11186,1.0,,,,,,,,,,,,,,,,,,,,,,,,,,,,79.0,,,,,,,2024,RB,0.0,0.0,0.0,0.0,136.0,134.0,538.0,536.0,136.0,134.0,538.0,536.0,False,False
11583,3.0,,,,,,,,,9.0,22.0,,1.0,14.0,2.0,1.0,3.0,3.0,23.0,,-8.0,31.0,,2.0,,,,23.0,203.0,,,,,,,2024,RB,7.5,7.5,2.5,2.5,109.0,90.0,438.0,340.0,109.0,90.0,434.0,338.0,False,False
5127,1.0,1.0,1.0,19.0,,,,13.0,,,,,,,,,,,,,,,,,,,,2.0,531.0,,,,,,,2024,QB,0.8,0.4,0.8,0.4,70.0,68.0,527.0,457.0,72.0,70.0,532.0,495.0,False,False
5285,17.0,,,,,,,,,,,,,,,,1.0,1.0,5.0,,1.0,4.0,,,,,,105.0,1143.0,,,,,,,2024,TE,1.5,1.5,0.1,0.1,110.0,111.0,515.0,525.0,110.0,111.0,514.0,524.0,False,False
4274,17.0,,,,,,,,,1.0,,,,,1.0,,32.0,57.0,351.0,3.0,291.0,60.0,4.0,11.0,,,,568.0,1034.0,,,,,,,2024,WR,85.1,85.1,5.0,5.0,89.0,102.0,212.0,252.0,89.0,102.0,208.0,251.0,False,False
6845,8.0,,,,,,,,,74.0,242.0,2.0,4.0,76.0,16.0,6.0,23.0,27.0,187.0,1.0,-7.0,194.0,1.0,3.0,2.0,1.0,,297.0,477.0,,,,,,,2024,RB,81.9,81.9,10.2,10.2,52.0,35.0,213.0,138.0,52.0,35.0,209.0,134.0,False,False
8219,,,,,,,,,,,,,,,,,,,,,,,,,,,,,,,,,,,,2024,TE,0.0,0.0,,,115.0,,538.0,,115.0,,538.0,,False,False
7751,,,,,,,,,,,,,,,,,,,,,,,,,,,,,,,,,,,,2024,WR,0.0,0.0,,,216.0,,538.0,,216.0,,538.0,,False,False
5046,,,,,,,,,,,,,,,,,,,,,,,,,,,,,,,,,,,,2024,RB,0.0,0.0,,,136.0,,538.0,,136.0,,538.0,,False,False
7075,16.0,,,,,,,,,,,,,,,,7.0,12.0,46.0,,25.0,21.0,1.0,,,,,457.0,1084.0,,,,,,,2024,TE,11.6,11.6,0.7,0.7,84.0,91.0,413.0,468.0,84.0,91.0,408.0,464.0,False,False
7571,17.0,,,,,,,,,,,,,,,,45.0,72.0,756.0,9.0,572.0,184.0,4.0,8.0,,,,766.0,1110.0,,,,,1.0,,2024,WR,176.6,176.6,10.4,10.4,40.0,51.0,96.0,136.0,40.0,51.0,93.0,132.0,False,False
8783,1.0,,,,,,,,,,,,,,,,1.0,1.0,9.0,,9.0,,,,,,,19.0,148.0,,,,,,,2024,WR,1.9,1.9,1.9,1.9,205.0,148.0,501.0,368.0,205.0,148.0,500.0,364.0,False,False
4854,8.0,,,,,,,,,,,,,,,,7.0,9.0,66.0,,55.0,11.0,1.0,1.0,,,,120.0,525.0,,,,,,,2024,WR,13.6,13.6,1.7,1.7,161.0,152.0,399.0,379.0,161.0,152.0,397.0,375.0,False,False
11590,2.0,,,,,,,,,13.0,32.0,,,19.0,,2.0,,,,,,,,,,,,19.0,132.0,,,,,,,2024,RB,3.2,3.2,1.6,1.6,120.0,104.0,480.0,389.0,120.0,104.0,479.0,384.0,False,False
12210,,,,,,,,,,,,,,,,,,,,,,,,,,,,,,,,,,,,2024,WR,0.0,0.0,,,216.0,,538.0,,216.0,,538.0,,False,False
8924,2.0,,,,,,,,,,,,,,,,,,,,,,,,,,,1.0,207.0,,,,,,,2024,TE,0.0,0.0,0.0,0.0,115.0,115.0,538.0,536.0,115.0,115.0,538.0,536.0,False,False
11615,7.0,,,,,,,,,2.0,6.0,,,2.0,,,7.0,9.0,41.0,1.0,18.0,23.0,,1.0,,,,96.0,753.0,,,,,,,2024,WR,17.7,17.7,2.5,2.5,147.0,136.0,369.0,340.0,147.0,136.0,367.0,338.0,False,False
5927,17.0,,,,,,,,,2.0,2.0,,,,,,82.0,117.0,1096.0,13.0,804.0,292.0,4.0,14.0,1.0,1.0,,935.0,1163.0,,,,,5.0,,2024,WR,277.8,277.8,16.3,16.3,6.0,16.0,25.0,47.0,6.0,16.0,22.0,42.0,True,True
7554,,,,,,,,,,,,,,,,,,,,,,,,,,,,,,,,,,,,2024,TE,0.0,0.0,,,115.0,,538.0,,115.0,,538.0,,False,False
4199,17.0,,,,,,,,,255.0,1138.0,5.0,11.0,524.0,42.0,21.0,51.0,62.0,408.0,2.0,-3.0,411.0,2.0,17.0,5.0,3.0,,700.0,1117.0,,,2.0,,,,2024,RB,245.6,245.6,14.4,14.4,16.0,20.0,45.0,74.0,16.0,20.0,41.0,68.0,True,True
4950,8.0,,,,,,,,,,,,,,,,27.0,47.0,379.0,1.0,266.0,113.0,1.0,5.0,,,,337.0,480.0,,,,,,,2024,WR,70.9,70.9,8.9,8.9,95.0,60.0,226.0,166.0,95.0,60.0,224.0,157.0,False,False
11646,11.0,1.0,1.0,19.0,,,,16.0,,,,,,,,,32.0,46.0,478.0,2.0,307.0,171.0,,7.0,,,,430.0,650.0,,,,,1.0,,2024,WR,94.6,94.2,8.6,8.6,83.0,66.0,195.0,175.0,83.0,66.0,193.0,169.0,False,False
4454,12.0,1.0,,,,,,,,1.0,6.0,,,3.0,,,28.0,38.0,305.0,1.0,211.0,94.0,4.0,2.0,,,,456.0,844.0,,,,,,,2024,WR,65.1,65.1,5.4,5.4,100.0,99.0,237.0,245.0,100.0,99.0,235.0,245.0,False,False
10218,16.0,,,,,,,,,,,,,,,,12.0,26.0,117.0,,80.0,37.0,2.0,2.0,,,,493.0,1044.0,,,,,,,2024,WR,23.7,23.7,1.5,1.5,138.0,159.0,348.0,400.0,138.0,159.0,347.0,394.0,False,False
6154,,,,,,,,,,,,,,,,,,,,,,,,,,,,,,,,,,,,2024,WR,0.0,0.0,,,216.0,,538.0,,216.0,,538.0,,False,False
6931,17.0,,,,,,,,,9.0,49.0,,,17.0,1.0,,3.0,3.0,11.0,1.0,-9.0,20.0,,1.0,1.0,,1.0,54.0,1096.0,,,,,,,2024,RB,21.0,21.0,1.2,1.2,95.0,110.0,356.0,421.0,95.0,110.0,355.0,418.0,False,False
11623,15.0,,,,,,,,,2.0,12.0,,1.0,3.0,,,22.0,28.0,293.0,,90.0,203.0,,2.0,,,,278.0,941.0,,,,,,,2024,WR,52.5,52.5,3.5,3.5,114.0,122.0,267.0,297.0,114.0,122.0,265.0,294.0,False,False
5915,,,,,,,,,,,,,,,,,,,,,,,,,,,,,,,,,,,,2024,WR,0.0,0.0,,,216.0,,538.0,,216.0,,538.0,,False,False
2549,,,,,,,,,,,,,,,,,,,,,,,,,,,,,226.0,,,,,,,2024,QB,0.0,0.0,,,74.0,,538.0,,74.0,,538.0,,False,False
4995,5.0,,,,,,,,,,,,,,,,3.0,6.0,7.0,,1.0,6.0,1.0,1.0,,,,94.0,283.0,,,,,,,2024,TE,3.7,3.7,0.7,0.7,100.0,91.0,475.0,468.0,100.0,91.0,474.0,464.0,False,False
9225,16.0,,,,,,,,,168.0,766.0,7.0,14.0,471.0,32.0,12.0,7.0,12.0,54.0,,-10.0,64.0,2.0,,4.0,1.0,,351.0,985.0,,,2.0,,,,2024,RB,133.0,133.0,8.3,8.3,34.0,43.0,132.0,179.0,34.0,43.0,130.0,174.0,False,True
7589,,,,,,,,,,,,,,,,,,,,,,,,,,,,,68.0,,,,,,,2024,QB,0.0,0.0,,,74.0,,538.0,,74.0,,538.0,,False,False
4018,14.0,1.0,,,,,,,1.0,245.0,1016.0,11.0,19.0,467.0,56.0,35.0,36.0,52.0,309.0,1.0,-51.0,360.0,4.0,7.0,,,,557.0,897.0,,,7.0,,,,2024,RB,254.5,254.5,18.2,18.2,13.0,7.0,40.0,26.0,13.0,7.0,35.0,22.0,True,True
11603,17.0,,,,,,,,,,,,,,,,30.0,38.0,245.0,4.0,81.0,164.0,3.0,7.0,,,,501.0,1100.0,,,,,,,2024,TE,78.5,78.5,4.6,4.6,35.0,38.0,218.0,262.0,35.0,38.0,215.0,261.0,False,False
8094,,,,,,,,,,,,,,,,,,,,,,,,,,,,,,,,,,,,2024,TE,0.0,0.0,,,115.0,,538.0,,115.0,,538.0,,False,False
12190,,,,,,,,,,,,,,,,,,,,,,,,,,,,,,,,,,,,2024,QB,0.0,0.0,,,74.0,,538.0,,74.0,,538.0,,False,False
9757,6.0,,,,,,,,,39.0,148.0,1.0,6.0,93.0,3.0,8.0,5.0,8.0,33.0,,,33.0,2.0,,,,,104.0,382.0,,,,,,,2024,RB,29.1,29.1,4.9,4.9,87.0,64.0,328.0,256.0,87.0,64.0,329.0,254.0,False,False
7670,15.0,,,,,,,,,,,,,,,,39.0,65.0,584.0,1.0,483.0,101.0,4.0,7.0,,,,616.0,946.0,,,,,,,2024,WR,103.4,103.4,6.9,6.9,77.0,87.0,181.0,216.0,77.0,87.0,178.0,214.0,False,False
7611,15.0,,,,,,,,,207.0,801.0,7.0,14.0,431.0,40.0,20.0,33.0,41.0,168.0,1.0,-69.0,237.0,1.0,9.0,7.0,3.0,,599.0,1027.0,,,1.0,,,,2024,RB,173.9,173.9,11.6,11.6,28.0,30.0,98.0,119.0,28.0,30.0,95.0,111.0,True,True
4197,,,,,,,,,,,,,,,,,,,,,,,,,,,,,,,,,,,,2024,WR,0.0,0.0,,,216.0,,538.0,,216.0,,538.0,,False,False
8005,,,,,,,,,,,,,,,,,,,,,,,,,,,,,,,,,,,,2024,WR,0.0,0.0,,,216.0,,538.0,,216.0,,538.0,,False,False
8150,16.0,,,,,,,,,316.0,1299.0,14.0,27.0,606.0,65.0,28.0,34.0,40.0,182.0,2.0,-13.0,195.0,1.0,8.0,5.0,3.0,,888.0,1024.0,,,4.0,,,,2024,RB,280.1,280.1,17.5,17.5,7.0,10.0,24.0,33.0,7.0,10.0,21.0,28.0,True,True
8121,13.0,,,,,,,,,,,,,,,,46.0,72.0,601.0,4.0,466.0,135.0,7.0,9.0,,,,660.0,856.0,,,,,,,2024,WR,130.1,130.1,10.0,10.0,57.0,54.0,137.0,144.0,57.0,54.0,134.0,140.0,False,False
8123,17.0,,,,,,,,,34.0,89.0,2.0,,50.0,13.0,,3.0,3.0,49.0,1.0,7.0,42.0,,,1.0,1.0,,133.0,1067.0,,,,,,,2024,RB,32.8,32.8,1.9,1.9,80.0,98.0,313.0,368.0,80.0,98.0,312.0,364.0,False,False
8033,,,,,,,,,,,,,,,,,,,,,,,,,,,,,,,,,,,,2024,TE,0.0,0.0,,,115.0,,538.0,,115.0,,538.0,,False,False
3161,3.0,19.0,12.0,118.0,,,4.0,50.0,,3.0,,,,1.0,2.0,,,,,,,,,,,,,38.0,1148.0,,,,,,,2024,QB,4.7,2.4,1.6,0.8,65.0,65.0,466.0,389.0,66.0,65.0,493.0,454.0,False,False
7600,17.0,,,,,,,,,,,,,,,,65.0,78.0,653.0,7.0,374.0,279.0,3.0,12.0,3.0,2.0,,776.0,1129.0,,,,,,,2024,TE,168.3,168.3,9.9,9.9,9.0,13.0,103.0,147.0,9.0,13.0,99.0,143.0,True,True
8527,14.0,,,,,,,,,,,,,,,,,1.0,,,,,,,,,,27.0,898.0,,,,,,,2024,WR,0.0,0.0,0.0,0.0,216.0,216.0,538.0,536.0,216.0,216.0,538.0,536.0,False,False
11199,13.0,,,,,,,,,24.0,223.0,1.0,3.0,137.0,,1.0,16.0,20.0,104.0,,9.0,95.0,,3.0,,,,164.0,812.0,,,,,,,2024,RB,54.7,54.7,4.2,4.2,65.0,67.0,263.0,272.0,65.0,67.0,261.0,269.0,False,False
11645,11.0,,,,,,,,,,,,,,,,1.0,4.0,12.0,,12.0,,,,,,,90.0,791.0,,,,,,,2024,WR,2.2,2.2,0.2,0.2,203.0,210.0,496.0,517.0,203.0,210.0,495.0,516.0,False,False
10212,17.0,,,,,,,,,,,,,,,,28.0,37.0,248.0,1.0,105.0,143.0,1.0,4.0,,,,345.0,1094.0,,,,,,,2024,TE,58.8,58.8,3.5,3.5,42.0,44.0,252.0,297.0,42.0,44.0,249.0,294.0,False,False
11381,1.0,,,,,,,,,,,,,,,,,,,,,,,,,,,12.0,59.0,,,,,,,2024,TE,0.0,0.0,0.0,0.0,115.0,115.0,538.0,536.0,115.0,115.0,538.0,536.0,False,False
8161,7.0,54.0,40.0,550.0,3.0,,8.0,276.0,5.0,20.0,138.0,1.0,3.0,48.0,5.0,1.0,,,,,,,,,1.0,1.0,,217.0,1084.0,,,,,,,2024,QB,51.8,46.8,7.4,6.7,44.0,51.0,268.0,199.0,44.0,51.0,276.0,216.0,False,False
4951,7.0,,,,,,,,,,,,,,,,4.0,10.0,31.0,1.0,24.0,7.0,,2.0,,,,105.0,436.0,,,,,,,2024,WR,13.1,13.1,1.9,1.9,164.0,148.0,405.0,368.0,164.0,148.0,401.0,364.0,False,False
11729,16.0,,,,,,,,,6.0,14.0,,,6.0,,2.0,3.0,3.0,37.0,,17.0,20.0,,,,,,26.0,1089.0,,,,,,,2024,RB,8.1,8.1,0.5,0.5,107.0,124.0,432.0,488.0,107.0,124.0,429.0,486.0,False,False
11483,,,,,,,,,,,,,,,,,,,,,,,,,,,,,67.0,,,,,,,2024,RB,0.0,0.0,,,136.0,,538.0,,136.0,,538.0,,False,False
8228,15.0,,,,,,,,,120.0,511.0,1.0,10.0,219.0,17.0,12.0,38.0,47.0,310.0,,-5.0,315.0,1.0,6.0,2.0,1.0,,447.0,1001.0,,,,,,,2024,RB,124.1,124.1,8.3,8.3,39.0,43.0,145.0,179.0,39.0,43.0,143.0,174.0,False,False
11562,7.0,228.0,130.0,1317.0,4.0,5.0,22.0,675.0,12.0,18.0,146.0,,,47.0,,1.0,,,,,,,,,5.0,3.0,,396.0,520.0,,,,,,,2024,QB,67.3,48.9,9.6,7.0,41.0,45.0,233.0,152.0,43.0,50.0,270.0,208.0,False,False
8230,17.0,,,,,,1.0,,,56.0,182.0,,,54.0,5.0,6.0,6.0,6.0,42.0,,-11.0,53.0,,1.0,,,,153.0,1117.0,,,,,,,2024,RB,28.4,28.4,1.7,1.7,89.0,102.0,332.0,379.0,89.0,102.0,332.0,375.0,False,False
6011,10.0,306.0,203.0,2013.0,9.0,10.0,29.0,914.0,35.0,19.0,58.0,,,13.0,2.0,2.0,,,,,,,,,6.0,4.0,,564.0,719.0,,,,,,,2024,QB,94.3,72.1,9.4,7.2,36.0,46.0,196.0,156.0,38.0,49.0,223.0,200.0,False,False
5089,1.0,11.0,3.0,28.0,,,,-4.0,,,,,,,,,,,,,,,,,,,,20.0,67.0,,,,,,,2024,QB,1.1,0.6,1.1,0.6,69.0,66.0,523.0,427.0,68.0,66.0,528.0,474.0,False,False
6136,4.0,,,,,,,,,4.0,5.0,,,3.0,,,,,,,,,,,,,,14.0,1102.0,,,,,,,2024,QB,0.5,0.5,0.1,0.1,72.0,72.0,532.0,525.0,70.0,71.0,530.0,524.0,False,False
11626,16.0,,,,,,,,,6.0,24.0,,1.0,6.0,,,49.0,84.0,497.0,4.0,385.0,112.0,7.0,12.0,,,,680.0,966.0,,,,,,,2024,WR,125.1,125.1,7.8,7.8,60.0,73.0,143.0,190.0,60.0,73.0,140.0,186.0,False,False
11582,17.0,,,,,,,,,56.0,183.0,,2.0,96.0,10.0,5.0,7.0,11.0,26.0,,-17.0,43.0,,1.0,3.0,2.0,,201.0,1148.0,,,,,,,2024,RB,23.9,23.9,1.4,1.4,93.0,106.0,346.0,406.0,93.0,106.0,345.0,401.0,False,False
11637,13.0,,,,,,,,,1.0,9.0,,,1.0,,,29.0,57.0,556.0,4.0,341.0,215.0,4.0,8.0,,,,598.0,823.0,,,,,1.0,,2024,WR,111.5,111.5,8.6,8.6,72.0,66.0,168.0,175.0,72.0,66.0,164.0,169.0,False,False
9489,10.0,,,,,,,,,,,,,,,,,,,,,,,,,,,26.0,677.0,,,,,,,2024,WR,0.0,0.0,0.0,0.0,216.0,216.0,538.0,536.0,216.0,216.0,538.0,536.0,False,False
11573,,,,,,,,,,,,,,,,,,,,,,,,,,,,,69.0,,,,,,,2024,RB,0.0,0.0,,,136.0,,538.0,,136.0,,538.0,,False,False
5857,14.0,,,,,,,,,,,,,,,,48.0,64.0,500.0,1.0,223.0,277.0,1.0,5.0,,,,569.0,896.0,,,,,,,2024,TE,104.0,104.0,7.4,7.4,28.0,25.0,180.0,199.0,27.0,25.0,176.0,196.0,False,False
5154,17.0,,,,,,,,,,,,,,,,8.0,9.0,83.0,1.0,43.0,40.0,,1.0,,,,179.0,1117.0,,,,,,,2024,WR,22.3,22.3,1.3,1.3,140.0,166.0,351.0,414.0,140.0,166.0,351.0,410.0,False,False
9224,16.0,,,,,,,,,229.0,990.0,7.0,23.0,391.0,44.0,19.0,54.0,65.0,360.0,4.0,34.0,326.0,2.0,12.0,2.0,1.0,,687.0,1063.0,,,1.0,,,,2024,RB,255.0,255.0,15.9,15.9,12.0,16.0,38.0,52.0,12.0,16.0,34.0,46.0,True,True
8204,17.0,,,,,,,,,8.0,54.0,,2.0,18.0,,2.0,8.0,17.0,91.0,,84.0,7.0,,1.0,,,,251.0,1084.0,,,,,,,2024,WR,22.5,22.5,1.3,1.3,139.0,166.0,349.0,414.0,139.0,166.0,349.0,410.0,False,False
11073,,,,,,,,,,,,,,,,,,,,,,,,,,,,,,,,,,,,2024,WR,0.0,0.0,,,216.0,,538.0,,216.0,,538.0,,False,False
5012,17.0,,,,,,,,,4.0,5.0,,,4.0,1.0,,55.0,69.0,673.0,11.0,485.0,188.0,3.0,15.0,,,,682.0,1110.0,,,,,,,2024,TE,188.8,188.8,11.1,11.1,6.0,8.0,83.0,121.0,6.0,8.0,81.0,116.0,True,True
7595,17.0,,,,,,,,,,,,,,,,11.0,12.0,193.0,1.0,65.0,128.0,,,1.0,,,275.0,1110.0,,,,,1.0,,2024,WR,38.3,38.3,2.3,2.3,121.0,139.0,292.0,347.0,121.0,139.0,290.0,345.0,False,False
6074,,,,,,,,,,,,,,,,,,,,,,,,,,,,,,,,,,,,2024,TE,0.0,0.0,,,115.0,,538.0,,115.0,,538.0,,False,False
11815,,,,,,,,,,,,,,,,,,,,,,,,,,,,,,,,,,,,2024,WR,0.0,0.0,,,216.0,,538.0,,216.0,,538.0,,False,False
11942,6.0,,,,,,,,,,,,,,,,,,,,,,,,,,,6.0,398.0,,,,,,,2024,TE,0.0,0.0,0.0,0.0,115.0,115.0,538.0,536.0,115.0,115.0,538.0,536.0,False,False
3202,17.0,,,,,,,,,,,,,,,,45.0,59.0,476.0,3.0,251.0,225.0,1.0,8.0,2.0,1.0,,575.0,1093.0,,,,,,,2024,TE,108.6,108.6,6.4,6.4,24.0,32.0,172.0,222.0,24.0,32.0,169.0,221.0,False,False
6794,17.0,1.0,1.0,22.0,,,,-5.0,,1.0,3.0,,,,,,103.0,154.0,1533.0,10.0,1046.0,487.0,5.0,25.0,1.0,,,1043.0,1117.0,,,,,5.0,,2024,WR,327.5,327.0,19.3,19.2,2.0,4.0,12.0,17.0,2.0,4.0,11.0,15.0,True,True
11347,,,,,,,,,,,,,,,,,,,,,,,,,,,,,,,,,,,,2024,WR,0.0,0.0,,,216.0,,538.0,,216.0,,538.0,,False,False
11377,3.0,,,,,,,,,,,,,,,,1.0,1.0,69.0,1.0,-2.0,71.0,,,,,,32.0,205.0,,,,,,,2024,WR,13.9,13.9,4.6,4.6,160.0,105.0,395.0,262.0,160.0,105.0,394.0,261.0,False,False
8202,5.0,,,,,,,,,,,,,,,,7.0,17.0,65.0,,30.0,35.0,2.0,3.0,,,,304.0,365.0,,,,,,,2024,WR,13.5,13.5,2.7,2.7,163.0,132.0,401.0,327.0,163.0,132.0,399.0,326.0,False,False
2381,15.0,,,,,,,,,,,,,,,,6.0,12.0,76.0,,57.0,19.0,,1.0,,,,239.0,951.0,,,,,,,2024,WR,13.6,13.6,0.9,0.9,161.0,182.0,399.0,448.0,161.0,182.0,397.0,446.0,False,False
11600,16.0,,,,,,,,,,,,,,,,33.0,43.0,342.0,1.0,152.0,190.0,2.0,5.0,1.0,,,531.0,964.0,,,,,,,2024,TE,73.2,73.2,4.6,4.6,36.0,38.0,225.0,262.0,36.0,38.0,222.0,261.0,False,False
5980,5.0,,,,,,,,,3.0,-1.0,,,1.0,1.0,1.0,1.0,1.0,11.0,,-2.0,13.0,,,,,,7.0,313.0,,,,,,,2024,RB,2.0,2.0,0.4,0.4,124.0,127.0,500.0,496.0,124.0,127.0,499.0,495.0,False,False
9230,2.0,45.0,30.0,323.0,4.0,,2.0,185.0,4.0,5.0,-1.0,,,2.0,,,,,,,,,,,,,,89.0,133.0,,,,,,,2024,QB,28.8,30.4,14.4,15.2,49.0,27.0,329.0,74.0,48.0,16.0,324.0,53.0,False,False
5008,17.0,,,,,,,,,,,,,,,,9.0,17.0,53.0,,37.0,16.0,1.0,3.0,,,,364.0,1138.0,,,,,,,2024,TE,14.3,14.3,0.8,0.8,79.0,86.0,391.0,457.0,79.0,86.0,390.0,454.0,False,False
8665,,,,,,,,,,,,,,,,,,,,,,,,,,,,,,,,,,,,2024,TE,0.0,0.0,,,115.0,,538.0,,115.0,,538.0,,False,False
9754,15.0,,,,,,,,,3.0,6.0,,1.0,5.0,,,55.0,91.0,711.0,8.0,405.0,306.0,7.0,11.0,,,,656.0,935.0,,,,,2.0,,2024,WR,178.7,178.7,11.9,11.9,39.0,40.0,94.0,111.0,39.0,40.0,91.0,104.0,False,False
6453,,,,,,,,,,,,,,,,,,,,,,,,,,,,,,,,,,,,2024,WR,0.0,0.0,,,216.0,,538.0,,216.0,,538.0,,False,False
11580,,,,,,,,,,,,,,,,,,,,,,,,,,,,,,,,,,,,2024,RB,0.0,0.0,,,136.0,,538.0,,136.0,,538.0,,False,False
6894,2.0,,,,,,,,,,,,,,,,,,,,,,,,,,,1.0,128.0,,,,,,,2024,TE,0.0,0.0,0.0,0.0,115.0,115.0,538.0,536.0,115.0,115.0,538.0,536.0,False,False
11625,17.0,1.0,1.0,24.0,,,,-6.0,,4.0,6.0,,,4.0,2.0,1.0,23.0,55.0,312.0,,211.0,101.0,4.0,5.0,2.0,1.0,,383.0,1087.0,,,,,,,2024,WR,53.8,53.3,3.2,3.1,113.0,128.0,265.0,311.0,113.0,129.0,264.0,311.0,False,False
12389,,,,,,,,,,,,,,,,,,,,,,,,,,,,,,,,,,,,2024,TE,0.0,0.0,,,115.0,,538.0,,115.0,,538.0,,False,False
6938,17.0,,,,,,,,,104.0,444.0,2.0,7.0,218.0,13.0,19.0,14.0,18.0,68.0,3.0,-15.0,83.0,,4.0,1.0,1.0,,282.0,1142.0,,,,,,,2024,RB,93.2,93.2,5.5,5.5,50.0,57.0,201.0,241.0,50.0,57.0,196.0,241.0,False,False
11080,,,,,,,,,,,,,,,,,,,,,,,,,,,,,,,,,,,,2024,WR,0.0,0.0,,,216.0,,538.0,,216.0,,538.0,,False,False
4198,,,,,,,,,,,,,,,,,,,,,,,,,,,,,,,,,,,,2024,WR,0.0,0.0,,,216.0,,538.0,,216.0,,538.0,,False,False
11821,,,,,,,,,,,,,,,,,,,,,,,,,,,,,,,,,,,,2024,WR,0.0,0.0,,,216.0,,538.0,,216.0,,538.0,,False,False
7537,1.0,,,,,,,,,,,,,,,,,,,,,,,,,,,,60.0,,,,,,,2024,RB,0.0,0.0,0.0,0.0,136.0,134.0,538.0,536.0,136.0,134.0,538.0,536.0,False,False
8114,2.0,,,,,,,,,,,,,,,,,2.0,,,,,,,,,,18.0,128.0,,,,,,,2024,WR,0.0,0.0,0.0,0.0,216.0,216.0,538.0,536.0,216.0,216.0,538.0,536.0,False,False
8144,8.0,,,,,,,,,1.0,7.0,,,,,,32.0,44.0,400.0,1.0,279.0,121.0,2.0,5.0,1.0,1.0,,315.0,530.0,,,,,1.0,,2024,WR,78.7,78.7,9.8,9.8,91.0,56.0,217.0,149.0,91.0,56.0,214.0,145.0,False,False
11621,3.0,,,,,,,,,,,,,,,,,,,,,,,,,,,3.0,234.0,,,,,,,2024,WR,0.0,0.0,0.0,0.0,216.0,216.0,538.0,536.0,216.0,216.0,538.0,536.0,False,False
6529,,,,,,,,,,,,,,,,,,,,,,,,,,,,,,,,,,,,2024,TE,0.0,0.0,,,115.0,,538.0,,115.0,,538.0,,False,False
4984,17.0,483.0,307.0,3731.0,28.0,6.0,14.0,1726.0,61.0,102.0,531.0,12.0,7.0,190.0,31.0,5.0,,,7.0,1.0,,7.0,,,5.0,2.0,,968.0,1088.0,3.0,,,,,,2024,QB,383.0,364.4,22.5,21.4,3.0,3.0,4.0,5.0,4.0,4.0,7.0,7.0,True,True
11053,,,,,,,,,,,,,,,,,,,,,,,,,,,,,,,,,,,,2024,WR,0.0,0.0,,,216.0,,538.0,,216.0,,538.0,,False,False
9500,14.0,,,,,,,,,1.0,12.0,,,,,1.0,72.0,107.0,803.0,5.0,407.0,396.0,5.0,12.0,,,,602.0,924.0,,,,,1.0,,2024,WR,185.5,185.5,13.2,13.2,36.0,32.0,89.0,88.0,36.0,32.0,86.0,81.0,False,False
11762,8.0,,,,,,,,,,,,,,,,1.0,1.0,23.0,,18.0,5.0,,,,,,15.0,512.0,,,,,,,2024,WR,3.3,3.3,0.4,0.4,195.0,200.0,477.0,496.0,195.0,200.0,476.0,495.0,False,False
7602,17.0,,,,,,,,,,,,,,,,14.0,31.0,182.0,,73.0,109.0,1.0,5.0,,,,430.0,1087.0,,,,,,,2024,TE,32.2,32.2,1.9,1.9,61.0,63.0,319.0,368.0,61.0,63.0,317.0,364.0,False,False
12357,5.0,,,,,,,,,,,,,,,,1.0,2.0,6.0,,,6.0,,,,,,46.0,326.0,,,,,,,2024,TE,1.6,1.6,0.3,0.3,109.0,102.0,511.0,506.0,109.0,102.0,510.0,506.0,False,False
5010,15.0,,,,,,,,,,,,,,,,50.0,64.0,481.0,2.0,178.0,303.0,4.0,8.0,,,,540.0,950.0,,,,,,,2024,TE,110.1,110.1,7.3,7.3,23.0,26.0,170.0,201.0,23.0,26.0,166.0,197.0,False,False
6039,17.0,,,,,,,,,41.0,213.0,1.0,2.0,107.0,7.0,5.0,18.0,25.0,284.0,3.0,114.0,170.0,,6.0,,,,316.0,1088.0,,,,,1.0,,2024,RB,93.7,93.7,5.5,5.5,49.0,57.0,200.0,241.0,49.0,57.0,195.0,241.0,False,False
6803,7.0,,,,,,,,,,,,,,,,25.0,47.0,374.0,,267.0,107.0,4.0,6.0,,,,357.0,468.0,,,,,1.0,,2024,WR,64.4,64.4,9.2,9.2,101.0,57.0,238.0,159.0,101.0,57.0,236.0,152.0,False,False
9997,17.0,,,,,,,,,9.0,56.0,,1.0,27.0,2.0,1.0,74.0,116.0,1059.0,4.0,596.0,463.0,5.0,7.0,,,,832.0,1110.0,,,,,5.0,,2024,WR,219.5,219.5,12.9,12.9,21.0,35.0,61.0,95.0,21.0,35.0,59.0,86.0,True,True
8172,9.0,,,,,,,,,,,,,,,,5.0,12.0,28.0,,13.0,15.0,2.0,1.0,,,,147.0,573.0,,,,,,,2024,TE,7.8,7.8,0.9,0.9,92.0,84.0,435.0,448.0,92.0,84.0,431.0,446.0,False,False
9222,,,,,,,,,,,,,,,,,,,,,,,,,,,,,,,,,,,,2024,RB,0.0,0.0,,,136.0,,538.0,,136.0,,538.0,,False,False
11421,11.0,,,,,,,,,,,,,,,,12.0,20.0,128.0,2.0,73.0,55.0,2.0,3.0,,,,275.0,761.0,,,,,,,2024,WR,36.8,36.8,3.3,3.3,123.0,125.0,296.0,305.0,123.0,126.0,294.0,304.0,False,False
7050,15.0,,,,,,,,,,,,,,,,3.0,3.0,14.0,,2.0,12.0,,2.0,,,,87.0,920.0,,,,,,,2024,TE,4.4,4.4,0.3,0.3,98.0,102.0,469.0,506.0,98.0,102.0,466.0,506.0,False,False
8706,,,,,,,,,,,,,,,,,,,,,,,,,,,,,,,,,,,,2024,TE,0.0,0.0,,,115.0,,538.0,,115.0,,538.0,,False,False
4144,17.0,,,,,,,,,2.0,-1.0,,,,1.0,1.0,88.0,111.0,884.0,8.0,374.0,510.0,6.0,18.0,2.0,1.0,,626.0,1138.0,,,,,2.0,,2024,TE,226.3,226.3,13.3,13.3,4.0,4.0,55.0,85.0,4.0,4.0,53.0,78.0,True,True
12009,,,,,,,,,,,,,,,,,,,,,,,,,,,,,61.0,,,,,,,2024,QB,0.0,0.0,,,74.0,,538.0,,74.0,,538.0,,False,False
8126,17.0,,,,,,,,,3.0,18.0,,,15.0,,,93.0,140.0,699.0,3.0,338.0,361.0,6.0,17.0,,,,857.0,1125.0,,,,,,,2024,WR,182.7,182.7,10.7,10.7,37.0,46.0,92.0,128.0,37.0,46.0,89.0,125.0,False,False
11773,6.0,,,,,,,,,,,,,,,,,,,,,,,,,,,5.0,407.0,,,,,,,2024,RB,0.0,0.0,0.0,0.0,136.0,134.0,538.0,536.0,136.0,134.0,538.0,536.0,False,False
8249,13.0,,,,,,,,,,,,,,,,19.0,23.0,152.0,,85.0,67.0,,,,,,299.0,843.0,,,,,,,2024,TE,34.2,34.2,2.6,2.6,59.0,53.0,310.0,331.0,59.0,53.0,309.0,330.0,False,False
11168,15.0,,,,,,,,,4.0,36.0,,,6.0,,,2.0,2.0,6.0,,1.0,5.0,,,,,,33.0,960.0,,,,,,,2024,WR,6.2,6.2,0.4,0.4,182.0,200.0,453.0,496.0,182.0,200.0,449.0,495.0,False,False
6853,17.0,,,,,,,,,,,,,,,,24.0,40.0,276.0,2.0,198.0,78.0,,8.0,,,,721.0,1129.0,,,,,,,2024,WR,63.6,63.6,3.7,3.7,104.0,120.0,242.0,288.0,104.0,120.0,240.0,286.0,False,False
8489,17.0,,,,,,,,,,,,,,,,9.0,14.0,109.0,1.0,59.0,50.0,1.0,3.0,,,,439.0,1087.0,,,,,,,2024,TE,25.9,25.9,1.5,1.5,67.0,72.0,344.0,400.0,67.0,72.0,344.0,394.0,False,False
8801,,,,,,,,,,,,,,,,,,,,,,,,,,,,,,,,,,,,2024,WR,0.0,0.0,,,216.0,,538.0,,216.0,,538.0,,False,False
11943,,,,,,,,,,,,,,,,,,,,,,,,,,,,,,,,,,,,2024,RB,0.0,0.0,,,136.0,,538.0,,136.0,,538.0,,False,False
6239,,,,,,,,,,,,,,,,,,,,,,,,,,,,,,,,,,,,2024,WR,0.0,0.0,,,216.0,,538.0,,216.0,,538.0,,False,False
11851,,,,,,,,,,,,,,,,,,,,,,,,,,,,,125.0,,,,,,,2024,QB,0.0,0.0,,,74.0,,538.0,,74.0,,538.0,,False,False
8235,,,,,,,,,,,,,,,,,,,,,,,,,,,,,,,,,,,,2024,WR,0.0,0.0,,,216.0,,538.0,,216.0,,538.0,,False,False
8168,6.0,,,,,,,,,,,,,,,,,3.0,,,,,1.0,,,,,82.0,409.0,,,,,,,2024,WR,0.0,0.0,0.0,0.0,216.0,216.0,538.0,536.0,216.0,216.0,538.0,536.0,False,False
2446,12.0,,,,,,,,,,,,,,,,6.0,10.0,40.0,1.0,24.0,16.0,,1.0,,,,271.0,788.0,,,,,,,2024,TE,16.0,16.0,1.3,1.3,74.0,77.0,375.0,414.0,74.0,77.0,375.0,410.0,False,False
11946,,,,,,,,,,,,,,,,,,,,,,,,,,,,,,,,,,,,2024,WR,0.0,0.0,,,216.0,,538.0,,216.0,,538.0,,False,False
5045,17.0,2.0,2.0,30.0,1.0,,,19.0,1.0,,,,,,,,81.0,135.0,1081.0,8.0,902.0,179.0,9.0,21.0,1.0,1.0,,936.0,1102.0,,,,,3.0,,2024,WR,246.3,247.7,14.5,14.6,11.0,24.0,44.0,72.0,11.0,24.0,39.0,65.0,True,True
9497,16.0,,,,,,,,,,,,,,,,8.0,19.0,62.0,,56.0,6.0,2.0,,,,,346.0,1125.0,,,,,,,2024,WR,14.2,14.2,0.9,0.9,157.0,182.0,392.0,448.0,157.0,182.0,391.0,446.0,False,False
9492,15.0,,,,,,,,,,,,,,,,12.0,22.0,172.0,1.0,130.0,42.0,1.0,1.0,1.0,,,305.0,1012.0,,,,,,,2024,WR,35.2,35.2,2.3,2.3,125.0,139.0,303.0,347.0,125.0,139.0,302.0,345.0,False,False
6665,3.0,,,,,,,,,,,,,,,,1.0,3.0,5.0,,3.0,2.0,,1.0,,,,40.0,226.0,,,,,,,2024,TE,1.5,1.5,0.5,0.5,110.0,99.0,515.0,488.0,110.0,99.0,514.0,486.0,False,False
8122,,,,,,,,,,,,,,,,,,,,,,,,,,,,,,,,,,,,2024,RB,0.0,0.0,,,136.0,,538.0,,136.0,,538.0,,False,False
7594,15.0,,,,,,,,,250.0,1195.0,10.0,14.0,539.0,41.0,15.0,43.0,54.0,171.0,1.0,-74.0,245.0,2.0,11.0,4.0,3.0,,712.0,920.0,,,4.0,,,,2024,RB,247.6,247.6,16.5,16.5,15.0,13.0,43.0,44.0,15.0,13.0,40.0,38.0,True,True
11508,8.0,,,,,,,,,,,,,,,,,,,,,,,,,,,14.0,566.0,,,,,,,2024,TE,0.0,0.0,0.0,0.0,115.0,115.0,538.0,536.0,115.0,115.0,538.0,536.0,False,False
11834,13.0,,,,,,,,,,,,,,,,41.0,55.0,475.0,3.0,348.0,127.0,3.0,7.0,,,,447.0,849.0,,,,,,,2024,WR,106.5,106.5,8.2,8.2,75.0,69.0,174.0,182.0,75.0,69.0,171.0,177.0,False,False
11493,,,,,,,,,,,,,,,,,,,,,,,,,,,,,,,,,,,,2024,TE,0.0,0.0,,,115.0,,538.0,,115.0,,538.0,,False,False
6850,13.0,,,,,,,,,,,,,,,,9.0,12.0,86.0,,15.0,71.0,,,,,,213.0,855.0,,,,,,,2024,TE,17.6,17.6,1.4,1.4,72.0,73.0,370.0,406.0,72.0,73.0,368.0,401.0,False,False
5096,17.0,,,,,,,,,10.0,79.0,,,29.0,1.0,1.0,62.0,87.0,686.0,1.0,351.0,335.0,3.0,5.0,4.0,2.0,,981.0,1143.0,,,,,,,2024,WR,140.5,140.5,8.3,8.3,53.0,68.0,125.0,179.0,53.0,68.0,123.0,174.0,False,False
4098,13.0,,,,,,,,,200.0,728.0,7.0,7.0,329.0,42.0,11.0,23.0,32.0,176.0,,-40.0,216.0,,10.0,,,,477.0,955.0,,,2.0,,,,2024,RB,159.4,159.4,12.3,12.3,30.0,26.0,108.0,104.0,30.0,26.0,104.0,98.0,True,True
8127,13.0,,,,,,,,,1.0,2.0,,,,,,9.0,11.0,131.0,1.0,55.0,76.0,,1.0,,,,251.0,854.0,,,,,,,2024,TE,28.3,28.3,2.2,2.2,63.0,59.0,333.0,353.0,63.0,59.0,333.0,350.0,False,False
3200,14.0,,,,,,,,,8.0,69.0,,1.0,21.0,3.0,1.0,32.0,51.0,334.0,1.0,235.0,99.0,4.0,5.0,,,,509.0,953.0,,,,,,,2024,WR,78.3,78.3,5.6,5.6,93.0,97.0,220.0,238.0,93.0,97.0,217.0,237.0,False,False
4089,17.0,,,,,,,,,,,,,,,,8.0,13.0,36.0,,-5.0,41.0,1.0,2.0,,,,246.0,1136.0,,,,,,,2024,TE,11.6,11.6,0.7,0.7,84.0,91.0,413.0,468.0,84.0,91.0,408.0,464.0,False,False
4718,17.0,,,,,,,,,30.0,112.0,,1.0,42.0,5.0,6.0,19.0,28.0,198.0,1.0,30.0,168.0,2.0,5.0,,,,310.0,1107.0,,,,,,,2024,RB,56.0,56.0,3.3,3.3,64.0,77.0,259.0,305.0,64.0,77.0,256.0,304.0,False,False
7559,15.0,,,,,,,,,,,,,,,,,,,,,,,,1.0,,1.0,7.0,1054.0,,,,,,,2024,WR,6.0,6.0,0.4,0.4,184.0,200.0,455.0,496.0,184.0,200.0,451.0,495.0,False,False
11748,7.0,,,,,,,,,,,,,,,,9.0,15.0,118.0,1.0,98.0,20.0,1.0,1.0,,,,145.0,465.0,,,,,,,2024,WR,26.8,26.8,3.8,3.8,134.0,117.0,336.0,283.0,134.0,117.0,336.0,280.0,False,False
12412,3.0,,,,,,,,,13.0,33.0,,,14.0,1.0,1.0,,1.0,,,,,,,,,,38.0,203.0,,,,,,,2024,RB,3.3,3.3,1.1,1.1,118.0,113.0,477.0,427.0,118.0,113.0,476.0,424.0,False,False
8200,8.0,,,,,,,,,1.0,9.0,,,1.0,,,11.0,22.0,151.0,,114.0,37.0,2.0,,1.0,,,323.0,488.0,,,,,,,2024,WR,27.0,27.0,3.4,3.4,133.0,124.0,335.0,303.0,133.0,124.0,335.0,301.0,False,False
7528,17.0,,,,,,,,,263.0,1043.0,6.0,22.0,522.0,50.0,22.0,36.0,48.0,283.0,,-46.0,329.0,4.0,4.0,,,,569.0,1129.0,,,3.0,,,,2024,RB,210.6,210.6,12.4,12.4,20.0,25.0,69.0,101.0,20.0,25.0,67.0,94.0,True,True
8745,,,,,,,,,,,,,,,,,,,,,,,,,,,,,,,,,,,,2024,WR,0.0,0.0,,,216.0,,538.0,,216.0,,538.0,,False,False
8255,16.0,,,,,,,,,15.0,80.0,,2.0,45.0,1.0,2.0,,,,,,,,,2.0,,,61.0,979.0,,,,,,,2024,RB,8.0,8.0,0.5,0.5,108.0,124.0,433.0,488.0,108.0,124.0,430.0,486.0,False,False
9482,11.0,,,,,,,,,,,,,,,,21.0,32.0,156.0,,95.0,61.0,2.0,6.0,,,,460.0,733.0,,,,,,,2024,TE,36.6,36.6,3.3,3.3,52.0,48.0,297.0,305.0,52.0,48.0,295.0,304.0,False,False
11924,,,,,,,,,,,,,,,,,,,,,,,,,,,,,,,,,,,,2024,QB,0.0,0.0,,,74.0,,538.0,,74.0,,538.0,,False,False
11862,,,,,,,,,,,,,,,,,,,,,,,,,,,,,,,,,,,,2024,TE,0.0,0.0,,,115.0,,538.0,,115.0,,538.0,,False,False
8800,,,,,,,,,,,,,,,,,,,,,,,,,,,,,,,,,,,,2024,RB,0.0,0.0,,,136.0,,538.0,,136.0,,538.0,,False,False
7337,,,,,,,,,,,,,,,,,,,,,,,,,,,,,,,,,,,,2024,WR,0.0,0.0,,,216.0,,538.0,,216.0,,538.0,,False,False
4435,7.0,,,,,,,,,,,,,,,,,,,,,,,,,,,33.0,453.0,,,,,,,2024,TE,0.0,0.0,0.0,0.0,115.0,115.0,538.0,536.0,115.0,115.0,538.0,536.0,False,False
11558,,,,,,,,,,,,,,,,,,,,,,,,,,,,,59.0,,,,,,,2024,QB,0.0,0.0,,,74.0,,538.0,,74.0,,538.0,,False,False
10863,,,,,,,,,,,,,,,,,,,,,,,,,,,,,,,,,,,,2024,WR,0.0,0.0,,,216.0,,538.0,,216.0,,538.0,,False,False
11969,,,,,,,,,,,,,,,,,,,,,,,,,,,,,,,,,,,,2024,WR,0.0,0.0,,,216.0,,538.0,,216.0,,538.0,,False,False
10235,14.0,,,,,,,,,55.0,150.0,6.0,,70.0,14.0,4.0,16.0,20.0,104.0,,8.0,96.0,,2.0,,,,272.0,960.0,,,,,,,2024,RB,77.4,77.4,5.5,5.5,54.0,57.0,222.0,241.0,54.0,57.0,219.0,241.0,False,False
3155,2.0,,,,,,,,,,,,,,,,,,,,,,,,,,,7.0,126.0,,,,,,,2024,WR,0.0,0.0,0.0,0.0,216.0,216.0,538.0,536.0,216.0,216.0,538.0,536.0,False,False
8162,3.0,14.0,5.0,24.0,,1.0,4.0,17.0,,1.0,2.0,,1.0,2.0,,,,,,,,,,,,,,26.0,1100.0,,,,,,,2024,QB,-0.8,-1.3,-0.3,-0.4,111.0,78.0,825.0,619.0,111.0,78.0,825.0,619.0,False,False
11560,17.0,562.0,351.0,3541.0,20.0,6.0,68.0,1675.0,72.0,81.0,489.0,,5.0,104.0,10.0,3.0,,,,,,,,,10.0,5.0,,1123.0,1136.0,4.0,,,,,,2024,QB,256.5,225.7,15.1,13.3,15.0,22.0,37.0,62.0,16.0,25.0,55.0,78.0,False,True
6012,10.0,,,,,,,,,6.0,23.0,,,7.0,,,3.0,3.0,11.0,,1.0,10.0,,,,,,75.0,658.0,,,,,,,2024,RB,6.4,6.4,0.6,0.6,111.0,121.0,449.0,478.0,111.0,121.0,446.0,474.0,False,False
9490,11.0,,,,,,,,,,,,,,,,1.0,1.0,5.0,,-2.0,7.0,,,,,,20.0,884.0,,,,,,,2024,WR,1.5,1.5,0.1,0.1,211.0,214.0,515.0,525.0,211.0,214.0,514.0,524.0,False,False
6798,8.0,,,,,,,,,3.0,-3.0,,,1.0,1.0,2.0,7.0,12.0,100.0,,74.0,26.0,,,1.0,1.0,,138.0,490.0,,,,,,,2024,WR,14.7,14.7,1.8,1.8,153.0,151.0,385.0,377.0,153.0,151.0,384.0,373.0,False,False
8041,12.0,,,,,,,,,,,,,,,,1.0,1.0,22.0,,9.0,13.0,,,,,,109.0,811.0,,,,,,,2024,TE,3.2,3.2,0.3,0.3,101.0,102.0,480.0,506.0,101.0,102.0,479.0,506.0,False,False
4035,14.0,,,,,,,,,228.0,950.0,6.0,13.0,403.0,33.0,29.0,68.0,89.0,543.0,2.0,1.0,542.0,8.0,5.0,1.0,,,641.0,906.0,,,3.0,,,,2024,RB,271.3,271.3,19.4,19.4,9.0,5.0,30.0,16.0,9.0,5.0,25.0,14.0,True,True
11989,1.0,,,,,,,,,,,,,,,,,,,,,,,,,,,,77.0,,,,,,,2024,RB,0.0,0.0,0.0,0.0,136.0,134.0,538.0,536.0,136.0,134.0,538.0,536.0,False,False
8756,3.0,,,,,,,,,,,,,,,,1.0,1.0,9.0,,5.0,4.0,,,,,,19.0,192.0,,,,,,,2024,WR,1.9,1.9,0.6,0.6,205.0,193.0,501.0,478.0,205.0,193.0,500.0,474.0,False,False
12114,1.0,,,,,,,,,,,,,,,,,,,,,,,,,,,6.0,59.0,,,,,,,2024,WR,0.0,0.0,0.0,0.0,216.0,216.0,538.0,536.0,216.0,216.0,538.0,536.0,False,False
11320,5.0,,,,,,,,,,,,,,,,2.0,6.0,48.0,,34.0,14.0,1.0,,1.0,,,39.0,314.0,,,,,,,2024,WR,6.8,6.8,1.4,1.4,178.0,164.0,445.0,406.0,178.0,164.0,442.0,401.0,False,False
11716,17.0,,,,,,,,,,,,,,,,6.0,7.0,37.0,,8.0,29.0,,,,,,450.0,1096.0,,,,,,,2024,TE,9.7,9.7,0.6,0.6,90.0,97.0,426.0,478.0,90.0,97.0,423.0,474.0,False,False
5113,15.0,1.0,1.0,21.0,1.0,,1.0,20.0,,,,,,,,,20.0,27.0,211.0,1.0,122.0,89.0,3.0,1.0,1.0,1.0,,384.0,962.0,,,,,,,2024,WR,49.9,51.5,3.3,3.4,115.0,125.0,269.0,305.0,115.0,124.0,266.0,301.0,False,False
11783,11.0,,,,,,,,,,,,,,,,10.0,14.0,102.0,,68.0,34.0,1.0,,1.0,1.0,,156.0,753.0,,,,,,,2024,WR,18.2,18.2,1.7,1.7,145.0,152.0,365.0,379.0,145.0,152.0,364.0,375.0,False,False
11850,,,,,,,,,,,,,,,,,,,,,,,,,,,,,,,,,,,,2024,WR,0.0,0.0,,,216.0,,538.0,,216.0,,538.0,,False,False
6822,,,,,,,,,,,,,,,,,,,,,,,,,,,,,,,,,,,,2024,QB,0.0,0.0,,,74.0,,538.0,,74.0,,538.0,,False,False
8140,2.0,,,,,,,,,,,,,,,,,1.0,,,,,,1.0,,,,14.0,153.0,,,,,,,2024,WR,0.0,0.0,0.0,0.0,216.0,216.0,538.0,536.0,216.0,216.0,538.0,536.0,False,False
11024,3.0,,,,,,,,,,,,,,,,2.0,4.0,11.0,,8.0,3.0,,,,,,50.0,215.0,,,,,,,2024,WR,3.1,3.1,1.0,1.0,197.0,175.0,483.0,435.0,197.0,175.0,482.0,432.0,False,False
3362,1.0,,,,,,,,,,,,,,,,,,,,,,,,,,,1.0,262.0,,,,,,,2024,QB,0.0,0.0,0.0,0.0,74.0,74.0,538.0,536.0,74.0,74.0,538.0,536.0,False,False
10871,17.0,,,,,,,,,,,,,,,,27.0,36.0,241.0,1.0,144.0,97.0,,1.0,,,,411.0,1171.0,,,,,,,2024,TE,57.1,57.1,3.4,3.4,43.0,47.0,254.0,303.0,43.0,47.0,251.0,301.0,False,False
11435,17.0,,,,,,,,,103.0,502.0,4.0,9.0,242.0,13.0,7.0,11.0,14.0,48.0,1.0,-51.0,99.0,,2.0,,,,263.0,1084.0,,,,,,,2024,RB,96.0,96.0,5.6,5.6,47.0,56.0,192.0,238.0,47.0,56.0,191.0,237.0,False,False
3257,8.0,161.0,95.0,826.0,2.0,1.0,18.0,389.0,23.0,15.0,62.0,,,13.0,3.0,1.0,,,,,,,,,4.0,1.0,,351.0,1093.0,,,,,,,2024,QB,43.2,30.7,5.4,3.8,47.0,53.0,286.0,245.0,47.0,54.0,323.0,280.0,False,False
9758,17.0,532.0,336.0,3727.0,20.0,12.0,52.0,2063.0,59.0,52.0,233.0,,3.0,43.0,7.0,3.0,,1.0,,,,,,1.0,6.0,4.0,,1035.0,1107.0,2.0,,,,,,2024,QB,224.4,189.8,13.2,11.2,18.0,33.0,57.0,88.0,18.0,33.0,79.0,115.0,False,True
10231,17.0,,,,,,,,,,,,,,,,20.0,24.0,172.0,2.0,82.0,90.0,1.0,3.0,,,,411.0,1096.0,,,,,,,2024,TE,49.2,49.2,2.9,2.9,45.0,49.0,270.0,319.0,45.0,49.0,268.0,316.0,False,False
4972,8.0,228.0,146.0,1530.0,9.0,9.0,11.0,874.0,28.0,25.0,106.0,1.0,1.0,23.0,4.0,2.0,,,,,,,,,5.0,1.0,,473.0,1094.0,,,,,,,2024,QB,93.8,81.2,11.7,10.1,38.0,38.0,199.0,118.0,35.0,38.0,211.0,137.0,False,False
11105,,,,,,,,,,,,,,,,,,,,,,,,,,,,,,,,,,,,2024,WR,0.0,0.0,,,216.0,,538.0,,216.0,,538.0,,False,False
9227,,,,,,,,,,,,,,,,,,,,,,,,,,,,,64.0,,,,,,,2024,RB,0.0,0.0,,,136.0,,538.0,,136.0,,538.0,,False,False
8185,,,,,,,,,,,,,,,,,,,,,,,,,,,,,,,,,,,,2024,WR,0.0,0.0,,,216.0,,538.0,,216.0,,538.0,,False,False
11113,,,,,,,,,,,,,,,,,,,,,,,,,,,,,,,,,,,,2024,TE,0.0,0.0,,,115.0,,538.0,,115.0,,538.0,,False,False
12133,,,,,,,,,,,,,,,,,,,,,,,,,,,,,,,,,,,,2024,WR,0.0,0.0,,,216.0,,538.0,,216.0,,538.0,,False,False
5970,17.0,,,,,,,,,5.0,31.0,,,7.0,2.0,,37.0,50.0,342.0,3.0,48.0,294.0,3.0,7.0,3.0,1.0,,432.0,1096.0,,,,,,,2024,WR,90.3,90.3,5.3,5.3,86.0,101.0,206.0,251.0,86.0,101.0,202.0,250.0,False,False
6805,,,,,,,,,,,,,,,,,,,,,,,,,,,,,,,,,,,,2024,WR,0.0,0.0,,,216.0,,538.0,,216.0,,538.0,,False,False
11433,17.0,,,,,,,,,,,,,,,,14.0,15.0,115.0,3.0,39.0,76.0,,4.0,,,,420.0,1102.0,,,,,,,2024,TE,43.5,43.5,2.6,2.6,50.0,53.0,285.0,331.0,50.0,53.0,284.0,330.0,False,False
9502,14.0,,,,,,,,,9.0,43.0,,,8.0,1.0,3.0,51.0,81.0,667.0,3.0,503.0,164.0,6.0,8.0,,,,633.0,916.0,,,,,1.0,,2024,WR,142.0,142.0,10.1,10.1,51.0,53.0,123.0,142.0,51.0,53.0,120.0,137.0,False,False
11886,,,,,,,,,,,,,,,,,,,,,,,,,,,,,,,,,,,,2024,WR,0.0,0.0,,,216.0,,538.0,,216.0,,538.0,,False,False
2307,3.0,44.0,34.0,364.0,4.0,,3.0,257.0,9.0,18.0,92.0,1.0,1.0,14.0,2.0,2.0,,,,,,,,,,,,100.0,901.0,,,,,,,2024,QB,45.8,46.5,15.3,15.5,46.0,20.0,279.0,56.0,45.0,14.0,277.0,50.0,False,False
8178,,,,,,,,,,,,,,,,,,,,,,,,,,,,,,,,,,,,2024,WR,0.0,0.0,,,216.0,,538.0,,216.0,,538.0,,False,False
11056,3.0,,,,,,,,,,,,,,,,,,,,,,,,,,,,,,,,,,,2024,WR,0.0,0.0,0.0,0.0,216.0,216.0,538.0,536.0,216.0,216.0,538.0,536.0,False,False
1466,16.0,,,,,,,,,1.0,1.0,,,1.0,1.0,,97.0,133.0,823.0,3.0,482.0,341.0,6.0,25.0,2.0,1.0,,940.0,1114.0,,,,,1.0,,2024,TE,197.4,197.4,12.3,12.3,5.0,7.0,77.0,104.0,5.0,7.0,75.0,98.0,True,True
11378,11.0,,,,,,,,,20.0,70.0,,,20.0,1.0,2.0,12.0,18.0,71.0,,-9.0,80.0,2.0,1.0,,,,105.0,692.0,,,,,,,2024,RB,26.1,26.1,2.4,2.4,92.0,92.0,342.0,344.0,92.0,92.0,342.0,342.0,False,False
6149,16.0,,,,,,,,,2.0,17.0,,,5.0,2.0,,39.0,71.0,573.0,2.0,449.0,124.0,4.0,5.0,1.0,,,872.0,1050.0,,,,,2.0,,2024,WR,114.0,114.0,7.1,7.1,70.0,81.0,163.0,206.0,70.0,81.0,159.0,204.0,False,False
8214,,,,,,,,,,,,,,,,,,,,,,,,,,,,,,,,,,,,2024,TE,0.0,0.0,,,115.0,,538.0,,115.0,,538.0,,False,False
4149,14.0,,,,,,,,,48.0,164.0,1.0,,72.0,9.0,8.0,9.0,11.0,57.0,,4.0,53.0,,1.0,,,,178.0,896.0,,,,,,,2024,RB,37.1,37.1,2.6,2.6,75.0,88.0,295.0,331.0,75.0,88.0,293.0,330.0,False,False
4017,7.0,216.0,137.0,1148.0,5.0,3.0,33.0,565.0,16.0,31.0,148.0,1.0,1.0,39.0,5.0,3.0,,,,,,,,,5.0,3.0,,415.0,477.0,,,,,,,2024,QB,74.7,61.8,10.7,8.8,40.0,40.0,224.0,128.0,40.0,42.0,244.0,160.0,False,False
4464,5.0,2.0,2.0,38.0,,,,24.0,,3.0,-2.0,,,,,,,,,,,,,,,,,7.0,1117.0,,,,,,,2024,QB,1.3,0.6,0.3,0.1,68.0,71.0,520.0,506.0,68.0,71.0,528.0,524.0,False,False
8139,8.0,,,,,,,,,65.0,183.0,1.0,4.0,90.0,7.0,4.0,6.0,8.0,30.0,,-20.0,50.0,1.0,,2.0,2.0,,154.0,509.0,,,,,,,2024,RB,29.3,29.3,3.7,3.7,86.0,71.0,327.0,288.0,86.0,71.0,328.0,286.0,False,False
11588,,,,,,,,,,,,,,,,,,,,,,,,,,,,,,,,,,,,2024,RB,0.0,0.0,,,136.0,,538.0,,136.0,,538.0,,False,False
7809,17.0,,,,,,,,,,,,,,,,,,,,,,,,,,,10.0,1143.0,,,,,,,2024,RB,0.0,0.0,0.0,0.0,136.0,134.0,538.0,536.0,136.0,134.0,538.0,536.0,False,False
11963,8.0,,,,,,,,,5.0,12.0,,,7.0,,,1.0,2.0,-4.0,,-5.0,1.0,,,,,,16.0,527.0,,,,,,,2024,RB,1.8,1.8,0.2,0.2,127.0,130.0,505.0,517.0,127.0,130.0,504.0,516.0,False,False
1426,16.0,,,,,,,,,,,,,,,,56.0,80.0,610.0,5.0,501.0,109.0,2.0,11.0,1.0,,,533.0,1119.0,,,,,,,2024,WR,147.0,147.0,9.2,9.2,49.0,57.0,117.0,159.0,49.0,57.0,115.0,152.0,False,False
12218,,,,,,,,,,,,,,,,,,,,,,,,,,,,,,,,,,,,2024,RB,0.0,0.0,,,136.0,,538.0,,136.0,,538.0,,False,False
11114,,,,,,,,,,,,,,,,,,,,,,,,,,,,,,,,,,,,2024,RB,0.0,0.0,,,136.0,,538.0,,136.0,,538.0,,False,False
11034,14.0,,,,,,,,,,,,,,,,12.0,30.0,177.0,1.0,140.0,37.0,1.0,4.0,,,,371.0,968.0,,,,,,,2024,WR,35.7,35.7,2.6,2.6,124.0,134.0,302.0,331.0,124.0,134.0,301.0,330.0,False,False
12045,3.0,,,,,,,,,,,,,,,,,,,,,,,,,,,9.0,184.0,,,,,,,2024,TE,0.0,0.0,0.0,0.0,115.0,115.0,538.0,536.0,115.0,115.0,538.0,536.0,False,False
6451,,,,,,,,,,,,,,,,,,,,,,,,,,,,,,,,,,,,2024,TE,0.0,0.0,,,115.0,,538.0,,115.0,,538.0,,False,False
8210,17.0,,,,,,,,,1.0,17.0,,,3.0,,,52.0,70.0,479.0,2.0,230.0,249.0,3.0,5.0,2.0,1.0,,665.0,1094.0,,,,,,,2024,TE,111.6,111.6,6.6,6.6,22.0,31.0,167.0,219.0,22.0,31.0,163.0,218.0,False,False
6151,11.0,,,,,,,,,55.0,205.0,2.0,2.0,81.0,7.0,6.0,24.0,30.0,148.0,1.0,-2.0,150.0,,2.0,1.0,,,224.0,661.0,,,,,,,2024,RB,77.3,77.3,7.0,7.0,55.0,48.0,223.0,210.0,55.0,48.0,220.0,208.0,False,False
7943,2.0,,,,,,,,,,,,,,,,1.0,2.0,5.0,,3.0,2.0,,1.0,,,,42.0,191.0,,,,,,,2024,TE,1.5,1.5,0.8,0.8,110.0,86.0,515.0,457.0,110.0,86.0,514.0,454.0,False,False
11256,4.0,2.0,2.0,11.0,,,,1.0,,6.0,-7.0,,,,,,,,,,,,,,,,,13.0,1136.0,,,,,,,2024,QB,-0.3,-0.5,-0.1,-0.1,110.0,76.0,824.0,614.0,110.0,75.0,824.0,613.0,False,False
5086,14.0,,,,,,,,,1.0,4.0,,,,,,19.0,44.0,411.0,4.0,268.0,143.0,2.0,2.0,,,,456.0,802.0,,,,,1.0,,2024,WR,86.5,86.5,6.2,6.2,87.0,90.0,209.0,224.0,87.0,90.0,205.0,223.0,False,False
11568,2.0,,,,,,,,,4.0,10.0,,,3.0,,1.0,1.0,2.0,13.0,,-5.0,18.0,1.0,1.0,,,,11.0,127.0,,,,,,,2024,RB,3.3,3.3,1.6,1.6,118.0,104.0,477.0,389.0,118.0,104.0,476.0,384.0,False,False
11911,,,,,,,,,,,,,,,,,,,,,,,,,,,,,,,,,,,,2024,WR,0.0,0.0,,,216.0,,538.0,,216.0,,538.0,,False,False
9499,14.0,,,,,,,,,,,,,,,,,,,,,,,,,,1.0,2.0,906.0,,,,,,,2024,WR,6.0,6.0,0.4,0.4,184.0,200.0,455.0,496.0,184.0,200.0,451.0,495.0,False,False
12135,,,,,,,,,,,,,,,,,,,,,,,,,,,,,,,,,,,,2024,TE,0.0,0.0,,,115.0,,538.0,,115.0,,538.0,,False,False
7865,1.0,,,,,,,,,,,,,,,,,,,,,,,,,,,1.0,58.0,,,,,,,2024,WR,0.0,0.0,0.0,0.0,216.0,216.0,538.0,536.0,216.0,216.0,538.0,536.0,False,False
6989,2.0,,,,,,,,,,,,,,,,,,,,,,,,,,,5.0,116.0,,,,,,,2024,WR,0.0,0.0,0.0,0.0,216.0,216.0,538.0,536.0,216.0,216.0,538.0,536.0,False,False
5850,17.0,,,,,,,,,301.0,1329.0,15.0,35.0,737.0,56.0,28.0,36.0,43.0,342.0,1.0,-61.0,403.0,,4.0,4.0,3.0,,678.0,1084.0,,,3.0,,,,2024,RB,299.1,299.1,17.6,17.6,6.0,9.0,19.0,31.0,6.0,9.0,16.0,27.0,True,True
9753,17.0,,,,,,,,,135.0,569.0,8.0,12.0,302.0,22.0,15.0,42.0,52.0,340.0,1.0,-37.0,377.0,,1.0,,,,568.0,1100.0,,,1.0,,,,2024,RB,188.9,188.9,11.1,11.1,25.0,32.0,82.0,121.0,25.0,32.0,80.0,116.0,True,True
12267,,,,,,,,,,,,,,,,,,,,,,,,,,,,,,,,,,,,2024,WR,0.0,0.0,,,216.0,,538.0,,216.0,,538.0,,False,False
11065,,,,,,,,,,,,,,,,,,,,,,,,,,,,,72.0,,,,,,,2024,QB,0.0,0.0,,,74.0,,538.0,,74.0,,538.0,,False,False
5880,5.0,,,,,,,,,,,,,,,,6.0,8.0,30.0,1.0,21.0,9.0,,1.0,,,,140.0,384.0,,,,,,,2024,WR,15.0,15.0,3.0,3.0,151.0,130.0,383.0,316.0,151.0,130.0,382.0,313.0,False,False
4314,17.0,,,,,,,,,,,,,,,,19.0,27.0,142.0,2.0,59.0,83.0,2.0,5.0,,,,434.0,1117.0,,,,,,,2024,TE,45.2,45.2,2.7,2.7,47.0,52.0,281.0,327.0,47.0,52.0,280.0,326.0,False,False
7527,10.0,262.0,171.0,1672.0,8.0,8.0,14.0,764.0,26.0,28.0,92.0,1.0,,35.0,2.0,1.0,,,,,,,,,2.0,2.0,,497.0,1033.0,,,,,,,2024,QB,94.1,76.6,9.4,7.7,37.0,46.0,198.0,156.0,37.0,47.0,221.0,190.0,False,False
11452,,,,,,,,,,,,,,,,,,,,,,,,,,,,,,,,,,,,2024,WR,0.0,0.0,,,216.0,,538.0,,216.0,,538.0,,False,False
9505,7.0,,,,,,,,,17.0,70.0,,,32.0,3.0,,3.0,5.0,18.0,,5.0,13.0,,,,,,52.0,569.0,,,,,,,2024,RB,11.8,11.8,1.7,1.7,102.0,102.0,412.0,379.0,102.0,102.0,407.0,375.0,False,False
2545,8.0,,,,,,,,,,,,,,,,1.0,1.0,7.0,,2.0,5.0,,,,,,139.0,550.0,,,,,,,2024,TE,1.7,1.7,0.2,0.2,106.0,108.0,506.0,517.0,106.0,108.0,505.0,516.0,False,False
6126,5.0,,,,,,,,,,,,,,,,,,,,,,,,,,,85.0,288.0,,,,,,,2024,TE,0.0,0.0,0.0,0.0,115.0,115.0,538.0,536.0,115.0,115.0,538.0,536.0,False,False
7082,,,,,,,,,,,,,,,,,,,,,,,,,,,,,,,,,,,,2024,TE,0.0,0.0,,,115.0,,538.0,,115.0,,538.0,,False,False
11604,17.0,,,,,,,,,5.0,13.0,,1.0,14.0,,2.0,112.0,153.0,1194.0,5.0,598.0,596.0,6.0,14.0,,,,956.0,1123.0,,,,,2.0,,2024,TE,266.7,266.7,15.7,15.7,1.0,2.0,32.0,53.0,1.0,2.0,27.0,47.0,True,True
11566,17.0,480.0,331.0,3568.0,25.0,9.0,47.0,1788.0,66.0,148.0,891.0,6.0,9.0,238.0,37.0,10.0,,,,,,,,,5.0,,,1062.0,1163.0,1.0,,1.0,,,,2024,QB,353.8,332.5,20.8,19.6,5.0,7.0,9.0,10.0,5.0,6.0,10.0,13.0,True,True
4319,17.0,,,,,,,,,,,,,,,,,,,,,,,,,,,68.0,1096.0,,,,,,,2024,WR,0.0,0.0,0.0,0.0,216.0,216.0,538.0,536.0,216.0,216.0,538.0,536.0,False,False
6588,4.0,,,,,,,,,,,,,,,,,1.0,,,,,,,,,,16.0,282.0,,,,,,,2024,WR,0.0,0.0,0.0,0.0,216.0,216.0,538.0,536.0,216.0,216.0,538.0,536.0,False,False
9495,10.0,,,,,,,,,,,,,,,,9.0,11.0,124.0,,106.0,18.0,,2.0,,,,210.0,684.0,,,,,,,2024,WR,21.4,21.4,2.1,2.1,141.0,144.0,355.0,358.0,141.0,144.0,354.0,355.0,False,False
10860,,,,,,,,,,,,,,,,,,,,,,,,,,,,,,,,,,,,2024,WR,0.0,0.0,,,216.0,,538.0,,216.0,,538.0,,False,False
2460,7.0,,,,,,,,,,,,,,,,,,,,,,,,,,,132.0,477.0,,,,,,,2024,TE,0.0,0.0,0.0,0.0,115.0,115.0,538.0,536.0,115.0,115.0,538.0,536.0,False,False
8176,,,,,,,,,,,,,,,,,,,,,,,,,,,,,,,,,,,,2024,WR,0.0,0.0,,,216.0,,538.0,,216.0,,538.0,,False,False
12395,,,,,,,,,,,,,,,,,,,,,,,,,,,,,,,,,,,,2024,WR,0.0,0.0,,,216.0,,538.0,,216.0,,538.0,,False,False
5001,17.0,,,,,,,,,,,,,,,,53.0,85.0,532.0,2.0,318.0,214.0,4.0,7.0,,,,865.0,1107.0,,,,,,,2024,TE,118.2,118.2,7.0,7.0,20.0,28.0,160.0,210.0,20.0,28.0,156.0,208.0,False,False
11643,15.0,,,,,,,,,68.0,249.0,,3.0,123.0,5.0,15.0,3.0,6.0,8.0,,,8.0,1.0,1.0,1.0,1.0,,171.0,1067.0,,,,,,,2024,RB,26.7,26.7,1.8,1.8,91.0,101.0,337.0,377.0,91.0,101.0,337.0,373.0,False,False
6181,,,,,,,,,,,,,,,,,,,,,,,,,,,,,,,,,,,,2024,TE,0.0,0.0,,,115.0,,538.0,,115.0,,538.0,,False,False
5806,,,,,,,,,,,,,,,,,,,,,,,,,,,,,,,,,,,,2024,QB,0.0,0.0,,,74.0,,538.0,,74.0,,538.0,,False,False
11467,8.0,,,,,,,,,,,,,,,,1.0,1.0,7.0,,4.0,3.0,,,,,,65.0,480.0,,,,,,,2024,TE,1.7,1.7,0.2,0.2,106.0,108.0,506.0,517.0,106.0,108.0,505.0,516.0,False,False
7131,,,,,,,,,,,,,,,,,,,,,,,,,,,,,,,,,,,,2024,TE,0.0,0.0,,,115.0,,538.0,,115.0,,538.0,,False,False
11506,1.0,,,,,,,,,,,,,,,,,,,,,,,,,,,12.0,60.0,,,,,,,2024,WR,0.0,0.0,0.0,0.0,216.0,216.0,538.0,536.0,216.0,216.0,538.0,536.0,False,False
4029,2.0,,,,,,,,,8.0,20.0,,,8.0,,,1.0,1.0,10.0,,3.0,7.0,,,,,,24.0,139.0,,,,,,,2024,RB,4.0,4.0,2.0,2.0,117.0,96.0,472.0,365.0,117.0,96.0,471.0,361.0,False,False
5374,17.0,,,,,,,,,,,,,,,,22.0,32.0,289.0,2.0,221.0,68.0,2.0,3.0,,,,686.0,1148.0,,,,,,,2024,WR,62.9,62.9,3.7,3.7,105.0,120.0,244.0,288.0,105.0,120.0,242.0,286.0,False,False
11619,15.0,,,,,,,,,1.0,,,,,1.0,,12.0,33.0,87.0,2.0,74.0,13.0,4.0,4.0,,,,436.0,962.0,,,,,,,2024,WR,32.7,32.7,2.2,2.2,128.0,142.0,315.0,353.0,128.0,142.0,313.0,350.0,False,False
11982,,,,,,,,,,,,,,,,,,,,,,,,,,,,,,,,,,,,2024,WR,0.0,0.0,,,216.0,,538.0,,216.0,,538.0,,False,False
9756,15.0,,,,,,,,,3.0,20.0,1.0,1.0,10.0,1.0,,63.0,99.0,875.0,9.0,662.0,213.0,2.0,17.0,,,,818.0,1000.0,,,,,2.0,,2024,WR,216.5,216.5,14.4,14.4,25.0,26.0,66.0,74.0,25.0,26.0,63.0,68.0,True,True
4033,11.0,,,,,,,,,,,,,,,,64.0,97.0,505.0,5.0,254.0,251.0,8.0,12.0,,,,589.0,782.0,,,,,,,2024,TE,144.5,144.5,13.1,13.1,12.0,5.0,118.0,92.0,12.0,5.0,116.0,83.0,True,True
7502,,,,,,,,,,,,,,,,,,,,,,,,,,,,,,,,,,,,2024,TE,0.0,0.0,,,115.0,,538.0,,115.0,,538.0,,False,False
5849,17.0,541.0,372.0,3851.0,21.0,11.0,30.0,1883.0,66.0,78.0,572.0,5.0,2.0,104.0,12.0,5.0,,,,,,,,,8.0,4.0,,1065.0,1096.0,2.0,,,,,,2024,QB,299.2,264.2,17.6,15.5,10.0,14.0,18.0,31.0,10.0,14.0,28.0,50.0,True,True
5409,11.0,,,,,,,,,1.0,1.0,,,1.0,,,19.0,23.0,154.0,1.0,57.0,97.0,1.0,3.0,1.0,1.0,,119.0,795.0,,,,,,,2024,TE,38.5,38.5,3.5,3.5,51.0,44.0,290.0,297.0,51.0,44.0,288.0,294.0,False,False
12256,1.0,,,,,,,,,,,,,,,,,1.0,,,,,1.0,,,,,6.0,69.0,,,,,,,2024,TE,0.0,0.0,0.0,0.0,115.0,115.0,538.0,536.0,115.0,115.0,538.0,536.0,False,False
7233,,,,,,,,,,,,,,,,,,,,,,,,,,,,,,,,,,,,2024,WR,0.0,0.0,,,216.0,,538.0,,216.0,,538.0,,False,False
6960,15.0,,,,,,,,,,,,,,,,26.0,41.0,291.0,1.0,108.0,183.0,1.0,10.0,,,,361.0,981.0,,,,,,,2024,WR,61.1,61.1,4.1,4.1,106.0,112.0,247.0,276.0,106.0,112.0,246.0,273.0,False,False
11068,,,,,,,,,,,,,,,,,,,,,,,,,,,,,,,,,,,,2024,WR,0.0,0.0,,,216.0,,538.0,,216.0,,538.0,,False,False
6819,16.0,,,,,,,,,,,,,,,,69.0,111.0,808.0,3.0,549.0,259.0,1.0,10.0,1.0,1.0,,904.0,1023.0,,,,,2.0,,2024,WR,169.8,169.8,10.6,10.6,41.0,48.0,101.0,131.0,41.0,48.0,97.0,128.0,False,False
11575,17.0,,,,,,,,,113.0,442.0,3.0,6.0,225.0,18.0,11.0,17.0,19.0,189.0,3.0,25.0,164.0,,2.0,,,,264.0,1088.0,,,,,,,2024,RB,116.1,116.1,6.8,6.8,41.0,49.0,162.0,217.0,41.0,49.0,157.0,215.0,False,False
7002,17.0,,,,,,,,,,,,,,,,50.0,66.0,548.0,3.0,336.0,212.0,3.0,6.0,2.0,,,697.0,1088.0,,,,,,,2024,TE,122.8,122.8,7.2,7.2,17.0,27.0,148.0,203.0,17.0,27.0,146.0,200.0,False,False
8885,9.0,,,,,,,,,,,,,,,,7.0,8.0,39.0,,18.0,21.0,,1.0,,,,206.0,572.0,,,,,,,2024,TE,10.9,10.9,1.2,1.2,87.0,78.0,417.0,421.0,87.0,78.0,412.0,418.0,False,False
11640,14.0,,,,,,,,,,,,,,,,4.0,14.0,107.0,,85.0,22.0,1.0,4.0,,,,131.0,936.0,,,,,,,2024,WR,14.7,14.7,1.0,1.0,153.0,175.0,385.0,435.0,153.0,175.0,384.0,432.0,False,False
6387,,,,,,,,,,,,,,,,,,,,,,,,,,,,,,,,,,,,2024,WR,0.0,0.0,,,216.0,,538.0,,216.0,,538.0,,False,False
11070,,,,,,,,,,,,,,,,,,,,,,,,,,,,,,,,,,,,2024,WR,0.0,0.0,,,216.0,,538.0,,216.0,,538.0,,False,False
5846,15.0,,,,,,,,,,,,,,,,66.0,108.0,992.0,5.0,729.0,263.0,4.0,7.0,2.0,2.0,,831.0,969.0,,,,,3.0,,2024,WR,197.2,197.2,13.1,13.1,31.0,34.0,78.0,92.0,31.0,34.0,76.0,83.0,False,True
8155,16.0,,,,,,,,,209.0,876.0,5.0,7.0,444.0,19.0,21.0,57.0,76.0,483.0,3.0,-13.0,496.0,9.0,8.0,6.0,2.0,,720.0,998.0,,,1.0,,1.0,,2024,RB,240.9,240.9,15.1,15.1,17.0,17.0,51.0,62.0,17.0,17.0,47.0,57.0,True,True
6814,12.0,,,,,,,,,1.0,1.0,,,1.0,,,5.0,5.0,36.0,,-10.0,46.0,,,2.0,2.0,1.0,50.0,730.0,,,,,,,2024,WR,10.7,10.7,0.9,0.9,168.0,182.0,418.0,448.0,168.0,182.0,413.0,446.0,False,False
7716,17.0,,,,,,,,,,,,,,,,8.0,13.0,84.0,,35.0,49.0,1.0,1.0,1.0,1.0,,516.0,1163.0,,,,,,,2024,TE,14.4,14.4,0.8,0.8,78.0,86.0,389.0,457.0,78.0,86.0,388.0,454.0,False,False
2325,14.0,,,,,,,,,,,,,,,,14.0,29.0,231.0,2.0,146.0,85.0,4.0,2.0,,,,420.0,915.0,,,,,,,2024,WR,49.1,49.1,3.5,3.5,116.0,122.0,271.0,297.0,116.0,122.0,269.0,294.0,False,False
6427,15.0,,,,,,,,,5.0,45.0,,1.0,18.0,1.0,,2.0,8.0,67.0,1.0,24.0,43.0,1.0,1.0,,,,182.0,949.0,,,,,,,2024,WR,19.2,19.2,1.3,1.3,142.0,166.0,358.0,414.0,142.0,166.0,357.0,410.0,False,False
6806,13.0,,,,,,,,,195.0,905.0,9.0,24.0,489.0,28.0,18.0,32.0,38.0,153.0,,-51.0,204.0,2.0,5.0,,,,533.0,844.0,,,2.0,,,,2024,RB,195.8,195.8,15.1,15.1,24.0,17.0,80.0,62.0,24.0,17.0,78.0,57.0,True,True
6813,14.0,,,,,,,,,303.0,1431.0,11.0,15.0,572.0,57.0,29.0,18.0,31.0,136.0,1.0,-14.0,150.0,3.0,3.0,3.0,1.0,,707.0,885.0,,,7.0,1.0,,,2024,RB,262.7,262.7,18.8,18.8,10.0,6.0,33.0,21.0,10.0,6.0,29.0,18.0,True,True
11564,13.0,338.0,225.0,2276.0,15.0,10.0,34.0,1084.0,39.0,54.0,421.0,2.0,2.0,86.0,5.0,3.0,,,,,,,,,9.0,6.0,,681.0,1093.0,,,,,,,2024,QB,173.1,157.6,13.3,12.1,24.0,32.0,100.0,85.0,23.0,30.0,107.0,101.0,False,True
6828,,,,,,,,,,,,,,,,,,,,,,,,,,,,,,,,,,,,2024,RB,0.0,0.0,,,136.0,,538.0,,136.0,,538.0,,False,False
8840,,,,,,,,,,,,,,,,,,,,,,,,,,,,,,,,,,,,2024,TE,0.0,0.0,,,115.0,,538.0,,115.0,,538.0,,False,False
5124,,,,,,,,,,,,,,,,,,,,,,,,,,,,,,,,,,,,2024,QB,0.0,0.0,,,74.0,,538.0,,74.0,,538.0,,False,False
11415,,,,,,,,,,,,,,,,,,,,,,,,,,,,,,,,,,,,2024,TE,0.0,0.0,,,115.0,,538.0,,115.0,,538.0,,False,False
11820,5.0,,,,,,,,,,,,,,,,5.0,6.0,88.0,,57.0,31.0,,2.0,,,,41.0,371.0,,,,,,,2024,TE,13.8,13.8,2.8,2.8,80.0,51.0,397.0,322.0,80.0,51.0,395.0,319.0,False,False
7588,17.0,,,,,,,,,139.0,513.0,4.0,4.0,255.0,26.0,17.0,52.0,70.0,346.0,,-49.0,395.0,7.0,4.0,2.0,2.0,,574.0,1102.0,,,,,,,2024,RB,157.9,157.9,9.3,9.3,31.0,40.0,109.0,158.0,31.0,40.0,106.0,151.0,False,True
5000,,,,,,,,,,,,,,,,,,,,,,,,,,,,,,,,,,,,2024,RB,0.0,0.0,,,136.0,,538.0,,136.0,,538.0,,False,False
8757,6.0,,,,,,,,,,,,,,,,,,,,,,,,,,,5.0,397.0,,,,,,,2024,TE,0.0,0.0,0.0,0.0,115.0,115.0,538.0,536.0,115.0,115.0,538.0,536.0,False,False
11599,15.0,,,,,,,,,,,,,,,,15.0,22.0,133.0,1.0,39.0,94.0,1.0,3.0,,,,400.0,998.0,,,,,,,2024,TE,34.3,34.3,2.3,2.3,58.0,57.0,309.0,347.0,58.0,57.0,308.0,345.0,False,False
8188,6.0,,,,,,,,,,,,,,,,4.0,8.0,47.0,,23.0,24.0,,1.0,,,,112.0,376.0,,,,,,,2024,WR,8.7,8.7,1.4,1.4,173.0,164.0,430.0,406.0,173.0,164.0,426.0,401.0,False,False
2334,,,,,,,,,,,,,,,,,,,,,,,,,,,,,,,,,,,,2024,WR,0.0,0.0,,,216.0,,538.0,,216.0,,538.0,,False,False
6233,,,,,,,,,,,,,,,,,,,,,,,,,,,,,,,,,,,,2024,TE,0.0,0.0,,,115.0,,538.0,,115.0,,538.0,,False,False
10216,17.0,,,,,,,,,31.0,172.0,,5.0,75.0,3.0,,3.0,4.0,22.0,,5.0,17.0,,,,,,75.0,1100.0,,,,,,,2024,RB,22.4,22.4,1.3,1.3,94.0,108.0,350.0,414.0,94.0,108.0,350.0,410.0,False,False
8058,,,,,,,,,,,,,,,,,,,,,,,,,,,,,,,,,,,,2024,RB,0.0,0.0,,,136.0,,538.0,,136.0,,538.0,,False,False
4234,11.0,,,,,,,,,,,,,,,,35.0,56.0,453.0,1.0,370.0,83.0,5.0,3.0,,,,449.0,750.0,,,,,,,2024,WR,86.3,86.3,7.8,7.8,88.0,73.0,210.0,190.0,88.0,73.0,206.0,186.0,False,False
8142,15.0,,,,,,,,,,,,,,,,47.0,84.0,1003.0,6.0,829.0,174.0,,8.0,,,,769.0,880.0,,,,,2.0,,2025,WR,187.3,187.3,12.5,12.5,28.0,26.0,77.0,84.0,28.0,26.0,77.0,79.0,True,True
12530,7.0,,,,,,,,,1.0,,,,,1.0,,28.0,45.0,298.0,1.0,158.0,140.0,2.0,5.0,1.0,,,324.0,486.0,,,,,1.0,,2025,WR,65.8,65.8,9.4,9.4,96.0,51.0,238.0,151.0,96.0,51.0,235.0,145.0,False,False
4177,15.0,,,,,,,,,1.0,4.0,,,,,,46.0,65.0,550.0,2.0,442.0,108.0,,5.0,1.0,,,659.0,969.0,,,,,1.0,,2025,WR,115.4,115.4,7.7,7.7,56.0,64.0,157.0,183.0,56.0,64.0,154.0,180.0,False,False
2449,17.0,,,,,,,,,,,,,,,,85.0,102.0,1013.0,4.0,659.0,354.0,3.0,12.0,,,,560.0,1035.0,,,,,5.0,,2025,WR,220.3,220.3,13.0,13.0,15.0,22.0,53.0,77.0,15.0,22.0,47.0,70.0,True,True
8849,9.0,,,,,,,,,,,,,,,,9.0,15.0,91.0,,52.0,39.0,1.0,3.0,,,,181.0,529.0,,,,,,,2025,TE,18.1,18.1,2.0,2.0,78.0,68.0,381.0,386.0,78.0,68.0,380.0,385.0,False,False
6427,12.0,,,,,,,,,3.0,44.0,,,22.0,2.0,,5.0,10.0,106.0,,53.0,53.0,,1.0,,,,139.0,703.0,,,,,,,2025,WR,20.0,20.0,1.7,1.7,154.0,167.0,376.0,402.0,154.0,167.0,374.0,401.0,False,False
9487,16.0,,,,,,,,,7.0,,,,5.0,1.0,3.0,58.0,95.0,847.0,5.0,582.0,265.0,7.0,12.0,2.0,,2.0,627.0,1025.0,,,,,2.0,,2025,WR,188.7,188.7,11.8,11.8,26.0,33.0,73.0,99.0,26.0,33.0,72.0,96.0,True,True
6918,,,,,,,,,,,,,,,,,,,,,,,,,,,,,,,,,,,,2025,RB,0.0,0.0,,,137.0,,552.0,,137.0,,548.0,,False,False
6786,14.0,,,,,,,,,1.0,2.0,,,2.0,,,75.0,117.0,1077.0,3.0,754.0,323.0,8.0,17.0,,,,707.0,947.0,,,,,6.0,,2025,WR,212.9,212.9,15.2,15.2,17.0,12.0,56.0,47.0,17.0,12.0,52.0,43.0,True,True
11584,10.0,,,,,,,,,173.0,588.0,1.0,10.0,257.0,17.0,21.0,30.0,35.0,277.0,3.0,-83.0,360.0,,4.0,1.0,1.0,,421.0,684.0,,,,,1.0,,2025,RB,140.5,140.5,14.0,14.0,34.0,18.0,116.0,65.0,34.0,18.0,114.0,59.0,False,True
11649,1.0,,,,,,,,,2.0,2.0,,,,,,,,,,,,,,,,,4.0,66.0,,,,,,,2025,RB,0.2,0.2,0.2,0.2,136.0,128.0,549.0,529.0,136.0,128.0,546.0,524.0,False,False
6783,17.0,,,,,,,,,1.0,5.0,,,,,,50.0,106.0,602.0,2.0,436.0,166.0,10.0,9.0,1.0,1.0,,875.0,1031.0,,,,,,,2025,WR,120.7,120.7,7.1,7.1,52.0,69.0,148.0,198.0,52.0,69.0,145.0,196.0,False,False
11616,,,,,,,,,,,,,,,,,,,,,,,,,,,,,,,,,,,,2025,WR,0.0,0.0,,,221.0,,552.0,,221.0,,548.0,,False,False
5965,,,,,,,,,,,,,,,,,,,,,,,,,,,,,,,,,,,,2025,WR,0.0,0.0,,,221.0,,552.0,,221.0,,548.0,,False,False
4992,8.0,,,,,,,,,,,,,,,,9.0,11.0,127.0,,41.0,86.0,,,1.0,1.0,,62.0,479.0,,,,,,,2025,WR,19.7,19.7,2.5,2.5,156.0,149.0,379.0,359.0,156.0,149.0,377.0,356.0,False,False
9504,14.0,,,,,,,,,,,,,,,,33.0,46.0,551.0,6.0,513.0,38.0,1.0,4.0,,,,573.0,841.0,,,,,1.0,,2025,WR,126.1,126.1,9.0,9.0,49.0,53.0,135.0,155.0,49.0,53.0,133.0,153.0,False,False
12507,9.0,,,,,,,,,124.0,545.0,4.0,15.0,209.0,22.0,15.0,32.0,35.0,192.0,1.0,-53.0,245.0,,2.0,1.0,,,384.0,606.0,,,1.0,,,,2025,RB,137.7,137.7,15.3,15.3,35.0,13.0,120.0,45.0,35.0,13.0,117.0,40.0,False,True
11439,8.0,,,,,,,,,37.0,187.0,1.0,,54.0,5.0,2.0,4.0,6.0,27.0,,-12.0,39.0,1.0,,,,,72.0,472.0,,,,,,,2025,RB,31.4,31.4,3.9,3.9,81.0,78.0,328.0,290.0,81.0,78.0,326.0,287.0,False,False
11629,12.0,,,,,,,,,,,,,,,,6.0,8.0,136.0,3.0,113.0,23.0,1.0,1.0,,,,126.0,617.0,,,,,,,2025,WR,37.6,37.6,3.1,3.1,124.0,137.0,303.0,338.0,124.0,137.0,302.0,332.0,False,False
12493,15.0,,,,,,,,,,,,,,,,49.0,69.0,664.0,3.0,443.0,221.0,6.0,14.0,1.0,1.0,,595.0,949.0,,,,,1.0,,2025,TE,133.4,133.4,8.9,8.9,15.0,20.0,125.0,157.0,15.0,20.0,122.0,156.0,False,True
12699,17.0,,,,,,,,,,,,,,,,,,,,,,,,2.0,1.0,,49.0,963.0,,,,,,,2025,WR,-2.0,-2.0,-0.1,-0.1,334.0,249.0,832.0,625.0,334.0,249.0,830.0,621.0,False,False
7553,17.0,,,,,,,,,,,,,,,,88.0,118.0,928.0,5.0,528.0,400.0,2.0,11.0,,,,903.0,1033.0,,,,,1.0,,2025,TE,212.8,212.8,12.5,12.5,2.0,5.0,58.0,84.0,2.0,5.0,53.0,79.0,True,True
11304,2.0,,,,,,,,,,,,,,,,,,,,,,,,,,,11.0,120.0,,,,,,,2025,TE,0.0,0.0,0.0,0.0,124.0,123.0,552.0,548.0,124.0,123.0,548.0,545.0,False,False
19,13.0,416.0,251.0,2479.0,15.0,10.0,18.0,1314.0,43.0,21.0,35.0,1.0,,4.0,7.0,,,,,,,,,,3.0,3.0,,689.0,1108.0,1.0,1.0,,,,,2025,QB,148.7,129.1,11.4,9.9,27.0,36.0,109.0,107.0,28.0,37.0,130.0,133.0,False,False
4054,17.0,,,,,,,,,,,,,,,,13.0,20.0,117.0,1.0,40.0,77.0,1.0,5.0,,,,392.0,1007.0,,,,,,,2025,TE,30.7,30.7,1.8,1.8,65.0,72.0,331.0,397.0,65.0,72.0,330.0,396.0,False,False
3423,3.0,,,,,,,,,,,,,,,,5.0,9.0,53.0,,48.0,5.0,,,,,,72.0,188.0,,,,,,,2025,WR,10.3,10.3,3.4,3.4,178.0,127.0,428.0,318.0,178.0,127.0,425.0,314.0,False,False
12848,,,,,,,,,,,,,,,,,,,,,,,,,,,,,,,,,,,,2025,WR,0.0,0.0,,,221.0,,552.0,,221.0,,548.0,,False,False
8698,17.0,,,,,,,,,,,,,,,,34.0,46.0,293.0,5.0,150.0,143.0,,6.0,,,,399.0,1123.0,,,,,,,2025,TE,93.3,93.3,5.5,5.5,30.0,38.0,182.0,241.0,30.0,38.0,180.0,240.0,False,False
12971,11.0,,,,,,,,,2.0,10.0,,,,,,1.0,1.0,5.0,,5.0,,,,2.0,1.0,,21.0,611.0,,,,,,,2025,WR,0.5,0.5,0.0,0.0,219.0,220.0,545.0,548.0,219.0,220.0,542.0,545.0,False,False
11157,16.0,,,,,,,,,,,,,,,,14.0,18.0,160.0,,102.0,58.0,,1.0,1.0,,,264.0,1008.0,,,,,,,2025,WR,30.0,30.0,1.9,1.9,138.0,164.0,333.0,390.0,138.0,164.0,332.0,389.0,False,False
8116,,,,,,,,,,,,,,,,,,,,,,,,,,,,,66.0,,,,,,,2025,RB,0.0,0.0,,,137.0,,552.0,,137.0,,548.0,,False,False
7585,6.0,159.0,91.0,915.0,5.0,1.0,8.0,646.0,24.0,13.0,60.0,1.0,,9.0,2.0,1.0,,,,,,,,,1.0,,,268.0,1092.0,,,,,,,2025,QB,66.6,58.3,11.1,9.7,41.0,38.0,235.0,115.0,41.0,38.0,252.0,140.0,False,False
2359,13.0,,,,,,,,,14.0,60.0,1.0,1.0,31.0,3.0,,16.0,17.0,99.0,,-6.0,105.0,,1.0,1.0,1.0,,78.0,745.0,,,,,,,2025,RB,35.9,35.9,2.8,2.8,74.0,89.0,309.0,350.0,74.0,89.0,309.0,345.0,False,False
5854,5.0,3.0,2.0,15.0,,,,-1.0,,6.0,-5.0,,,,,2.0,,,,,,,,,2.0,,,38.0,1064.0,,,,,,,2025,QB,0.1,-0.2,0.0,-0.0,72.0,72.0,550.0,548.0,108.0,69.0,820.0,545.0,False,False
7593,4.0,,,,,,,,,,,,,,,,,,,,,,,,,,,1.0,169.0,,,,,,,2025,RB,0.0,0.0,0.0,0.0,137.0,136.0,552.0,548.0,137.0,136.0,548.0,545.0,False,False
11579,7.0,,,,,,,,,46.0,198.0,1.0,7.0,87.0,5.0,2.0,12.0,13.0,103.0,,-5.0,108.0,,,,,,124.0,399.0,,,,,,,2025,RB,48.1,48.1,6.9,6.9,70.0,53.0,286.0,204.0,70.0,53.0,284.0,202.0,False,False
3294,17.0,600.0,404.0,4552.0,30.0,10.0,31.0,2529.0,99.0,53.0,177.0,2.0,3.0,37.0,12.0,4.0,,,,,,,,,6.0,2.0,,1107.0,1131.0,6.0,,,,,,2025,QB,319.8,288.7,18.8,17.0,5.0,7.0,16.0,18.0,6.0,9.0,19.0,25.0,True,True
421,17.0,597.0,388.0,4707.0,46.0,8.0,23.0,2856.0,104.0,29.0,1.0,,,2.0,7.0,2.0,,,,,,,,,7.0,3.0,,1045.0,1060.0,3.0,1.0,,,,,2025,QB,360.4,358.2,21.2,21.1,2.0,2.0,8.0,8.0,1.0,1.0,7.0,7.0,True,True
11636,,,,,,,,,,,,,,,,,,,,,,,,,,,,,,,,,,,,2025,WR,0.0,0.0,,,221.0,,552.0,,221.0,,548.0,,False,False
8134,16.0,,,,,,,,,1.0,5.0,,,,,,72.0,95.0,719.0,4.0,178.0,541.0,2.0,13.0,1.0,1.0,,635.0,1057.0,,,,,1.0,,2025,WR,168.4,168.4,10.5,10.5,36.0,42.0,97.0,132.0,36.0,42.0,96.0,122.0,False,False
7828,16.0,,,,,,,,,,,,,,,,21.0,37.0,178.0,,71.0,107.0,3.0,1.0,,,,509.0,983.0,,,,,,,2025,TE,38.8,38.8,2.4,2.4,59.0,63.0,299.0,361.0,59.0,63.0,297.0,357.0,False,False
10861,,,,,,,,,,,,,,,,,,,,,,,,,,,,,,,,,,,,2025,RB,0.0,0.0,,,137.0,,552.0,,137.0,,548.0,,False,False
11557,4.0,24.0,15.0,183.0,1.0,2.0,,105.0,2.0,5.0,50.0,,,,1.0,,,,,,,,,,1.0,1.0,,24.0,1131.0,,,,,,,2025,QB,10.3,8.7,2.6,2.2,58.0,59.0,428.0,358.0,57.0,58.0,440.0,371.0,False,False
5995,10.0,,,,,,,,,18.0,93.0,2.0,1.0,70.0,3.0,4.0,21.0,27.0,169.0,1.0,-15.0,184.0,,1.0,1.0,,,219.0,590.0,,,,,,,2025,RB,65.2,65.2,6.5,6.5,61.0,57.0,239.0,213.0,61.0,57.0,237.0,212.0,False,False
12925,,,,,,,,,,,,,,,,,,,,,,,,,,,,,,,,,,,,2025,WR,0.0,0.0,,,221.0,,552.0,,221.0,,548.0,,False,False
12517,16.0,,,,,,,,,1.0,-2.0,,,,1.0,1.0,58.0,82.0,713.0,6.0,463.0,250.0,1.0,14.0,,,,651.0,1031.0,,,,,1.0,,2025,TE,167.1,167.1,10.4,10.4,12.0,16.0,98.0,135.0,12.0,16.0,97.0,126.0,True,True
8138,17.0,,,,,,,,,309.0,1621.0,12.0,21.0,679.0,53.0,14.0,33.0,40.0,291.0,2.0,19.0,272.0,3.0,3.0,6.0,3.0,,637.0,1057.0,,,8.0,1.0,,,2025,RB,322.2,322.2,19.0,19.0,6.0,6.0,14.0,16.0,6.0,6.0,13.0,14.0,True,True
8119,17.0,,,,,,,,,,,,,,,,18.0,36.0,262.0,1.0,212.0,50.0,,3.0,,,,539.0,988.0,,,,,,,2025,WR,50.2,50.2,3.0,3.0,109.0,140.0,273.0,342.0,109.0,140.0,271.0,337.0,False,False
8194,,,,,,,,,,,,,,,,,,,,,,,,,,,,,,,,,,,,2025,RB,0.0,0.0,,,137.0,,552.0,,137.0,,548.0,,False,False
12542,8.0,,,,,,,,,,,,,,,,3.0,3.0,75.0,1.0,35.0,40.0,,1.0,,,,66.0,456.0,,,,,,,2025,WR,16.5,16.5,2.1,2.1,161.0,159.0,391.0,380.0,161.0,159.0,390.0,378.0,False,False
7049,15.0,,,,,,,,,,,,,,,,55.0,90.0,643.0,9.0,462.0,181.0,3.0,19.0,1.0,1.0,,795.0,972.0,,,,,,,2025,WR,171.3,171.3,11.4,11.4,33.0,37.0,93.0,107.0,34.0,37.0,92.0,102.0,False,True
8136,17.0,,,,,,,,,132.0,572.0,4.0,9.0,192.0,16.0,5.0,40.0,45.0,218.0,,-111.0,329.0,,9.0,,,,574.0,1134.0,,,,,,,2025,RB,143.0,143.0,8.4,8.4,33.0,44.0,115.0,172.0,33.0,44.0,113.0,171.0,False,True
11610,17.0,,,,,,,,,17.0,110.0,1.0,2.0,49.0,3.0,,46.0,65.0,317.0,3.0,64.0,253.0,1.0,11.0,1.0,1.0,1.0,523.0,927.0,,,,,,,2025,WR,116.7,116.7,6.9,6.9,54.0,72.0,154.0,204.0,54.0,72.0,151.0,202.0,False,False
4943,17.0,477.0,323.0,4048.0,25.0,14.0,27.0,2270.0,66.0,35.0,95.0,,,5.0,6.0,2.0,,,,,,,,,11.0,6.0,,1026.0,1064.0,2.0,,,,,,2025,QB,235.4,204.5,13.8,12.0,14.0,29.0,36.0,69.0,18.0,28.0,62.0,90.0,False,True
10228,14.0,,,,,,,,,,,,,,,,,1.0,,,,,,,,,1.0,20.0,905.0,,,,,,,2025,WR,6.0,6.0,0.4,0.4,192.0,208.0,464.0,504.0,192.0,208.0,462.0,500.0,False,False
11598,,,,,,,,,,,,,,,,,,,,,,,,,,,,,,,,,,,,2025,TE,0.0,0.0,,,124.0,,552.0,,124.0,,548.0,,False,False
829,4.0,37.0,25.0,293.0,1.0,1.0,8.0,203.0,6.0,5.0,-2.0,,,,,,,,,,,,,,2.0,2.0,,97.0,1061.0,,,,,,,2025,QB,9.5,5.7,2.4,1.4,59.0,61.0,436.0,361.0,60.0,61.0,467.0,418.0,False,False
10222,7.0,,,,,,,,,3.0,28.0,,1.0,12.0,,,19.0,22.0,207.0,1.0,122.0,85.0,1.0,3.0,,,,161.0,354.0,,,,,,,2025,WR,48.5,48.5,6.9,6.9,116.0,72.0,283.0,204.0,116.0,72.0,281.0,202.0,False,False
11311,6.0,,,,,,,,,,,,,,,,,1.0,,,,,,1.0,,,,21.0,364.0,,,,,,,2025,WR,0.0,0.0,0.0,0.0,221.0,220.0,552.0,548.0,221.0,220.0,548.0,545.0,False,False
12532,1.0,,,,,,,,,,,,,,,,,,,,,,,,,,,7.0,65.0,,,,,,,2025,WR,0.0,0.0,0.0,0.0,221.0,220.0,552.0,548.0,221.0,220.0,548.0,545.0,False,False
12981,,,,,,,,,,,,,,,,,,,,,,,,,,,,,,,,,,,,2025,TE,0.0,0.0,,,124.0,,552.0,,124.0,,548.0,,False,False
11370,17.0,,,,,,,,,27.0,106.0,,1.0,25.0,3.0,2.0,13.0,17.0,91.0,,-15.0,106.0,2.0,2.0,,,,180.0,1000.0,,,,,,,2025,RB,32.7,32.7,1.9,1.9,79.0,98.0,319.0,390.0,79.0,98.0,318.0,389.0,False,False
11574,17.0,,,,,,,,,7.0,9.0,,,6.0,,,3.0,4.0,18.0,,-6.0,24.0,,,1.0,1.0,,27.0,931.0,,,,,,,2025,RB,3.7,3.7,0.2,0.2,122.0,128.0,492.0,529.0,122.0,128.0,489.0,524.0,False,False
6323,17.0,,,,,,,,,1.0,5.0,,,,1.0,,6.0,9.0,45.0,2.0,25.0,20.0,,2.0,,,,98.0,999.0,,,,,,,2025,RB,23.0,23.0,1.4,1.4,90.0,104.0,364.0,419.0,90.0,104.0,362.0,418.0,False,False
6927,,,,,,,,,,,,,,,,,,,,,,,,,,,,,,,,,,,,2025,WR,0.0,0.0,,,221.0,,552.0,,221.0,,548.0,,False,False
8111,16.0,,,,,,,,,,,,,,,,59.0,81.0,572.0,1.0,261.0,311.0,1.0,5.0,,,,993.0,1065.0,,,,,,,2025,TE,122.2,122.2,7.6,7.6,22.0,26.0,146.0,186.0,22.0,26.0,142.0,184.0,False,False
3269,14.0,,,,,,,,,1.0,9.0,,,2.0,,,11.0,23.0,207.0,1.0,154.0,53.0,3.0,2.0,,,,406.0,803.0,,,,,,,2025,WR,38.6,38.6,2.8,2.8,121.0,146.0,300.0,350.0,121.0,146.0,298.0,345.0,False,False
12374,9.0,,,,,,,,,,,,,,,,4.0,5.0,48.0,,38.0,10.0,,1.0,,,,115.0,498.0,,,,,,,2025,TE,8.8,8.8,1.0,1.0,92.0,93.0,440.0,451.0,92.0,93.0,437.0,449.0,False,False
12866,,,,,,,,,,,,,,,,,,,,,,,,,,,,,,,,,,,,2025,TE,0.0,0.0,,,124.0,,552.0,,124.0,,548.0,,False,False
11647,13.0,,,,,,,,,155.0,643.0,3.0,3.0,361.0,25.0,23.0,16.0,22.0,136.0,1.0,-34.0,170.0,2.0,6.0,1.0,,,467.0,800.0,,,3.0,,,,2025,RB,123.9,123.9,9.5,9.5,40.0,36.0,142.0,150.0,40.0,36.0,140.0,144.0,False,False
7608,7.0,,,,,,,,,16.0,52.0,,,3.0,3.0,1.0,1.0,4.0,4.0,,-5.0,9.0,1.0,,,,,18.0,468.0,,,,,,,2025,RB,6.6,6.6,0.9,0.9,113.0,111.0,457.0,458.0,113.0,111.0,455.0,457.0,False,False
6402,3.0,,,,,,,,,,,,,,,,,1.0,,,,,1.0,,,,,10.0,114.0,,,,,,,2025,WR,0.0,0.0,0.0,0.0,221.0,220.0,552.0,548.0,221.0,220.0,548.0,545.0,False,False
8484,3.0,,,,,,,,,,,,,,,,,,,,,,,,,,,29.0,210.0,,,,,,,2025,TE,0.0,0.0,0.0,0.0,124.0,123.0,552.0,548.0,124.0,123.0,548.0,545.0,False,False
9488,17.0,,,,,,,,,7.0,36.0,,1.0,20.0,,2.0,119.0,163.0,1793.0,10.0,1265.0,528.0,5.0,17.0,3.0,1.0,,829.0,1064.0,,,,,9.0,,2025,WR,377.9,377.9,22.2,22.2,2.0,2.0,4.0,4.0,2.0,2.0,4.0,4.0,True,True
9510,1.0,,,,,,,,,,,,,,,,,,,,,,,,,,,,62.0,,,,,,,2025,RB,0.0,0.0,0.0,0.0,137.0,136.0,552.0,548.0,137.0,136.0,548.0,545.0,False,False
11571,16.0,,,,,,,,,43.0,236.0,1.0,2.0,106.0,5.0,4.0,21.0,28.0,186.0,,5.0,181.0,1.0,1.0,,,,285.0,999.0,,,,,,,2025,RB,69.2,69.2,4.3,4.3,59.0,72.0,230.0,275.0,59.0,72.0,228.0,272.0,False,False
7526,16.0,1.0,1.0,8.0,,,,-5.0,,2.0,28.0,,,3.0,,,64.0,100.0,910.0,6.0,682.0,228.0,5.0,11.0,1.0,,,724.0,927.0,,,,,1.0,,2025,WR,196.1,196.0,12.3,12.2,24.0,29.0,68.0,90.0,24.0,29.0,67.0,85.0,True,True
13079,9.0,,,,,,,,,,,,,,,,6.0,10.0,87.0,2.0,79.0,8.0,,2.0,,,,66.0,537.0,,,,,,,2025,WR,26.7,26.7,3.0,3.0,143.0,140.0,347.0,342.0,143.0,140.0,345.0,337.0,False,False
13047,1.0,,,,,,,,,5.0,20.0,,1.0,8.0,,,,,,,,,,,,,,5.0,57.0,,,,,,,2025,RB,2.0,2.0,2.0,2.0,126.0,97.0,522.0,386.0,126.0,97.0,517.0,385.0,False,False
6820,2.0,,,,,,,,,7.0,13.0,,,10.0,,2.0,2.0,2.0,9.0,,-4.0,13.0,,,,,,19.0,156.0,,,,,,,2025,RB,4.2,4.2,2.1,2.1,119.0,96.0,481.0,380.0,119.0,96.0,480.0,378.0,False,False
2197,15.0,,,,,,,,,,,,,,,,24.0,36.0,279.0,,236.0,43.0,3.0,1.0,,,,537.0,979.0,,,,,1.0,,2025,WR,53.9,53.9,3.6,3.6,105.0,119.0,265.0,309.0,105.0,119.0,264.0,305.0,False,False
5870,13.0,384.0,261.0,3101.0,19.0,8.0,22.0,1750.0,52.0,45.0,164.0,5.0,1.0,27.0,15.0,1.0,,,,,,,,,9.0,3.0,,756.0,830.0,2.0,,,,,,2025,QB,228.4,204.4,17.6,15.7,17.0,13.0,42.0,25.0,19.0,15.0,63.0,34.0,False,True
5844,15.0,,,,,,,,,1.0,,,,,1.0,,51.0,66.0,438.0,3.0,224.0,214.0,3.0,11.0,,,,691.0,880.0,,,,,,,2025,TE,112.8,112.8,7.5,7.5,26.0,27.0,160.0,189.0,26.0,27.0,157.0,187.0,False,False
12529,17.0,,,,,,,,,180.0,911.0,9.0,10.0,360.0,34.0,19.0,35.0,42.0,221.0,1.0,-23.0,244.0,2.0,4.0,1.0,1.0,,477.0,1035.0,,,2.0,,,,2025,RB,210.2,210.2,12.4,12.4,20.0,24.0,61.0,88.0,20.0,24.0,55.0,83.0,True,True
4127,,,,,,,,,,,,,,,,,,,,,,,,,,,,,,,,,,,,2025,QB,0.0,0.0,,,73.0,,552.0,,69.0,,548.0,,False,False
7601,,,,,,,,,,,,,,,,,,,,,,,,,,,,,,,,,,,,2025,WR,0.0,0.0,,,221.0,,552.0,,221.0,,548.0,,False,False
12535,17.0,,,,,,,,,,,,,,,,16.0,27.0,239.0,6.0,184.0,55.0,,10.0,,,,392.0,1026.0,,,,,,,2025,WR,75.9,75.9,4.5,4.5,82.0,100.0,213.0,266.0,82.0,100.0,211.0,263.0,False,False
6790,16.0,,,,,,,,,223.0,1087.0,9.0,11.0,409.0,40.0,14.0,34.0,48.0,299.0,1.0,-58.0,357.0,3.0,1.0,2.0,2.0,,589.0,1019.0,,,3.0,,,,2025,RB,234.6,234.6,14.7,14.7,15.0,16.0,39.0,56.0,15.0,16.0,35.0,50.0,True,True
1373,15.0,448.0,302.0,3025.0,19.0,17.0,55.0,1312.0,55.0,41.0,109.0,,2.0,52.0,6.0,4.0,,,,,,,,,4.0,1.0,,863.0,889.0,1.0,,,,,,2025,QB,173.9,151.4,11.6,10.1,24.0,34.0,91.0,103.0,24.0,35.0,104.0,129.0,False,True
12491,4.0,,,,,,,,,12.0,58.0,,1.0,23.0,2.0,,2.0,3.0,15.0,,9.0,6.0,,1.0,,,,16.0,242.0,,,,,,,2025,RB,9.3,9.3,2.3,2.3,107.0,93.0,438.0,369.0,107.0,93.0,434.0,364.0,False,False
6768,14.0,384.0,260.0,2660.0,20.0,15.0,30.0,1243.0,53.0,20.0,43.0,,,3.0,2.0,4.0,,,,,,,,,8.0,1.0,,778.0,813.0,1.0,,,,,,2025,QB,160.7,147.5,11.5,10.5,25.0,35.0,104.0,105.0,25.0,34.0,107.0,122.0,False,False
6130,17.0,,,,,,,,,119.0,437.0,5.0,4.0,207.0,22.0,8.0,18.0,19.0,151.0,,-11.0,162.0,1.0,2.0,,,,287.0,1072.0,,,,,,,2025,RB,106.8,106.8,6.3,6.3,45.0,58.0,165.0,215.0,45.0,58.0,163.0,215.0,False,False
12356,,,,,,,,,,,,,,,,,,,,,,,,,,,,,,,,,,,,2025,RB,0.0,0.0,,,137.0,,552.0,,137.0,,548.0,,False,False
6904,16.0,454.0,294.0,3224.0,25.0,6.0,32.0,1959.0,49.0,105.0,421.0,8.0,3.0,74.0,26.0,7.0,,,,,,,,,8.0,4.0,,965.0,988.0,1.0,,,,,,2025,QB,301.1,286.6,18.8,17.9,9.0,7.0,20.0,18.0,7.0,7.0,20.0,19.0,True,True
7538,4.0,11.0,6.0,32.0,,,,9.0,,3.0,1.0,,,,,,,,,,,,,,,,,23.0,869.0,,,,,,,2025,QB,1.4,0.7,0.3,0.2,70.0,71.0,530.0,517.0,68.0,67.0,538.0,524.0,False,False
7561,1.0,,,,,,,,,,,,,,,,,1.0,,,,,,,,,,7.0,70.0,,,,,,,2025,RB,0.0,0.0,0.0,0.0,137.0,136.0,552.0,548.0,137.0,136.0,548.0,545.0,False,False
12898,,,,,,,,,,,,,,,,,,,,,,,,,,,,,,,,,,,,2025,QB,0.0,0.0,,,73.0,,552.0,,69.0,,548.0,,False,False
11635,16.0,,,,,,,,,,,,,,,,66.0,106.0,789.0,6.0,479.0,310.0,6.0,14.0,,,,838.0,1072.0,,,,,2.0,,2025,WR,184.9,184.9,11.6,11.6,29.0,36.0,81.0,103.0,29.0,36.0,80.0,100.0,True,True
12475,2.0,,,,,,,,,,,,,,,,,,,,,,,,,,,13.0,113.0,,,,,,,2025,WR,0.0,0.0,0.0,0.0,221.0,220.0,552.0,548.0,221.0,220.0,548.0,545.0,False,False
8154,17.0,,,,,,,,,92.0,400.0,2.0,10.0,159.0,10.0,9.0,8.0,12.0,25.0,,-10.0,35.0,,4.0,,,,190.0,1123.0,,,,,,,2025,RB,62.5,62.5,3.7,3.7,63.0,82.0,245.0,301.0,63.0,82.0,243.0,298.0,False,False
11806,7.0,,,,,,,,,,,,,,,,6.0,14.0,94.0,,82.0,12.0,1.0,,,,,181.0,455.0,,,,,,,2025,WR,15.4,15.4,2.2,2.2,164.0,156.0,394.0,374.0,164.0,157.0,394.0,371.0,False,False
6111,5.0,125.0,81.0,771.0,6.0,8.0,9.0,404.0,9.0,9.0,39.0,1.0,1.0,12.0,2.0,,,,,,,,,,1.0,,,212.0,686.0,,,,,,,2025,QB,48.7,45.3,9.7,9.1,45.0,45.0,282.0,147.0,44.0,41.0,289.0,149.0,False,False
13080,,,,,,,,,,,,,,,,,,,,,,,,,,,,,,,,,,,,2025,RB,0.0,0.0,,,137.0,,552.0,,137.0,,548.0,,False,False
7583,,,,,,,,,,,,,,,,,,,,,,,,,,,,,,,,,,,,2025,QB,0.0,0.0,,,73.0,,552.0,,69.0,,548.0,,False,False
5284,3.0,,,,,,,,,,,,,,,,,,,,,,,,,,,2.0,105.0,,,,,,,2025,RB,0.0,0.0,0.0,0.0,137.0,136.0,552.0,548.0,137.0,136.0,548.0,545.0,False,False
11620,12.0,,,,,,,,,,,,,,,,44.0,90.0,661.0,6.0,447.0,214.0,2.0,12.0,,,,733.0,899.0,,,,,2.0,,2025,WR,150.1,150.1,12.5,12.5,40.0,26.0,107.0,84.0,40.0,26.0,105.0,79.0,False,False
10232,17.0,,,,,,,,,,,,,,,,78.0,126.0,1006.0,7.0,733.0,273.0,1.0,15.0,,,,872.0,1077.0,,,,,3.0,,2025,WR,226.6,226.6,13.3,13.3,11.0,21.0,44.0,75.0,11.0,21.0,39.0,68.0,True,True
6804,15.0,439.0,291.0,3381.0,23.0,6.0,21.0,1870.0,64.0,47.0,199.0,,2.0,51.0,6.0,2.0,,,,,,,,,7.0,2.0,,894.0,953.0,2.0,,,,,,2025,QB,235.1,213.5,15.7,14.2,16.0,20.0,38.0,39.0,15.0,20.0,51.0,55.0,False,True
5121,4.0,,,,,,,,,,,,,,,,6.0,8.0,37.0,,19.0,18.0,,1.0,,,,60.0,304.0,,,,,,,2025,WR,9.7,9.7,2.4,2.4,180.0,150.0,432.0,361.0,180.0,150.0,429.0,357.0,False,False
8147,16.0,,,,,,,,,3.0,-5.0,,,1.0,,2.0,33.0,48.0,274.0,2.0,134.0,140.0,3.0,5.0,,,,411.0,956.0,,,,,,,2025,WR,71.9,71.9,4.5,4.5,87.0,100.0,221.0,266.0,87.0,100.0,219.0,263.0,False,False
11592,,,,,,,,,,,,,,,,,,,,,,,,,,,,,,,,,,,,2025,TE,0.0,0.0,,,124.0,,552.0,,124.0,,548.0,,False,False
7496,15.0,,,,,,,,,,,,,,,,11.0,20.0,89.0,,61.0,28.0,3.0,2.0,,,,380.0,813.0,,,,,,,2025,WR,19.9,19.9,1.3,1.3,155.0,177.0,377.0,426.0,155.0,177.0,375.0,427.0,False,False
3634,15.0,,,,,,,,,2.0,19.0,,,13.0,,,24.0,30.0,289.0,1.0,132.0,157.0,,2.0,,,1.0,344.0,901.0,,,,,,,2025,WR,66.8,66.8,4.5,4.5,94.0,100.0,234.0,266.0,94.0,100.0,232.0,263.0,False,False
5773,12.0,,,,,,,,,,,,,,,,3.0,10.0,31.0,,22.0,9.0,1.0,,,,,73.0,769.0,,,,,,,2025,WR,6.1,6.1,0.5,0.5,190.0,206.0,462.0,495.0,190.0,206.0,460.0,491.0,False,False
11520,,,,,,,,,,,,,,,,,,,,,,,,,,,,,,,,,,,,2025,WR,0.0,0.0,,,221.0,,552.0,,221.0,,548.0,,False,False
4574,4.0,52.0,34.0,303.0,,4.0,1.0,154.0,1.0,4.0,-4.0,,,,,1.0,,,,,,,,,1.0,1.0,,115.0,477.0,,,,,,,2025,QB,1.7,-4.3,0.4,-1.1,69.0,70.0,526.0,504.0,116.0,81.0,834.0,635.0,False,False
9998,,,,,,,,,,,,,,,,,,,,,,,,,,,,,122.0,,,,,,,2025,QB,0.0,0.0,,,73.0,,552.0,,69.0,,548.0,,False,False
8500,15.0,,,,,,,,,,,,,,,,12.0,15.0,72.0,1.0,15.0,57.0,2.0,4.0,,,,335.0,953.0,,,,,,,2025,TE,25.2,25.2,1.7,1.7,71.0,76.0,353.0,402.0,71.0,76.0,351.0,401.0,False,False
4037,9.0,,,,,,,,,,,,,,,,33.0,51.0,360.0,2.0,154.0,206.0,1.0,7.0,,,,428.0,605.0,,,,,1.0,,2025,WR,83.0,83.0,9.2,9.2,78.0,52.0,206.0,152.0,78.0,52.0,205.0,147.0,False,False
5013,,,,,,,,,,,,,,,,,,,,,,,,,,,,,,,,,,,,2025,WR,0.0,0.0,,,221.0,,552.0,,221.0,,548.0,,False,False
5906,17.0,,,,,,,,,,,,,,,,36.0,49.0,417.0,4.0,234.0,183.0,2.0,12.0,,,,649.0,1057.0,,,,,,,2025,TE,101.7,101.7,6.0,6.0,29.0,35.0,169.0,221.0,29.0,35.0,167.0,221.0,False,False
7812,8.0,,,,,,,,,,,,,,,,,,,,,,,,,,,37.0,547.0,,,,,,,2025,WR,0.0,0.0,0.0,0.0,221.0,220.0,552.0,548.0,221.0,220.0,548.0,545.0,False,False
12908,,,,,,,,,,,,,,,,,,,,,,,,,,,,,,,,,,,,2025,WR,0.0,0.0,,,221.0,,552.0,,221.0,,548.0,,False,False
7066,,,,,,,,,,,,,,,,,,,,,,,,,,,,,,,,,,,,2025,WR,0.0,0.0,,,221.0,,552.0,,221.0,,548.0,,False,False
11921,10.0,,,,,,,,,,,,,,,,7.0,13.0,67.0,,47.0,20.0,,3.0,,,,229.0,612.0,,,,,,,2025,WR,13.7,13.7,1.4,1.4,170.0,173.0,405.0,419.0,170.0,173.0,403.0,418.0,False,False
260,5.0,54.0,34.0,372.0,1.0,2.0,2.0,159.0,4.0,12.0,55.0,1.0,,,2.0,2.0,,,,,,,,,2.0,1.0,,69.0,538.0,,,,,,,2025,QB,24.4,18.9,4.9,3.8,53.0,53.0,356.0,260.0,52.0,52.0,378.0,294.0,False,False
1837,3.0,,,,,,,,,9.0,-10.0,,,,,,,,,,,,,,,,,15.0,1060.0,,,,,,,2025,QB,-1.0,-1.0,-0.3,-0.3,115.0,80.0,829.0,632.0,112.0,76.0,826.0,628.0,False,False
10220,2.0,,,,,,,,,,,,,,,,1.0,1.0,16.0,,16.0,,,,,,,16.0,123.0,,,,,,,2025,TE,2.6,2.6,1.3,1.3,112.0,84.0,510.0,426.0,112.0,84.0,507.0,427.0,False,False
13249,,,,,,,,,,,,,,,,,,,,,,,,,,,,,,,,,,,,2025,TE,0.0,0.0,,,124.0,,552.0,,124.0,,548.0,,False,False
13128,,,,,,,,,,,,,,,,,,,,,,,,,,,,,,,,,,,,2025,RB,0.0,0.0,,,137.0,,552.0,,137.0,,548.0,,False,False
8205,13.0,,,,,,,,,118.0,462.0,1.0,2.0,207.0,18.0,7.0,19.0,26.0,101.0,1.0,-20.0,121.0,3.0,2.0,,,,424.0,823.0,,,,,,,2025,RB,87.3,87.3,6.7,6.7,56.0,54.0,197.0,209.0,56.0,54.0,196.0,207.0,False,False
1166,10.0,269.0,166.0,1721.0,10.0,5.0,13.0,738.0,32.0,14.0,7.0,1.0,,4.0,1.0,1.0,,,,,,,,,3.0,1.0,,480.0,1033.0,1.0,,,,,,2025,QB,105.5,91.1,10.6,9.1,35.0,42.0,166.0,128.0,35.0,41.0,187.0,149.0,False,False
5185,10.0,,,,,,,,,,,,,,,,10.0,18.0,70.0,1.0,37.0,33.0,1.0,5.0,,,,235.0,634.0,,,,,,,2025,WR,23.0,23.0,2.3,2.3,149.0,153.0,364.0,369.0,149.0,153.0,362.0,364.0,False,False
8110,17.0,,,,,,,,,1.0,1.0,,,1.0,,,82.0,102.0,600.0,8.0,293.0,307.0,2.0,23.0,3.0,2.0,,753.0,1131.0,,,,,,,2025,TE,186.1,186.1,10.9,10.9,7.0,11.0,80.0,121.0,7.0,11.0,79.0,113.0,True,True
7842,17.0,,,,,,,,,,,,,,,,11.0,14.0,85.0,2.0,33.0,52.0,,4.0,1.0,1.0,,404.0,1123.0,,,,,,,2025,TE,29.5,29.5,1.7,1.7,66.0,76.0,334.0,402.0,66.0,76.0,333.0,401.0,False,False
4082,6.0,,,,,,,,,,,,,,,,7.0,9.0,81.0,1.0,54.0,27.0,,1.0,,,,151.0,380.0,,,,,,,2025,WR,21.1,21.1,3.5,3.5,150.0,123.0,367.0,314.0,150.0,123.0,365.0,310.0,False,False
1339,13.0,,,,,,,,,,,,,,,,50.0,72.0,504.0,4.0,381.0,123.0,5.0,7.0,1.0,,,551.0,826.0,,,,,1.0,,2025,TE,126.4,126.4,9.7,9.7,20.0,19.0,134.0,147.0,20.0,19.0,132.0,140.0,False,False
11280,17.0,,,,,,,,,,,,,,,,,1.0,,,,,1.0,,,,,58.0,1064.0,,,,,,,2025,RB,0.0,0.0,0.0,0.0,137.0,136.0,552.0,548.0,137.0,136.0,548.0,545.0,False,False
11589,4.0,,,,,,,,,29.0,160.0,,2.0,72.0,3.0,3.0,13.0,16.0,64.0,,-9.0,73.0,,2.0,,,,123.0,254.0,,,,,,,2025,RB,35.4,35.4,8.8,8.8,75.0,39.0,312.0,158.0,75.0,39.0,312.0,157.0,False,False
13173,1.0,,,,,,,,,,,,,,,,,,,,,,,,,,,,,,,,,,,2025,WR,0.0,0.0,0.0,0.0,221.0,220.0,552.0,548.0,221.0,220.0,548.0,545.0,False,False
10867,11.0,,,,,,,,,,,,,,,,2.0,2.0,20.0,,14.0,6.0,,,,,,117.0,747.0,,,,,,,2025,WR,4.0,4.0,0.4,0.4,202.0,208.0,484.0,504.0,202.0,208.0,482.0,500.0,False,False
8131,14.0,,,,,,,,,,,,,,,,27.0,36.0,307.0,1.0,190.0,117.0,1.0,6.0,2.0,1.0,,462.0,799.0,,,,,,,2025,TE,61.7,61.7,4.4,4.4,45.0,44.0,246.0,272.0,45.0,44.0,244.0,269.0,False,False
4046,14.0,502.0,315.0,3587.0,22.0,11.0,34.0,1693.0,76.0,64.0,422.0,5.0,4.0,63.0,14.0,1.0,1.0,1.0,-10.0,,-8.0,-2.0,,,3.0,,,934.0,961.0,2.0,,,,,,2025,QB,285.7,257.9,20.4,18.4,11.0,4.0,25.0,12.0,11.0,6.0,27.0,18.0,False,True
3286,14.0,,,,,,,,,1.0,6.0,,,2.0,,,22.0,35.0,276.0,1.0,240.0,36.0,1.0,3.0,,,,420.0,911.0,,,,,,,2025,WR,56.2,56.2,4.0,4.0,102.0,111.0,257.0,287.0,102.0,111.0,256.0,284.0,False,False
11608,15.0,1.0,,,,,,,1.0,3.0,34.0,,,7.0,,,26.0,36.0,193.0,,74.0,119.0,3.0,1.0,1.0,1.0,2.0,304.0,853.0,,,,,,,2025,WR,58.7,58.7,3.9,3.9,100.0,114.0,253.0,290.0,100.0,114.0,251.0,287.0,False,False
12524,8.0,212.0,120.0,1400.0,7.0,10.0,23.0,570.0,12.0,21.0,169.0,1.0,1.0,45.0,1.0,,,,,,,,,,2.0,1.0,,376.0,625.0,1.0,,,,,,2025,QB,86.9,72.9,10.9,9.1,37.0,41.0,198.0,121.0,37.0,41.0,218.0,149.0,False,False
7564,16.0,,,,,,,,,3.0,14.0,,,4.0,,1.0,125.0,185.0,1412.0,8.0,772.0,640.0,4.0,21.0,1.0,1.0,,919.0,978.0,,,,,7.0,,2025,WR,327.6,327.6,20.5,20.5,4.0,3.0,13.0,11.0,4.0,3.0,11.0,9.0,True,True
8177,15.0,,,,,,,,,,,,,,,,9.0,13.0,76.0,1.0,45.0,31.0,,3.0,,,,352.0,881.0,,,,,,,2025,TE,22.6,22.6,1.5,1.5,74.0,81.0,366.0,413.0,74.0,81.0,364.0,412.0,False,False
8125,14.0,,,,,,,,,,,,,,,,31.0,55.0,372.0,3.0,244.0,128.0,2.0,4.0,,,,409.0,774.0,,,,,,,2025,WR,86.2,86.2,6.2,6.2,75.0,77.0,202.0,219.0,75.0,77.0,200.0,219.0,False,False
7746,6.0,,,,,,,,,,,,,,,,3.0,10.0,46.0,,44.0,2.0,1.0,1.0,,,,91.0,470.0,,,,,,,2025,WR,7.6,7.6,1.3,1.3,184.0,177.0,448.0,426.0,184.0,177.0,447.0,427.0,False,False
7587,14.0,,,,,,,,,6.0,30.0,,,12.0,1.0,,20.0,37.0,227.0,1.0,196.0,31.0,5.0,9.0,1.0,1.0,,348.0,958.0,,,,,,,2025,WR,49.7,49.7,3.6,3.6,110.0,119.0,275.0,309.0,110.0,119.0,273.0,305.0,False,False
8117,13.0,,,,,,,,,,,,,,,,18.0,34.0,203.0,1.0,157.0,46.0,1.0,4.0,,,,443.0,847.0,,,,,,,2025,WR,44.3,44.3,3.4,3.4,119.0,127.0,292.0,318.0,119.0,127.0,290.0,314.0,False,False
6797,16.0,512.0,340.0,3727.0,26.0,13.0,54.0,2070.0,77.0,83.0,498.0,2.0,3.0,91.0,12.0,3.0,,,,,,,,,7.0,2.0,,1043.0,1072.0,3.0,1.0,,,,,2025,QB,294.9,272.3,18.4,17.0,10.0,10.0,23.0,22.0,10.0,9.0,25.0,25.0,True,True
5781,3.0,,,,,,,,,,,,,,,,,1.0,,,,,,,,,,17.0,218.0,,,,,,,2025,WR,0.0,0.0,0.0,0.0,221.0,220.0,552.0,548.0,221.0,220.0,548.0,545.0,False,False
6801,15.0,,,,,,,,,,,,,,,,59.0,98.0,846.0,11.0,680.0,166.0,2.0,14.0,,,,710.0,884.0,,,,,1.0,,2025,WR,211.6,211.6,14.1,14.1,18.0,16.0,59.0,63.0,18.0,16.0,54.0,57.0,True,True
10859,9.0,,,,,,,,,,,,,,,,40.0,49.0,489.0,3.0,215.0,274.0,,4.0,,,,517.0,572.0,,,,,,,2025,TE,106.9,106.9,11.9,11.9,27.0,7.0,164.0,97.0,27.0,7.0,162.0,94.0,False,False
8660,,,,,,,,,,,,,,,,,,,,,,,,,,,,,,,,,,,,2025,TE,0.0,0.0,,,124.0,,552.0,,124.0,,548.0,,False,False
12792,,,,,,,,,,,,,,,,,,,,,,,,,,,,,,,,,,,,2025,QB,0.0,0.0,,,73.0,,552.0,,69.0,,548.0,,False,False
8921,1.0,,,,,,,,,,,,,,,,,,,,,,,,,,,1.0,64.0,,,,,,,2025,WR,0.0,0.0,0.0,0.0,221.0,220.0,552.0,548.0,221.0,220.0,548.0,545.0,False,False
11633,9.0,,,,,,,,,,,,,,,,10.0,15.0,107.0,,70.0,37.0,,1.0,,,,216.0,618.0,,,,,,,2025,WR,20.7,20.7,2.3,2.3,152.0,153.0,370.0,369.0,152.0,153.0,368.0,364.0,False,False
13189,,,,,,,,,,,,,,,,,,,,,,,,,,,,,,,,,,,,2025,WR,0.0,0.0,,,221.0,,552.0,,221.0,,548.0,,False,False
12868,,,,,,,,,,,,,,,,,,,,,,,,,,,,,,,,,,,,2025,RB,0.0,0.0,,,137.0,,552.0,,137.0,,548.0,,False,False
6386,12.0,,,,,,,,,,,,,,,,2.0,3.0,12.0,,10.0,2.0,,,1.0,,,45.0,727.0,,,,,,,2025,WR,3.2,3.2,0.3,0.3,208.0,212.0,500.0,517.0,208.0,212.0,497.0,513.0,False,False
4443,7.0,,,,,,,,,,,,,,,,2.0,2.0,1.0,,1.0,,,1.0,,,,47.0,407.0,,,,,,,2025,TE,2.1,2.1,0.3,0.3,114.0,111.0,518.0,517.0,114.0,111.0,514.0,513.0,False,False
11237,16.0,,,,,,,,,2.0,11.0,,1.0,6.0,,,,,,,,,,,,,,8.0,956.0,,,,,,,2025,RB,1.1,1.1,0.1,0.1,128.0,133.0,536.0,537.0,128.0,133.0,531.0,534.0,False,False
8414,6.0,,,,,,,,,,,,,,,,2.0,4.0,20.0,,,20.0,,,2.0,,,5.0,318.0,,,,,,,2025,WR,4.0,4.0,0.7,0.7,202.0,198.0,484.0,477.0,202.0,198.0,482.0,474.0,False,False
8523,,,,,,,,,,,,,,,,,,,,,,,,,,,,,,,,,,,,2025,TE,0.0,0.0,,,124.0,,552.0,,124.0,,548.0,,False,False
9501,17.0,,,,,,,,,7.0,21.0,,,3.0,1.0,2.0,31.0,46.0,447.0,3.0,233.0,214.0,2.0,7.0,,,,273.0,1035.0,,,,,1.0,,2025,WR,97.8,97.8,5.8,5.8,64.0,83.0,177.0,230.0,64.0,83.0,175.0,230.0,False,False
8180,17.0,,,,,,,,,2.0,13.0,,,12.0,,1.0,29.0,53.0,444.0,4.0,332.0,112.0,1.0,11.0,,,,603.0,934.0,,,,,1.0,,2025,WR,100.7,100.7,5.9,5.9,61.0,82.0,170.0,226.0,61.0,82.0,168.0,226.0,False,False
1737,,,,,,,,,,,,,,,,,,,,,,,,,,,,,66.0,,,,,,,2025,QB,0.0,0.0,,,73.0,,552.0,,69.0,,548.0,,False,False
12519,15.0,,,,,,,,,6.0,37.0,,1.0,,,1.0,47.0,60.0,652.0,2.0,318.0,334.0,3.0,4.0,,,,368.0,955.0,,,,,2.0,,2025,WR,131.9,131.9,8.8,8.8,47.0,54.0,127.0,158.0,47.0,54.0,124.0,157.0,False,False
9486,14.0,,,,,,,,,1.0,6.0,,,2.0,,,30.0,46.0,332.0,2.0,265.0,67.0,2.0,4.0,,,,408.0,871.0,,,,,,,2025,WR,75.8,75.8,5.4,5.4,83.0,91.0,214.0,245.0,83.0,91.0,212.0,244.0,False,False
13199,,,,,,,,,,,,,,,,,,,,,,,,,,,,,,,,,,,,2025,WR,0.0,0.0,,,221.0,,552.0,,221.0,,548.0,,False,False
12455,17.0,,,,,,,,,44.0,151.0,,,38.0,10.0,4.0,25.0,35.0,172.0,1.0,-60.0,232.0,1.0,6.0,1.0,,,157.0,1049.0,,,,,,,2025,RB,63.3,63.3,3.7,3.7,62.0,82.0,242.0,301.0,62.0,82.0,240.0,298.0,False,False
4881,13.0,302.0,192.0,2549.0,21.0,7.0,36.0,1485.0,41.0,67.0,349.0,2.0,7.0,89.0,12.0,1.0,,,,,,,,,7.0,3.0,,651.0,704.0,,,,,,,2025,QB,212.9,203.9,16.4,15.7,20.0,17.0,56.0,34.0,20.0,15.0,64.0,34.0,False,True
10870,,,,,,,,,,,,,,,,,,,,,,,,,,,,,,,,,,,,2025,RB,0.0,0.0,,,137.0,,552.0,,137.0,,548.0,,False,False
11618,4.0,,,,,,,,,1.0,1.0,,,1.0,1.0,,12.0,15.0,178.0,,119.0,59.0,1.0,,,,,138.0,267.0,,,,,1.0,,2025,WR,31.9,31.9,8.0,8.0,132.0,60.0,322.0,177.0,132.0,60.0,321.0,175.0,False,False
4219,17.0,,,,,,,,,44.0,221.0,1.0,6.0,151.0,4.0,5.0,25.0,31.0,196.0,,-26.0,222.0,1.0,1.0,1.0,1.0,,322.0,985.0,,,,,,,2025,RB,70.7,70.7,4.2,4.2,58.0,76.0,224.0,280.0,58.0,76.0,222.0,277.0,False,False
13202,2.0,,,,,,,,,,,,,,,,,,,,,,,,,,,9.0,127.0,,,,,,,2025,WR,0.0,0.0,0.0,0.0,221.0,220.0,552.0,548.0,221.0,220.0,548.0,545.0,False,False
10983,,,,,,,,,,,,,,,,,,,,,,,,,,,,,,,,,,,,2025,QB,0.0,0.0,,,73.0,,552.0,,69.0,,548.0,,False,False
2133,14.0,,,,,,,,,,,,,,,,60.0,114.0,789.0,14.0,671.0,118.0,5.0,31.0,,,,635.0,903.0,,,,,1.0,,2025,WR,224.9,224.9,16.1,16.1,12.0,9.0,46.0,35.0,12.0,9.0,40.0,31.0,True,True
96,16.0,498.0,327.0,3322.0,24.0,7.0,29.0,1213.0,74.0,21.0,61.0,1.0,,3.0,3.0,,1.0,1.0,-9.0,,-9.0,,,,4.0,1.0,,843.0,884.0,,,,,,,2025,QB,225.1,206.6,14.1,12.9,18.0,27.0,45.0,63.0,17.0,25.0,59.0,74.0,False,True
5872,16.0,,,,,,,,,17.0,75.0,1.0,2.0,44.0,4.0,5.0,72.0,99.0,727.0,5.0,261.0,466.0,6.0,11.0,3.0,,,664.0,918.0,,,,,,,2025,WR,188.2,188.2,11.8,11.8,27.0,33.0,76.0,99.0,27.0,33.0,75.0,96.0,True,True
12941,,,,,,,,,,,,,,,,,,,,,,,,,,,,,,,,,,,,2025,TE,0.0,0.0,,,124.0,,552.0,,124.0,,548.0,,False,False
9480,12.0,,,,,,,,,,,,,,,,46.0,60.0,540.0,3.0,293.0,247.0,4.0,9.0,,,,553.0,723.0,,,,,,,2025,TE,118.0,118.0,9.8,9.8,24.0,18.0,152.0,145.0,24.0,18.0,148.0,139.0,False,False
12545,11.0,327.0,221.0,2384.0,10.0,6.0,31.0,1333.0,17.0,45.0,186.0,3.0,2.0,35.0,13.0,3.0,,,,,,,,,3.0,2.0,,537.0,1056.0,2.0,,,,,,2025,QB,160.0,132.3,14.5,12.0,26.0,25.0,105.0,60.0,27.0,28.0,123.0,90.0,False,False
827,6.0,134.0,80.0,779.0,5.0,5.0,14.0,448.0,14.0,27.0,143.0,1.0,1.0,29.0,3.0,,,,,,,,,,1.0,1.0,,251.0,798.0,,,,,,,2025,QB,59.5,53.9,9.9,9.0,42.0,44.0,250.0,140.0,42.0,44.0,264.0,153.0,False,False
4892,17.0,543.0,343.0,3693.0,26.0,11.0,36.0,1768.0,56.0,55.0,382.0,1.0,7.0,81.0,8.0,,,,,,,,,,11.0,3.0,,1099.0,1134.0,2.0,,,,,,2025,QB,271.9,250.1,16.0,14.7,12.0,18.0,27.0,36.0,12.0,18.0,29.0,50.0,False,True
4137,3.0,,,,,,,,,32.0,95.0,1.0,3.0,56.0,4.0,2.0,8.0,9.0,38.0,1.0,-30.0,68.0,,1.0,1.0,,,93.0,187.0,,,,,,,2025,RB,33.3,33.3,11.1,11.1,77.0,31.0,315.0,115.0,77.0,31.0,315.0,109.0,False,False
8145,17.0,,,,,,,,,,,,,,,,23.0,29.0,179.0,1.0,80.0,99.0,1.0,3.0,,,,465.0,999.0,,,,,,,2025,TE,46.9,46.9,2.8,2.8,56.0,59.0,288.0,350.0,56.0,59.0,286.0,345.0,False,False
12068,,,,,,,,,,,,,,,,,,,,,,,,,,,,,,,,,,,,2025,TE,0.0,0.0,,,124.0,,552.0,,124.0,,548.0,,False,False
11961,,,,,,,,,,,,,,,,,,,,,,,,,,,,,,,,,,,,2025,QB,0.0,0.0,,,73.0,,552.0,,69.0,,548.0,,False,False
12518,17.0,1.0,,,,,,,1.0,6.0,8.0,1.0,,3.0,4.0,,76.0,112.0,817.0,4.0,343.0,474.0,2.0,19.0,1.0,,,846.0,1007.0,,,,,,,2025,TE,188.5,188.5,11.1,11.1,4.0,10.0,74.0,115.0,4.0,10.0,73.0,109.0,True,True
7106,1.0,,,,,,,,,,,,,,,,,,,,,,,,,,,1.0,54.0,,,,,,,2025,TE,0.0,0.0,0.0,0.0,124.0,123.0,552.0,548.0,124.0,123.0,548.0,545.0,False,False
5347,4.0,,,,,,,,,2.0,-2.0,,,1.0,,1.0,,,,,,,,,,,,2.0,140.0,,,,,,,2025,RB,-0.2,-0.2,-0.0,-0.0,194.0,136.0,825.0,548.0,194.0,136.0,820.0,545.0,False,False
9506,17.0,,,,,,,,,86.0,320.0,7.0,5.0,83.0,21.0,9.0,8.0,11.0,34.0,1.0,-15.0,49.0,1.0,2.0,2.0,,,177.0,1134.0,,,1.0,,,,2025,RB,93.4,93.4,5.5,5.5,50.0,65.0,181.0,241.0,50.0,65.0,179.0,240.0,False,False
7607,13.0,,,,,,,,,92.0,333.0,1.0,3.0,121.0,8.0,11.0,33.0,45.0,267.0,,10.0,257.0,2.0,6.0,,,,364.0,890.0,,,,,,,2025,RB,99.0,99.0,7.6,7.6,48.0,49.0,175.0,186.0,48.0,49.0,172.0,184.0,False,False
8167,10.0,,,,,,,,,1.0,3.0,,,,1.0,,35.0,55.0,611.0,6.0,493.0,118.0,1.0,6.0,,,,418.0,619.0,,,,,1.0,,2025,WR,134.4,134.4,13.4,13.4,46.0,19.0,123.0,72.0,46.0,19.0,121.0,65.0,False,False
7599,2.0,,,,,,,,,,,,,,,,,,,,,,,,,,,,145.0,,,,,,,2025,RB,0.0,0.0,0.0,0.0,137.0,136.0,552.0,548.0,137.0,136.0,548.0,545.0,False,False
12897,7.0,,,,,,,,,9.0,60.0,,,26.0,,,,,,,,,,,1.0,1.0,,10.0,516.0,,,,,,,2025,RB,4.0,4.0,0.6,0.6,120.0,117.0,484.0,483.0,120.0,117.0,482.0,479.0,False,False
9999,,,,,,,,,,,,,,,,,,,,,,,,,,,,,,,,,,,,2025,QB,0.0,0.0,,,73.0,,552.0,,69.0,,548.0,,False,False
12509,17.0,,,,,,,,,2.0,10.0,,,5.0,1.0,,30.0,43.0,324.0,1.0,185.0,139.0,1.0,4.0,,,,486.0,1072.0,,,,,,,2025,WR,69.4,69.4,4.1,4.1,90.0,108.0,229.0,283.0,90.0,108.0,227.0,280.0,False,False
5947,16.0,,,,,,,,,5.0,13.0,,,8.0,2.0,,75.0,110.0,835.0,3.0,553.0,282.0,2.0,13.0,1.0,1.0,,824.0,967.0,,,,,,,2025,WR,175.8,175.8,11.0,11.0,31.0,39.0,90.0,118.0,31.0,39.0,89.0,111.0,False,True
12690,,,,,,,,,,,,,,,,,,,,,,,,,,,,,,,,,,,,2025,WR,0.0,0.0,,,221.0,,552.0,,221.0,,548.0,,False,False
12946,,,,,,,,,,,,,,,,,,,,,,,,,,,,,,,,,,,,2025,WR,0.0,0.0,,,221.0,,552.0,,221.0,,548.0,,False,False
11651,14.0,,,,,,,,,,,,,,,,,,,,,,,,,,,,943.0,,,,,,,2025,RB,0.0,0.0,0.0,0.0,137.0,136.0,552.0,548.0,137.0,136.0,548.0,545.0,False,False
12700,,,,,,,,,,,,,,,,,,,,,,,,,,,,,,,,,,,,2025,TE,0.0,0.0,,,124.0,,552.0,,124.0,,548.0,,False,False
3271,10.0,,,,,,,,,,,,,,,,25.0,36.0,281.0,3.0,141.0,140.0,2.0,8.0,,,,318.0,585.0,,,,,,,2025,TE,71.1,71.1,7.1,7.1,40.0,30.0,223.0,198.0,40.0,30.0,221.0,196.0,False,False
12761,,,,,,,,,,,,,,,,,,,,,,,,,,,,,,,,,,,,2025,WR,0.0,0.0,,,221.0,,552.0,,221.0,,548.0,,False,False
4988,15.0,,,,,,,,,122.0,506.0,3.0,5.0,255.0,13.0,7.0,13.0,20.0,67.0,,4.0,63.0,2.0,1.0,,,,326.0,1025.0,,,,,,,2025,RB,88.3,88.3,5.9,5.9,54.0,60.0,195.0,226.0,54.0,60.0,194.0,226.0,False,False
11638,9.0,,,,,,,,,2.0,-2.0,,2.0,7.0,,1.0,36.0,53.0,528.0,,454.0,74.0,1.0,4.0,,,,480.0,682.0,,,,,2.0,,2025,WR,92.6,92.6,10.3,10.3,68.0,44.0,185.0,136.0,68.0,44.0,183.0,127.0,False,False
12514,17.0,,,,,,,,,2.0,9.0,,,,,,63.0,127.0,938.0,6.0,603.0,335.0,9.0,11.0,,,,886.0,1134.0,,,,,3.0,,2025,WR,199.7,199.7,11.7,11.7,23.0,35.0,67.0,102.0,23.0,35.0,66.0,99.0,True,True
7605,,,,,,,,,,,,,,,,,,,,,,,,,,,,,,,,,,,,2025,QB,0.0,0.0,,,73.0,,552.0,,69.0,,548.0,,False,False
7569,15.0,,,,,,,,,2.0,15.0,1.0,,7.0,1.0,,71.0,120.0,1117.0,6.0,793.0,324.0,1.0,16.0,1.0,1.0,,778.0,1012.0,,,,,3.0,,2025,WR,230.2,230.2,15.3,15.3,9.0,11.0,41.0,45.0,9.0,11.0,37.0,40.0,True,True
6659,7.0,,,,,,,,,3.0,4.0,,,,,,,,,,,,,,,,,4.0,440.0,,,,,,,2025,RB,0.4,0.4,0.1,0.1,134.0,133.0,546.0,537.0,134.0,133.0,543.0,534.0,False,False
9228,16.0,478.0,304.0,3011.0,23.0,11.0,27.0,1466.0,65.0,54.0,216.0,2.0,2.0,39.0,11.0,3.0,,,,,,,,,7.0,4.0,,964.0,1000.0,1.0,1.0,,,,,2025,QB,222.0,207.8,13.9,13.0,19.0,28.0,49.0,67.0,16.0,24.0,57.0,70.0,False,True
12487,14.0,,,,,,,,,1.0,,,,,1.0,,11.0,25.0,231.0,3.0,191.0,40.0,,3.0,,,,356.0,919.0,,,,,,,2025,TE,52.1,52.1,3.7,3.7,52.0,47.0,270.0,301.0,52.0,47.0,269.0,298.0,False,False
10221,2.0,,,,,,,,,,,,,,,,2.0,4.0,23.0,1.0,22.0,1.0,,1.0,,,,2.0,54.0,,,,,,,2025,WR,10.3,10.3,5.2,5.2,178.0,94.0,428.0,250.0,178.0,94.0,425.0,248.0,False,False
5973,15.0,,,,,,,,,,,,,,,,15.0,19.0,160.0,4.0,58.0,102.0,,6.0,,,,369.0,807.0,,,,,,,2025,TE,55.0,55.0,3.7,3.7,49.0,47.0,261.0,301.0,49.0,47.0,260.0,298.0,False,False
8408,16.0,,,,,,,,,159.0,758.0,6.0,10.0,330.0,26.0,16.0,14.0,16.0,51.0,,-51.0,102.0,,1.0,3.0,1.0,,386.0,880.0,,,1.0,,,,2025,RB,130.9,130.9,8.2,8.2,36.0,46.0,129.0,175.0,36.0,46.0,126.0,173.0,False,False
5128,,,,,,,,,,,,,,,,,,,,,,,,,,,,,,,,,,,,2025,QB,0.0,0.0,,,73.0,,552.0,,69.0,,548.0,,False,False
11650,9.0,,,,,,,,,,,,,,,,11.0,15.0,203.0,3.0,134.0,69.0,,2.0,,,,174.0,563.0,,,,,,,2025,WR,49.3,49.3,5.5,5.5,111.0,89.0,276.0,241.0,111.0,89.0,274.0,240.0,False,False
7021,17.0,,,,,,,,,236.0,1076.0,6.0,14.0,475.0,30.0,16.0,39.0,50.0,297.0,1.0,-53.0,350.0,2.0,4.0,2.0,1.0,,591.0,1061.0,,,2.0,1.0,,,2025,RB,224.3,224.3,13.2,13.2,16.0,21.0,47.0,76.0,16.0,21.0,41.0,69.0,True,True
11895,14.0,,,,,,,,,4.0,18.0,,1.0,8.0,,2.0,11.0,17.0,76.0,,39.0,37.0,,1.0,1.0,,,297.0,1002.0,,,,,,,2025,WR,20.4,20.4,1.5,1.5,153.0,170.0,372.0,413.0,153.0,170.0,370.0,412.0,False,False
11630,13.0,,,,,,,,,,,,,,,,12.0,21.0,166.0,2.0,100.0,66.0,,1.0,1.0,1.0,,253.0,816.0,,,,,,,2025,WR,38.6,38.6,3.0,3.0,121.0,140.0,300.0,342.0,121.0,140.0,298.0,337.0,False,False
7083,5.0,67.0,52.0,426.0,2.0,,8.0,278.0,13.0,24.0,151.0,,1.0,20.0,7.0,1.0,,,,,,,,,,,,197.0,745.0,,,,,,,2025,QB,40.1,35.6,8.0,7.1,47.0,48.0,297.0,177.0,47.0,48.0,311.0,196.0,False,False
12735,,,,,,,,,,,,,,,,,,,,,,,,,,,,,,,,,,,,2025,TE,0.0,0.0,,,124.0,,552.0,,124.0,,548.0,,False,False
8137,17.0,,,,,,,,,,,,,,,,93.0,137.0,1429.0,9.0,950.0,479.0,4.0,21.0,4.0,,,943.0,1131.0,,,,,5.0,,2025,WR,299.9,299.9,17.6,17.6,5.0,6.0,21.0,25.0,5.0,6.0,16.0,20.0,True,True
5987,,,,,,,,,,,,,,,,,,,,,,,,,,,,,,,,,,,,2025,RB,0.0,0.0,,,137.0,,552.0,,137.0,,548.0,,False,False
8135,8.0,,,,,,1.0,,,,,,,,,,10.0,22.0,130.0,1.0,96.0,34.0,,4.0,,,,245.0,420.0,,,,,,,2025,WR,29.0,29.0,3.6,3.6,139.0,119.0,337.0,309.0,139.0,119.0,335.0,305.0,False,False
7694,17.0,,,,,,,,,,,,,,,,27.0,37.0,249.0,2.0,85.0,164.0,2.0,5.0,,,,636.0,1061.0,,,,,,,2025,TE,63.9,63.9,3.8,3.8,42.0,46.0,241.0,298.0,42.0,46.0,239.0,294.0,False,False
9484,8.0,,,,,,,,,1.0,3.0,,,,,,32.0,44.0,489.0,6.0,145.0,344.0,3.0,12.0,,,,439.0,510.0,,,,,2.0,,2025,TE,121.2,121.2,15.2,15.2,23.0,2.0,147.0,47.0,23.0,2.0,144.0,43.0,False,False
10215,,,,,,,,,,,,,,,,,,,,,,,,,,,,,,,,,,,,2025,QB,0.0,0.0,,,73.0,,552.0,,69.0,,548.0,,False,False
11597,15.0,,,,,,,,,,,,,,,,45.0,74.0,528.0,5.0,341.0,187.0,5.0,13.0,,,,872.0,1008.0,,,,,,,2025,TE,127.8,127.8,8.5,8.5,19.0,24.0,133.0,169.0,19.0,24.0,131.0,168.0,False,False
11576,4.0,,,,,,,,,18.0,76.0,1.0,,33.0,6.0,2.0,2.0,3.0,17.0,,8.0,9.0,1.0,2.0,1.0,1.0,,58.0,243.0,,,,,,,2025,RB,15.3,15.3,3.8,3.8,96.0,81.0,395.0,298.0,96.0,81.0,395.0,294.0,False,False
7596,9.0,,,,,,,,,6.0,24.0,1.0,2.0,7.0,1.0,1.0,9.0,17.0,112.0,,54.0,58.0,1.0,,,,,159.0,533.0,,,,,,,2025,WR,28.6,28.6,3.2,3.2,141.0,132.0,341.0,329.0,141.0,132.0,339.0,324.0,False,False
8799,8.0,,,,,,,,,,,,,,,,2.0,3.0,17.0,,12.0,5.0,,1.0,,,,107.0,487.0,,,,,,,2025,TE,3.7,3.7,0.5,0.5,104.0,104.0,492.0,495.0,104.0,104.0,489.0,491.0,False,False
8146,7.0,,,,,,,,,,,,,,,,36.0,59.0,395.0,4.0,291.0,104.0,3.0,2.0,1.0,,,383.0,431.0,,,,,,,2025,WR,99.5,99.5,14.2,14.2,62.0,15.0,173.0,62.0,62.0,15.0,171.0,55.0,False,False
6040,,,,,,,,,,,,,,,,,,,,,,,,,,,,,,,,,,,,2025,TE,0.0,0.0,,,124.0,,552.0,,124.0,,548.0,,False,False
4663,2.0,,,,,,,,,14.0,43.0,,,20.0,2.0,1.0,5.0,7.0,38.0,,-11.0,49.0,,,,,,69.0,139.0,,,,,,,2025,RB,13.1,13.1,6.6,6.6,98.0,56.0,410.0,212.0,98.0,56.0,407.0,211.0,False,False
9511,13.0,,,,,,,,,59.0,341.0,1.0,2.0,128.0,11.0,5.0,9.0,12.0,63.0,,-22.0,85.0,1.0,,1.0,,,125.0,745.0,,,,,,,2025,RB,55.4,55.4,4.3,4.3,67.0,72.0,260.0,275.0,67.0,72.0,259.0,272.0,False,False
7521,3.0,,,,,,,,,,,,,,,,,,,,,,,,,,,12.0,201.0,,,,,,,2025,WR,0.0,0.0,0.0,0.0,221.0,220.0,552.0,548.0,221.0,220.0,548.0,545.0,False,False
12543,16.0,,,,,,,,,16.0,45.0,,1.0,20.0,,,1.0,2.0,9.0,,-2.0,11.0,,,,,,47.0,960.0,,,,,,,2025,RB,6.4,6.4,0.4,0.4,114.0,121.0,459.0,504.0,114.0,121.0,457.0,500.0,False,False
7438,,,,,,,,,,,,,,,,,,,,,,,,,,,,,,,,,,,,2025,WR,0.0,0.0,,,221.0,,552.0,,221.0,,548.0,,False,False
8208,16.0,,,,,,,,,8.0,23.0,,,14.0,2.0,1.0,19.0,31.0,141.0,,-69.0,210.0,4.0,3.0,,,,183.0,1021.0,,,,,,,2025,RB,35.4,35.4,2.2,2.2,75.0,94.0,312.0,374.0,75.0,94.0,312.0,371.0,False,False
11586,17.0,,,,,,,,,145.0,746.0,6.0,11.0,211.0,26.0,10.0,8.0,14.0,36.0,,-1.0,37.0,3.0,1.0,,,,307.0,1060.0,,,1.0,,,,2025,RB,124.2,124.2,7.3,7.3,39.0,50.0,140.0,192.0,39.0,50.0,138.0,190.0,False,False
11139,,,,,,,,,,,,,,,,,,,,,,,,,,,,,,,,,,,,2025,WR,0.0,0.0,,,221.0,,552.0,,221.0,,548.0,,False,False
8225,16.0,,,,,,,,,,,,,,,,19.0,26.0,286.0,2.0,154.0,132.0,1.0,6.0,,,,486.0,1015.0,,,,,,,2025,TE,59.6,59.6,3.7,3.7,46.0,47.0,249.0,301.0,46.0,47.0,248.0,298.0,False,False
12959,,,,,,,,,,,,,,,,,,,,,,,,,,,,,,,,,,,,2025,TE,0.0,0.0,,,124.0,,552.0,,124.0,,548.0,,False,False
5938,10.0,,,,,,,,,,,,,,,,13.0,25.0,156.0,1.0,127.0,29.0,1.0,4.0,,,,313.0,607.0,,,,,,,2025,WR,34.6,34.6,3.5,3.5,129.0,123.0,314.0,314.0,129.0,123.0,314.0,310.0,False,False
12504,10.0,,,,,,,,,28.0,69.0,,2.0,34.0,4.0,4.0,1.0,2.0,9.0,,-5.0,14.0,1.0,,1.0,,,51.0,816.0,,,,,,,2025,RB,8.8,8.8,0.9,0.9,109.0,111.0,440.0,458.0,109.0,111.0,437.0,457.0,False,False
12079,3.0,,,,,,,,,,,,,,,,,,,,,,,,,,,9.0,127.0,,,,,,,2025,TE,0.0,0.0,0.0,0.0,124.0,123.0,552.0,548.0,124.0,123.0,548.0,545.0,False,False
12474,16.0,,,,,,,,,196.0,703.0,2.0,6.0,319.0,32.0,28.0,24.0,36.0,208.0,3.0,-15.0,223.0,2.0,8.0,1.0,,,540.0,1027.0,,,,,,,2025,RB,145.1,145.1,9.1,9.1,31.0,38.0,113.0,154.0,31.0,38.0,111.0,149.0,False,True
11644,1.0,,,,,,,,,,,,,,,,,,,,,,,,,,,,60.0,,,,,,,2025,RB,0.0,0.0,0.0,0.0,137.0,136.0,552.0,548.0,137.0,136.0,548.0,545.0,False,False
4040,17.0,,,,,,,,,,,,,,,,33.0,45.0,345.0,1.0,154.0,191.0,2.0,6.0,,,,570.0,1049.0,,,,,,,2025,WR,73.5,73.5,4.3,4.3,86.0,106.0,219.0,275.0,86.0,106.0,217.0,272.0,False,False
8206,,,,,,,,,,,,,,,,,,,,,,,,,,,,,,,,,,,,2025,QB,0.0,0.0,,,73.0,,552.0,,69.0,,548.0,,False,False
12171,15.0,,,,,,,,,17.0,78.0,,1.0,10.0,2.0,,,,,,,,,,,,,53.0,966.0,,,,,,,2025,RB,7.8,7.8,0.5,0.5,111.0,119.0,446.0,495.0,112.0,119.0,446.0,491.0,False,False
5110,1.0,,,,,,,,,,,,,,,,,,,,,,,,,,,28.0,76.0,,,,,,,2025,WR,0.0,0.0,0.0,0.0,221.0,220.0,552.0,548.0,221.0,220.0,548.0,545.0,False,False
3321,4.0,,,,,,,,,,,,,,,,21.0,29.0,265.0,1.0,208.0,57.0,,2.0,,,,155.0,224.0,,,,,1.0,,2025,WR,55.5,55.5,13.9,13.9,103.0,18.0,259.0,67.0,103.0,18.0,258.0,61.0,False,False
8013,4.0,,,,,,,,,,,,,,,,1.0,1.0,15.0,,4.0,11.0,,,,,,26.0,245.0,,,,,,,2025,WR,2.5,2.5,0.6,0.6,213.0,201.0,513.0,483.0,213.0,201.0,509.0,479.0,False,False
13074,,,,,,,,,,,,,,,,,,,,,,,,,,,,,,,,,,,,2025,WR,0.0,0.0,,,221.0,,552.0,,221.0,,548.0,,False,False
6185,,,,,,,,,,,,,,,,,,,,,,,,,,,,,440.0,,,,,,,2025,QB,0.0,0.0,,,73.0,,552.0,,69.0,,548.0,,False,False
2216,8.0,,,,,,,,,,,,,,,,30.0,61.0,368.0,3.0,331.0,37.0,2.0,8.0,,,,357.0,546.0,,,,,1.0,,2025,WR,86.8,86.8,10.9,10.9,74.0,40.0,200.0,121.0,74.0,40.0,198.0,113.0,False,False
7562,10.0,,,,,,,,,,,,,,,,6.0,15.0,192.0,1.0,125.0,67.0,1.0,,,,,177.0,629.0,,,,,,,2025,WR,31.2,31.2,3.1,3.1,135.0,137.0,329.0,338.0,135.0,137.0,327.0,332.0,False,False
8132,17.0,,,,,,,,,143.0,514.0,8.0,9.0,228.0,31.0,20.0,14.0,16.0,96.0,,-24.0,120.0,1.0,1.0,,,,305.0,1033.0,,,,,,,2025,RB,123.0,123.0,7.2,7.2,41.0,51.0,145.0,196.0,41.0,51.0,141.0,193.0,False,False
12523,13.0,,,,,,,,,8.0,69.0,,,15.0,,,11.0,15.0,108.0,,37.0,71.0,1.0,3.0,,,,148.0,785.0,,,,,,,2025,WR,28.7,28.7,2.2,2.2,140.0,156.0,340.0,374.0,140.0,157.0,338.0,371.0,False,False
8254,17.0,,,,,,,,,11.0,40.0,,,12.0,4.0,1.0,,2.0,,,,,,,,,,40.0,1002.0,,,,,,,2025,RB,4.0,4.0,0.2,0.2,120.0,128.0,484.0,529.0,120.0,128.0,482.0,524.0,False,False
13261,,,,,,,,,,,,,,,,,,,,,,,,,,,,,,,,,,,,2025,TE,0.0,0.0,,,124.0,,552.0,,124.0,,548.0,,False,False
8107,2.0,,,,,,,,,,,,,,,,,,,,,,,,,,,,65.0,,,,,,,2025,TE,0.0,0.0,0.0,0.0,124.0,123.0,552.0,548.0,124.0,123.0,548.0,545.0,False,False
12489,17.0,1.0,,,,,,,1.0,146.0,540.0,7.0,4.0,246.0,26.0,17.0,47.0,58.0,356.0,5.0,-4.0,360.0,6.0,10.0,1.0,1.0,,448.0,1081.0,,,,,,,2025,RB,206.6,206.6,12.2,12.2,21.0,25.0,64.0,92.0,21.0,25.0,59.0,85.0,True,True
8157,,,,,,,,,,,,,,,,,,,,,,,,,,,,,157.0,,,,,,,2025,QB,0.0,0.0,,,73.0,,552.0,,69.0,,548.0,,False,False
8223,8.0,,,,,,,,,4.0,32.0,,,4.0,,,,,,,,,,,,,,8.0,474.0,,,,,,,2025,WR,3.2,3.2,0.4,0.4,208.0,208.0,500.0,504.0,208.0,208.0,497.0,500.0,False,False
7535,9.0,,,,,,,,,,,,,,,,12.0,17.0,85.0,2.0,54.0,31.0,4.0,4.0,1.0,,,258.0,630.0,,,,,,,2025,TE,32.5,32.5,3.6,3.6,63.0,52.0,320.0,309.0,63.0,52.0,319.0,305.0,False,False
12482,12.0,,,,,,,,,11.0,37.0,,1.0,23.0,1.0,1.0,10.0,10.0,78.0,1.0,17.0,61.0,,4.0,1.0,1.0,,91.0,771.0,,,,,,,2025,WR,25.5,25.5,2.1,2.1,145.0,159.0,352.0,380.0,145.0,159.0,350.0,378.0,False,False
11384,3.0,,,,,,,,,3.0,6.0,,,,,1.0,,,,,,,,,,,,7.0,262.0,,,,,,,2025,RB,0.6,0.6,0.2,0.2,132.0,128.0,543.0,529.0,132.0,128.0,540.0,524.0,False,False
11959,3.0,,,,,,,,,,,,,,,,1.0,1.0,8.0,,6.0,2.0,,,,,,11.0,123.0,,,,,,,2025,WR,1.8,1.8,0.6,0.6,216.0,201.0,525.0,483.0,216.0,201.0,520.0,479.0,False,False
11511,,,,,,,,,,,,,,,,,,,,,,,,,,,,,,,,,,,,2025,TE,0.0,0.0,,,124.0,,552.0,,124.0,,548.0,,False,False
8253,7.0,,,,,,,,,1.0,5.0,,,1.0,,,3.0,3.0,27.0,,7.0,20.0,,,,,,17.0,404.0,,,,,,,2025,WR,6.2,6.2,0.9,0.9,189.0,191.0,461.0,458.0,189.0,191.0,459.0,457.0,False,False
11964,,,,,,,,,,,,,,,,,,,,,,,,,,,,,,,,,,,,2025,WR,0.0,0.0,,,221.0,,552.0,,221.0,,548.0,,False,False
8861,,,,,,,,,,,,,,,,,,,,,,,,,,,,,,,,,,,,2025,WR,0.0,0.0,,,221.0,,552.0,,221.0,,548.0,,False,False
4351,16.0,,,,,,,,,,,,,,,,15.0,24.0,187.0,3.0,133.0,54.0,2.0,9.0,,,,314.0,1009.0,,,,,,,2025,WR,51.7,51.7,3.2,3.2,108.0,132.0,271.0,329.0,108.0,132.0,270.0,324.0,False,False
12909,,,,,,,,,,,,,,,,,,,,,,,,,,,,,,,,,,,,2025,WR,0.0,0.0,,,221.0,,552.0,,221.0,,548.0,,False,False
9220,6.0,,,,,,,,,19.0,48.0,,,20.0,1.0,1.0,1.0,1.0,6.0,,-4.0,10.0,,,,,,69.0,331.0,,,,,,,2025,RB,6.4,6.4,1.1,1.1,114.0,109.0,459.0,446.0,114.0,109.0,457.0,445.0,False,False
11596,16.0,,,,,,,,,,,,,,,,11.0,13.0,114.0,1.0,51.0,63.0,,1.0,,,,303.0,918.0,,,,,,,2025,TE,28.4,28.4,1.8,1.8,68.0,72.0,342.0,397.0,68.0,72.0,340.0,396.0,False,False
3198,17.0,1.0,,,,,,,1.0,307.0,1595.0,16.0,11.0,685.0,62.0,22.0,15.0,21.0,150.0,,15.0,135.0,1.0,2.0,4.0,3.0,,519.0,963.0,,,7.0,1.0,,,2025,RB,297.5,297.5,17.5,17.5,7.0,7.0,22.0,27.0,7.0,7.0,17.0,21.0,True,True
12522,17.0,540.0,323.0,3169.0,15.0,7.0,55.0,1623.0,49.0,39.0,159.0,2.0,3.0,59.0,10.0,1.0,,,,,,,,,11.0,7.0,,1002.0,1002.0,,,,,,,2025,QB,186.7,153.3,11.0,9.0,22.0,39.0,79.0,118.0,23.0,44.0,103.0,153.0,False,True
8143,13.0,,,,,,,,,24.0,73.0,,9.0,30.0,4.0,2.0,26.0,32.0,103.0,,-51.0,154.0,3.0,5.0,,,,269.0,856.0,,,,,,,2025,RB,43.6,43.6,3.4,3.4,71.0,84.0,293.0,318.0,71.0,84.0,291.0,314.0,False,False
6694,8.0,,,,,,,,,14.0,25.0,,,6.0,1.0,1.0,,,,,,,,,,,,37.0,464.0,,,,,,,2025,RB,2.5,2.5,0.3,0.3,124.0,126.0,513.0,517.0,124.0,126.0,509.0,513.0,False,False
12496,17.0,,,,,,,,,,,,,,,,3.0,3.0,25.0,,11.0,14.0,,,,,,37.0,934.0,,,,,,,2025,WR,5.5,5.5,0.3,0.3,194.0,212.0,468.0,517.0,194.0,212.0,468.0,513.0,False,False
12656,12.0,,,,,,,,,,,,,,,,,,,,,,,,,,,203.0,750.0,,,,,,,2025,RB,0.0,0.0,0.0,0.0,137.0,136.0,552.0,548.0,137.0,136.0,548.0,545.0,False,False
6847,17.0,,,,,,,,,,,,,,,,2.0,5.0,26.0,,26.0,,,1.0,,,,40.0,1099.0,,,,,,,2025,WR,4.6,4.6,0.3,0.3,197.0,212.0,476.0,517.0,197.0,212.0,475.0,513.0,False,False
2750,4.0,,,,,,,,,,,,,,,,,,,,,,,,1.0,,,,282.0,,,,,,,2025,WR,0.0,0.0,0.0,0.0,221.0,220.0,552.0,548.0,221.0,220.0,548.0,545.0,False,False
9493,16.0,,,,,,,,,10.0,105.0,1.0,1.0,65.0,1.0,,129.0,166.0,1715.0,10.0,1049.0,666.0,4.0,16.0,1.0,1.0,,675.0,990.0,,,,,5.0,1.0,2025,WR,389.0,389.0,24.3,24.3,1.0,1.0,2.0,2.0,1.0,1.0,2.0,2.0,True,True
10226,17.0,,,,,,,,,3.0,14.0,,,3.0,,,33.0,58.0,435.0,2.0,332.0,103.0,5.0,7.0,,,,815.0,1043.0,,,,,,,2025,WR,89.9,89.9,5.3,5.3,70.0,92.0,189.0,247.0,70.0,92.0,188.0,246.0,False,False
13116,,,,,,,,,,,,,,,,,,,,,,,,,,,,,,,,,,,,2025,TE,0.0,0.0,,,124.0,,552.0,,124.0,,548.0,,False,False
6996,,,,,,,,,,,,,,,,,,,,,,,,,,,,,,,,,,,,2025,RB,0.0,0.0,,,137.0,,552.0,,137.0,,548.0,,False,False
12765,5.0,,,,,,,,,,,,,,,,4.0,4.0,35.0,,12.0,23.0,,,,,,34.0,272.0,,,,,,,2025,TE,7.5,7.5,1.5,1.5,95.0,81.0,451.0,413.0,95.0,81.0,450.0,412.0,False,False
11617,13.0,,,,,,,,,13.0,127.0,,2.0,78.0,1.0,1.0,11.0,14.0,79.0,,11.0,68.0,,1.0,,,,172.0,749.0,,,,,,,2025,WR,31.6,31.6,2.4,2.4,133.0,150.0,326.0,361.0,133.0,150.0,324.0,357.0,False,False
4981,7.0,,,,,,,,,,,,,,,,17.0,36.0,303.0,,219.0,84.0,4.0,1.0,,,,250.0,430.0,,,,,1.0,,2025,WR,49.3,49.3,7.0,7.0,111.0,71.0,276.0,202.0,111.0,71.0,274.0,201.0,False,False
4171,5.0,,,,,,,,,,,,,,,,11.0,21.0,101.0,,87.0,14.0,,1.0,,,,273.0,327.0,,,,,,,2025,WR,21.1,21.1,4.2,4.2,150.0,107.0,367.0,280.0,150.0,107.0,365.0,277.0,False,False
7946,15.0,,,,,,,,,,,,,,,,6.0,11.0,46.0,1.0,29.0,17.0,,1.0,,,,209.0,988.0,,,,,,,2025,TE,16.6,16.6,1.1,1.1,82.0,92.0,390.0,446.0,82.0,92.0,389.0,445.0,False,False
10224,6.0,,,,,,,,,,,,,,,,,1.0,,,,,,,,,,13.0,429.0,,,,,,,2025,TE,0.0,0.0,0.0,0.0,124.0,123.0,552.0,548.0,124.0,123.0,548.0,545.0,False,False
8160,6.0,45.0,28.0,188.0,1.0,2.0,8.0,126.0,2.0,5.0,22.0,,1.0,2.0,,2.0,,,,,,,,,1.0,1.0,,68.0,931.0,,,,,,,2025,QB,7.7,6.0,1.3,1.0,60.0,62.0,447.0,426.0,59.0,62.0,462.0,449.0,False,False
9479,16.0,,,,,,,,,,,,,,,,31.0,43.0,364.0,1.0,135.0,229.0,4.0,8.0,2.0,1.0,,546.0,956.0,,,,,,,2025,TE,71.4,71.4,4.5,4.5,39.0,43.0,222.0,266.0,39.0,43.0,220.0,263.0,False,False
11577,15.0,,,,,,,,,14.0,49.0,,,19.0,,2.0,9.0,12.0,56.0,,-7.0,63.0,,1.0,1.0,1.0,,90.0,861.0,,,,,,,2025,RB,17.5,17.5,1.2,1.2,94.0,107.0,384.0,436.0,94.0,108.0,383.0,436.0,False,False
12540,17.0,,,,,,,,,11.0,18.0,,1.0,13.0,2.0,3.0,48.0,74.0,423.0,4.0,203.0,220.0,2.0,14.0,2.0,1.0,2.0,592.0,1002.0,,,,,,,2025,WR,126.1,126.1,7.4,7.4,49.0,66.0,135.0,190.0,49.0,66.0,133.0,188.0,False,False
5859,15.0,,,,,,,,,,,,,,,,78.0,121.0,1003.0,7.0,735.0,268.0,1.0,12.0,,,,843.0,931.0,,,,,5.0,,2025,WR,230.3,230.3,15.4,15.4,8.0,10.0,40.0,43.0,8.0,10.0,36.0,38.0,True,True
4034,17.0,1.0,,,,,,,1.0,311.0,1202.0,10.0,10.0,463.0,71.0,30.0,102.0,129.0,924.0,7.0,204.0,720.0,7.0,25.0,2.0,,,932.0,1123.0,,,4.0,,,,2025,RB,424.6,424.6,25.0,25.0,1.0,1.0,1.0,1.0,1.0,1.0,1.0,1.0,True,True
6699,16.0,2.0,1.0,33.0,1.0,,,13.0,1.0,,,,,,,,10.0,13.0,145.0,1.0,71.0,74.0,,2.0,1.0,1.0,,55.0,1004.0,,,,,1.0,,2025,WR,35.8,37.2,2.2,2.3,128.0,156.0,311.0,374.0,126.0,153.0,304.0,364.0,False,False
11940,,,,,,,,,,,,,,,,,,,,,,,,,,,,,,,,,,,,2025,WR,0.0,0.0,,,221.0,,552.0,,221.0,,548.0,,False,False
7591,9.0,204.0,128.0,1259.0,7.0,1.0,27.0,676.0,18.0,71.0,383.0,4.0,3.0,74.0,11.0,4.0,,1.0,,,,,,1.0,4.0,3.0,,501.0,677.0,,,,,,,2025,QB,132.7,121.5,14.7,13.5,30.0,24.0,126.0,56.0,29.0,22.0,143.0,64.0,False,False
5134,,,,,,,,,,,,,,,,,,,,,,,,,,,,,,,,,,,,2025,WR,0.0,0.0,,,221.0,,552.0,,221.0,,548.0,,False,False
4866,16.0,,,,,,,,,280.0,1140.0,7.0,18.0,451.0,39.0,41.0,37.0,50.0,273.0,2.0,-23.0,296.0,2.0,6.0,1.0,1.0,,773.0,988.0,,,3.0,,,,2025,RB,236.3,236.3,14.8,14.8,14.0,15.0,35.0,53.0,14.0,15.0,34.0,47.0,True,True
13217,,,,,,,,,,,,,,,,,,,,,,,,,,,,,,,,,,,,2025,QB,0.0,0.0,,,73.0,,552.0,,69.0,,548.0,,False,False
8170,5.0,,,,,,,,,,,,,,,,3.0,3.0,28.0,,7.0,21.0,,,,,,47.0,321.0,,,,,,,2025,TE,5.8,5.8,1.2,1.2,99.0,87.0,467.0,436.0,99.0,87.0,466.0,436.0,False,False
13110,2.0,,,,,,,,,,,,,,,,,,,,,,,,,,,8.0,63.0,,,,,,,2025,TE,0.0,0.0,0.0,0.0,124.0,123.0,552.0,548.0,124.0,123.0,548.0,545.0,False,False
12036,,,,,,,,,,,,,,,,,,,,,,,,,,,,,,,,,,,,2025,RB,0.0,0.0,,,137.0,,552.0,,137.0,,548.0,,False,False
5967,17.0,,,,,,,,,242.0,1082.0,5.0,16.0,423.0,18.0,18.0,33.0,41.0,206.0,,4.0,202.0,2.0,1.0,4.0,3.0,,623.0,1002.0,,,3.0,,,,2025,RB,191.8,191.8,11.3,11.3,23.0,28.0,70.0,110.0,23.0,28.0,69.0,104.0,True,True
8076,4.0,,,,,,,,,,,,,,,,4.0,4.0,50.0,1.0,24.0,26.0,,,1.0,1.0,,15.0,203.0,,,,,,,2025,WR,13.0,13.0,3.2,3.2,173.0,132.0,411.0,329.0,173.0,132.0,408.0,324.0,False,False
12756,,,,,,,,,,,,,,,,,,,,,,,,,,,,,,,,,,,,2025,WR,0.0,0.0,,,221.0,,552.0,,221.0,,548.0,,False,False
12048,11.0,,,,,,,,,22.0,73.0,1.0,3.0,37.0,4.0,2.0,2.0,2.0,15.0,,-1.0,16.0,,,1.0,1.0,1.0,36.0,673.0,,,,,,,2025,RB,20.8,20.8,1.9,1.9,91.0,98.0,369.0,390.0,91.0,98.0,367.0,389.0,False,False
10217,2.0,15.0,7.0,42.0,,1.0,5.0,14.0,1.0,5.0,23.0,,,,,,,,,,,,,,1.0,,,8.0,47.0,,,,,,,2025,QB,2.0,1.1,1.0,0.6,68.0,64.0,522.0,451.0,66.0,64.0,531.0,479.0,False,False
12888,7.0,,,,,,,,,,,,,,,,,,,,,,,,,,,9.0,397.0,,,,,,,2025,WR,0.0,0.0,0.0,0.0,221.0,220.0,552.0,548.0,221.0,220.0,548.0,545.0,False,False
12641,15.0,,,,,,,,,1.0,7.0,,,2.0,,,16.0,32.0,225.0,,186.0,39.0,1.0,2.0,3.0,1.0,2.0,348.0,941.0,,,,,,,2025,WR,49.2,49.2,3.3,3.3,113.0,130.0,278.0,325.0,113.0,130.0,276.0,319.0,False,False
10213,17.0,,,,,,,,,11.0,51.0,,1.0,10.0,,1.0,57.0,92.0,696.0,5.0,405.0,291.0,4.0,9.0,,,,881.0,931.0,,,,,1.0,,2025,WR,163.7,163.7,9.6,9.6,37.0,50.0,100.0,149.0,37.0,50.0,98.0,142.0,False,False
8130,17.0,,,,,,,,,,,,,,,,126.0,169.0,1239.0,11.0,656.0,583.0,2.0,32.0,,,,981.0,1077.0,,,,,3.0,,2025,TE,321.9,321.9,18.9,18.9,1.0,1.0,15.0,17.0,1.0,1.0,14.0,15.0,True,True
7536,14.0,,,,,,,,,,,,,,,,6.0,9.0,55.0,1.0,34.0,21.0,,2.0,,,,188.0,866.0,,,,,,,2025,TE,17.5,17.5,1.2,1.2,79.0,87.0,384.0,436.0,79.0,87.0,383.0,436.0,False,False
6964,1.0,,,,,,,,,,,,,,,,,,,,,,,,,,,,,,,,,,,2025,TE,0.0,0.0,0.0,0.0,124.0,123.0,552.0,548.0,124.0,123.0,548.0,545.0,False,False
11648,2.0,2.0,1.0,-2.0,,,,-2.0,,,,,,,,,,,,,,,,,,,,5.0,756.0,,,,,,,2025,QB,-0.1,-0.0,-0.0,-0.0,110.0,72.0,822.0,548.0,69.0,69.0,548.0,545.0,False,False
3214,17.0,,,,,,,,,,,,,,,,60.0,87.0,768.0,7.0,433.0,335.0,3.0,22.0,,,,835.0,1035.0,,,,,1.0,,2025,TE,180.8,180.8,10.6,10.6,8.0,13.0,84.0,128.0,8.0,13.0,83.0,119.0,True,True
3976,4.0,35.0,25.0,313.0,4.0,,,177.0,9.0,9.0,6.0,,,,,,,,,,,,,,,,,24.0,1057.0,,,,,,,2025,QB,29.1,30.9,7.3,7.7,50.0,49.0,336.0,192.0,48.0,46.0,328.0,180.0,False,False
7523,17.0,560.0,341.0,4007.0,29.0,12.0,41.0,2376.0,81.0,82.0,359.0,9.0,3.0,76.0,23.0,4.0,,,,,,,,,5.0,3.0,,1064.0,1089.0,1.0,,,,,,2025,QB,338.2,316.0,19.9,18.6,4.0,5.0,10.0,13.0,4.0,5.0,15.0,17.0,True,True
12508,14.0,339.0,216.0,2272.0,15.0,5.0,35.0,1111.0,44.0,86.0,487.0,9.0,,62.0,21.0,3.0,,,,,,,,,5.0,2.0,,699.0,918.0,,,,,,,2025,QB,239.6,224.1,17.1,16.0,13.0,15.0,33.0,30.0,13.0,14.0,42.0,32.0,False,True
11605,,,,,,,,,,,,,,,,,,,,,,,,,,,,,,,,,,,,2025,TE,0.0,0.0,,,124.0,,552.0,,124.0,,548.0,,False,False
4066,16.0,,,,,,,,,1.0,7.0,,,1.0,,,50.0,76.0,461.0,1.0,159.0,302.0,8.0,10.0,,,,435.0,1029.0,,,,,,,2025,TE,102.8,102.8,6.4,6.4,28.0,33.0,167.0,214.0,28.0,33.0,165.0,214.0,False,False
12533,17.0,,,,,,,,,175.0,805.0,8.0,13.0,351.0,31.0,17.0,9.0,13.0,68.0,,-9.0,77.0,,1.0,4.0,2.0,,381.0,985.0,,,2.0,,,,2025,RB,144.3,144.3,8.5,8.5,32.0,43.0,114.0,169.0,32.0,43.0,112.0,168.0,False,True
3048,17.0,,,,,,,,,,,,,,,,1.0,2.0,7.0,,1.0,6.0,,1.0,,,,185.0,1072.0,,,,,,,2025,TE,1.7,1.7,0.1,0.1,116.0,117.0,526.0,537.0,116.0,117.0,521.0,534.0,False,False
5903,,,,,,,,,,,,,,,,,,,,,,,,,,,,,,,,,,,,2025,QB,0.0,0.0,,,73.0,,552.0,,69.0,,548.0,,False,False
6945,5.0,,,,,,,,,25.0,106.0,1.0,2.0,54.0,4.0,2.0,2.0,3.0,6.0,,-10.0,16.0,,,2.0,1.0,1.0,52.0,314.0,,,,,,,2025,RB,23.2,23.2,4.6,4.6,89.0,70.0,363.0,264.0,89.0,70.0,361.0,261.0,False,False
12787,3.0,,,,,,,,,4.0,11.0,,,,,,,,,,,,,,,,,8.0,255.0,,,,,,,2025,RB,1.1,1.1,0.4,0.4,128.0,121.0,536.0,504.0,128.0,121.0,531.0,500.0,False,False
8227,17.0,,,,,,,,,,,,,,,,,,,,,,,,,,,131.0,1033.0,,,,,,,2025,TE,0.0,0.0,0.0,0.0,124.0,123.0,552.0,548.0,124.0,123.0,548.0,545.0,False,False
11565,10.0,243.0,140.0,1632.0,11.0,12.0,27.0,940.0,34.0,37.0,181.0,4.0,4.0,56.0,6.0,4.0,,,,,,,,,6.0,2.0,,480.0,509.0,,,,,,,2025,QB,123.4,112.7,12.3,11.3,32.0,32.0,144.0,90.0,31.0,31.0,158.0,104.0,False,False
11859,,,,,,,,,,,,,,,,,,,,,,,,,,,,,,,,,,,,2025,QB,0.0,0.0,,,73.0,,552.0,,69.0,,548.0,,False,False
8220,,,,,,,,,,,,,,,,,,,,,,,,,,,,,,,,,,,,2025,RB,0.0,0.0,,,137.0,,552.0,,137.0,,548.0,,False,False
8676,18.0,,,,,,,,,9.0,69.0,,,8.0,1.0,1.0,59.0,92.0,687.0,2.0,510.0,177.0,,6.0,2.0,1.0,2.0,705.0,1162.0,,,,,1.0,,2025,WR,158.6,158.6,8.8,8.8,39.0,54.0,106.0,158.0,39.0,54.0,102.0,157.0,False,False
6271,16.0,,,,,,,,,4.0,25.0,,,8.0,,,39.0,65.0,313.0,2.0,175.0,138.0,5.0,12.0,,,,574.0,1033.0,,,,,,,2025,WR,84.8,84.8,5.3,5.3,76.0,92.0,204.0,247.0,76.0,92.0,202.0,246.0,False,False
6920,7.0,,,,,,,,,,,,,,,,10.0,19.0,115.0,1.0,98.0,17.0,,4.0,,,,291.0,397.0,,,,,,,2025,WR,27.5,27.5,3.9,3.9,142.0,114.0,343.0,290.0,142.0,114.0,341.0,287.0,False,False
12527,17.0,,,,,,,,,266.0,975.0,5.0,24.0,518.0,31.0,45.0,55.0,73.0,346.0,5.0,-106.0,452.0,4.0,10.0,2.0,1.0,,711.0,931.0,,,2.0,,,,2025,RB,249.1,249.1,14.7,14.7,11.0,16.0,31.0,56.0,11.0,16.0,31.0,50.0,True,True
10225,6.0,,,,,,,,,,,,,,,,1.0,5.0,25.0,,21.0,4.0,1.0,,,,,56.0,450.0,,,,,,,2025,WR,3.5,3.5,0.6,0.6,205.0,201.0,495.0,483.0,205.0,201.0,492.0,479.0,False,False
12470,5.0,67.0,39.0,415.0,2.0,3.0,2.0,247.0,14.0,6.0,27.0,2.0,,1.0,2.0,,,,-3.0,,,-3.0,,,2.0,2.0,,65.0,679.0,,,,,,,2025,QB,29.0,24.7,5.8,4.9,51.0,51.0,337.0,230.0,51.0,51.0,354.0,258.0,False,False
12473,17.0,,,,,,,,,1.0,1.0,,,1.0,,,19.0,25.0,171.0,2.0,63.0,108.0,1.0,4.0,,,,393.0,1061.0,,,,,,,2025,TE,48.2,48.2,2.8,2.8,54.0,59.0,285.0,350.0,54.0,59.0,283.0,345.0,False,False
12880,,,,,,,,,,,,,,,,,,,,,,,,,,,,,,,,,,,,2025,WR,0.0,0.0,,,221.0,,552.0,,221.0,,548.0,,False,False
10219,13.0,,,,,,,,,112.0,500.0,6.0,11.0,304.0,33.0,10.0,3.0,4.0,30.0,,4.0,26.0,,1.0,,,,226.0,741.0,,,,,,,2025,RB,92.0,92.0,7.1,7.1,52.0,52.0,187.0,198.0,52.0,52.0,185.0,196.0,False,False
5917,2.0,,,,,,,,,,,,,,,,,1.0,,,,,,,1.0,1.0,,4.0,106.0,,,,,,,2025,WR,-2.0,-2.0,-1.0,-1.0,334.0,253.0,832.0,635.0,334.0,253.0,830.0,634.0,False,False
4983,17.0,1.0,1.0,2.0,1.0,,,2.0,1.0,15.0,79.0,1.0,2.0,21.0,2.0,,50.0,85.0,682.0,6.0,460.0,222.0,4.0,11.0,1.0,1.0,,932.0,1099.0,,,,,,,2025,WR,170.2,172.1,10.0,10.1,35.0,47.0,95.0,139.0,33.0,46.0,91.0,129.0,False,True
12460,,,,,,,,,,,,,,,,,,,,,,,,,,,,,,,,,,,,2025,WR,0.0,0.0,,,221.0,,552.0,,221.0,,548.0,,False,False
5022,15.0,,,,,,,,,,,,,,,,60.0,82.0,591.0,11.0,357.0,234.0,4.0,15.0,,,,787.0,928.0,,,,,1.0,,2025,TE,187.1,187.1,12.5,12.5,6.0,5.0,78.0,84.0,6.0,5.0,78.0,79.0,True,True
12849,,,,,,,,,,,,,,,,,,,,,,,,,,,,,,,,,,,,2025,WR,0.0,0.0,,,221.0,,552.0,,221.0,,548.0,,False,False
7436,10.0,,,,,,,,,,,,,,,,2.0,4.0,48.0,,45.0,3.0,1.0,,,,,67.0,572.0,,,,,,,2025,WR,6.8,6.8,0.7,0.7,187.0,198.0,455.0,477.0,187.0,198.0,453.0,474.0,False,False
1689,16.0,,,,,,,,,,,,,,,,19.0,35.0,186.0,,142.0,44.0,3.0,3.0,,,,337.0,906.0,,,,,,,2025,WR,37.6,37.6,2.4,2.4,124.0,150.0,303.0,361.0,124.0,150.0,302.0,357.0,False,False
11082,11.0,,,,,,,,,,,,,,,,3.0,6.0,30.0,,25.0,5.0,,1.0,,,,61.0,604.0,,,,,,,2025,TE,6.0,6.0,0.5,0.5,98.0,104.0,464.0,495.0,98.0,104.0,462.0,491.0,False,False
8755,2.0,,,,,,,,,,,,,,,,,,,,,,,,,,,1.0,121.0,,,,,,,2025,WR,0.0,0.0,0.0,0.0,221.0,220.0,552.0,548.0,221.0,220.0,548.0,545.0,False,False
12495,17.0,,,,,,,,,70.0,199.0,3.0,6.0,118.0,18.0,16.0,7.0,9.0,32.0,1.0,-25.0,57.0,1.0,1.0,,,,203.0,927.0,,,,,,,2025,RB,54.1,54.1,3.2,3.2,68.0,86.0,263.0,329.0,68.0,86.0,262.0,324.0,False,False
4602,17.0,,,,,,,,,,,,,,,,1.0,1.0,1.0,,1.0,,,,,,,131.0,1049.0,,,,,,,2025,TE,1.1,1.1,0.1,0.1,121.0,117.0,536.0,537.0,121.0,117.0,531.0,534.0,False,False
4189,11.0,,,,,,,,,,,,,,,,4.0,7.0,31.0,,15.0,16.0,,3.0,,,,254.0,619.0,,,,,,,2025,TE,7.1,7.1,0.6,0.6,96.0,100.0,453.0,483.0,96.0,100.0,451.0,479.0,False,False
12863,,,,,,,,,,,,,,,,,,,,,,,,,,,,,,,,,,,,2025,WR,0.0,0.0,,,221.0,,552.0,,221.0,,548.0,,False,False
5133,13.0,,,,,,,,,1.0,2.0,,,,,,7.0,10.0,101.0,,44.0,57.0,2.0,,1.0,,,146.0,871.0,,,,,,,2025,TE,17.3,17.3,1.3,1.3,80.0,84.0,386.0,426.0,80.0,84.0,385.0,427.0,False,False
8221,,,,,,,,,,,,,,,,,,,,,,,,,,,,,,,,,,,,2025,RB,0.0,0.0,,,137.0,,552.0,,137.0,,548.0,,False,False
8917,15.0,,,,,,,,,17.0,89.0,,2.0,32.0,,1.0,26.0,38.0,396.0,2.0,182.0,214.0,4.0,5.0,1.0,1.0,,371.0,1016.0,,,,,,,2025,WR,84.5,84.5,5.6,5.6,77.0,87.0,205.0,238.0,77.0,87.0,203.0,237.0,False,False
11655,15.0,,,,,,,,,176.0,740.0,2.0,5.0,275.0,21.0,12.0,36.0,48.0,288.0,2.0,-26.0,314.0,3.0,4.0,1.0,1.0,,496.0,923.0,,,1.0,,,,2025,RB,162.8,162.8,10.9,10.9,28.0,32.0,103.0,121.0,28.0,32.0,101.0,113.0,True,True
12775,7.0,71.0,47.0,328.0,,4.0,14.0,79.0,8.0,7.0,11.0,,,,,,,,,,,,,,2.0,1.0,,154.0,831.0,,,,,,,2025,QB,4.2,-2.3,0.6,-0.3,62.0,68.0,481.0,483.0,115.0,76.0,833.0,628.0,False,False
12901,,,,,,,,,,,,,,,,,,,,,,,,,,,,,,,,,,,,2025,TE,0.0,0.0,,,124.0,,552.0,,124.0,,548.0,,False,False
2374,17.0,,,,,,,,,,,,,,,,32.0,55.0,291.0,1.0,212.0,79.0,1.0,2.0,,,,452.0,887.0,,,,,,,2025,WR,67.1,67.1,3.9,3.9,92.0,114.0,232.0,290.0,92.0,114.0,230.0,287.0,False,False
6957,9.0,,,,,,,,,,,,,,,,6.0,12.0,65.0,,63.0,2.0,,,,,,146.0,519.0,,,,,,,2025,WR,12.5,12.5,1.4,1.4,174.0,173.0,416.0,419.0,174.0,173.0,414.0,418.0,False,False
3357,1.0,30.0,17.0,72.0,,1.0,1.0,-8.0,,,,,,,,,,,,,,,,,,,,,1002.0,,,,,,,2025,QB,0.9,-0.6,0.9,-0.6,71.0,65.0,540.0,458.0,111.0,80.0,825.0,633.0,False,False
10229,8.0,,,,,,,,,5.0,20.0,1.0,,7.0,3.0,,53.0,78.0,571.0,5.0,157.0,414.0,5.0,18.0,2.0,,,415.0,567.0,,,,,1.0,,2025,WR,150.1,150.1,18.8,18.8,40.0,5.0,107.0,18.0,40.0,5.0,105.0,16.0,False,False
12776,,,,,,,,,,,,,,,,,,,,,,,,,,,,,58.0,,,,,,,2025,QB,0.0,0.0,,,73.0,,552.0,,69.0,,548.0,,False,False
9226,16.0,,,,,,,,,238.0,1350.0,8.0,22.0,719.0,29.0,23.0,67.0,85.0,488.0,4.0,-64.0,552.0,5.0,9.0,1.0,,,697.0,927.0,,,4.0,,,,2025,RB,330.8,330.8,20.7,20.7,5.0,5.0,12.0,9.0,5.0,5.0,10.0,8.0,True,True
9494,15.0,,,,,,,,,12.0,78.0,1.0,1.0,20.0,2.0,1.0,37.0,51.0,322.0,1.0,91.0,231.0,1.0,2.0,2.0,1.0,1.0,360.0,1020.0,,,,,,,2025,WR,93.0,93.0,6.2,6.2,67.0,77.0,183.0,219.0,67.0,77.0,181.0,219.0,False,False
11559,9.0,276.0,166.0,1982.0,9.0,3.0,13.0,1094.0,26.0,21.0,70.0,1.0,,6.0,3.0,1.0,,,,,,,,,4.0,2.0,,553.0,593.0,1.0,,,,,,2025,QB,120.3,98.6,13.4,11.0,33.0,30.0,149.0,72.0,34.0,32.0,173.0,111.0,False,False
4993,13.0,,,,,,,,,,,,,,,,28.0,42.0,307.0,2.0,244.0,63.0,1.0,7.0,,,,295.0,774.0,,,,,,,2025,TE,70.7,70.7,5.4,5.4,41.0,39.0,224.0,245.0,41.0,39.0,222.0,244.0,False,False
12070,,,,,,,,,,,,,,,,,,,,,,,,,,,,,,,,,,,,2025,TE,0.0,0.0,,,124.0,,552.0,,124.0,,548.0,,False,False
12928,2.0,,,,,,,,,2.0,8.0,,,5.0,,,,1.0,,,,,,,,,,4.0,113.0,,,,,,,2025,RB,0.8,0.8,0.4,0.4,130.0,121.0,541.0,504.0,130.0,121.0,536.0,500.0,False,False
12113,,,,,,,,,,,,,,,,,,,,,,,,,,,,,,,,,,,,2025,TE,0.0,0.0,,,124.0,,552.0,,124.0,,548.0,,False,False
11627,17.0,,,,,,,,,5.0,12.0,,1.0,15.0,,1.0,65.0,104.0,709.0,6.0,427.0,282.0,4.0,18.0,1.0,1.0,,645.0,1081.0,,,,,,,2025,WR,171.1,171.1,10.1,10.1,34.0,46.0,94.0,138.0,35.0,46.0,93.0,129.0,False,True
5955,6.0,,,,,,,,,,,,,,,,15.0,26.0,89.0,2.0,65.0,24.0,,6.0,,,,210.0,413.0,,,,,,,2025,WR,35.9,35.9,6.0,6.0,127.0,79.0,309.0,221.0,128.0,79.0,309.0,221.0,False,False
13151,9.0,,,,,,,,,,,,,,,,,1.0,,,,,,1.0,,,,130.0,567.0,,,,,,,2025,TE,0.0,0.0,0.0,0.0,124.0,123.0,552.0,548.0,124.0,123.0,548.0,545.0,False,False
13212,,,,,,,,,,,,,,,,,,,,,,,,,,,,,,,,,,,,2025,WR,0.0,0.0,,,221.0,,552.0,,221.0,,548.0,,False,False
11654,,,,,,,,,,,,,,,,,,,,,,,,,,,,,,,,,,,,2025,RB,0.0,0.0,,,137.0,,552.0,,137.0,,548.0,,False,False
6869,17.0,,,,,,,,,,,,,,,,20.0,23.0,195.0,1.0,91.0,104.0,1.0,1.0,,,,617.0,1081.0,,,,,,,2025,TE,45.5,45.5,2.7,2.7,57.0,62.0,289.0,355.0,57.0,62.0,287.0,351.0,False,False
9509,17.0,,,,,,,,,287.0,1478.0,7.0,22.0,644.0,32.0,26.0,79.0,103.0,820.0,4.0,-37.0,857.0,4.0,12.0,4.0,3.0,,807.0,1033.0,,,5.0,,2.0,,2025,RB,382.8,382.8,22.5,22.5,2.0,2.0,3.0,3.0,2.0,2.0,3.0,3.0,True,True
7525,17.0,,,,,,,,,,,,,,,,77.0,113.0,1008.0,4.0,715.0,293.0,3.0,10.0,,,,879.0,988.0,,,,,2.0,,2025,WR,205.8,205.8,12.1,12.1,21.0,31.0,65.0,95.0,21.0,31.0,61.0,89.0,True,True
12476,10.0,,,,,,,,,57.0,206.0,2.0,1.0,110.0,5.0,4.0,17.0,19.0,104.0,,-34.0,138.0,1.0,1.0,,,,268.0,718.0,,,,,,,2025,RB,60.0,60.0,6.0,6.0,64.0,59.0,247.0,221.0,64.0,59.0,245.0,221.0,False,False
12511,,,,,,,,,,,,,,,,,,,,,,,,,,,,,72.0,,,,,,,2025,QB,0.0,0.0,,,73.0,,552.0,,69.0,,548.0,,False,False
8002,1.0,14.0,7.0,88.0,,,5.0,58.0,,1.0,4.0,,,,,,,,,,,,,,,,,,43.0,,,,,,,2025,QB,3.9,2.2,3.9,2.2,63.0,55.0,489.0,290.0,62.0,58.0,513.0,371.0,False,False
8118,,,,,,,,,,,,,,,,,,,,,,,,,,,,,,,,,,,,2025,WR,0.0,0.0,,,221.0,,552.0,,221.0,,548.0,,False,False
8207,11.0,,,,,,,,,9.0,24.0,,,7.0,,,2.0,3.0,8.0,,-2.0,10.0,,1.0,,,,32.0,621.0,,,,,,,2025,RB,5.2,5.2,0.5,0.5,116.0,119.0,469.0,495.0,116.0,119.0,469.0,491.0,False,False
12490,15.0,,,,,,,,,83.0,307.0,5.0,5.0,163.0,24.0,8.0,10.0,14.0,79.0,2.0,-1.0,80.0,,2.0,2.0,1.0,,199.0,950.0,,,,,,,2025,RB,88.6,88.6,5.9,5.9,53.0,60.0,193.0,226.0,53.0,60.0,192.0,226.0,False,False
12478,,,,,,,,,,,,,,,,,,,,,,,,,,,,,,,,,,,,2025,WR,0.0,0.0,,,221.0,,552.0,,221.0,,548.0,,False,False
12457,5.0,,,,,,,,,38.0,129.0,1.0,2.0,27.0,7.0,7.0,1.0,1.0,5.0,,-5.0,10.0,,,1.0,,,45.0,256.0,,,,,,,2025,RB,20.4,20.4,4.1,4.1,92.0,77.0,372.0,283.0,92.0,77.0,370.0,280.0,False,False
7039,10.0,,,,,,,,,,,,,,,,3.0,4.0,90.0,1.0,32.0,58.0,,,,,,165.0,619.0,,,,,,,2025,WR,18.0,18.0,1.8,1.8,158.0,166.0,382.0,397.0,158.0,166.0,381.0,396.0,False,False
2749,12.0,,,,,,,,,22.0,104.0,,2.0,68.0,4.0,3.0,12.0,12.0,70.0,,-16.0,86.0,,1.0,,,,137.0,673.0,,,,,,,2025,RB,29.4,29.4,2.4,2.4,82.0,90.0,335.0,361.0,82.0,90.0,334.0,357.0,False,False
8112,12.0,,,,,,,,,,,,,,,,68.0,112.0,919.0,7.0,690.0,229.0,1.0,13.0,1.0,1.0,,650.0,723.0,,,,,5.0,,2025,WR,209.9,209.9,17.5,17.5,19.0,7.0,62.0,27.0,19.0,7.0,56.0,21.0,True,True
11632,4.0,,,,,,,,,,,,,,,,18.0,35.0,271.0,2.0,219.0,52.0,1.0,3.0,,,,216.0,277.0,,,,,1.0,,2025,WR,59.1,59.1,14.8,14.8,99.0,13.0,252.0,53.0,99.0,13.0,250.0,47.0,False,False
12757,,,,,,,,,,,,,,,,,,,,,,,,,,,,,,,,,,,,2025,WR,0.0,0.0,,,221.0,,552.0,,221.0,,548.0,,False,False
5848,16.0,,,,,,,,,,,,,,,,49.0,74.0,587.0,5.0,397.0,190.0,3.0,9.0,1.0,,,499.0,988.0,,,,,,,2025,WR,137.7,137.7,8.6,8.6,44.0,56.0,120.0,164.0,44.0,56.0,117.0,163.0,False,False
11371,14.0,,,,,,,,,,,,,,,,15.0,20.0,140.0,,29.0,111.0,1.0,3.0,,,,407.0,741.0,,,,,,,2025,TE,29.0,29.0,2.1,2.1,67.0,66.0,337.0,380.0,67.0,66.0,335.0,378.0,False,False
8250,3.0,,,,,,,,,,,,,,,,2.0,2.0,23.0,,18.0,5.0,,,,,,30.0,181.0,,,,,,,2025,WR,4.3,4.3,1.4,1.4,200.0,173.0,480.0,419.0,200.0,173.0,479.0,418.0,False,False
6598,,,,,,,,,,,,,,,,,,,,,,,,,,,,,,,,,,,,2025,WR,0.0,0.0,,,221.0,,552.0,,221.0,,548.0,,False,False
12715,7.0,,,,,,,,,,,,,,,,,,,,,,,,,,,14.0,470.0,,,,,,,2025,TE,0.0,0.0,0.0,0.0,124.0,123.0,552.0,548.0,124.0,123.0,548.0,545.0,False,False
10857,,,,,,,,,,,,,,,,,,,,,,,,,,,,,80.0,,,,,,,2025,QB,0.0,0.0,,,73.0,,552.0,,69.0,,548.0,,False,False
9229,2.0,2.0,1.0,9.0,,,,2.0,,4.0,-1.0,,,,,,1.0,1.0,9.0,,2.0,7.0,,,,,,14.0,328.0,,,,,,,2025,QB,2.2,2.0,1.1,1.0,66.0,63.0,517.0,446.0,63.0,62.0,517.0,449.0,False,False
6770,8.0,259.0,173.0,1809.0,17.0,5.0,17.0,985.0,41.0,14.0,41.0,,,1.0,2.0,,,,,,,,,,,,,411.0,478.0,2.0,,,,,,2025,QB,138.5,136.3,17.3,17.0,28.0,14.0,119.0,29.0,26.0,9.0,120.0,25.0,False,False
11624,14.0,,,,,,,,,11.0,87.0,,1.0,9.0,,1.0,42.0,73.0,532.0,1.0,339.0,193.0,1.0,6.0,,,,645.0,917.0,,,,,,,2025,WR,109.9,109.9,7.8,7.8,59.0,63.0,163.0,182.0,59.0,63.0,160.0,179.0,False,False
11994,17.0,,,,,,,,,2.0,13.0,,,,,,4.0,7.0,64.0,1.0,44.0,20.0,1.0,,2.0,,,105.0,1134.0,,,,,,,2025,WR,17.7,17.7,1.0,1.0,159.0,186.0,383.0,451.0,159.0,186.0,382.0,449.0,False,False
10227,17.0,,,,,,,,,,,,,,,,1.0,4.0,11.0,,,11.0,1.0,1.0,,,,354.0,1134.0,,,,,,,2025,TE,2.1,2.1,0.1,0.1,114.0,117.0,518.0,537.0,114.0,117.0,514.0,534.0,False,False
10214,17.0,,,,,,,,,,,,,,,,24.0,33.0,208.0,3.0,71.0,137.0,3.0,7.0,,,,532.0,1060.0,,,,,,,2025,TE,62.8,62.8,3.7,3.7,43.0,47.0,243.0,301.0,43.0,47.0,241.0,298.0,False,False
4179,4.0,10.0,7.0,65.0,,,,17.0,,10.0,-5.0,,,,,,,,,,,,,,,,,30.0,1035.0,,,,,,,2025,QB,2.1,0.8,0.5,0.2,67.0,69.0,518.0,495.0,67.0,67.0,536.0,524.0,False,False
10866,1.0,22.0,10.0,102.0,,,1.0,71.0,1.0,1.0,7.0,,,,,,,,,,,,,,,,,,42.0,,,,,,,2025,QB,4.8,2.7,4.8,2.7,61.0,54.0,472.0,261.0,61.0,55.0,502.0,351.0,False,False
6037,1.0,,,,,,1.0,,,,,,,,,,,,,,,,,,,,,3.0,104.0,,,,,,,2025,QB,0.0,0.0,0.0,0.0,73.0,72.0,552.0,548.0,69.0,69.0,548.0,545.0,False,False
12499,16.0,,,,,,,,,,,,,,,,41.0,89.0,515.0,4.0,400.0,115.0,5.0,8.0,,,,736.0,926.0,,,,,,,2025,WR,116.5,116.5,7.3,7.3,55.0,68.0,155.0,192.0,55.0,68.0,152.0,190.0,False,False
13013,,,,,,,,,,,,,,,,,,,,,,,,,,,,,,,,,,,,2025,TE,0.0,0.0,,,124.0,,552.0,,124.0,,548.0,,False,False
11201,17.0,,,,,,,,,,,,,,,,2.0,6.0,4.0,,3.0,1.0,,,1.0,,,211.0,1031.0,,,,,,,2025,TE,2.4,2.4,0.1,0.1,113.0,117.0,515.0,537.0,113.0,117.0,511.0,534.0,False,False
11299,16.0,,,,,,,,,32.0,114.0,,1.0,56.0,3.0,4.0,14.0,16.0,98.0,1.0,-7.0,105.0,,3.0,2.0,1.0,,99.0,878.0,,,,,,,2025,RB,39.2,39.2,2.4,2.4,73.0,90.0,298.0,361.0,73.0,90.0,296.0,357.0,False,False
9221,17.0,,,,,,,,,243.0,1223.0,13.0,17.0,371.0,51.0,27.0,77.0,94.0,616.0,5.0,1.0,615.0,4.0,12.0,2.0,1.0,,685.0,1026.0,,,2.0,1.0,1.0,,2025,RB,376.9,376.9,22.2,22.2,3.0,3.0,5.0,4.0,3.0,3.0,5.0,4.0,True,True
6895,,,,,,,,,,,,,,,,,,,,,,,,,,,,,,,,,,,,2025,WR,0.0,0.0,,,221.0,,552.0,,221.0,,548.0,,False,False
3163,17.0,578.0,393.0,4564.0,34.0,8.0,38.0,2140.0,86.0,19.0,45.0,,,4.0,3.0,2.0,,,,,,,,,6.0,5.0,,1010.0,1026.0,6.0,,,,,,2025,QB,309.1,285.8,18.2,16.8,7.0,11.0,18.0,23.0,8.0,12.0,22.0,29.0,True,True
4039,16.0,1.0,,,,1.0,,,,,,,,,,,47.0,70.0,593.0,2.0,300.0,293.0,3.0,12.0,1.0,1.0,,768.0,1013.0,,,,,,,2025,WR,114.3,114.3,7.1,7.1,57.0,69.0,158.0,198.0,57.0,69.0,155.0,196.0,False,False
7610,4.0,57.0,27.0,226.0,,1.0,6.0,121.0,4.0,17.0,85.0,,,3.0,,1.0,,,,,,,,,1.0,1.0,,29.0,1072.0,,,,,,,2025,QB,13.5,9.0,3.4,2.3,56.0,57.0,406.0,318.0,56.0,57.0,436.0,364.0,False,False
12483,16.0,,,,,,,,,,,,,,,,20.0,29.0,224.0,,156.0,68.0,1.0,4.0,,,,307.0,872.0,,,,,,,2025,WR,42.4,42.4,2.7,2.7,120.0,147.0,295.0,355.0,120.0,147.0,295.0,351.0,False,False
7568,,,,,,,,,,,,,,,,,,,,,,,,,,,,,,,,,,,,2025,TE,0.0,0.0,,,124.0,,552.0,,124.0,,548.0,,False,False
5985,11.0,,,,,,,,,,,,,,,,7.0,10.0,59.0,,15.0,44.0,2.0,1.0,,,,253.0,716.0,,,,,,,2025,TE,12.9,12.9,1.2,1.2,86.0,87.0,413.0,436.0,86.0,87.0,410.0,436.0,False,False
7989,1.0,,,,,,,,,,,,,,,,,,,,,,,,,,,,50.0,,,,,,,2025,WR,0.0,0.0,0.0,0.0,221.0,220.0,552.0,548.0,221.0,220.0,548.0,545.0,False,False
10234,11.0,,,,,,,,,2.0,5.0,,,4.0,,,2.0,3.0,10.0,,2.0,8.0,,,1.0,1.0,,37.0,685.0,,,,,,,2025,WR,1.5,1.5,0.1,0.1,217.0,218.0,529.0,537.0,217.0,218.0,525.0,534.0,False,False
7531,17.0,,,,,,,,,2.0,4.0,,,2.0,,,,,,,,,,,,,,13.0,1033.0,,,,,,,2025,TE,0.4,0.4,0.0,0.0,123.0,123.0,546.0,548.0,123.0,123.0,543.0,545.0,False,False
7237,,,,,,,,,,,,,,,,,,,,,,,,,,,,,,,,,,,,2025,WR,0.0,0.0,,,221.0,,552.0,,221.0,,548.0,,False,False
7541,,,,,,,,,,,,,,,,,,,,,,,,,,,,,,,,,,,,2025,WR,0.0,0.0,,,221.0,,552.0,,221.0,,548.0,,False,False
8148,17.0,,,,,,,,,6.0,12.0,,1.0,2.0,1.0,2.0,65.0,102.0,1117.0,7.0,676.0,441.0,10.0,8.0,,,,923.0,1026.0,,,,,4.0,,2025,WR,227.9,227.9,13.4,13.4,10.0,19.0,43.0,72.0,10.0,19.0,38.0,65.0,True,True
10444,13.0,,,,,,,,,,,,,,,,21.0,39.0,270.0,2.0,208.0,62.0,1.0,4.0,,,,475.0,768.0,,,,,,,2025,WR,60.0,60.0,4.6,4.6,98.0,99.0,247.0,264.0,98.0,99.0,245.0,261.0,False,False
7090,15.0,,,,,,,,,,,,,,,,32.0,72.0,443.0,1.0,370.0,73.0,5.0,7.0,2.0,,,726.0,887.0,,,,,,,2025,WR,82.3,82.3,5.5,5.5,79.0,89.0,207.0,241.0,79.0,89.0,206.0,240.0,False,False
7612,13.0,,,,,,,,,,,,,,,,4.0,7.0,62.0,,53.0,9.0,,,1.0,1.0,,88.0,763.0,,,,,,,2025,WR,8.2,8.2,0.6,0.6,183.0,201.0,445.0,483.0,183.0,201.0,445.0,479.0,False,False
4217,11.0,,,,,,,,,1.0,-3.0,,,,1.0,1.0,57.0,69.0,628.0,7.0,376.0,252.0,1.0,12.0,,,,554.0,694.0,,,,,1.0,,2025,TE,163.5,163.5,14.9,14.9,13.0,3.0,101.0,52.0,13.0,3.0,99.0,46.0,False,True
12480,6.0,,,,,,,,,,,,,,,,2.0,2.0,10.0,,5.0,5.0,,,,,,59.0,345.0,,,,,,,2025,TE,3.0,3.0,0.5,0.5,108.0,104.0,503.0,495.0,108.0,104.0,500.0,491.0,False,False
7529,2.0,,,,,,,,,,,,,,,,,,,,,,,,,,,,148.0,,,,,,,2025,RB,0.0,0.0,0.0,0.0,137.0,136.0,552.0,548.0,137.0,136.0,548.0,545.0,False,False
11628,12.0,,,,,,,,,,,,,,,,41.0,73.0,608.0,4.0,489.0,119.0,4.0,9.0,,,,566.0,788.0,,,,,,,2025,WR,125.8,125.8,10.5,10.5,51.0,42.0,137.0,132.0,51.0,42.0,135.0,122.0,False,False
10210,15.0,,,,,,,,,,,,,,,,,,,,,,,,,,,84.0,855.0,,,,,,,2025,TE,0.0,0.0,0.0,0.0,124.0,123.0,552.0,548.0,124.0,123.0,548.0,545.0,False,False
2306,3.0,66.0,37.0,567.0,2.0,2.0,3.0,357.0,9.0,7.0,23.0,1.0,,12.0,2.0,,1.0,1.0,33.0,1.0,13.0,20.0,,,1.0,1.0,,156.0,397.0,1.0,,,,,,2025,QB,45.3,37.9,15.1,12.6,46.0,22.0,291.0,50.0,46.0,26.0,300.0,77.0,False,False
13032,,,,,,,,,,,,,,,,,,,,,,,,,,,,,,,,,,,,2025,TE,0.0,0.0,,,124.0,,552.0,,124.0,,548.0,,False,False
1479,17.0,,,,,,,,,,,,,,,,81.0,122.0,777.0,4.0,546.0,231.0,6.0,15.0,2.0,,,592.0,1072.0,,,,,1.0,,2025,WR,184.7,184.7,10.9,10.9,30.0,40.0,82.0,121.0,30.0,40.0,81.0,113.0,True,True
3258,10.0,,,,,,,,,,,,,,,,,,,,,,,,,,,41.0,536.0,,,,,,,2025,TE,0.0,0.0,0.0,0.0,124.0,123.0,552.0,548.0,124.0,123.0,548.0,545.0,False,False
4381,13.0,6.0,2.0,57.0,1.0,,,54.0,2.0,52.0,114.0,1.0,2.0,65.0,13.0,7.0,11.0,16.0,91.0,,5.0,86.0,3.0,,3.0,1.0,,187.0,770.0,,,,,,,2025,TE,41.8,42.6,3.2,3.3,58.0,55.0,296.0,329.0,58.0,54.0,293.0,319.0,False,False
12477,,,,,,,,,,,,,,,,,,,,,,,,,,,,,,,,,,,,2025,QB,0.0,0.0,,,73.0,,552.0,,69.0,,548.0,,False,False
7204,17.0,,,,,,,,,2.0,4.0,,,,1.0,1.0,2.0,2.0,24.0,,22.0,2.0,,,,,,220.0,1057.0,,,,,,,2025,RB,4.8,4.8,0.3,0.3,117.0,126.0,472.0,517.0,117.0,126.0,472.0,513.0,False,False
11595,5.0,,,,,,,,,,,,,,,,1.0,1.0,4.0,,-4.0,8.0,,,,,,16.0,218.0,,,,,,,2025,TE,1.4,1.4,0.3,0.3,117.0,111.0,530.0,517.0,117.0,111.0,526.0,513.0,False,False
12531,17.0,,,,,,,,,20.0,94.0,,1.0,46.0,4.0,2.0,3.0,3.0,13.0,,2.0,11.0,,,2.0,1.0,,63.0,1061.0,,,,,,,2025,RB,11.7,11.7,0.7,0.7,99.0,115.0,419.0,477.0,99.0,115.0,417.0,474.0,False,False
6963,,,,,,,,,,,,,,,,,,,,,,,,,,,,,,,,,,,,2025,RB,0.0,0.0,,,137.0,,552.0,,137.0,,548.0,,False,False
11808,,,,,,,,,,,,,,,,,,,,,,,,,,,,,,,,,,,,2025,WR,0.0,0.0,,,221.0,,552.0,,221.0,,548.0,,False,False
12539,16.0,,,,,,,,,4.0,13.0,,,4.0,,1.0,7.0,16.0,52.0,,19.0,33.0,1.0,,,,,360.0,933.0,,,,,,,2025,WR,13.5,13.5,0.8,0.8,171.0,195.0,406.0,468.0,171.0,195.0,404.0,465.0,False,False
7357,1.0,,,,,,,,,,,,,,,,,,,,,,,,,,,4.0,53.0,,,,,,,2025,WR,0.0,0.0,0.0,0.0,221.0,220.0,552.0,548.0,221.0,220.0,548.0,545.0,False,False
6843,1.0,,,,,,,,,,,,,,,,5.0,6.0,36.0,,2.0,34.0,,1.0,,,,31.0,120.0,,,,,,,2025,TE,8.6,8.6,8.6,8.6,93.0,23.0,443.0,164.0,93.0,23.0,441.0,163.0,False,False
12777,,,,,,,,,,,,,,,,,,,,,,,,,,,,,,,,,,,,2025,WR,0.0,0.0,,,221.0,,552.0,,221.0,,548.0,,False,False
7087,,,,,,,,,,,,,,,,,,,,,,,,,,,,,,,,,,,,2025,RB,0.0,0.0,,,137.0,,552.0,,137.0,,548.0,,False,False
12969,,,,,,,,,,,,,,,,,,,,,,,,,,,,,,,,,,,,2025,RB,0.0,0.0,,,137.0,,552.0,,137.0,,548.0,,False,False
8423,3.0,,,,,,,,,5.0,37.0,1.0,2.0,23.0,,,,1.0,,,,,,,,,,15.0,211.0,,,,,,,2025,RB,9.7,9.7,3.2,3.2,104.0,86.0,432.0,329.0,104.0,86.0,429.0,324.0,False,False
8183,9.0,284.0,197.0,2167.0,20.0,10.0,11.0,1318.0,55.0,33.0,147.0,3.0,,18.0,7.0,1.0,,,,,,,,,3.0,2.0,,576.0,588.0,2.0,,,,,,2025,QB,179.4,176.0,19.9,19.6,23.0,5.0,86.0,13.0,22.0,3.0,88.0,11.0,False,True
1234,6.0,119.0,69.0,831.0,3.0,3.0,10.0,455.0,18.0,18.0,106.0,,,15.0,7.0,1.0,,,,,,,,,3.0,,,220.0,829.0,,1.0,,,,,2025,QB,53.8,43.2,9.0,7.2,43.0,46.0,266.0,155.0,45.0,47.0,292.0,193.0,False,False
12541,15.0,,,,,,,,,,,,,,,,10.0,30.0,135.0,,97.0,38.0,3.0,2.0,,,,391.0,817.0,,,,,,,2025,WR,23.5,23.5,1.6,1.6,148.0,168.0,362.0,405.0,148.0,168.0,360.0,404.0,False,False
12732,12.0,,,,,,,,,,,,,,,,,,,,,,,,,,,14.0,824.0,,,,,,,2025,WR,0.0,0.0,0.0,0.0,221.0,220.0,552.0,548.0,221.0,220.0,548.0,545.0,False,False
7891,11.0,,,,,,,,,,,,,,,,14.0,22.0,108.0,2.0,22.0,86.0,,2.0,,,,401.0,699.0,,,,,,,2025,TE,36.8,36.8,3.3,3.3,61.0,54.0,306.0,325.0,61.0,54.0,306.0,319.0,False,False
11593,17.0,,,,,,,,,,,,,,,,9.0,13.0,90.0,1.0,57.0,33.0,,2.0,,,,283.0,1131.0,,,,,,,2025,TE,24.0,24.0,1.4,1.4,73.0,83.0,361.0,419.0,73.0,83.0,359.0,418.0,False,False
12512,15.0,,,,,,,,,230.0,827.0,7.0,11.0,505.0,31.0,24.0,26.0,36.0,171.0,,-23.0,194.0,1.0,,,,,452.0,903.0,,,1.0,,,,2025,RB,169.8,169.8,11.3,11.3,26.0,28.0,96.0,110.0,26.0,28.0,94.0,104.0,True,True
12634,4.0,,,,,,,,,,,,,,,,2.0,3.0,26.0,,25.0,1.0,,,,,,25.0,359.0,,,,,,,2025,WR,4.6,4.6,1.2,1.2,197.0,182.0,476.0,436.0,197.0,182.0,475.0,436.0,False,False
13124,,,,,,,,,,,,,,,,,,,,,,,,,,,,,,,,,,,,2025,WR,0.0,0.0,,,221.0,,552.0,,221.0,,548.0,,False,False
7565,,,,,,,,,,,,,,,,,,,,,,,,,,,,,,,,,,,,2025,WR,0.0,0.0,,,221.0,,552.0,,221.0,,548.0,,False,False
11257,5.0,,,,,,,,,1.0,3.0,,,,,,4.0,5.0,56.0,1.0,52.0,4.0,,,,,,17.0,186.0,,,,,,,2025,WR,15.9,15.9,3.2,3.2,163.0,132.0,393.0,329.0,163.0,132.0,392.0,324.0,False,False
6144,7.0,,,,,,,,,10.0,36.0,,,12.0,,1.0,8.0,9.0,55.0,,-28.0,83.0,,2.0,,,,69.0,363.0,,,,,,,2025,RB,17.1,17.1,2.4,2.4,95.0,90.0,387.0,361.0,95.0,90.0,386.0,357.0,False,False
8181,17.0,,,,,,,,,15.0,43.0,2.0,,10.0,5.0,1.0,3.0,4.0,21.0,1.0,16.0,5.0,,2.0,,,,79.0,956.0,,,,,,,2025,RB,27.4,27.4,1.6,1.6,83.0,100.0,344.0,405.0,83.0,100.0,342.0,404.0,False,False
8151,17.0,,,,,,,,,221.0,1027.0,5.0,21.0,359.0,31.0,26.0,31.0,36.0,282.0,,-57.0,339.0,2.0,3.0,1.0,,,498.0,1064.0,,,2.0,,,,2025,RB,195.9,195.9,11.5,11.5,22.0,27.0,69.0,105.0,22.0,27.0,68.0,101.0,True,True
10236,12.0,,,,,,,,,,,,,,,,39.0,49.0,571.0,5.0,312.0,259.0,1.0,6.0,1.0,,,292.0,728.0,,,,,2.0,,2025,TE,130.1,130.1,10.8,10.8,17.0,12.0,130.0,127.0,17.0,12.0,127.0,118.0,False,False
12383,,,,,,,,,,,,,,,,,,,,,,,,,,,,,,,,,,,,2025,WR,0.0,0.0,,,221.0,,552.0,,221.0,,548.0,,False,False
12062,5.0,,,,,,,,,,,,,,,,2.0,2.0,7.0,,-6.0,13.0,,,1.0,,,28.0,317.0,,,,,,,2025,TE,2.7,2.7,0.5,0.5,109.0,104.0,506.0,495.0,109.0,104.0,502.0,491.0,False,False
12462,,,,,,,,,,,,,,,,,,,,,,,,,,,,,,,,,,,,2025,RB,0.0,0.0,,,137.0,,552.0,,137.0,,548.0,,False,False
7547,17.0,,,,,,,,,3.0,9.0,,,6.0,1.0,,117.0,172.0,1401.0,11.0,831.0,570.0,10.0,34.0,1.0,,,870.0,1026.0,,,,,5.0,,2025,WR,334.0,334.0,19.6,19.6,3.0,4.0,11.0,15.0,3.0,4.0,9.0,11.0,True,True
8413,3.0,55.0,35.0,235.0,1.0,,8.0,79.0,4.0,5.0,18.0,,,,,,,,,,,,,,4.0,2.0,,74.0,88.0,,,,,,,2025,QB,11.2,8.5,3.7,2.8,57.0,56.0,422.0,301.0,58.0,54.0,442.0,345.0,False,False
11474,9.0,,,,,,,,,,,,,,,,7.0,11.0,42.0,,28.0,14.0,,3.0,,,,112.0,496.0,,,,,,,2025,WR,11.2,11.2,1.2,1.2,177.0,182.0,422.0,436.0,177.0,182.0,420.0,436.0,False,False
7009,,,,,,,,,,,,,,,,,,,,,,,,,,,,,,,,,,,,2025,WR,0.0,0.0,,,221.0,,552.0,,221.0,,548.0,,False,False
12829,2.0,,,,,,,,,,,,,,,,,1.0,,,,,1.0,,,,,1.0,120.0,,,,,,,2025,WR,0.0,0.0,0.0,0.0,221.0,220.0,552.0,548.0,221.0,220.0,548.0,545.0,False,False
12773,,,,,,,,,,,,,,,,,,,,,,,,,,,,,,,,,,,,2025,QB,0.0,0.0,,,73.0,,552.0,,69.0,,548.0,,False,False
12718,17.0,,,,,,,,,,,,,,,,10.0,23.0,92.0,1.0,67.0,25.0,1.0,4.0,,,,339.0,1060.0,,,,,,,2025,WR,25.2,25.2,1.5,1.5,146.0,170.0,353.0,413.0,146.0,170.0,351.0,412.0,False,False
9481,17.0,,,,,,,,,,,,,,,,24.0,31.0,252.0,,183.0,69.0,1.0,1.0,1.0,,,426.0,1000.0,,,,,,,2025,TE,49.2,49.2,2.9,2.9,53.0,58.0,278.0,346.0,53.0,58.0,276.0,341.0,False,False
12939,,,,,,,,,,,,,,,,,,,,,,,,,,,,,,,,,,,,2025,RB,0.0,0.0,,,137.0,,552.0,,137.0,,548.0,,False,False
8129,5.0,,,,,,,,,14.0,36.0,,2.0,19.0,1.0,,,1.0,,,,,1.0,,,,,23.0,288.0,,,,,,,2025,RB,3.6,3.6,0.7,0.7,123.0,115.0,494.0,477.0,123.0,115.0,491.0,474.0,False,False
11581,,,,,,,,,,,,,,,,,,,,,,,,,,,,,,,,,,,,2025,RB,0.0,0.0,,,137.0,,552.0,,137.0,,548.0,,False,False
5032,,,,,,,,,,,,,,,,,,,,,,,,,,,,,,,,,,,,2025,TE,0.0,0.0,,,124.0,,552.0,,124.0,,548.0,,False,False
4080,8.0,,,,,,,,,,,,,,,,12.0,18.0,183.0,,147.0,36.0,,2.0,,,,271.0,546.0,,,,,,,2025,WR,30.3,30.3,3.8,3.8,137.0,118.0,332.0,298.0,137.0,118.0,331.0,294.0,False,False
4147,15.0,,,,,,,,,84.0,382.0,3.0,3.0,171.0,16.0,2.0,17.0,21.0,87.0,,-22.0,109.0,1.0,,3.0,2.0,,313.0,912.0,,,,,,,2025,RB,77.9,77.9,5.2,5.2,57.0,66.0,210.0,250.0,57.0,66.0,209.0,248.0,False,False
12538,5.0,153.0,88.0,739.0,2.0,7.0,19.0,322.0,15.0,13.0,49.0,,,5.0,,1.0,,,,,,,,,3.0,1.0,,248.0,394.0,,,,,,,2025,QB,26.5,15.7,5.3,3.1,52.0,52.0,349.0,247.0,53.0,53.0,393.0,332.0,False,False
7720,12.0,,,,,,,,,13.0,49.0,,,12.0,3.0,2.0,,1.0,,,,,,,,,1.0,12.0,666.0,,,,,,,2025,RB,10.9,10.9,0.9,0.9,101.0,111.0,426.0,458.0,101.0,111.0,423.0,457.0,False,False
8416,,,,,,,,,,,,,,,,,,,,,,,,,,,,,,,,,,,,2025,WR,0.0,0.0,,,221.0,,552.0,,221.0,,548.0,,False,False
12536,17.0,,,,,,,,,6.0,12.0,,,5.0,,1.0,26.0,35.0,292.0,2.0,193.0,99.0,1.0,5.0,,,,293.0,1092.0,,,,,,,2025,WR,68.4,68.4,4.0,4.0,91.0,111.0,231.0,287.0,91.0,111.0,229.0,284.0,False,False
10223,4.0,,,,,,,,,,,,,,,,,,,,,,,,,,,3.0,325.0,,,,,,,2025,RB,0.0,0.0,0.0,0.0,137.0,136.0,552.0,548.0,137.0,136.0,548.0,545.0,False,False
7597,,,,,,,,,,,,,,,,,,,,,,,,,,,,,,,,,,,,2025,TE,0.0,0.0,,,124.0,,552.0,,124.0,,548.0,,False,False
12492,15.0,,,,,,,,,,,,,,,,31.0,49.0,378.0,1.0,231.0,147.0,3.0,7.0,,,,436.0,941.0,,,,,,,2025,WR,74.8,74.8,5.0,5.0,85.0,97.0,216.0,255.0,85.0,97.0,214.0,253.0,False,False
6826,16.0,1.0,,,,,,,,,,,,,,,30.0,48.0,347.0,2.0,198.0,149.0,2.0,6.0,,,,719.0,1036.0,,,,,,,2025,TE,76.7,76.7,4.8,4.8,36.0,42.0,212.0,261.0,36.0,42.0,210.0,259.0,False,False
12526,17.0,,,,,,,,,,,,,,,,70.0,122.0,1014.0,7.0,745.0,269.0,7.0,15.0,1.0,1.0,,925.0,1061.0,,,,,2.0,,2025,WR,215.4,215.4,12.7,12.7,16.0,24.0,55.0,81.0,16.0,24.0,49.0,75.0,True,True
11210,11.0,,,,,,,,,,,,,,,,6.0,7.0,86.0,,57.0,29.0,1.0,,,,,212.0,707.0,,,,,,,2025,WR,14.6,14.6,1.3,1.3,167.0,177.0,400.0,426.0,167.0,177.0,399.0,427.0,False,False
8089,2.0,,,,,,,,,,,,,,,,2.0,5.0,11.0,,6.0,5.0,,,,,,18.0,52.0,,,,,,,2025,TE,3.1,3.1,1.6,1.6,107.0,78.0,502.0,405.0,107.0,78.0,499.0,404.0,False,False
111,5.0,,,,,,,,,,,,,,,,,,,,,,,,,,,81.0,332.0,,,,,,,2025,TE,0.0,0.0,0.0,0.0,124.0,123.0,552.0,548.0,124.0,123.0,548.0,545.0,False,False
13003,,,,,,,,,,,,,,,,,,,,,,,,,,,,,,,,,,,,2025,WR,0.0,0.0,,,221.0,,552.0,,221.0,,548.0,,False,False
13121,12.0,,,,,,,,,,,,,,,,2.0,3.0,14.0,,5.0,9.0,,,,,,90.0,633.0,,,,,,,2025,TE,3.4,3.4,0.3,0.3,106.0,111.0,499.0,517.0,106.0,111.0,496.0,513.0,False,False
6943,6.0,,,,,,,,,,,,,,,,12.0,18.0,129.0,1.0,99.0,30.0,,6.0,,,,168.0,336.0,,,,,,,2025,WR,30.9,30.9,5.1,5.1,136.0,95.0,330.0,252.0,136.0,95.0,328.0,250.0,False,False
11802,1.0,,,,,,,,,,,,,,,,,,,,,,,,,,,,,,,,,,,2025,WR,0.0,0.0,0.0,0.0,221.0,220.0,552.0,548.0,221.0,220.0,548.0,545.0,False,False
11563,17.0,612.0,388.0,3931.0,25.0,11.0,22.0,1838.0,80.0,83.0,356.0,5.0,,58.0,16.0,6.0,,1.0,,,,,,1.0,4.0,2.0,,1077.0,1081.0,4.0,,,,,,2025,QB,304.8,276.2,17.9,16.2,8.0,12.0,19.0,24.0,9.0,13.0,23.0,30.0,True,True
7567,17.0,,,,,,,,,114.0,537.0,5.0,14.0,234.0,21.0,15.0,73.0,85.0,486.0,3.0,-42.0,528.0,2.0,15.0,2.0,1.0,,467.0,956.0,,,,,,,2025,RB,221.3,221.3,13.0,13.0,17.0,22.0,51.0,77.0,17.0,22.0,45.0,70.0,True,True
7543,17.0,,,,,,,,,260.0,1107.0,7.0,8.0,530.0,53.0,26.0,36.0,52.0,292.0,6.0,-47.0,339.0,5.0,9.0,1.0,,,657.0,1089.0,,,2.0,,,,2025,RB,257.9,257.9,15.2,15.2,10.0,14.0,29.0,47.0,10.0,14.0,27.0,43.0,True,True
6001,17.0,,,,,,,,,1.0,3.0,,,2.0,,,15.0,20.0,106.0,1.0,-3.0,109.0,,1.0,,,,546.0,1043.0,,,,,,,2025,TE,31.9,31.9,1.9,1.9,64.0,69.0,322.0,390.0,64.0,69.0,321.0,389.0,False,False
7757,17.0,,,,,,,,,,,,,,,,4.0,6.0,69.0,1.0,46.0,23.0,,1.0,,,,151.0,956.0,,,,,,,2025,WR,16.9,16.9,1.0,1.0,160.0,186.0,388.0,451.0,160.0,186.0,387.0,449.0,False,False
8583,15.0,,,,,,,,,,,,,,,,7.0,9.0,52.0,,25.0,27.0,,,,,,55.0,845.0,,,,,,,2025,TE,12.2,12.2,0.8,0.8,89.0,95.0,418.0,468.0,89.0,95.0,416.0,465.0,False,False
12984,2.0,,,,,,,,,,,,,,,,,,,,,,,,,,,8.0,66.0,,,,,,,2025,TE,0.0,0.0,0.0,0.0,124.0,123.0,552.0,548.0,124.0,123.0,548.0,545.0,False,False
9508,13.0,,,,,,,,,72.0,283.0,2.0,4.0,87.0,10.0,6.0,45.0,50.0,264.0,,-97.0,361.0,2.0,7.0,,,,349.0,759.0,,,,,,,2025,RB,111.7,111.7,8.6,8.6,44.0,41.0,162.0,164.0,44.0,41.0,159.0,163.0,False,False
11570,15.0,,,,,,,,,7.0,24.0,,,4.0,1.0,,9.0,11.0,68.0,1.0,-15.0,83.0,1.0,1.0,,,,111.0,830.0,,,,,,,2025,RB,24.2,24.2,1.6,1.6,87.0,100.0,358.0,405.0,87.0,100.0,356.0,404.0,False,False
12534,17.0,,,,,,,,,169.0,783.0,5.0,5.0,318.0,33.0,17.0,18.0,30.0,164.0,,2.0,162.0,6.0,3.0,,,,455.0,1099.0,,,2.0,,,,2025,RB,146.7,146.7,8.6,8.6,30.0,41.0,112.0,164.0,30.0,41.0,110.0,163.0,True,True
8195,11.0,,,,,,,,,9.0,46.0,,,20.0,,,,,,,,,,,,,,16.0,677.0,,,,,,,2025,RB,4.6,4.6,0.4,0.4,118.0,121.0,476.0,504.0,118.0,121.0,475.0,500.0,False,False
4218,,,,,,,,,,,,,,,,,,,,,,,,,,,,,,,,,,,,2025,WR,0.0,0.0,,,221.0,,552.0,,221.0,,548.0,,False,False
12154,,,,,,,,,,,,,,,,,,,,,,,,,,,,,,,,,,,,2025,TE,0.0,0.0,,,124.0,,552.0,,124.0,,548.0,,False,False
8159,,,,,,,,,,,,,,,,,,,,,,,,,,,,,,,,,,,,2025,QB,0.0,0.0,,,73.0,,552.0,,69.0,,548.0,,False,False
2152,4.0,15.0,8.0,62.0,,,2.0,10.0,3.0,3.0,4.0,,,,,,,,,,,,,,,,,35.0,1134.0,,,,,,,2025,QB,2.9,1.6,0.7,0.4,64.0,67.0,504.0,477.0,64.0,66.0,523.0,500.0,False,False
13101,13.0,,,,,,,,,1.0,3.0,,,,,,7.0,14.0,71.0,,43.0,28.0,2.0,,4.0,1.0,,182.0,749.0,,,,,,,2025,WR,12.4,12.4,1.0,1.0,175.0,186.0,417.0,451.0,175.0,186.0,415.0,449.0,False,False
11631,14.0,,,,,,,,,3.0,21.0,1.0,,,1.0,,48.0,91.0,707.0,2.0,548.0,159.0,10.0,6.0,,,,706.0,894.0,,,,,,,2025,WR,138.8,138.8,9.9,9.9,43.0,48.0,118.0,140.0,43.0,48.0,116.0,133.0,False,False
5892,17.0,2.0,1.0,3.0,1.0,,1.0,3.0,2.0,158.0,716.0,8.0,3.0,333.0,33.0,14.0,24.0,29.0,192.0,,-7.0,199.0,,2.0,2.0,1.0,,377.0,1026.0,,,1.0,,,,2025,RB,166.9,168.9,9.8,9.9,27.0,35.0,99.0,145.0,27.0,34.0,95.0,133.0,True,True
13162,,,,,,,,,,,,,,,,,,,,,,,,,,,,,,,,,,,,2025,TE,0.0,0.0,,,124.0,,552.0,,124.0,,548.0,,False,False
6290,13.0,,,,,,,,,,,,,,,,9.0,14.0,62.0,,31.0,31.0,,1.0,,,,142.0,736.0,,,,,,,2025,WR,15.2,15.2,1.2,1.2,165.0,182.0,396.0,436.0,165.0,182.0,396.0,436.0,False,False
13150,13.0,,,,,,,,,,,,,,,,9.0,11.0,92.0,,70.0,22.0,,,,,,132.0,706.0,,,,,,,2025,WR,18.2,18.2,1.4,1.4,157.0,173.0,380.0,419.0,157.0,173.0,379.0,418.0,False,False
11186,1.0,,,,,,,,,,,,,,,,,,,,,,,,,,,,76.0,,,,,,,2025,RB,0.0,0.0,0.0,0.0,137.0,136.0,552.0,548.0,137.0,136.0,548.0,545.0,False,False
11583,,,,,,,,,,,,,,,,,,,,,,,,,,,,,,,,,,,,2025,RB,0.0,0.0,,,137.0,,552.0,,137.0,,548.0,,False,False
5127,3.0,2.0,,,,,,,,3.0,-3.0,,,,,,,,,,,,,,,,,16.0,1026.0,,,,,,,2025,QB,-0.3,-0.3,-0.1,-0.1,113.0,76.0,827.0,625.0,109.0,72.0,823.0,621.0,False,False
12497,8.0,,,,,,,,,,,,,,,,13.0,22.0,161.0,5.0,128.0,33.0,,4.0,,,1.0,226.0,479.0,,,,,,,2025,WR,65.1,65.1,8.1,8.1,97.0,59.0,240.0,176.0,97.0,59.0,238.0,174.0,False,False
12469,15.0,,,,,,,,,65.0,175.0,,6.0,83.0,6.0,12.0,33.0,40.0,271.0,2.0,-47.0,318.0,,5.0,1.0,1.0,,223.0,908.0,,,,,,,2025,RB,87.6,87.6,5.8,5.8,55.0,63.0,196.0,230.0,55.0,63.0,195.0,230.0,False,False
5285,11.0,,,,,,,,,,,,,,,,2.0,5.0,7.0,,,7.0,,3.0,,,,100.0,636.0,,,,,,,2025,TE,2.7,2.7,0.2,0.2,109.0,115.0,506.0,529.0,109.0,115.0,502.0,524.0,False,False
12933,,,,,,,,,,,,,,,,,,,,,,,,,,,,,,,,,,,,2025,TE,0.0,0.0,,,124.0,,552.0,,124.0,,548.0,,False,False
4274,4.0,,,,,,,,,1.0,12.0,,,6.0,,,1.0,1.0,5.0,,5.0,,,,,,,81.0,276.0,,,,,,,2025,WR,2.7,2.7,0.7,0.7,211.0,198.0,506.0,477.0,211.0,198.0,502.0,474.0,False,False
13179,,,,,,,,,,,,,,,,,,,,,,,,,,,,,,,,,,,,2025,WR,0.0,0.0,,,221.0,,552.0,,221.0,,548.0,,False,False
8219,4.0,,,,,,,,,,,,,,,,1.0,3.0,4.0,,3.0,1.0,,1.0,,,,60.0,336.0,,,,,,,2025,TE,1.4,1.4,0.4,0.4,117.0,108.0,530.0,504.0,117.0,108.0,526.0,500.0,False,False
5046,,,,,,,,,,,,,,,,,,,,,,,,,,,,,,,,,,,,2025,RB,0.0,0.0,,,137.0,,552.0,,137.0,,548.0,,False,False
7075,17.0,,,,,,,,,,,,,,,,8.0,9.0,48.0,,13.0,35.0,,1.0,,,,561.0,1033.0,,,,,,,2025,TE,12.8,12.8,0.8,0.8,87.0,95.0,414.0,468.0,87.0,95.0,411.0,465.0,False,False
12502,16.0,,,,,,,,,,,,,,,,44.0,55.0,357.0,2.0,198.0,159.0,2.0,7.0,,,,533.0,1002.0,,,,,,,2025,TE,91.7,91.7,5.7,5.7,31.0,36.0,188.0,236.0,31.0,36.0,186.0,235.0,False,False
7571,13.0,,,,,,,,,,,,,,,,19.0,38.0,224.0,2.0,185.0,39.0,3.0,8.0,,,,550.0,798.0,,,,,,,2025,WR,53.4,53.4,4.1,4.1,106.0,108.0,267.0,283.0,106.0,108.0,266.0,280.0,False,False
8783,,,,,,,,,,,,,,,,,,,,,,,,,,,,,,,,,,,,2025,WR,0.0,0.0,,,221.0,,552.0,,221.0,,548.0,,False,False
4854,2.0,,,,,,,,,,,,,,,,,,,,,,,,,,,,44.0,,,,,,,2025,WR,0.0,0.0,0.0,0.0,221.0,220.0,552.0,548.0,221.0,220.0,548.0,545.0,False,False
13120,1.0,,,,,,,,,,,,,,,,1.0,1.0,25.0,,3.0,22.0,,,,,,11.0,67.0,,,,,,,2025,WR,3.5,3.5,3.5,3.5,205.0,123.0,495.0,314.0,205.0,123.0,492.0,310.0,False,False
8924,,,,,,,,,,,,,,,,,,,,,,,,,,,,,,,,,,,,2025,TE,0.0,0.0,,,124.0,,552.0,,124.0,,548.0,,False,False
11615,,,,,,,,,,,,,,,,,,,,,,,,,,,,,,,,,,,,2025,WR,0.0,0.0,,,221.0,,552.0,,221.0,,548.0,,False,False
11306,7.0,,,,,,,,,,,,,,,,2.0,2.0,6.0,,-9.0,15.0,,1.0,3.0,2.0,,9.0,305.0,,,,,,,2025,WR,-1.4,-1.4,-0.2,-0.2,333.0,250.0,830.0,630.0,333.0,250.0,828.0,626.0,False,False
5927,10.0,,,,,,,,,,,,,,,,38.0,60.0,582.0,3.0,489.0,93.0,1.0,7.0,,,,385.0,551.0,,,,,,,2025,WR,114.2,114.2,11.4,11.4,58.0,37.0,159.0,107.0,58.0,37.0,156.0,102.0,False,False
4199,12.0,,,,,,,,,132.0,548.0,2.0,5.0,234.0,14.0,10.0,28.0,41.0,199.0,1.0,-28.0,227.0,2.0,5.0,2.0,1.0,,366.0,664.0,,,,,,,2025,RB,118.7,118.7,9.9,9.9,43.0,34.0,151.0,140.0,43.0,34.0,147.0,133.0,False,False
4950,13.0,,,,,,,,,,,,,,,,28.0,52.0,239.0,1.0,124.0,115.0,2.0,6.0,,,,394.0,824.0,,,,,,,2025,WR,57.9,57.9,4.5,4.5,101.0,100.0,256.0,266.0,101.0,100.0,255.0,263.0,False,False
12472,4.0,,,,,,,,,27.0,92.0,1.0,,41.0,7.0,1.0,3.0,4.0,21.0,,7.0,14.0,,,,,,45.0,365.0,,,,,,,2025,RB,20.3,20.3,5.1,5.1,93.0,67.0,374.0,252.0,93.0,67.0,372.0,250.0,False,False
12865,,,,,,,,,,,,,,,,,,,,,,,,,,,,,,,,,,,,2025,WR,0.0,0.0,,,221.0,,552.0,,221.0,,548.0,,False,False
11646,11.0,,,,,,,,,,,,,,,,33.0,43.0,394.0,3.0,292.0,102.0,,3.0,1.0,1.0,,439.0,648.0,,,,,,,2025,WR,88.4,88.4,8.0,8.0,73.0,60.0,194.0,177.0,73.0,60.0,193.0,175.0,False,False
4454,16.0,,,,,,,,,,,,,,,,37.0,53.0,551.0,,386.0,165.0,6.0,2.0,,,,594.0,1047.0,,,,,2.0,,2025,WR,96.1,96.1,6.0,6.0,65.0,79.0,178.0,221.0,65.0,79.0,176.0,221.0,False,False
12498,13.0,,,,,,,,,,,,,,,,44.0,65.0,369.0,1.0,235.0,134.0,8.0,7.0,,,,654.0,804.0,,,,,,,2025,TE,86.9,86.9,6.7,6.7,33.0,32.0,198.0,209.0,33.0,32.0,197.0,207.0,False,False
13242,,,,,,,,,,,,,,,,,,,,,,,,,,,,,,,,,,,,2025,RB,0.0,0.0,,,137.0,,552.0,,137.0,,548.0,,False,False
12481,8.0,,,,,,,,,101.0,410.0,5.0,7.0,192.0,23.0,8.0,24.0,32.0,207.0,2.0,-2.0,209.0,,4.0,1.0,1.0,,295.0,545.0,,,,,,,2025,RB,125.7,125.7,15.7,15.7,37.0,10.0,138.0,39.0,37.0,10.0,136.0,34.0,False,False
10218,17.0,,,,,,,,,3.0,22.0,,,22.0,1.0,,35.0,57.0,428.0,3.0,282.0,146.0,1.0,6.0,,,,618.0,1092.0,,,,,,,2025,WR,98.0,98.0,5.8,5.8,63.0,83.0,176.0,230.0,63.0,83.0,174.0,230.0,False,False
6154,17.0,,,,,,,,,,,,,,,,18.0,36.0,191.0,2.0,135.0,56.0,5.0,6.0,,,,520.0,1033.0,,,,,,,2025,WR,49.1,49.1,2.9,2.9,115.0,144.0,281.0,346.0,115.0,144.0,279.0,341.0,False,False
6931,6.0,,,,,,,,,3.0,21.0,,,3.0,1.0,,,1.0,,,,,1.0,,,,,26.0,322.0,,,,,,,2025,RB,2.1,2.1,0.4,0.4,125.0,121.0,518.0,504.0,125.0,121.0,514.0,500.0,False,False
11623,17.0,,,,,,,,,3.0,12.0,,,,1.0,,18.0,25.0,171.0,,83.0,88.0,2.0,1.0,,,,443.0,1060.0,,,,,,,2025,WR,36.3,36.3,2.1,2.1,126.0,159.0,307.0,380.0,127.0,159.0,307.0,378.0,False,False
2549,,,,,,,,,,,,,,,,,,,,,,,,,,,,,,,,,,,,2025,QB,0.0,0.0,,,73.0,,552.0,,69.0,,548.0,,False,False
4995,15.0,,,,,,,,,,,,,,,,13.0,13.0,114.0,,42.0,72.0,,,,,,294.0,835.0,,,,,,,2025,TE,24.4,24.4,1.6,1.6,72.0,78.0,356.0,405.0,72.0,78.0,355.0,404.0,False,False
9225,17.0,,,,,,,,,63.0,356.0,2.0,9.0,137.0,16.0,4.0,3.0,4.0,32.0,,-7.0,39.0,,1.0,,,,101.0,991.0,,,1.0,,,,2025,RB,55.8,55.8,3.3,3.3,66.0,85.0,258.0,325.0,66.0,85.0,257.0,319.0,False,False
4018,,,,,,,,,,,,,,,,,,,,,,,,,,,,,,,,,,,,2025,RB,0.0,0.0,,,137.0,,552.0,,137.0,,548.0,,False,False
11603,17.0,,,,,,,,,10.0,14.0,1.0,,6.0,3.0,,52.0,68.0,519.0,6.0,248.0,271.0,2.0,12.0,2.0,,,827.0,1064.0,,,,,,,2025,TE,147.3,147.3,8.7,8.7,14.0,21.0,111.0,161.0,14.0,21.0,109.0,160.0,False,True
9757,7.0,,,,,,,,,47.0,193.0,1.0,7.0,121.0,5.0,3.0,5.0,5.0,30.0,,-5.0,35.0,,,,,,113.0,464.0,,,,,,,2025,RB,33.3,33.3,4.8,4.8,77.0,69.0,315.0,261.0,77.0,69.0,315.0,259.0,False,False
7670,12.0,,,,,,,,,,,,,,,,22.0,37.0,303.0,,249.0,54.0,,5.0,,,,330.0,722.0,,,,,,,2025,WR,52.3,52.3,4.4,4.4,107.0,104.0,269.0,272.0,107.0,104.0,268.0,269.0,False,False
7611,14.0,,,,,,,,,130.0,603.0,7.0,12.0,274.0,26.0,16.0,32.0,37.0,345.0,2.0,82.0,263.0,,5.0,3.0,3.0,,505.0,839.0,,,1.0,,,,2025,RB,176.8,176.8,12.6,12.6,25.0,23.0,89.0,83.0,25.0,23.0,87.0,77.0,True,True
12547,17.0,,,,,,,,,2.0,3.0,,,,,1.0,10.0,21.0,209.0,3.0,130.0,79.0,1.0,,,,,309.0,1035.0,,,,,,,2025,WR,49.2,49.2,2.9,2.9,113.0,144.0,278.0,346.0,113.0,144.0,276.0,341.0,False,False
8150,17.0,,,,,,,,,259.0,1252.0,10.0,21.0,473.0,51.0,12.0,36.0,50.0,281.0,3.0,126.0,155.0,1.0,9.0,2.0,2.0,,725.0,1060.0,,,1.0,,,,2025,RB,265.3,265.3,15.6,15.6,9.0,11.0,28.0,41.0,9.0,11.0,26.0,37.0,True,True
8121,16.0,,,,,,,,,,,,,,,,55.0,85.0,724.0,6.0,561.0,163.0,3.0,17.0,1.0,,,780.0,1000.0,,,,,,,2025,WR,163.4,163.4,10.2,10.2,38.0,45.0,102.0,137.0,38.0,45.0,100.0,128.0,False,False
8123,12.0,,,,,,,,,17.0,47.0,,,23.0,2.0,,4.0,4.0,13.0,,-3.0,16.0,,,,,,80.0,746.0,,,,,,,2025,RB,10.0,10.0,0.8,0.8,103.0,114.0,431.0,468.0,103.0,114.0,428.0,465.0,False,False
3161,5.0,169.0,110.0,1216.0,6.0,5.0,19.0,654.0,33.0,11.0,57.0,,1.0,26.0,2.0,1.0,,,,,,,,,3.0,,,300.0,422.0,2.0,,,,,,2025,QB,72.3,60.0,14.5,12.0,39.0,25.0,220.0,60.0,40.0,28.0,245.0,90.0,False,False
12705,,,,,,,,,,,,,,,,,,,,,,,,,,,,,204.0,,,,,,,2025,QB,0.0,0.0,,,73.0,,552.0,,69.0,,548.0,,False,False
7600,17.0,,,,,,,,,,,,,,,,41.0,54.0,486.0,4.0,231.0,255.0,,9.0,,,,470.0,956.0,,,,,1.0,,2025,TE,115.6,115.6,6.8,6.8,25.0,31.0,156.0,207.0,25.0,31.0,153.0,205.0,False,False
8527,9.0,,,,,,,,,,,,,,,,2.0,3.0,48.0,,48.0,,,,,,,53.0,579.0,,,,,,,2025,WR,6.8,6.8,0.8,0.8,187.0,195.0,455.0,468.0,187.0,195.0,453.0,465.0,False,False
11199,13.0,,,,,,,,,44.0,312.0,,2.0,103.0,4.0,4.0,13.0,20.0,101.0,1.0,17.0,84.0,1.0,4.0,1.0,1.0,,184.0,794.0,,,,,,,2025,RB,58.3,58.3,4.5,4.5,65.0,71.0,254.0,266.0,65.0,71.0,252.0,263.0,False,False
11645,,,,,,,,,,,,,,,,,,,,,,,,,,,,,,,,,,,,2025,WR,0.0,0.0,,,221.0,,552.0,,221.0,,548.0,,False,False
12860,3.0,,,,,,,,,,,,,,,,6.0,10.0,139.0,1.0,76.0,63.0,,1.0,,,,36.0,114.0,,,,,,,2025,WR,25.9,25.9,8.6,8.6,144.0,56.0,350.0,164.0,144.0,56.0,348.0,163.0,False,False
331,3.0,92.0,58.0,544.0,4.0,3.0,5.0,273.0,7.0,2.0,-1.0,,,,,1.0,,,,,,,,,2.0,,,172.0,177.0,,,,,,,2025,QB,31.7,28.8,10.6,9.6,49.0,42.0,324.0,128.0,49.0,39.0,337.0,142.0,False,False
12688,,,,,,,,,,,,,,,,,,,,,,,,,,,,,,,,,,,,2025,QB,0.0,0.0,,,73.0,,552.0,,69.0,,548.0,,False,False
12486,10.0,185.0,110.0,937.0,7.0,2.0,19.0,439.0,31.0,14.0,86.0,,1.0,14.0,2.0,1.0,,,,,,,,,,,,372.0,928.0,,,,,,,2025,QB,70.1,65.3,7.0,6.5,40.0,50.0,226.0,202.0,39.0,50.0,236.0,212.0,False,False
10212,8.0,,,,,,,,,,,,,,,,5.0,6.0,36.0,1.0,15.0,21.0,,1.0,,,,139.0,418.0,,,,,,,2025,TE,14.6,14.6,1.8,1.8,83.0,72.0,400.0,397.0,83.0,72.0,399.0,396.0,False,False
11381,5.0,,,,,,,,,,,,,,,,,,,,,,,,,,,32.0,327.0,,,,,,,2025,TE,0.0,0.0,0.0,0.0,124.0,123.0,552.0,548.0,124.0,123.0,548.0,545.0,False,False
8161,4.0,35.0,30.0,422.0,3.0,,3.0,296.0,7.0,22.0,123.0,2.0,,23.0,4.0,1.0,,,,,,,,,2.0,1.0,,98.0,1000.0,,,,,,,2025,QB,51.2,48.7,12.8,12.2,44.0,31.0,272.0,80.0,43.0,27.0,280.0,85.0,False,False
11729,11.0,,,,,,,,,1.0,4.0,,,2.0,,,,,,,,,,,,,,1.0,656.0,,,,,,,2025,RB,0.4,0.4,0.0,0.0,134.0,136.0,546.0,548.0,134.0,136.0,543.0,545.0,False,False
8228,16.0,,,,,,,,,211.0,958.0,6.0,20.0,469.0,40.0,17.0,40.0,45.0,333.0,2.0,-96.0,429.0,1.0,5.0,1.0,,,461.0,903.0,,,2.0,,,,2025,RB,221.1,221.1,13.8,13.8,18.0,19.0,52.0,69.0,18.0,19.0,46.0,62.0,True,True
11562,9.0,257.0,174.0,1586.0,8.0,5.0,18.0,944.0,28.0,31.0,167.0,,4.0,60.0,4.0,1.0,1.0,2.0,,,,,,1.0,4.0,2.0,,490.0,1056.0,,,,,,,2025,QB,99.1,83.4,11.0,9.3,36.0,39.0,174.0,118.0,36.0,40.0,204.0,146.0,False,False
8230,3.0,,,,,,,,,17.0,47.0,,,16.0,1.0,1.0,3.0,4.0,11.0,,-16.0,27.0,,2.0,,,,13.0,110.0,,,,,,,2025,RB,8.8,8.8,2.9,2.9,109.0,88.0,440.0,346.0,109.0,88.0,437.0,341.0,False,False
6011,4.0,13.0,6.0,37.0,,1.0,,6.0,,6.0,2.0,,,,,,,,,,,,,,,,,41.0,1006.0,,,,,,,2025,QB,-0.3,-1.1,-0.1,-0.3,113.0,76.0,827.0,625.0,113.0,76.0,827.0,628.0,False,False
5089,,,,,,,,,,,,,,,,,,,,,,,,,,,,,,,,,,,,2025,QB,0.0,0.0,,,73.0,,552.0,,69.0,,548.0,,False,False
6136,1.0,,,,,,,,,1.0,-1.0,,,,,,,,,,,,,,,,,4.0,1081.0,,,,,,,2025,QB,-0.1,-0.1,-0.1,-0.1,110.0,76.0,822.0,625.0,106.0,72.0,818.0,621.0,False,False
12494,,,,,,,,,,,,,,,,,,,,,,,,,,,,,,,,,,,,2025,QB,0.0,0.0,,,73.0,,552.0,,69.0,,548.0,,False,False
11626,15.0,,,,,,,,,1.0,,,,,,,35.0,64.0,363.0,3.0,288.0,75.0,2.0,11.0,1.0,,,642.0,934.0,,,,,,,2025,WR,89.3,89.3,6.0,6.0,72.0,79.0,191.0,221.0,72.0,79.0,190.0,221.0,False,False
11582,,,,,,,,,,,,,,,,,,,,,,,,,,,,,,,,,,,,2025,RB,0.0,0.0,,,137.0,,552.0,,137.0,,548.0,,False,False
11637,13.0,,,,,,,,,,,,,,,,38.0,59.0,404.0,4.0,316.0,88.0,2.0,9.0,1.0,1.0,,515.0,809.0,,,,,1.0,,2025,WR,102.4,102.4,7.9,7.9,60.0,62.0,168.0,180.0,60.0,62.0,166.0,177.0,False,False
9489,7.0,,,,,,,,,,,,,,,,,,,,,,,,,,,5.0,415.0,,,,,,,2025,WR,0.0,0.0,0.0,0.0,221.0,220.0,552.0,548.0,221.0,220.0,548.0,545.0,False,False
11573,,,,,,,,,,,,,,,,,,,,,,,,,,,,,,,,,,,,2025,RB,0.0,0.0,,,137.0,,552.0,,137.0,,548.0,,False,False
12817,,,,,,,,,,,,,,,,,,,,,,,,,,,,,,,,,,,,2025,TE,0.0,0.0,,,124.0,,552.0,,124.0,,548.0,,False,False
5857,15.0,,,,,,,,,,,,,,,,34.0,41.0,288.0,3.0,114.0,174.0,1.0,4.0,3.0,3.0,,364.0,934.0,,,,,,,2025,TE,74.8,74.8,5.0,5.0,37.0,40.0,216.0,255.0,37.0,40.0,214.0,253.0,False,False
12725,,,,,,,,,,,,,,,,,,,,,,,,,,,,,,,,,,,,2025,TE,0.0,0.0,,,124.0,,552.0,,124.0,,548.0,,False,False
12500,4.0,83.0,55.0,622.0,3.0,3.0,8.0,268.0,9.0,8.0,19.0,,,,,2.0,1.0,1.0,-6.0,,-6.0,,,1.0,3.0,,,126.0,172.0,,,,,,,2025,QB,33.2,26.7,8.3,6.7,48.0,47.0,317.0,174.0,50.0,49.0,345.0,207.0,False,False
5154,12.0,,,,,,,,,,,,,,,,3.0,5.0,21.0,,7.0,14.0,,1.0,,,,186.0,797.0,,,,,,,2025,WR,5.1,5.1,0.4,0.4,195.0,208.0,470.0,504.0,195.0,208.0,470.0,500.0,False,False
9224,17.0,,,,,,,,,232.0,1019.0,6.0,16.0,473.0,34.0,16.0,69.0,88.0,437.0,5.0,-13.0,450.0,5.0,11.0,2.0,,,700.0,1043.0,,,3.0,,,,2025,RB,286.6,286.6,16.9,16.9,8.0,8.0,24.0,32.0,8.0,8.0,20.0,28.0,True,True
12520,2.0,,,,,,,,,,,,,,,,3.0,7.0,41.0,,32.0,9.0,,1.0,,,,30.0,135.0,,,,,,,2025,WR,7.1,7.1,3.6,3.6,186.0,119.0,453.0,309.0,186.0,119.0,451.0,305.0,False,False
8204,16.0,,,,,,,,,5.0,35.0,,,10.0,,,4.0,13.0,107.0,1.0,100.0,7.0,1.0,,,,,83.0,932.0,,,,,,,2025,WR,24.2,24.2,1.5,1.5,147.0,170.0,358.0,413.0,147.0,170.0,356.0,412.0,False,False
11073,,,,,,,,,,,,,,,,,,,,,,,,,,,,,,,,,,,,2025,WR,0.0,0.0,,,221.0,,552.0,,221.0,,548.0,,False,False
12521,13.0,,,,,,,,,,,,,,,,15.0,26.0,179.0,1.0,101.0,78.0,1.0,5.0,1.0,1.0,,316.0,801.0,,,,,,,2025,TE,36.9,36.9,2.8,2.8,60.0,59.0,305.0,350.0,60.0,59.0,305.0,345.0,False,False
12479,,,,,,,,,,,,,,,,,,,,,,,,,,,,,,,,,,,,2025,RB,0.0,0.0,,,137.0,,552.0,,137.0,,548.0,,False,False
5012,17.0,,,,,,,,,10.0,48.0,1.0,,5.0,3.0,,48.0,70.0,422.0,5.0,321.0,101.0,3.0,14.0,1.0,,,600.0,963.0,,,,,,,2025,TE,131.0,131.0,7.7,7.7,16.0,25.0,128.0,183.0,16.0,25.0,125.0,180.0,False,False
12484,17.0,,,,,,,,,,,,,,,,41.0,68.0,525.0,6.0,402.0,123.0,2.0,7.0,,,,616.0,1092.0,,,,,,,2025,WR,129.5,129.5,7.6,7.6,48.0,65.0,132.0,186.0,48.0,65.0,129.0,184.0,False,False
7595,14.0,,,,,,,,,,,,,,,,4.0,8.0,45.0,1.0,28.0,17.0,,2.0,,,,184.0,772.0,,,,,,,2025,WR,14.5,14.5,1.0,1.0,168.0,186.0,402.0,451.0,168.0,186.0,401.0,449.0,False,False
6074,,,,,,,,,,,,,,,,,,,,,,,,,,,,,,,,,,,,2025,TE,0.0,0.0,,,124.0,,552.0,,124.0,,548.0,,False,False
11815,,,,,,,,,,,,,,,,,,,,,,,,,,,,,,,,,,,,2025,WR,0.0,0.0,,,221.0,,552.0,,221.0,,548.0,,False,False
11942,14.0,,,,,,,,,,,,,,,,2.0,3.0,18.0,,14.0,4.0,,,,,,95.0,813.0,,,,,,,2025,TE,3.8,3.8,0.3,0.3,103.0,111.0,491.0,517.0,103.0,111.0,488.0,513.0,False,False
3202,16.0,,,,,,,,,,,,,,,,21.0,26.0,263.0,2.0,177.0,86.0,,5.0,,,,488.0,968.0,,,,,,,2025,TE,59.3,59.3,3.7,3.7,47.0,47.0,251.0,301.0,47.0,47.0,249.0,298.0,False,False
6794,17.0,,,,,,,,,2.0,7.0,,,1.0,,,84.0,141.0,1048.0,2.0,597.0,451.0,3.0,17.0,,,,890.0,934.0,,,,,3.0,,2025,WR,207.5,207.5,12.2,12.2,20.0,30.0,63.0,92.0,20.0,29.0,58.0,85.0,True,True
11377,17.0,,,,,,,,,,,,,,,,15.0,23.0,245.0,1.0,177.0,68.0,,,,,,437.0,1057.0,,,,,,,2025,WR,45.5,45.5,2.7,2.7,118.0,147.0,289.0,355.0,118.0,147.0,287.0,351.0,False,False
8202,,,,,,,,,,,,,,,,,,,,,,,,,,,,,,,,,,,,2025,WR,0.0,0.0,,,221.0,,552.0,,221.0,,548.0,,False,False
11600,13.0,,,,,,,,,,,,,,,,29.0,34.0,190.0,1.0,104.0,86.0,1.0,9.0,,,,393.0,804.0,,,,,,,2025,TE,54.0,54.0,4.2,4.2,50.0,45.0,264.0,280.0,50.0,45.0,263.0,277.0,False,False
5980,1.0,,,,,,,,,3.0,6.0,,,4.0,,,,,,,,,,,,,,,,,,,,,,2025,RB,0.6,0.6,0.6,0.6,132.0,117.0,543.0,483.0,132.0,117.0,540.0,479.0,False,False
9230,4.0,43.0,24.0,274.0,1.0,1.0,3.0,174.0,6.0,8.0,8.0,,,4.0,,,,,,,,,,,,,,25.0,798.0,,,,,,,2025,QB,13.8,10.3,3.4,2.6,55.0,57.0,404.0,318.0,55.0,56.0,425.0,355.0,False,False
5008,17.0,,,,,,,,,,,,,,,,4.0,6.0,25.0,,10.0,15.0,1.0,,,,,281.0,1099.0,,,,,,,2025,TE,6.5,6.5,0.4,0.4,97.0,108.0,458.0,504.0,97.0,108.0,456.0,500.0,False,False
9754,14.0,,,,,,,,,2.0,7.0,,,2.0,,1.0,51.0,85.0,735.0,8.0,514.0,221.0,2.0,15.0,1.0,1.0,,723.0,942.0,,,,,1.0,,2025,WR,173.2,173.2,12.4,12.4,32.0,28.0,92.0,88.0,32.0,28.0,90.0,83.0,False,True
6453,,,,,,,,,,,,,,,,,,,,,,,,,,,,,,,,,,,,2025,WR,0.0,0.0,,,221.0,,552.0,,221.0,,548.0,,False,False
12503,16.0,,,,,,,,,5.0,29.0,,,13.0,,1.0,18.0,44.0,338.0,,259.0,79.0,3.0,4.0,,,,466.0,958.0,,,,,,,2025,WR,54.7,54.7,3.4,3.4,104.0,127.0,262.0,318.0,104.0,127.0,261.0,314.0,False,False
13210,2.0,,,,,,,,,,,,,,,,1.0,2.0,3.0,,3.0,,,1.0,,,,7.0,47.0,,,,,,,2025,TE,1.3,1.3,0.6,0.6,119.0,100.0,533.0,483.0,119.0,100.0,528.0,479.0,False,False
11625,16.0,,,,,,,,,1.0,-4.0,,,,,1.0,33.0,74.0,453.0,2.0,373.0,80.0,2.0,7.0,1.0,1.0,,473.0,954.0,,,,,1.0,,2025,WR,89.9,89.9,5.6,5.6,70.0,87.0,189.0,238.0,70.0,87.0,188.0,237.0,False,False
12389,4.0,,,,,,,,,,,,,,,,,,,,,,,,,,,39.0,242.0,,,,,,,2025,TE,0.0,0.0,0.0,0.0,124.0,123.0,552.0,548.0,124.0,123.0,548.0,545.0,False,False
6938,6.0,1.0,1.0,32.0,1.0,,,15.0,,5.0,19.0,,,7.0,,1.0,,1.0,,,,,1.0,,,,,9.0,404.0,,,,,,,2025,RB,7.2,8.5,1.2,1.4,112.0,107.0,452.0,436.0,111.0,104.0,442.0,418.0,False,False
4198,11.0,,,,,,,,,,,,,,,,,,,,,,,,3.0,1.0,,1.0,700.0,,,,,,,2025,WR,-2.0,-2.0,-0.2,-0.2,334.0,250.0,832.0,630.0,334.0,250.0,830.0,626.0,False,False
11821,6.0,,,,,,,,,,,,,,,,3.0,5.0,37.0,,29.0,8.0,,1.0,1.0,1.0,,24.0,342.0,,,,,,,2025,WR,4.7,4.7,0.8,0.8,196.0,195.0,475.0,468.0,196.0,195.0,474.0,465.0,False,False
7537,6.0,,,,,,,,,41.0,159.0,1.0,,76.0,6.0,2.0,3.0,4.0,8.0,,,8.0,,,,,,60.0,341.0,,,,,,,2025,RB,25.7,25.7,4.3,4.3,85.0,72.0,351.0,275.0,85.0,72.0,349.0,272.0,False,False
12471,9.0,,,,,,,,,26.0,96.0,,,36.0,5.0,1.0,,2.0,,,,,,1.0,,,,50.0,504.0,,,,,,,2025,RB,9.6,9.6,1.1,1.1,105.0,109.0,434.0,446.0,105.0,109.0,431.0,445.0,False,False
12467,3.0,,,,,,,,,,,,,,,,,,,,,,,,,,,3.0,245.0,,,,,,,2025,RB,0.0,0.0,0.0,0.0,137.0,136.0,552.0,548.0,137.0,136.0,548.0,545.0,False,False
8114,,,,,,,,,,,,,,,,,,,,,,,,,,,,,,,,,,,,2025,WR,0.0,0.0,,,221.0,,552.0,,221.0,,548.0,,False,False
8144,16.0,1.0,,,,1.0,,,1.0,1.0,-3.0,,,,,1.0,100.0,156.0,1163.0,9.0,874.0,289.0,5.0,13.0,,,,887.0,1056.0,,,,,3.0,,2025,WR,274.0,274.0,17.1,17.1,6.0,8.0,26.0,30.0,6.0,8.0,24.0,24.0,True,True
11621,,,,,,,,,,,,,,,,,,,,,,,,,,,,,,,,,,,,2025,WR,0.0,0.0,,,221.0,,552.0,,221.0,,548.0,,False,False
6529,,,,,,,,,,,,,,,,,,,,,,,,,,,,,,,,,,,,2025,TE,0.0,0.0,,,124.0,,552.0,,124.0,,548.0,,False,False
4984,17.0,460.0,319.0,3668.0,25.0,10.0,40.0,1702.0,61.0,112.0,579.0,14.0,7.0,223.0,31.0,4.0,,,,,,,,,7.0,3.0,,1033.0,1057.0,3.0,,,,,,2025,QB,368.6,345.3,21.7,20.3,1.0,1.0,7.0,7.0,2.0,2.0,8.0,10.0,True,True
12938,2.0,,,,,,,,,,,,,,,,,,,,,,,,,,,5.0,119.0,,,,,,,2025,TE,0.0,0.0,0.0,0.0,124.0,123.0,552.0,548.0,124.0,123.0,548.0,545.0,False,False
12907,1.0,,,,,,,,,,,,,,,,1.0,1.0,10.0,,4.0,6.0,,,,,,,,,,,,,,2025,WR,2.0,2.0,2.0,2.0,215.0,162.0,522.0,386.0,215.0,162.0,517.0,385.0,False,False
9500,16.0,,,,,,,,,2.0,-2.0,,,2.0,,1.0,58.0,88.0,566.0,4.0,422.0,144.0,4.0,14.0,1.0,1.0,,553.0,947.0,,,,,,,2025,WR,136.4,136.4,8.5,8.5,45.0,58.0,122.0,169.0,45.0,58.0,119.0,168.0,False,False
11762,11.0,,,,,,,,,,,,,,,,2.0,2.0,6.0,,-2.0,8.0,,,,,,58.0,675.0,,,,,,,2025,WR,2.6,2.6,0.2,0.2,212.0,217.0,510.0,529.0,212.0,217.0,507.0,524.0,False,False
7602,17.0,,,,,,,,,,,,,,,,7.0,9.0,40.0,,27.0,13.0,1.0,1.0,,,,195.0,988.0,,,,,,,2025,TE,11.0,11.0,0.6,0.6,91.0,100.0,425.0,483.0,91.0,100.0,422.0,479.0,False,False
12516,9.0,,,,,,,,,3.0,7.0,,,3.0,,,,,,,,,,,,,,12.0,528.0,,,,,,,2025,RB,0.7,0.7,0.1,0.1,131.0,133.0,542.0,537.0,131.0,133.0,538.0,534.0,False,False
12357,17.0,,,,,,,,,,,,,,,,4.0,6.0,30.0,1.0,14.0,16.0,,1.0,,,,112.0,1002.0,,,,,,,2025,TE,13.0,13.0,0.8,0.8,85.0,95.0,411.0,468.0,85.0,95.0,408.0,465.0,False,False
5010,9.0,,,,,,,,,,,,,,,,11.0,16.0,97.0,,31.0,66.0,1.0,1.0,,,,158.0,530.0,,,,,,,2025,TE,20.7,20.7,2.3,2.3,75.0,64.0,370.0,369.0,75.0,64.0,368.0,364.0,False,False
6039,17.0,,,,,,,,,50.0,200.0,3.0,,46.0,19.0,3.0,24.0,33.0,263.0,2.0,-27.0,290.0,2.0,4.0,1.0,,,310.0,1057.0,,,,,,,2025,RB,100.3,100.3,5.9,5.9,47.0,60.0,172.0,226.0,47.0,60.0,170.0,226.0,False,False
6803,,,,,,,,,,,,,,,,,,,,,,,,,,,,,254.0,,,,,,,2025,WR,0.0,0.0,,,221.0,,552.0,,221.0,,548.0,,False,False
12544,17.0,,,,,,,,,23.0,94.0,,2.0,35.0,3.0,,10.0,11.0,54.0,,-7.0,61.0,,1.0,,,,248.0,1089.0,,,,,,,2025,RB,24.8,24.8,1.5,1.5,86.0,103.0,355.0,413.0,86.0,103.0,353.0,412.0,False,False
9997,17.0,,,,,,,,,10.0,62.0,1.0,,19.0,1.0,,86.0,118.0,1211.0,5.0,753.0,458.0,7.0,10.0,3.0,3.0,,828.0,963.0,,,,,3.0,,2025,WR,249.3,249.3,14.7,14.7,7.0,14.0,30.0,56.0,7.0,14.0,30.0,50.0,True,True
8172,10.0,,,,,,,,,1.0,-7.0,,,,1.0,1.0,26.0,33.0,335.0,1.0,136.0,199.0,,5.0,1.0,1.0,,216.0,531.0,,,,,,,2025,TE,62.8,62.8,6.3,6.3,43.0,34.0,243.0,215.0,43.0,34.0,241.0,215.0,False,False
12506,16.0,,,,,,,,,7.0,13.0,1.0,1.0,6.0,2.0,1.0,72.0,107.0,731.0,6.0,379.0,352.0,4.0,10.0,1.0,1.0,,786.0,1031.0,,,,,1.0,,2025,TE,188.4,188.4,11.8,11.8,5.0,8.0,75.0,99.0,5.0,8.0,74.0,96.0,True,True
11421,13.0,,,,,,,,,,,,,,,,2.0,4.0,34.0,1.0,34.0,,1.0,,,,,123.0,857.0,,,,,,,2025,WR,11.4,11.4,0.9,0.9,176.0,191.0,421.0,458.0,176.0,191.0,419.0,457.0,False,False
7050,12.0,,,,,,,,,,,,,,,,3.0,5.0,21.0,1.0,16.0,5.0,,1.0,,,,78.0,738.0,,,,,,,2025,TE,11.1,11.1,0.9,0.9,90.0,94.0,424.0,458.0,90.0,94.0,421.0,457.0,False,False
4144,17.0,,,,,,,,,9.0,70.0,1.0,3.0,39.0,2.0,,38.0,54.0,222.0,2.0,43.0,179.0,2.0,7.0,1.0,,,503.0,956.0,,,,,,,2025,TE,85.2,85.2,5.0,5.0,35.0,40.0,203.0,255.0,35.0,40.0,201.0,253.0,False,False
8126,16.0,,,,,,,,,3.0,5.0,,,4.0,,,92.0,140.0,1014.0,4.0,628.0,386.0,4.0,11.0,1.0,,,973.0,1072.0,,,,,3.0,,2025,WR,223.9,223.9,14.0,14.0,13.0,17.0,48.0,65.0,13.0,17.0,43.0,59.0,True,True
11773,,,,,,,,,,,,,,,,,,,,,,,,,,,,,,,,,,,,2025,RB,0.0,0.0,,,137.0,,552.0,,137.0,,548.0,,False,False
8249,3.0,,,,,,,,,,,,,,,,2.0,4.0,15.0,,11.0,4.0,,,,,,53.0,186.0,,,,,,,2025,TE,3.5,3.5,1.2,1.2,105.0,87.0,495.0,436.0,105.0,87.0,492.0,436.0,False,False
11168,16.0,,,,,,,,,,,,,,,,18.0,24.0,303.0,,196.0,107.0,1.0,3.0,,,,208.0,1004.0,,,,,,,2025,WR,48.3,48.3,3.0,3.0,117.0,140.0,284.0,342.0,117.0,140.0,282.0,337.0,False,False
6853,16.0,,,,,,,,,,,,,,,,29.0,52.0,350.0,1.0,267.0,83.0,1.0,2.0,,,,583.0,1002.0,,,,,,,2025,WR,70.0,70.0,4.4,4.4,88.0,104.0,227.0,272.0,88.0,104.0,225.0,269.0,False,False
8489,15.0,,,,,,,,,,,,,,,,4.0,6.0,27.0,1.0,18.0,9.0,,2.0,,,,226.0,950.0,,,,,,,2025,TE,12.7,12.7,0.8,0.8,88.0,95.0,415.0,468.0,88.0,95.0,413.0,465.0,False,False
8801,,,,,,,,,,,,,,,,,,,,,,,,,,,,,,,,,,,,2025,WR,0.0,0.0,,,221.0,,552.0,,221.0,,548.0,,False,False
12954,,,,,,,,,,,,,,,,,,,,,,,,,,,,,,,,,,,,2025,RB,0.0,0.0,,,137.0,,552.0,,137.0,,548.0,,False,False
11943,,,,,,,,,,,,,,,,,,,,,,,,,,,,,,,,,,,,2025,RB,0.0,0.0,,,137.0,,552.0,,137.0,,548.0,,False,False
11851,,,,,,,,,,,,,,,,,,,,,,,,,,,,,,,,,,,,2025,QB,0.0,0.0,,,73.0,,552.0,,69.0,,548.0,,False,False
8235,1.0,,,,,,,,,,,,,,,,1.0,3.0,3.0,,3.0,,,,,,,,,,,,,,,2025,WR,1.3,1.3,1.3,1.3,218.0,177.0,533.0,426.0,218.0,177.0,528.0,427.0,False,False
13122,13.0,,,,,,,,,,,,,,,,1.0,1.0,3.0,,-3.0,6.0,,,,,,37.0,672.0,,,,,,,2025,TE,1.3,1.3,0.1,0.1,119.0,117.0,533.0,537.0,119.0,117.0,528.0,534.0,False,False
8168,17.0,,,,,,,,,2.0,11.0,,,2.0,,,5.0,7.0,87.0,,58.0,29.0,,,1.0,,,110.0,1123.0,,,,,,,2025,WR,14.8,14.8,0.9,0.9,166.0,191.0,399.0,458.0,166.0,191.0,398.0,457.0,False,False
5045,17.0,,,,,,1.0,,,,,,,,,,74.0,124.0,1017.0,7.0,795.0,222.0,8.0,17.0,,,,929.0,1081.0,,,,,2.0,,2025,WR,221.7,221.7,13.0,13.0,14.0,22.0,50.0,77.0,14.0,22.0,44.0,70.0,True,True
9497,8.0,,,,,,,,,,,,,,,,5.0,14.0,35.0,,33.0,2.0,,1.0,,,,171.0,845.0,,,,,,,2025,WR,8.5,8.5,1.1,1.1,182.0,185.0,444.0,446.0,182.0,185.0,442.0,445.0,False,False
9492,,,,,,,,,,,,,,,,,,,,,,,,,,,,,,,,,,,,2025,WR,0.0,0.0,,,221.0,,552.0,,221.0,,548.0,,False,False
12772,,,,,,,,,,,,,,,,,,,,,,,,,,,,,,,,,,,,2025,WR,0.0,0.0,,,221.0,,552.0,,221.0,,548.0,,False,False
8122,12.0,,,,,,,,,82.0,269.0,4.0,5.0,134.0,16.0,11.0,22.0,31.0,160.0,1.0,9.0,151.0,1.0,6.0,1.0,1.0,,283.0,831.0,,,,,,,2025,RB,92.9,92.9,7.7,7.7,51.0,48.0,184.0,183.0,51.0,48.0,182.0,180.0,False,False
7594,15.0,,,,,,,,,134.0,511.0,1.0,,237.0,17.0,7.0,30.0,39.0,223.0,3.0,-68.0,291.0,4.0,6.0,1.0,1.0,,432.0,924.0,,,,,,,2025,RB,125.4,125.4,8.4,8.4,38.0,44.0,139.0,172.0,38.0,44.0,137.0,171.0,False,False
11508,1.0,,,,,,,,,,,,,,,,,,,,,,,,,,,,67.0,,,,,,,2025,TE,0.0,0.0,0.0,0.0,124.0,123.0,552.0,548.0,124.0,123.0,548.0,545.0,False,False
11834,13.0,,,,,,,,,,,,,,,,25.0,39.0,293.0,2.0,259.0,34.0,,4.0,,,,437.0,851.0,,,,,,,2025,WR,66.3,66.3,5.1,5.1,95.0,95.0,236.0,252.0,95.0,95.0,233.0,250.0,False,False
13208,,,,,,,,,,,,,,,,,,,,,,,,,,,,,,,,,,,,2025,WR,0.0,0.0,,,221.0,,552.0,,221.0,,548.0,,False,False
6850,12.0,,,,,,,,,,,,,,,,2.0,6.0,7.0,,7.0,,1.0,,,,,157.0,754.0,,,,,,,2025,TE,2.7,2.7,0.2,0.2,109.0,115.0,506.0,529.0,109.0,115.0,502.0,524.0,False,False
5096,6.0,,,,,,,,,,,,,,,,7.0,15.0,69.0,,23.0,46.0,1.0,1.0,,,,211.0,403.0,,,,,,,2025,WR,13.9,13.9,2.3,2.3,169.0,153.0,403.0,369.0,169.0,153.0,402.0,364.0,False,False
4098,17.0,,,,,,,,,163.0,611.0,8.0,7.0,313.0,38.0,6.0,18.0,25.0,143.0,1.0,-10.0,153.0,1.0,3.0,2.0,1.0,,504.0,1049.0,,,1.0,,,,2025,RB,147.4,147.4,8.7,8.7,29.0,40.0,110.0,161.0,29.0,40.0,108.0,160.0,True,True
8127,17.0,,,,,,,,,,,,,,,,10.0,15.0,142.0,2.0,90.0,52.0,,3.0,,,,389.0,963.0,,,,,,,2025,TE,36.2,36.2,2.1,2.1,62.0,66.0,308.0,380.0,62.0,66.0,308.0,378.0,False,False
12883,,,,,,,,,,,,,,,,,,,,,,,,,,,,,,,,,,,,2025,TE,0.0,0.0,,,124.0,,552.0,,124.0,,548.0,,False,False
3200,13.0,,,,,,,,,4.0,19.0,,,2.0,,1.0,39.0,53.0,371.0,1.0,222.0,149.0,,6.0,1.0,1.0,,495.0,936.0,,,,,,,2025,WR,82.0,82.0,6.3,6.3,80.0,75.0,208.0,215.0,80.0,75.0,207.0,215.0,False,False
4718,17.0,,,,,,,,,11.0,25.0,1.0,,12.0,5.0,2.0,10.0,13.0,76.0,,20.0,56.0,,3.0,1.0,1.0,,120.0,1092.0,,,,,,,2025,RB,24.1,24.1,1.4,1.4,88.0,104.0,360.0,419.0,88.0,104.0,358.0,418.0,False,False
7559,,,,,,,,,,,,,,,,,,,,,,,,,,,,,,,,,,,,2025,WR,0.0,0.0,,,221.0,,552.0,,221.0,,548.0,,False,False
11748,,,,,,,,,,,,,,,,,,,,,,,,,,,,,,,,,,,,2025,WR,0.0,0.0,,,221.0,,552.0,,221.0,,548.0,,False,False
12412,7.0,,,,,,,,,23.0,73.0,1.0,1.0,23.0,4.0,,1.0,1.0,9.0,,2.0,7.0,,,,,,39.0,529.0,,,,,,,2025,RB,15.2,15.2,2.2,2.2,97.0,94.0,396.0,374.0,97.0,94.0,396.0,371.0,False,False
8200,8.0,,,,,,,,,,,,,,,,13.0,23.0,140.0,1.0,84.0,56.0,3.0,2.0,,,,171.0,412.0,,,,,,,2025,WR,33.0,33.0,4.1,4.1,130.0,108.0,318.0,283.0,130.0,108.0,317.0,280.0,False,False
7528,3.0,,,,,,,,,15.0,61.0,,,31.0,1.0,1.0,3.0,3.0,25.0,,10.0,15.0,,,,,,43.0,209.0,,,,,,,2025,RB,11.6,11.6,3.9,3.9,100.0,78.0,420.0,290.0,100.0,78.0,418.0,287.0,False,False
8745,,,,,,,,,,,,,,,,,,,,,,,,,,,,,,,,,,,,2025,WR,0.0,0.0,,,221.0,,552.0,,221.0,,548.0,,False,False
8255,,,,,,,,,,,,,,,,,,,,,,,,,,,,,,,,,,,,2025,RB,0.0,0.0,,,137.0,,552.0,,137.0,,548.0,,False,False
9482,13.0,,,,,,,,,,,,,,,,35.0,50.0,328.0,1.0,132.0,196.0,1.0,6.0,1.0,,,406.0,713.0,,,,,,,2025,TE,73.8,73.8,5.7,5.7,38.0,36.0,218.0,236.0,38.0,36.0,216.0,235.0,False,False
8800,10.0,,,,,,,,,52.0,250.0,2.0,,98.0,8.0,,2.0,5.0,16.0,,10.0,6.0,1.0,,,,,150.0,656.0,,,1.0,,,,2025,RB,42.6,42.6,4.3,4.3,72.0,72.0,294.0,275.0,72.0,72.0,293.0,272.0,False,False
4435,7.0,,,,,,,,,,,,,,,,8.0,10.0,53.0,,41.0,12.0,,3.0,,,,136.0,395.0,,,,,,,2025,TE,13.3,13.3,1.9,1.9,84.0,69.0,408.0,390.0,84.0,69.0,405.0,389.0,False,False
12803,,,,,,,,,,,,,,,,,,,,,,,,,,,,,,,,,,,,2025,WR,0.0,0.0,,,221.0,,552.0,,221.0,,548.0,,False,False
11558,,,,,,,,,,,,,,,,,,,,,,,,,,,,,,,,,,,,2025,QB,0.0,0.0,,,73.0,,552.0,,69.0,,548.0,,False,False
10863,,,,,,,,,,,,,,,,,,,,,,,,,,,,,,,,,,,,2025,WR,0.0,0.0,,,221.0,,552.0,,221.0,,548.0,,False,False
11969,,,,,,,,,,,,,,,,,,,,,,,,,,,,,,,,,,,,2025,WR,0.0,0.0,,,221.0,,552.0,,221.0,,548.0,,False,False
10235,7.0,,,,,,,,,2.0,17.0,,,11.0,,,,,,,,,,,,,,4.0,471.0,,,,,,,2025,RB,1.7,1.7,0.2,0.2,127.0,128.0,526.0,529.0,127.0,128.0,521.0,524.0,False,False
12743,,,,,,,,,,,,,,,,,,,,,,,,,,,,,,,,,,,,2025,WR,0.0,0.0,,,221.0,,552.0,,221.0,,548.0,,False,False
3155,10.0,,,,,,,,,,,,,,,,,,,,,,,,,,,31.0,567.0,,,,,,,2025,WR,0.0,0.0,0.0,0.0,221.0,220.0,552.0,548.0,221.0,220.0,548.0,545.0,False,False
8162,,,,,,,,,,,,,,,,,,,,,,,,,,,,,190.0,,,,,,,2025,QB,0.0,0.0,,,73.0,,552.0,,69.0,,548.0,,False,False
11560,17.0,568.0,330.0,3942.0,27.0,7.0,24.0,2107.0,72.0,77.0,383.0,3.0,5.0,60.0,20.0,8.0,2.0,2.0,22.0,1.0,-3.0,25.0,,1.0,8.0,1.0,,1088.0,1099.0,1.0,,,,,,2025,QB,318.2,293.3,18.7,17.3,6.0,9.0,17.0,21.0,5.0,8.0,18.0,23.0,True,True
6012,10.0,,,,,,,,,1.0,-2.0,,,,,1.0,,,,,,,,,,,,6.0,642.0,,,,,,,2025,RB,-0.2,-0.2,-0.0,-0.0,194.0,136.0,825.0,548.0,194.0,136.0,820.0,545.0,False,False
9490,,,,,,,,,,,,,,,,,,,,,,,,,,,,,,,,,,,,2025,WR,0.0,0.0,,,221.0,,552.0,,221.0,,548.0,,False,False
6798,,,,,,,,,,,,,,,,,,,,,,,,,,,,,,,,,,,,2025,WR,0.0,0.0,,,221.0,,552.0,,221.0,,548.0,,False,False
8041,6.0,,,,,,,,,,,,,,,,3.0,5.0,20.0,,18.0,2.0,,1.0,,,,134.0,328.0,,,,,,,2025,TE,5.0,5.0,0.8,0.8,100.0,95.0,471.0,468.0,100.0,95.0,471.0,465.0,False,False
4035,11.0,,,,,,,,,131.0,471.0,1.0,7.0,189.0,13.0,16.0,33.0,39.0,186.0,,-16.0,202.0,2.0,5.0,2.0,2.0,,457.0,725.0,,,,,,,2025,RB,100.7,100.7,9.2,9.2,46.0,37.0,170.0,152.0,46.0,37.0,168.0,147.0,False,False
8756,,,,,,,,,,,,,,,,,,,,,,,,,,,,,,,,,,,,2025,WR,0.0,0.0,,,221.0,,552.0,,221.0,,548.0,,False,False
11569,5.0,,,,,,,,,,,,,,,,,,,,,,,,,,,,323.0,,,,,,,2025,RB,0.0,0.0,0.0,0.0,137.0,136.0,552.0,548.0,137.0,136.0,548.0,545.0,False,False
12114,,,,,,,,,,,,,,,,,,,,,,,,,,,,,,,,,,,,2025,WR,0.0,0.0,,,221.0,,552.0,,221.0,,548.0,,False,False
11320,14.0,,,,,,,,,1.0,11.0,,,3.0,,,1.0,1.0,21.0,,18.0,3.0,,,2.0,,,31.0,942.0,,,,,,,2025,WR,4.2,4.2,0.3,0.3,201.0,212.0,481.0,517.0,201.0,212.0,480.0,513.0,False,False
11716,4.0,,,,,,,,,,,,,,,,3.0,5.0,18.0,,11.0,7.0,,,,,,98.0,321.0,,,,,,,2025,TE,4.8,4.8,1.2,1.2,101.0,87.0,472.0,436.0,101.0,87.0,472.0,436.0,False,False
5113,10.0,,,,,,,,,,,,,,,,5.0,9.0,44.0,,19.0,25.0,,3.0,,,,170.0,531.0,,,,,,,2025,WR,9.4,9.4,0.9,0.9,181.0,191.0,437.0,458.0,181.0,191.0,433.0,457.0,False,False
11783,16.0,,,,,,,,,4.0,25.0,,,6.0,,,40.0,56.0,475.0,4.0,271.0,204.0,1.0,7.0,,,,431.0,1039.0,,,,,2.0,,2025,WR,118.0,118.0,7.4,7.4,53.0,66.0,152.0,190.0,53.0,66.0,148.0,188.0,False,False
3362,,,,,,,,,,,,,,,,,,,,,,,,,,,,,44.0,,,,,,,2025,QB,0.0,0.0,,,73.0,,552.0,,69.0,,548.0,,False,False
10871,17.0,,,,,,,,,,,,,,,,14.0,23.0,132.0,,50.0,82.0,1.0,2.0,,,,375.0,1131.0,,,,,,,2025,TE,27.2,27.2,1.6,1.6,70.0,78.0,346.0,405.0,70.0,78.0,344.0,404.0,False,False
11435,17.0,,,,,,,,,125.0,496.0,3.0,6.0,244.0,24.0,9.0,15.0,17.0,99.0,,-34.0,133.0,1.0,2.0,1.0,,,298.0,1000.0,,,1.0,,,,2025,RB,94.5,94.5,5.6,5.6,49.0,64.0,180.0,238.0,49.0,64.0,178.0,237.0,False,False
12746,1.0,,,,,,,,,,,,,,,,,,,,,,,,,,,,66.0,,,,,,,2025,WR,0.0,0.0,0.0,0.0,221.0,220.0,552.0,548.0,221.0,220.0,548.0,545.0,False,False
3257,14.0,485.0,315.0,3366.0,23.0,8.0,43.0,1809.0,77.0,38.0,168.0,1.0,2.0,53.0,5.0,3.0,,,,,,,,,5.0,4.0,,757.0,1077.0,3.0,1.0,,,,,2025,QB,235.4,214.1,16.8,15.3,14.0,16.0,36.0,33.0,14.0,17.0,50.0,40.0,False,True
9758,14.0,423.0,273.0,3041.0,19.0,8.0,23.0,1676.0,48.0,48.0,209.0,1.0,,27.0,8.0,2.0,,,,,,,,,2.0,,,824.0,888.0,1.0,,,,,,2025,QB,210.5,187.7,15.0,13.4,21.0,23.0,60.0,51.0,21.0,23.0,76.0,65.0,False,True
10231,17.0,,,,,,,,,,,,,,,,30.0,37.0,301.0,,92.0,209.0,,4.0,1.0,1.0,,442.0,1077.0,,,,,,,2025,TE,58.1,58.1,3.4,3.4,48.0,53.0,255.0,318.0,48.0,53.0,254.0,314.0,False,False
4972,6.0,52.0,38.0,310.0,2.0,2.0,2.0,56.0,5.0,7.0,6.0,,,2.0,1.0,,,,,,,,,,1.0,1.0,,113.0,956.0,,,,,,,2025,QB,15.0,12.8,2.5,2.1,54.0,60.0,398.0,359.0,54.0,60.0,411.0,378.0,False,False
9227,,,,,,,,,,,,,,,,,,,,,,,,,,,,,,,,,,,,2025,RB,0.0,0.0,,,137.0,,552.0,,137.0,,548.0,,False,False
11113,,,,,,,,,,,,,,,,,,,,,,,,,,,,,,,,,,,,2025,TE,0.0,0.0,,,124.0,,552.0,,124.0,,548.0,,False,False
5970,12.0,,,,,,,,,7.0,15.0,1.0,,5.0,3.0,2.0,29.0,33.0,206.0,3.0,12.0,194.0,1.0,7.0,1.0,,,292.0,835.0,,,,,,,2025,WR,75.1,75.1,6.3,6.3,84.0,75.0,215.0,215.0,84.0,75.0,213.0,215.0,False,False
12892,,,,,,,,,,,,,,,,,,,,,,,,,,,,,,,,,,,,2025,WR,0.0,0.0,,,221.0,,552.0,,221.0,,548.0,,False,False
13075,16.0,,,,,,,,,,,,,,,,,,,,,,,,4.0,3.0,,17.0,934.0,,,,,,,2025,WR,-6.0,-6.0,-0.4,-0.4,337.0,252.0,835.0,633.0,337.0,252.0,835.0,631.0,False,False
11433,9.0,,,,,,,,,,,,,,,,6.0,11.0,48.0,1.0,22.0,26.0,3.0,2.0,,,,176.0,545.0,,,,,,,2025,TE,16.8,16.8,1.9,1.9,81.0,69.0,389.0,390.0,81.0,69.0,388.0,389.0,False,False
9502,,,,,,,,,,,,,,,,,,,,,,,,,,,,,,,,,,,,2025,WR,0.0,0.0,,,221.0,,552.0,,221.0,,548.0,,False,False
2307,11.0,227.0,139.0,1695.0,10.0,7.0,16.0,1056.0,27.0,50.0,297.0,1.0,,32.0,7.0,4.0,,,,,,,,,6.0,3.0,,510.0,941.0,,,,,,,2025,QB,123.5,109.6,11.2,10.0,31.0,37.0,143.0,113.0,32.0,36.0,161.0,132.0,False,False
11056,1.0,,,,,,,,,,,,,,,,2.0,2.0,20.0,,17.0,3.0,,,,,,,,,,,,,,2025,WR,4.0,4.0,4.0,4.0,202.0,111.0,484.0,287.0,202.0,111.0,482.0,284.0,False,False
1466,17.0,,,,,,,,,1.0,1.0,,,,1.0,,76.0,108.0,851.0,5.0,428.0,423.0,7.0,11.0,1.0,,,851.0,1049.0,,,,,,,2025,TE,191.2,191.2,11.2,11.2,3.0,9.0,71.0,113.0,3.0,9.0,70.0,108.0,True,True
12975,,,,,,,,,,,,,,,,,,,,,,,,,,,,,,,,,,,,2025,TE,0.0,0.0,,,124.0,,552.0,,124.0,,548.0,,False,False
11378,1.0,,,,,,,,,,,,,,,,,,,,,,,,,,,,116.0,,,,,,,2025,RB,0.0,0.0,0.0,0.0,137.0,136.0,552.0,548.0,137.0,136.0,548.0,545.0,False,False
6149,14.0,,,,,,,,,,,,,,,,37.0,63.0,538.0,1.0,340.0,198.0,5.0,6.0,1.0,1.0,,690.0,857.0,,,,,,,2025,WR,94.8,94.8,6.8,6.8,66.0,74.0,179.0,207.0,66.0,74.0,177.0,205.0,False,False
8214,1.0,,,,,,,,,,,,,,,,,,,,,,,,,,,,,,,,,,,2025,TE,0.0,0.0,0.0,0.0,124.0,123.0,552.0,548.0,124.0,123.0,548.0,545.0,False,False
4017,,,,,,,,,,,,,,,,,,,,,,,,,,,,,,,,,,,,2025,QB,0.0,0.0,,,73.0,,552.0,,69.0,,548.0,,False,False
4464,5.0,3.0,3.0,19.0,,,,4.0,1.0,12.0,-8.0,,,,,,,,,,,,,,,,,25.0,1089.0,,,,,,,2025,QB,-0.0,-0.4,-0.0,-0.1,73.0,72.0,552.0,548.0,110.0,72.0,824.0,621.0,False,False
13011,1.0,,,,,,,,,,,,,,,,,,,,,,,,,,,,56.0,,,,,,,2025,WR,0.0,0.0,0.0,0.0,221.0,220.0,552.0,548.0,221.0,220.0,548.0,545.0,False,False
8139,6.0,,,,,,,,,12.0,32.0,,,9.0,,1.0,4.0,6.0,24.0,,,24.0,,,,,,60.0,326.0,,,,,,,2025,RB,9.6,9.6,1.6,1.6,105.0,100.0,434.0,405.0,105.0,100.0,431.0,404.0,False,False
11588,4.0,,,,,,,,,43.0,193.0,,8.0,88.0,5.0,3.0,7.0,7.0,34.0,,-6.0,40.0,,,,,,69.0,197.0,,,1.0,,,,2025,RB,31.7,31.7,7.9,7.9,80.0,47.0,324.0,180.0,80.0,47.0,323.0,177.0,False,False
7809,1.0,,,,,,,,,,,,,,,,,,,,,,,,,,,,82.0,,,,,,,2025,RB,0.0,0.0,0.0,0.0,137.0,136.0,552.0,548.0,137.0,136.0,548.0,545.0,False,False
12510,3.0,,,,,,,,,3.0,4.0,,,3.0,,1.0,,,,,,,,,1.0,1.0,,3.0,284.0,,,,,,,2025,QB,-1.6,-1.6,-0.5,-0.5,116.0,81.0,831.0,634.0,114.0,79.0,829.0,632.0,False,False
2505,9.0,,,,,,,,,1.0,4.0,,,3.0,,,24.0,34.0,283.0,6.0,210.0,73.0,,7.0,,,,234.0,519.0,,,,,,,2025,TE,88.7,88.7,9.9,9.9,32.0,17.0,192.0,140.0,32.0,17.0,191.0,133.0,False,False
11963,,,,,,,,,,,,,,,,,,,,,,,,,,,,,,,,,,,,2025,RB,0.0,0.0,,,137.0,,552.0,,137.0,,548.0,,False,False
1426,17.0,,,,,,,,,,,,,,,,22.0,39.0,330.0,2.0,265.0,65.0,,3.0,,,,321.0,963.0,,,,,,,2025,WR,67.0,67.0,3.9,3.9,93.0,114.0,233.0,290.0,93.0,114.0,231.0,287.0,False,False
11034,6.0,,,,,,,,,,,,,,,,3.0,6.0,51.0,,32.0,19.0,1.0,,1.0,1.0,,96.0,302.0,,,,,,,2025,WR,6.1,6.1,1.0,1.0,190.0,186.0,462.0,451.0,190.0,186.0,460.0,449.0,False,False
12045,17.0,,,,,,,,,,,,,,,,1.0,2.0,,,,,1.0,,,,,216.0,1035.0,,,,,,,2025,TE,1.0,1.0,0.1,0.1,122.0,117.0,539.0,537.0,122.0,117.0,535.0,534.0,False,False
6451,2.0,,,,,,,,,,,,,,,,,,,,,,,,,,,14.0,131.0,,,,,,,2025,TE,0.0,0.0,0.0,0.0,124.0,123.0,552.0,548.0,124.0,123.0,548.0,545.0,False,False
8210,17.0,,,,,,,,,,,,,,,,56.0,79.0,560.0,2.0,218.0,342.0,4.0,5.0,,,,623.0,1002.0,,,,,,,2025,TE,124.0,124.0,7.3,7.3,21.0,28.0,141.0,192.0,21.0,28.0,139.0,190.0,False,False
6151,4.0,,,,,,,,,20.0,117.0,1.0,1.0,36.0,6.0,1.0,8.0,8.0,30.0,,-14.0,44.0,,1.0,1.0,1.0,,65.0,293.0,,,,,,,2025,RB,26.7,26.7,6.7,6.7,84.0,54.0,347.0,209.0,84.0,54.0,345.0,207.0,False,False
12670,10.0,,,,,,,,,,,,,,,,5.0,12.0,51.0,1.0,30.0,21.0,,1.0,,,,100.0,575.0,,,,,,,2025,WR,16.1,16.1,1.6,1.6,162.0,168.0,392.0,405.0,162.0,168.0,391.0,404.0,False,False
7943,1.0,,,,,,,,,,,,,,,,,,,,,,,,,,,7.0,64.0,,,,,,,2025,TE,0.0,0.0,0.0,0.0,124.0,123.0,552.0,548.0,124.0,123.0,548.0,545.0,False,False
13034,,,,,,,,,,,,,,,,,,,,,,,,,,,,,,,,,,,,2025,WR,0.0,0.0,,,221.0,,552.0,,221.0,,548.0,,False,False
11256,3.0,4.0,3.0,47.0,,,,8.0,,2.0,7.0,,,,,1.0,,,,,,,,,1.0,,,14.0,1033.0,,,,,,,2025,QB,2.6,1.6,0.9,0.5,65.0,65.0,510.0,458.0,64.0,65.0,523.0,491.0,False,False
5086,10.0,,,,,,,,,,,,,,,,14.0,29.0,120.0,1.0,92.0,28.0,,5.0,1.0,,,276.0,625.0,,,,,,,2025,WR,32.0,32.0,3.2,3.2,131.0,132.0,321.0,329.0,131.0,132.0,320.0,324.0,False,False
11568,,,,,,,,,,,,,,,,,,,,,,,,,,,,,,,,,,,,2025,RB,0.0,0.0,,,137.0,,552.0,,137.0,,548.0,,False,False
12851,,,,,,,,,,,,,,,,,,,,,,,,,,,,,,,,,,,,2025,TE,0.0,0.0,,,124.0,,552.0,,124.0,,548.0,,False,False
11911,1.0,,,,,,,,,,,,,,,,,,,,,,,,,,,,,,,,,,,2025,WR,0.0,0.0,0.0,0.0,221.0,220.0,552.0,548.0,221.0,220.0,548.0,545.0,False,False
9499,,,,,,,,,,,,,,,,,,,,,,,,,,,,,,,,,,,,2025,WR,0.0,0.0,,,221.0,,552.0,,221.0,,548.0,,False,False
7865,2.0,,,,,,,,,,,,,,,,,,,,,,,,,,,,57.0,,,,,,,2025,WR,0.0,0.0,0.0,0.0,221.0,220.0,552.0,548.0,221.0,220.0,548.0,545.0,False,False
5850,15.0,,,,,,,,,234.0,929.0,13.0,16.0,470.0,48.0,19.0,36.0,44.0,282.0,1.0,-22.0,304.0,1.0,6.0,3.0,2.0,,554.0,934.0,,,,,,,2025,RB,237.1,237.1,15.8,15.8,13.0,9.0,34.0,38.0,13.0,9.0,33.0,33.0,True,True
9753,16.0,,,,,,,,,184.0,730.0,12.0,14.0,305.0,50.0,20.0,20.0,24.0,144.0,,21.0,123.0,1.0,3.0,,,,489.0,1007.0,,,1.0,,,,2025,RB,181.4,181.4,11.3,11.3,24.0,28.0,83.0,110.0,24.0,28.0,82.0,104.0,True,True
12267,,,,,,,,,,,,,,,,,,,,,,,,,,,,,,,,,,,,2025,WR,0.0,0.0,,,221.0,,552.0,,221.0,,548.0,,False,False
11065,1.0,,,,,,,,,1.0,-1.0,,,,,,,,,,,,,,,,,1.0,603.0,,,,,,,2025,QB,-0.1,-0.1,-0.1,-0.1,110.0,76.0,822.0,625.0,106.0,72.0,818.0,621.0,False,False
5880,1.0,,,,,,,,,,,,,,,,,,,,,,,,,,,2.0,55.0,,,,,,,2025,WR,0.0,0.0,0.0,0.0,221.0,220.0,552.0,548.0,221.0,220.0,548.0,545.0,False,False
4314,16.0,,,,,,,,,,,,,,,,9.0,19.0,111.0,,35.0,76.0,3.0,1.0,,,,370.0,1025.0,,,,,,,2025,TE,20.1,20.1,1.3,1.3,76.0,84.0,375.0,426.0,76.0,84.0,373.0,427.0,False,False
7527,11.0,289.0,201.0,2151.0,13.0,6.0,16.0,1194.0,37.0,36.0,60.0,,1.0,18.0,3.0,1.0,,,,,,,,,4.0,2.0,,546.0,1123.0,3.0,,,,,,2025,QB,134.0,117.0,12.2,10.6,29.0,33.0,124.0,92.0,30.0,33.0,150.0,119.0,False,False
9505,,,,,,,,,,,,,,,,,,,,,,,,,,,,,,,,,,,,2025,RB,0.0,0.0,,,137.0,,552.0,,137.0,,548.0,,False,False
6126,,,,,,,,,,,,,,,,,,,,,,,,,,,,,,,,,,,,2025,TE,0.0,0.0,,,124.0,,552.0,,124.0,,548.0,,False,False
7082,,,,,,,,,,,,,,,,,,,,,,,,,,,,,,,,,,,,2025,TE,0.0,0.0,,,124.0,,552.0,,124.0,,548.0,,False,False
11604,12.0,,,,,,,,,2.0,2.0,,,3.0,,1.0,64.0,86.0,680.0,7.0,375.0,305.0,4.0,16.0,,,,605.0,708.0,,,,,2.0,,2025,TE,178.2,178.2,14.8,14.8,10.0,4.0,87.0,53.0,10.0,4.0,85.0,47.0,True,True
12826,1.0,,,,,,,,,1.0,,,,,,,,,,,,,,,,,,2.0,144.0,,,,,,,2025,RB,0.0,0.0,0.0,0.0,137.0,136.0,552.0,548.0,137.0,136.0,548.0,545.0,False,False
11566,7.0,188.0,114.0,1262.0,8.0,3.0,18.0,685.0,21.0,58.0,278.0,2.0,4.0,111.0,6.0,4.0,,,,,,,,,3.0,2.0,,405.0,447.0,,,,,,,2025,QB,112.3,103.0,16.0,14.7,34.0,18.0,161.0,36.0,33.0,18.0,164.0,50.0,False,False
6588,6.0,,,,,,,,,,,,,,,,4.0,4.0,36.0,,32.0,4.0,,,,,,47.0,327.0,,,,,,,2025,WR,7.6,7.6,1.3,1.3,184.0,177.0,448.0,426.0,184.0,177.0,447.0,427.0,False,False
9495,,,,,,,,,,,,,,,,,,,,,,,,,,,,,,,,,,,,2025,WR,0.0,0.0,,,221.0,,552.0,,221.0,,548.0,,False,False
10860,1.0,,,,,,,,,1.0,1.0,,,1.0,,,,,,,,,,,,,,1.0,62.0,,,,,,,2025,WR,0.1,0.1,0.1,0.1,220.0,218.0,550.0,537.0,220.0,218.0,547.0,534.0,False,False
8176,,,,,,,,,,,,,,,,,,,,,,,,,,,,,,,,,,,,2025,WR,0.0,0.0,,,221.0,,552.0,,221.0,,548.0,,False,False
5001,17.0,,,,,,,,,,,,,,,,82.0,106.0,777.0,3.0,419.0,358.0,2.0,11.0,1.0,,,789.0,1092.0,,,,,,,2025,TE,177.7,177.7,10.5,10.5,11.0,15.0,88.0,132.0,11.0,15.0,86.0,122.0,True,True
11643,10.0,,,,,,,,,70.0,288.0,2.0,4.0,166.0,12.0,10.0,5.0,9.0,44.0,,-16.0,60.0,1.0,,2.0,1.0,,101.0,708.0,,,1.0,,,,2025,RB,50.2,50.2,5.0,5.0,69.0,68.0,273.0,255.0,69.0,68.0,271.0,253.0,False,False
12658,17.0,,,,,,,,,,,,,,,,16.0,19.0,187.0,3.0,96.0,91.0,2.0,3.0,,,,465.0,1057.0,,,,,,,2025,TE,52.7,52.7,3.1,3.1,51.0,57.0,268.0,338.0,51.0,57.0,267.0,332.0,False,False
5806,,,,,,,,,,,,,,,,,,,,,,,,,,,,,106.0,,,,,,,2025,QB,0.0,0.0,,,73.0,,552.0,,69.0,,548.0,,False,False
12788,,,,,,,,,,,,,,,,,,,,,,,,,,,,,63.0,,,,,,,2025,WR,0.0,0.0,,,221.0,,552.0,,221.0,,548.0,,False,False
11506,3.0,,,,,,,,,,,,,,,,,,,,,,,,1.0,,,7.0,184.0,,,,,,,2025,WR,0.0,0.0,0.0,0.0,221.0,220.0,552.0,548.0,221.0,220.0,548.0,545.0,False,False
12797,,,,,,,,,,,,,,,,,,,,,,,,,,,,,,,,,,,,2025,RB,0.0,0.0,,,137.0,,552.0,,137.0,,548.0,,False,False
5374,3.0,,,,,,,,,,,,,,,,3.0,4.0,30.0,,16.0,14.0,,1.0,,,,55.0,112.0,,,,,,,2025,WR,6.0,6.0,2.0,2.0,192.0,162.0,464.0,386.0,192.0,162.0,462.0,385.0,False,False
11619,,,,,,,,,,,,,,,,,,,,,,,,,,,,,,,,,,,,2025,WR,0.0,0.0,,,221.0,,552.0,,221.0,,548.0,,False,False
9756,14.0,,,,,,,,,2.0,81.0,1.0,1.0,16.0,,,42.0,79.0,610.0,3.0,477.0,133.0,6.0,13.0,,,,652.0,771.0,,,,,2.0,,2025,WR,139.1,139.1,9.9,9.9,42.0,48.0,117.0,140.0,42.0,48.0,115.0,133.0,False,False
4033,12.0,,,,,,,,,,,,,,,,33.0,48.0,293.0,4.0,133.0,160.0,1.0,8.0,,,,514.0,799.0,,,,,,,2025,TE,86.3,86.3,7.2,7.2,34.0,29.0,201.0,196.0,34.0,29.0,199.0,193.0,False,False
12799,,,,,,,,,,,,,,,,,,,,,,,,,,,,,,,,,,,,2025,WR,0.0,0.0,,,221.0,,552.0,,221.0,,548.0,,False,False
5849,5.0,161.0,110.0,962.0,6.0,3.0,16.0,417.0,20.0,29.0,173.0,1.0,2.0,43.0,3.0,3.0,,,,,,,,,1.0,1.0,,318.0,321.0,,,,,,,2025,QB,77.8,70.5,15.6,14.1,38.0,21.0,211.0,41.0,38.0,21.0,224.0,57.0,False,False
5409,15.0,,,,,,,,,,,,,,,,19.0,24.0,168.0,2.0,85.0,83.0,,6.0,,,,142.0,911.0,,,,,,,2025,TE,47.8,47.8,3.2,3.2,55.0,55.0,287.0,329.0,55.0,56.0,285.0,324.0,False,False
12889,9.0,,,,,,,,,,,,,,,,2.0,6.0,25.0,,19.0,6.0,,1.0,,,,84.0,602.0,,,,,,,2025,WR,4.5,4.5,0.5,0.5,199.0,206.0,479.0,495.0,199.0,206.0,478.0,491.0,False,False
7233,5.0,,,,,,,,,,,,,,,,2.0,4.0,8.0,,1.0,7.0,1.0,2.0,,,,92.0,350.0,,,,,,,2025,WR,2.8,2.8,0.6,0.6,210.0,201.0,505.0,483.0,210.0,201.0,501.0,479.0,False,False
6960,12.0,,,,,,,,,,,,,,,,12.0,18.0,197.0,1.0,133.0,64.0,2.0,1.0,,,,292.0,751.0,,,,,,,2025,WR,37.7,37.7,3.1,3.1,123.0,137.0,302.0,338.0,123.0,137.0,301.0,332.0,False,False
11068,17.0,,,,,,,,,,,,,,,,8.0,24.0,116.0,2.0,100.0,16.0,2.0,5.0,,,,280.0,1043.0,,,,,,,2025,WR,31.6,31.6,1.9,1.9,133.0,164.0,326.0,390.0,133.0,164.0,324.0,389.0,False,False
6819,17.0,,,,,,,,,,,,,,,,80.0,111.0,784.0,7.0,525.0,259.0,5.0,12.0,,,,860.0,1007.0,,,,,1.0,,2025,WR,202.4,202.4,11.9,11.9,22.0,32.0,66.0,97.0,22.0,32.0,65.0,94.0,True,True
11575,17.0,,,,,,,,,58.0,275.0,,1.0,51.0,7.0,6.0,10.0,13.0,86.0,2.0,-13.0,99.0,2.0,4.0,,,1.0,120.0,1057.0,,,1.0,,,,2025,RB,66.1,66.1,3.9,3.9,60.0,78.0,237.0,290.0,60.0,78.0,234.0,287.0,False,False
11245,,,,,,,,,,,,,,,,,,,,,,,,,,,,,76.0,,,,,,,2025,TE,0.0,0.0,,,124.0,,552.0,,124.0,,548.0,,False,False
7002,17.0,,,,,,,,,,,,,,,,77.0,102.0,889.0,3.0,527.0,362.0,6.0,8.0,2.0,2.0,,799.0,1056.0,,,,,,,2025,TE,179.9,179.9,10.6,10.6,9.0,13.0,85.0,128.0,9.0,13.0,84.0,119.0,True,True
12485,16.0,,,,,,,,,7.0,22.0,,,2.0,1.0,2.0,28.0,44.0,322.0,5.0,212.0,110.0,2.0,4.0,,,,495.0,1054.0,,,,,,,2025,WR,92.4,92.4,5.8,5.8,69.0,83.0,186.0,230.0,69.0,83.0,184.0,230.0,False,False
8885,10.0,,,,,,,,,,,,,,,,2.0,4.0,19.0,,-2.0,21.0,1.0,,,,,233.0,682.0,,,,,,,2025,TE,3.9,3.9,0.4,0.4,102.0,108.0,489.0,504.0,102.0,108.0,487.0,500.0,False,False
12738,1.0,,,,,,,,,5.0,18.0,1.0,,,1.0,,2.0,2.0,11.0,,-11.0,22.0,,,,,,,,,,,,,,2025,RB,10.9,10.9,10.9,10.9,101.0,32.0,426.0,121.0,101.0,32.0,423.0,113.0,False,False
5846,15.0,,,,,,,,,2.0,12.0,1.0,,2.0,1.0,,59.0,99.0,850.0,6.0,436.0,414.0,5.0,13.0,,,,776.0,890.0,,,,,2.0,,2025,WR,191.2,191.2,12.7,12.7,25.0,24.0,71.0,81.0,25.0,24.0,70.0,75.0,True,True
8155,16.0,1.0,1.0,4.0,1.0,,,4.0,1.0,243.0,1065.0,4.0,12.0,447.0,21.0,33.0,36.0,48.0,350.0,1.0,29.0,321.0,2.0,8.0,2.0,2.0,,640.0,999.0,,,4.0,,,,2025,RB,215.7,217.6,13.5,13.6,19.0,20.0,54.0,71.0,19.0,20.0,48.0,63.0,True,True
12935,1.0,,,,,,,,,,,,,,,,2.0,2.0,15.0,,15.0,,,,,,,,,,,,,,,2025,WR,3.5,3.5,3.5,3.5,205.0,123.0,495.0,314.0,205.0,123.0,492.0,310.0,False,False
7716,15.0,,,,,,,,,,,,,,,,11.0,16.0,103.0,1.0,35.0,68.0,1.0,2.0,,,,438.0,870.0,,,,,,,2025,TE,27.3,27.3,1.8,1.8,69.0,72.0,345.0,397.0,69.0,72.0,343.0,396.0,False,False
6806,10.0,,,,,,,,,153.0,772.0,4.0,9.0,374.0,19.0,9.0,11.0,14.0,37.0,,-19.0,56.0,1.0,,,,,340.0,669.0,,,2.0,,,,2025,RB,119.9,119.9,12.0,12.0,42.0,26.0,150.0,96.0,42.0,26.0,146.0,90.0,False,False
6813,17.0,,,,,,,,,323.0,1585.0,18.0,26.0,771.0,70.0,28.0,46.0,55.0,378.0,2.0,-56.0,434.0,4.0,4.0,2.0,1.0,,849.0,1007.0,,,4.0,1.0,,,2025,RB,372.3,372.3,21.9,21.9,4.0,4.0,6.0,6.0,4.0,4.0,6.0,6.0,True,True
11564,17.0,492.0,354.0,4394.0,31.0,8.0,47.0,2648.0,72.0,103.0,450.0,4.0,1.0,99.0,19.0,1.0,1.0,1.0,2.0,,-8.0,10.0,,,8.0,3.0,,1005.0,1035.0,1.0,,,,,,2025,QB,350.0,324.1,20.6,19.1,3.0,3.0,9.0,10.0,3.0,4.0,12.0,13.0,True,True
6828,7.0,,,,,,,,,12.0,60.0,,2.0,32.0,2.0,,3.0,3.0,21.0,,12.0,9.0,,1.0,1.0,1.0,,48.0,422.0,,,,,,,2025,RB,9.1,9.1,1.3,1.3,108.0,106.0,439.0,426.0,108.0,107.0,435.0,427.0,False,False
11415,,,,,,,,,,,,,,,,,,,,,,,,,,,,,,,,,,,,2025,TE,0.0,0.0,,,124.0,,552.0,,124.0,,548.0,,False,False
11820,13.0,,,,,,,,,,,,,,,,1.0,1.0,6.0,1.0,6.0,,,1.0,,,,56.0,860.0,,,,,,,2025,TE,7.6,7.6,0.6,0.6,94.0,100.0,448.0,483.0,94.0,100.0,447.0,479.0,False,False
7588,16.0,,,,,,,,,252.0,1201.0,11.0,25.0,627.0,51.0,13.0,35.0,51.0,137.0,2.0,-69.0,206.0,,12.0,2.0,2.0,,769.0,1131.0,,,2.0,,,,2025,RB,246.8,246.8,15.4,15.4,12.0,12.0,32.0,43.0,12.0,12.0,32.0,38.0,True,True
5000,3.0,,,,,,,,,,,,,,,,,,,,,,,,,,,1.0,172.0,,,,,,,2025,RB,0.0,0.0,0.0,0.0,137.0,136.0,552.0,548.0,137.0,136.0,548.0,545.0,False,False
11599,9.0,,,,,,,,,4.0,3.0,,,3.0,3.0,,12.0,16.0,76.0,,24.0,52.0,1.0,3.0,,,,230.0,535.0,,,,,,,2025,TE,19.9,19.9,2.2,2.2,77.0,65.0,377.0,374.0,77.0,65.0,375.0,371.0,False,False
8188,14.0,,,,,,,,,,,,,,,,19.0,37.0,438.0,3.0,379.0,59.0,3.0,4.0,,,,368.0,961.0,,,,,,,2025,WR,80.8,80.8,5.8,5.8,81.0,83.0,209.0,230.0,81.0,83.0,208.0,230.0,False,False
2334,,,,,,,,,,,,,,,,,,,,,,,,,,,,,,,,,,,,2025,WR,0.0,0.0,,,221.0,,552.0,,221.0,,548.0,,False,False
6865,15.0,,,,,,,,,,,,,,,,43.0,56.0,408.0,8.0,137.0,271.0,1.0,20.0,1.0,1.0,,558.0,946.0,,,,,,,2025,TE,129.8,129.8,8.7,8.7,18.0,21.0,131.0,161.0,18.0,21.0,128.0,160.0,False,False
12515,,,,,,,,,,,,,,,,,,,,,,,,,,,,,,,,,,,,2025,RB,0.0,0.0,,,137.0,,552.0,,137.0,,548.0,,False,False
6233,,,,,,,,,,,,,,,,,,,,,,,,,,,,,,,,,,,,2025,TE,0.0,0.0,,,124.0,,552.0,,124.0,,548.0,,False,False
10216,,,,,,,,,,,,,,,,,,,,,,,,,,,,,,,,,,,,2025,RB,0.0,0.0,,,137.0,,552.0,,137.0,,548.0,,False,False
12505,7.0,,,,,,,,,,,,,,,,2.0,3.0,4.0,,,4.0,,,,,,43.0,503.0,,,,,,,2025,WR,2.4,2.4,0.3,0.3,214.0,212.0,515.0,517.0,214.0,212.0,511.0,513.0,False,False
12501,14.0,,,,,,,,,10.0,49.0,,1.0,22.0,2.0,,29.0,44.0,361.0,,260.0,101.0,,2.0,,,,401.0,803.0,,,,,,,2025,WR,70.0,70.0,5.0,5.0,88.0,97.0,227.0,255.0,88.0,97.0,225.0,253.0,False,False
4234,4.0,,,,,,,,,,,,,,,,5.0,10.0,83.0,,72.0,11.0,,2.0,,,,102.0,252.0,,,,,,,2025,WR,13.3,13.3,3.3,3.3,172.0,130.0,408.0,325.0,172.0,130.0,405.0,319.0,False,False
5854,1.0,22.0,16.0,187.0,1.0,,1.0,85.0,3.0,2.0,13.0,,,,1.0,,,,,,,,,,,,,,,,,,,,,2026,QB,12.8,11.0,12.8,11.0,1.0,1.0,3.0,3.0,1.0,1.0,3.0,3.0,True,True
4943,1.0,2.0,1.0,13.0,,,1.0,11.0,,,,,,,,,,,,,,,,,,,,,,,,,,,,2026,QB,0.5,0.3,0.5,0.3,3.0,3.0,18.0,18.0,3.0,3.0,18.0,18.0,True,True
9488,1.0,,,,,,,,,,,,,,,,8.0,11.0,122.0,1.0,60.0,62.0,,3.0,,,,,,,,,,1.0,,2026,WR,28.2,28.2,28.2,28.2,1.0,1.0,1.0,1.0,1.0,1.0,1.0,1.0,True,True
13047,,,,,,,,,,,,,,,,,,,,,,,,,,,,,,,,,,,,2026,RB,0.0,0.0,,,8.0,,20.0,,8.0,,20.0,,True,True
13421,1.0,,,,,,,,,,,,,,,,1.0,1.0,2.0,1.0,2.0,,,1.0,,,,,,,,,,,,2026,TE,7.2,7.2,7.2,7.2,1.0,1.0,7.0,7.0,1.0,1.0,7.0,7.0,True,True
12491,1.0,,,,,,,,,6.0,11.0,,,,,1.0,,,,,,,,,,,,,,,,,,,,2026,RB,1.1,1.1,1.1,1.1,6.0,6.0,17.0,17.0,6.0,6.0,17.0,17.0,True,True
12475,,,,,,,,,,,,,,,,,,,,,,,,,,,,,,,,,,,,2026,WR,0.0,0.0,,,7.0,,20.0,,7.0,,20.0,,True,True
11280,1.0,,,,,,,,,,,,,,,,2.0,2.0,20.0,,6.0,14.0,,,,,,,,,,,,,,2026,RB,4.0,4.0,4.0,4.0,3.0,3.0,12.0,12.0,3.0,3.0,12.0,12.0,True,True
10867,,,,,,,,,,,,,,,,,,,,,,,,,,,,,,,,,,,,2026,WR,0.0,0.0,,,7.0,,20.0,,7.0,,20.0,,True,True
13964,,,,,,,,,,,,,,,,,,,,,,,,,,,,,,,,,,,,2026,RB,0.0,0.0,,,8.0,,20.0,,8.0,,20.0,,True,True
9501,1.0,,,,,,,,,,,,,,,,5.0,7.0,20.0,,-1.0,21.0,,,,,,,,,,,,,,2026,WR,7.0,7.0,7.0,7.0,3.0,3.0,8.0,8.0,3.0,3.0,8.0,8.0,True,True
13199,1.0,,,,,,,,,,,,,,,,,,,,,,,,,,,,,,,,,,,2026,WR,0.0,0.0,0.0,0.0,7.0,7.0,20.0,20.0,7.0,7.0,20.0,20.0,True,True
8223,1.0,,,,,,,,,,,,,,,,,,,,,,,,,,,,,,,,,,,2026,WR,0.0,0.0,0.0,0.0,7.0,7.0,20.0,20.0,7.0,7.0,20.0,20.0,True,True
8861,,,,,,,,,,,,,,,,,,,,,,,,,,,,,,,,,,,,2026,WR,0.0,0.0,,,7.0,,20.0,,7.0,,20.0,,True,True
12656,,,,,,,,,,,,,,,,,,,,,,,,,,,,,,,,,,,,2026,RB,0.0,0.0,,,8.0,,20.0,,8.0,,20.0,,True,True
5859,1.0,,,,,,,,,,,,,,,,3.0,4.0,26.0,,12.0,14.0,,,,,,,,,,,,,,2026,WR,5.6,5.6,5.6,5.6,4.0,4.0,9.0,9.0,4.0,4.0,9.0,9.0,True,True
12048,1.0,,,,,,,,,8.0,29.0,,,,2.0,,,1.0,,,,,,,,,,,,,,,,,,2026,RB,2.9,2.9,2.9,2.9,4.0,4.0,14.0,14.0,4.0,4.0,14.0,14.0,True,True
13286,1.0,,,,,,,,,10.0,52.0,,,,,1.0,2.0,2.0,6.0,,-1.0,7.0,,,,,,,,,,,,,,2026,RB,7.8,7.8,7.8,7.8,2.0,2.0,6.0,6.0,2.0,2.0,6.0,6.0,True,True
3214,1.0,,,,,,,,,,,,,,,,3.0,3.0,26.0,,12.0,14.0,,,,,,,,,,,,,,2026,TE,5.6,5.6,5.6,5.6,2.0,2.0,9.0,9.0,2.0,2.0,9.0,9.0,True,True
8676,1.0,,,,,,,,,,,,,,,,1.0,3.0,4.0,,2.0,2.0,,,,,,,,,,,,,,2026,WR,1.4,1.4,1.4,1.4,6.0,6.0,16.0,16.0,6.0,6.0,16.0,16.0,True,True
4189,1.0,,,,,,,,,,,,,,,,,,,,,,,,,,,,,,,,,,,2026,TE,0.0,0.0,0.0,0.0,4.0,4.0,20.0,20.0,4.0,4.0,20.0,20.0,True,True
13830,,,,,,,,,,,,,,,,,,,,,,,,,,,,,,,,,,,,2026,WR,0.0,0.0,,,7.0,,20.0,,7.0,,20.0,,True,True
11292,,,,,,,,,,,,,,,,,,,,,,,,,,,,,,,,,,,,2026,QB,0.0,0.0,,,4.0,,20.0,,4.0,,20.0,,True,True
4177,1.0,,,,,,,,,,,,,,,,4.0,5.0,51.0,,46.0,5.0,,1.0,,,,,,,,,,,,2026,WR,9.1,9.1,9.1,9.1,2.0,2.0,5.0,5.0,2.0,2.0,4.0,4.0,True,True
11371,,,,,,,,,,,,,,,,,,,,,,,,,,,,,,,,,,,,2026,TE,0.0,0.0,,,4.0,,20.0,,4.0,,20.0,,True,True
12151,,,,,,,,,,,,,,,,,,,,,,,,,,,,,,,,,,,,2026,WR,0.0,0.0,,,7.0,,20.0,,7.0,,20.0,,True,True
4039,1.0,,,,,,,,,,,,,,,,2.0,3.0,35.0,,30.0,5.0,,,,,,,,,,,,,,2026,WR,5.5,5.5,5.5,5.5,5.0,5.0,11.0,11.0,5.0,5.0,11.0,11.0,True,True
13313,,,,,,,,,,,,,,,,,,,,,,,,,,,,,,,,,,,,2026,WR,0.0,0.0,,,7.0,,20.0,,7.0,,20.0,,True,True
10210,1.0,,,,,,,,,,,,,,,,,,,,,,,,,,,,,,,,,,,2026,TE,0.0,0.0,0.0,0.0,4.0,4.0,20.0,20.0,4.0,4.0,20.0,20.0,True,True
7204,1.0,,,,,,,,,,,,,,,,,,,,,,,,,,,,,,,,,,,2026,RB,0.0,0.0,0.0,0.0,8.0,8.0,20.0,20.0,8.0,8.0,20.0,20.0,True,True
12969,1.0,,,,,,,,,,,,,,,,2.0,2.0,9.0,,-3.0,12.0,,,,,,,,,,,,,,2026,RB,2.9,2.9,2.9,2.9,4.0,4.0,14.0,14.0,4.0,4.0,14.0,14.0,True,True
13124,,,,,,,,,,,,,,,,,,,,,,,,,,,,,,,,,,,,2026,WR,0.0,0.0,,,7.0,,20.0,,7.0,,20.0,,True,True
13962,,,,,,,,,,,,,,,,,,,,,,,,,,,,,,,,,,,,2026,WR,0.0,0.0,,,7.0,,20.0,,7.0,,20.0,,True,True
11603,1.0,,,,,,,,,,,,,,,,2.0,2.0,13.0,,-1.0,14.0,,,,,,,,,,,,,,2026,TE,3.3,3.3,3.3,3.3,3.0,3.0,13.0,13.0,3.0,3.0,13.0,13.0,True,True
7611,1.0,,,,,,,,,18.0,51.0,,,,,4.0,5.0,6.0,44.0,,-1.0,45.0,,,,,,,,,,,,,,2026,RB,14.5,14.5,14.5,14.5,1.0,1.0,2.0,2.0,1.0,1.0,2.0,2.0,True,True
12547,1.0,,,,,,,,,,,,,,,,,,,,,,,,,,,,,,,,,,,2026,WR,0.0,0.0,0.0,0.0,7.0,7.0,20.0,20.0,7.0,7.0,20.0,20.0,True,True
8121,1.0,,,,,,,,,,,,,,,,,3.0,,,,,,,,,,,,,,,,,,2026,WR,0.0,0.0,0.0,0.0,7.0,7.0,20.0,20.0,7.0,7.0,20.0,20.0,True,True
8123,,,,,,,,,,,,,,,,,,,,,,,,,,,,,,,,,,,,2026,RB,0.0,0.0,,,8.0,,20.0,,8.0,,20.0,,True,True
12521,1.0,,,,,,,,,,,,,,,,,,,,,,,,,,,,,,,,,,,2026,TE,0.0,0.0,0.0,0.0,4.0,4.0,20.0,20.0,4.0,4.0,20.0,20.0,True,True
8041,,,,,,,,,,,,,,,,,,,,,,,,,,,,,,,,,,,,2026,TE,0.0,0.0,,,4.0,,20.0,,4.0,,20.0,,True,True
11435,1.0,,,,,,,,,2.0,3.0,,,,,,,,,,,,,,,,,,,,,,,,,2026,RB,0.3,0.3,0.3,0.3,7.0,7.0,19.0,19.0,7.0,7.0,18.0,18.0,True,True
9753,,,,,,,,,,,,,,,,,,,,,,,,,,,,,,,,,,,,2026,RB,0.0,0.0,,,8.0,,20.0,,8.0,,20.0,,True,True
13827,1.0,,,,,,,,,,,,,,,,,,,,,,,,,,,,,,,,,,,2026,TE,0.0,0.0,0.0,0.0,4.0,4.0,20.0,20.0,4.0,4.0,20.0,20.0,True,True
11564,1.0,33.0,23.0,178.0,1.0,3.0,3.0,67.0,2.0,7.0,47.0,,,,,,,,,,,,,,,,,,,,,,,,,2026,QB,9.8,8.3,9.8,8.3,2.0,2.0,4.0,4.0,2.0,2.0,5.0,5.0,True,True
