player_id,full_name,position,team,number,college,years_exp,birth_date,age,height,weight,depth_chart_order,injury_status,injury_body_part,stats_id,fantasy_data_id
6462,Ellis Richardson,TE,,45.0,Georgia Southern,3.0,1995-02-12,26.0,75,245,,,,887183.0,21427.0
7926,Carl Tucker,TE,,0.0,Alabama,1.0,1997-02-06,24.0,74,250,,,,,
1408,Le'Veon Bell,RB,TB,6.0,Michigan State,9.0,1992-02-18,29.0,73,225,,,,543654.0,14967.0
8074,Matt Seybert,TE,,41.0,Michigan State,1.0,1997-05-02,24.0,76,252,,,,,
7918,A.J. Rose,RB,,24.0,Kentucky,1.0,1997-10-14,24.0,73,212,,,,,
5428,Ricky Jeune,WR,,2.0,Georgia Tech,4.0,1993-12-03,28.0,75,212,,,,748570.0,20526.0
13221,Brett Gabbert,QB,,,Miami (OH),0.0,2000-08-04,25.0,72,206,,,,,
11522,Jerome Kapp,WR,,31.0,Kutztown,1.0,1999-04-07,24.0,75,210,,,,,
2474,Nick Boyle,TE,,86.0,Delaware,8.0,1993-02-17,29.0,76,261,,,,608753.0,16931.0
8809,Aaron Shampklin,RB,,48.0,Harvard,3.0,1999-10-18,25.0,70,195,,,,,
9487,Parker Washington,WR,JAX,11.0,Penn State,3.0,2002-03-21,24.0,70,204,2.0,,,,24143.0
3342,Jakeem Grant,WR,,84.0,Texas Tech,8.0,1992-10-30,32.0,67,172,,,,605325.0,18103.0
1684,Jaron Brown,WR,,18.0,Clemson,9.0,1990-01-08,32.0,75,205,,,,463514.0,15509.0
6918,Salvon Ahmed,RB,CHI,36.0,Washington,6.0,1998-12-30,27.0,71,196,5.0,,,,21843.0
6137,Tommy Sweeney,TE,,87.0,Boston College,6.0,1995-07-01,29.0,77,255,,,,836094.0,20957.0
3561,Bryce Williams,TE,,80.0,East Carolina,6.0,1993-02-24,28.0,78,258,,,,609814.0,18334.0
6786,CeeDee Lamb,WR,DAL,88.0,Oklahoma,6.0,1999-04-08,27.0,74,198,1.0,,,,21679.0
5038,Michael Gallup,WR,,12.0,Colorado State,7.0,1996-03-04,29.0,73,198,,,,912070.0,19867.0
11584,Bucky Irving,RB,TB,7.0,Oregon,2.0,2002-08-19,23.0,70,195,1.0,Questionable,Shoulder,,24967.0
11649,Kendall Milton,RB,CIN,36.0,Georgia,2.0,2002-02-10,24.0,73,230,5.0,,,,23213.0
6783,Jerry Jeudy,WR,CLE,3.0,Alabama,6.0,1999-04-24,27.0,73,195,3.0,Questionable,Hamstring,,21692.0
13600,Tyren Montgomery,WR,TEN,19.0,John Carroll,0.0,,,71,204,,,,,26980.0
11616,Jacob Cowing,WR,SF,19.0,Arizona,2.0,2001-02-04,25.0,69,171,8.0,,,,24981.0
5965,Miles Boykin,WR,,80.0,Notre Dame,6.0,1996-10-12,29.0,75,231,,,,884553.0,21037.0
13064,Dorian Singer,WR,,,Utah,1.0,2002-10-16,23.0,72,181,,,,,
4992,Dante Pettis,WR,,11.0,Washington,8.0,1995-10-23,30.0,73,195,,,,837820.0,19854.0
11155,Christian Sims,TE,,46.0,Bowling Green,1.0,2001-02-15,22.0,74,243,,,,,
9504,Kayshon Boutte,WR,NE,9.0,LSU,3.0,2002-05-07,24.0,71,203,3.0,,,,23121.0
4828,Rashard Davis,WR,,6.0,James Madison,5.0,1995-09-14,26.0,69,180,,,,750368.0,19732.0
4396,Drew Morgan,WR,,81.0,Arkansas,5.0,1994-12-02,27.0,72,187,,,,744431.0,19255.0
4038,John Ross,WR,,38.0,Washington,7.0,1995-11-27,29.0,71,190,,,,747906.0,18881.0
12507,Omarion Hampton,RB,LAC,8.0,North Carolina,1.0,2003-03-16,23.0,72,220,1.0,,,,25956.0
11439,Jaleel McLaughlin,RB,DEN,38.0,Youngstown State,3.0,2000-09-13,25.0,67,187,5.0,,,,24311.0
11282,Johnny King,WR,,43.0,Southeast Missouri State,1.0,1999-09-29,23.0,77,209,,,,,
3730,Tevin Jones,WR,,0.0,Memphis,6.0,1992-12-26,29.0,74,225,,,,614302.0,18540.0
13302,Adam Randall,RB,BAL,23.0,Clemson,0.0,2004-07-14,22.0,75,232,3.0,,,,26737.0
5718,Ryan Yurachek,TE,,42.0,Marshall,4.0,1996-08-27,25.0,72,239,,,,843755.0,20632.0
3916,David Watford,WR,,14.0,Hampton,6.0,1993-06-16,28.0,74,212,,,,596437.0,18743.0
5530,Evan Berry,WR,,0.0,Tennessee,4.0,1995-11-04,26.0,71,205,,,,829985.0,20120.0
11445,Taylor Grimes,WR,,13.0,Incarnate Word,1.0,2000-03-26,23.0,71,188,,,,,
5619,Dalyn Dawkins,RB,,28.0,Colorado State,4.0,1994-12-12,27.0,67,185,,,,749064.0,20600.0
5122,Boston Scott,RB,,33.0,Louisiana Tech,6.0,1995-04-27,29.0,66,203,,,,749635.0,20039.0
11629,Devontez Walker,WR,BAL,81.0,North Carolina,2.0,2001-06-19,25.0,73,198,5.0,,,,24978.0
13295,Behren Morton,QB,NE,15.0,Texas Tech,0.0,2002-01-17,24.0,74,218,3.0,,,,28049.0
2320,Melvin Gordon,RB,,33.0,Wisconsin,9.0,1993-04-13,30.0,73,215,,,,606516.0,16776.0
1895,AJ McCarron,QB,,4.0,Alabama,10.0,1990-09-13,33.0,75,220,,,,508649.0,16116.0
11906,Ty James,WR,,,Mercer,1.0,2001-04-06,23.0,74,200,,,,,
12493,Oronde Gadsden,TE,LAC,86.0,Syracuse,1.0,2003-06-25,23.0,77,236,1.0,,,,25876.0
12028,TaMerik Williams,RB,,,North Dakota State,1.0,,,72,227,,,,,
12699,LaJohntay Wester,WR,BAL,10.0,Colorado,1.0,2002-03-29,24.0,69,170,6.0,,,,26104.0
13323,Rahsul Faison,RB,,,,0.0,,,72,218,,,,,
12244,DeAngelo Hardy,WR,,,North Central,1.0,,,73,208,,,,,
1387,Rex Burkhead,RB,,28.0,Nebraska,10.0,1990-07-02,32.0,70,215,,,,498760.0,14917.0
7553,Kyle Pitts,TE,ATL,8.0,Florida,5.0,2000-10-06,25.0,78,250,1.0,,,,22508.0
5143,Demario Richard,RB,,0.0,Arizona State,4.0,1996-12-02,25.0,70,219,,,,820617.0,20090.0
8410,Jequez Ezzard,WR,,0.0,Sam Houston State,1.0,,,70,195,,,,,
2025,Albert Wilson,WR,,12.0,Georgia State,9.0,1992-07-12,30.0,69,195,,,,556955.0,16308.0
12300,Joshua Lingenfelter,TE,,,Army,1.0,,,75,250,,,,,
11304,E.J. Jenkins,TE,PHI,84.0,Georgia Tech,3.0,1998-11-03,27.0,78,245,7.0,,,,24800.0
19,Joe Flacco,QB,CIN,16.0,Delaware,18.0,1985-01-16,41.0,78,245,2.0,,,216342.0,611.0
13352,Lincoln Pare,RB,IND,36.0,Texas State,0.0,2001-06-29,25.0,69,200,,,,,26815.0
12967,Jacolby George,WR,,,Miami (FL),1.0,2003-01-25,22.0,71,172,,,,,
14017,Brett Weaver,TE,,,Grand Valley State,0.0,,,78,230,,,,,
13228,Ife Adeyi,WR,,,Sam Houston,1.0,2000-12-05,25.0,70,175,,,,,
6459,Sean Modster,WR,,14.0,Boise State,3.0,1995-11-13,26.0,71,183,,,,837596.0,21480.0
12264,Cole Beck,WR,,,Virginia Tech,1.0,1995-03-15,29.0,73,195,,,,,
801,Charles Clay,TE,,85.0,Tulsa,11.0,1989-02-13,32.0,75,246,,,,400516.0,12751.0
6374,Drew Belcher,TE,,82.0,Maine,3.0,1996-04-18,25.0,75,250,,,,830271.0,21319.0
4054,Mo Alie-Cox,TE,IND,81.0,VCU,9.0,1993-09-19,32.0,77,267,2.0,,,712506.0,18900.0
7944,Michael Strachan,WR,,84.0,Charleston,4.0,1997-08-13,28.0,77,225,,,,,
1550,Ryan Griffin,QB,,4.0,Tulane,10.0,1989-11-17,33.0,76,218,,,,466883.0,15190.0
13108,Julian Fleming,WR,,,Penn State,0.0,2000-12-19,25.0,74,208,,,,,
3423,Robbie Chosen,WR,,12.0,Temple,10.0,1993-05-09,32.0,75,190,,,,608360.0,18187.0
12121,Deshaun Fenwick,RB,,35.0,Oregon State,1.0,1999-12-31,25.0,73,223,,,,,
3496,Stephen Anderson,TE,,40.0,California,8.0,1993-01-30,31.0,75,230,,,,607660.0,18262.0
4813,Marvin Bracy,WR,,87.0,Florida State,5.0,1993-12-15,28.0,69,172,,,,691511.0,19723.0
1800,Jordan Matthews,TE,,81.0,Vanderbilt,11.0,1992-07-16,32.0,75,236,,,,555648.0,15974.0
5100,Jordan Wilkins,RB,,30.0,Ole Miss,5.0,1994-07-18,29.0,73,216,,,,749205.0,19979.0
7938,Hunter Kampmoyer,TE,,84.0,Oregon,3.0,1998-02-06,26.0,76,243,,,,,
12848,Josh Kelly,WR,HOU,85.0,Texas Tech,1.0,2001-07-01,25.0,73,192,,,,,25917.0
8698,Jake Tonges,TE,SF,88.0,California,4.0,1999-07-08,27.0,76,240,2.0,Questionable,Foot,,23662.0
3453,Josh Ferguson,RB,,36.0,Illinois,6.0,1993-05-23,28.0,70,205,,,,606045.0,18217.0
4385,Kalif Phillips,RB,,34.0,North Carolina-Charlotte,5.0,1994-03-22,27.0,70,221,,,,784764.0,19242.0
7013,Steven Montez,QB,,12.0,Colorado,3.0,1997-01-14,26.0,77,230,,,,,21809.0
7862,T.J. Vasher,WR,,16.0,Texas Tech,1.0,1998-08-29,24.0,77,210,,,,,
10233,Max Duggan,QB,,8.0,TCU,1.0,2001-03-12,23.0,73,207,,,,,
6501,C.J. Conrad,TE,,43.0,Kentucky,3.0,1996-05-09,25.0,76,248,,,,867993.0,21497.0
5776,Mark Chapman,WR,,85.0,Central Michigan,4.0,,,72,180,,,,729673.0,20681.0
2948,Brandon Cottom,RB,,42.0,Purdue,7.0,1992-12-21,29.0,76,265,,,,606492.0,17419.0
12971,Ke'Shawn Williams,WR,CIN,12.0,Indiana,1.0,2001-12-27,24.0,69,189,7.0,,,,26394.0
6381,Alexander Hollins,WR,,0.0,Eastern Illinois,3.0,1996-11-24,25.0,73,166,,,,1050926.0,21312.0
6016,Dax Raymond,TE,PIT,49.0,Utah State,3.0,1994-11-30,27.0,76,245,,,,886225.0,20922.0
11157,Brycen Tremayne,WR,CAR,87.0,Stanford,3.0,1999-11-18,26.0,76,212,9.0,,,,24296.0
6908,La'Mical Perine,RB,,29.0,Florida,4.0,1998-01-30,26.0,71,216,,,,,21797.0
4569,Brian Brown,WR,,3.0,Richmond,5.0,1994-10-22,27.0,74,205,,,,751882.0,19454.0
5007,Keke Coutee,WR,,88.0,Texas Tech,5.0,1997-01-14,26.0,71,180,,,,882929.0,19937.0
8116,Pierre Strong,RB,GB,22.0,South Dakota State,4.0,1998-12-10,27.0,71,207,4.0,,,,23218.0
6823,Jacob Eason,QB,,7.0,Washington,4.0,1997-11-17,26.0,78,226,,,,,21820.0
3648,Matt Weiser,TE,,87.0,Buffalo,6.0,1992-10-07,29.0,77,255,,,,607521.0,18441.0
7619,Mathew Sexton,WR,,87.0,Eastern Michigan,3.0,1997-10-17,26.0,70,176,,,,,
13409,Donaven McCulley,WR,MIA,80.0,Michigan,0.0,2003-01-15,23.0,76,203,,,,,28052.0
7585,Davis Mills,QB,HOU,10.0,Stanford,5.0,1998-10-21,27.0,76,225,2.0,,,,22505.0
12399,Caleb Chapman,WR,,,Incarnate Word,1.0,,,77,220,,,,,
8931,Josh Ali,WR,,80.0,Kentucky,2.0,1999-03-03,25.0,72,200,,,,,
8633,Stephon Robinson,WR,,0.0,Kansas State,1.0,,,69,181,,,,,
2359,Ameer Abdullah,RB,JAX,43.0,Nebraska,11.0,1993-06-13,33.0,68,203,5.0,,,590796.0,16815.0
8241,Anthony Brown,QB,,15.0,Oregon,3.0,1998-07-27,26.0,73,217,,,,,
5854,Drew Lock,QB,SEA,2.0,Missouri,7.0,1996-11-10,29.0,76,228,3.0,,,882345.0,20859.0
2936,Rasheed Williams,RB,,0.0,Alfred State,11.0,,,73,215,,,,870447.0,17405.0
3211,Paul Perkins,RB,,0.0,UCLA,6.0,1994-11-16,27.0,71,213,,,,691047.0,17972.0
7593,Trey Sermon,RB,,37.0,Ohio State,5.0,1999-01-30,26.0,72,215,,,,,21801.0
6489,Taryn Christion,QB,,5.0,South Dakota State,3.0,,,74,225,,,,874315.0,21342.0
7614,Darius Clark,RB,,0.0,Newberry,1.0,1996-07-06,25.0,74,210,,,,,
12832,Blayne Taylor,WR,,,Abilene Christian,1.0,2002-03-30,23.0,76,212,,,,,
12809,Mac Dalena,WR,BUF,82.0,Fresno State,1.0,2001-10-04,24.0,71,180,,,,,25936.0
6966,Javon Leake,RB,,40.0,Maryland,2.0,1998-08-01,23.0,72,206,,,,,21787.0
4548,Joel Bouagnon,RB,,34.0,Northern Illinois,5.0,1995-03-28,26.0,74,228,,,,746578.0,19428.0
12354,Easton Dean,TE,,,Iowa State,1.0,2004-12-01,20.0,78,265,,,,,
3021,Devin Gardner,WR,,15.0,Michigan,10.0,1991-12-14,33.0,76,216,,,,543238.0,17625.0
11579,Audric Estime,RB,NO,30.0,Notre Dame,2.0,2003-09-06,22.0,71,227,6.0,,,,24971.0
3294,Dak Prescott,QB,DAL,4.0,Mississippi State,10.0,1993-07-29,32.0,74,230,1.0,Questionable,Knee,591816.0,18055.0
4031,Travis Wilson,TE,,87.0,Utah,5.0,1993-12-14,28.0,79,258,,,,651984.0,18874.0
13301,Antonio Williams,WR,WAS,14.0,Clemson,0.0,2004-07-14,22.0,71,195,2.0,,,,26859.0
7274,Tyler Simmons,WR,,82.0,Georgia,2.0,1997-12-30,24.0,72,201,,,,,22271.0
5359,Dorren Miller,WR,,18.0,Carson-Newman,4.0,1994-08-03,27.0,74,195,,,,1115396.0,20456.0
3609,Chris King,WR,,0.0,Duquesne,9.0,1993-12-13,31.0,73,200,,,,,18396.0
421,Matthew Stafford,QB,LAR,9.0,Georgia,17.0,1988-02-07,38.0,75,214,1.0,,,323205.0,9038.0
11636,Johnny Wilson,WR,PHI,89.0,Florida State,2.0,2001-04-03,25.0,78,228,10.0,,,,24325.0
8134,Khalil Shakir,WR,BUF,10.0,Boise State,4.0,2000-02-03,26.0,72,190,2.0,,,,23227.0
5398,Justin Crawford,RB,,0.0,West Virginia,4.0,1995-02-19,26.0,72,200,,,,919433.0,20521.0
7828,Noah Gray,TE,KC,83.0,Duke,5.0,1999-04-30,27.0,75,240,2.0,,,,21785.0
10861,Xazavian Valladay,RB,,47.0,Arizona State,2.0,1998-07-03,27.0,72,198,,,,,
4814,De'Quan Hampton,WR,,0.0,USC,5.0,1994-04-18,27.0,76,225,,,,880030.0,19724.0
7397,Parker Houston,TE,,86.0,San Diego State,2.0,1997-12-06,24.0,75,250,,,,,22382.0
11557,Joe Milton,QB,DAL,10.0,Tennessee,2.0,2000-03-06,26.0,77,236,2.0,,,,25025.0
5052,Ronald Jones,RB,,32.0,USC,5.0,1997-08-03,26.0,71,208,,,,880033.0,19861.0
4128,Chad Williams,WR,,0.0,Grambling State,5.0,1994-10-19,27.0,73,204,,,,787757.0,18974.0
6626,Isaac Zico,WR,,80.0,Purdue,3.0,1996-06-18,25.0,73,200,,,,1066825.0,21534.0
13304,O'Mega Blake,WR,,,,0.0,,,74,187,,,,,
5995,Justice Hill,RB,BAL,43.0,Oklahoma State,7.0,1997-11-14,28.0,70,205,2.0,,,923109.0,20802.0
3524,Marquise Williams,QB,,0.0,North Carolina,9.0,1992-10-05,32.0,74,225,,,,592506.0,18290.0
4421,Jacob Hollister,TE,,87.0,Wyoming,7.0,1993-11-18,30.0,76,239,,,,696882.0,19281.0
12925,Jamaal Pritchett,WR,NYJ,81.0,South Alabama,1.0,2003-06-10,23.0,68,175,,,,,25913.0
12517,Colston Loveland,TE,CHI,84.0,Michigan,1.0,2004-04-09,22.0,78,241,1.0,,,,25869.0
6081,Kendall Blanton,TE,,80.0,Missouri,4.0,1995-11-10,27.0,78,262,,,,835674.0,21032.0
4479,Thomas Sperbeck,WR,,0.0,Boise State,5.0,1994-10-21,27.0,72,180,,,,728840.0,19347.0
3318,Kevin Hogan,QB,,5.0,Stanford,7.0,1992-10-20,30.0,75,218,,,,598962.0,18079.0
5269,Codey McElroy,TE,,86.0,Southeastern Oklahoma State,4.0,1992-12-13,29.0,78,258,,,,901152.0,20314.0
2553,Rory Anderson,TE,,88.0,South Carolina,7.0,1992-10-02,29.0,76,246,,,,604904.0,17013.0
4585,Anthony Nash,WR,,3.0,Duke,5.0,1993-09-20,28.0,77,200,,,,691498.0,19472.0
11229,Calvin Tyler,RB,,36.0,Utah State,1.0,1998-09-23,24.0,68,208,,,,,
89,Chad Henne,QB,,4.0,Michigan,15.0,1985-07-02,37.0,75,230,,,,264851.0,2405.0
8138,James Cook,RB,BUF,4.0,Georgia,4.0,1999-09-25,26.0,71,190,1.0,,,,23247.0
13906,Jaden Nixon,RB,GB,35.0,UCF,0.0,,,70,199,,,,,28352.0
2770,Harold Spears,TE,,0.0,New Hampshire,10.0,1992-03-09,32.0,76,255,,,,552243.0,17238.0
13988,Stone Eby,TE,,,SMU,0.0,,,77,260,,,,,
7159,Reid Sinnett,QB,,7.0,San Diego,3.0,1997-02-05,26.0,76,225,,,,,22160.0
9231,Jaren Hall,QB,,15.0,BYU,2.0,1998-03-24,27.0,72,207,,,,,
7262,Jalen Morton,QB,IND,6.0,Prairie View,2.0,1997-07-06,24.0,76,226,,,,,22261.0
8442,Jarrett Guarantano,QB,,16.0,Washington State,1.0,1997-11-04,25.0,76,220,,,,,
8119,Jahan Dotson,WR,ATL,4.0,Penn State,4.0,2000-03-22,26.0,71,184,4.0,,,,23155.0
8194,Jashaun Corbin,RB,,30.0,Florida State,3.0,2000-08-20,25.0,71,215,,,,,23301.0
7863,JaQuan Hardy,RB,,45.0,Tiffin,1.0,1997-12-31,24.0,70,225,,,,,
5231,Cole Hunt,TE,,81.0,Texas Christian,4.0,1995-05-30,26.0,79,255,,,,746513.0,20152.0
7407,Isaiah Wright,WR,,0.0,Temple,2.0,1997-01-13,24.0,74,220,,,,,21755.0
5268,Ben Johnson,TE,,0.0,Kansas,4.0,1994-07-28,27.0,77,245,,,,739632.0,20311.0
6075,Jesper Horsted,TE,,84.0,Princeton,5.0,1997-02-27,27.0,75,237,,,,881708.0,20812.0
4697,Khalid Abdullah,RB,,0.0,James Madison,5.0,1995-05-14,26.0,70,220,,,,750369.0,19600.0
12831,Tyler Kahmann,WR,,,Emporia State,1.0,2000-10-15,25.0,74,207,,,,,
12220,Brevin Easton,WR,,,Albany,1.0,2001-01-01,24.0,70,197,,,,,
13418,Robert Henry,RB,WAS,30.0,UTSA,0.0,2001-12-31,24.0,69,196,,,,,26770.0
5550,John David Moore,RB,,43.0,Louisiana State,4.0,1995-05-30,26.0,76,236,,,,739300.0,20501.0
12542,Efton Chism,WR,NE,86.0,Eastern Washington,1.0,2001-10-26,24.0,70,198,7.0,,,,25932.0
7552,Blake Proehl,WR,,13.0,East Carolina,2.0,1999-01-12,24.0,73,190,,,,,
3540,Jamaal Jones,WR,,15.0,Montana,6.0,1993-01-31,28.0,73,192,,,,608008.0,18307.0
7049,Jauan Jennings,WR,MIN,14.0,Tennessee,6.0,1997-07-10,29.0,75,212,3.0,,,,21717.0
8136,Rachaad White,RB,WAS,1.0,Arizona State,4.0,1999-01-12,27.0,72,214,2.0,,,,23217.0
11610,Malik Washington,WR,MIA,6.0,Virginia,2.0,2001-01-04,25.0,68,195,1.0,,,,25103.0
5024,James Washington,WR,,83.0,Oklahoma State,6.0,1996-04-02,28.0,73,213,,,,835437.0,19865.0
13599,Kyron Drones,QB,GB,13.0,Virginia Tech,0.0,2003-07-24,22.0,74,226,,,,,28320.0
12413,Hamze El-Zayat,WR,,,Eastern Michigan,1.0,1999-10-19,25.0,68,162,,,,,
2304,Jerome Cunningham,TE,,83.0,Southern Connecticut State,8.0,1991-05-25,30.0,76,254,,,,512900.0,16759.0
8070,Travis Toivonen,WR,,87.0,North Dakota,1.0,1998-04-22,24.0,76,212,,,,,
6519,Darrius Shepherd,WR,,20.0,North Dakota State,4.0,1995-11-01,27.0,71,186,,,,831003.0,21513.0
11918,Ahmarean Brown,WR,,,South Carolina,1.0,2000-12-19,24.0,68,170,,,,,
2565,Jean Sifrin,TE,,0.0,UMass,1.0,1987-07-23,38.0,77,245,,,,824329.0,17029.0
4943,Sam Darnold,QB,SEA,14.0,USC,8.0,1997-06-05,29.0,75,225,1.0,,,880026.0,19812.0
5809,Ja'Quan Gardner,RB,,38.0,Humboldt State,4.0,,,67,205,,,,1136226.0,20706.0
10228,Charlie Jones,WR,CIN,15.0,Purdue,3.0,1998-10-29,27.0,72,190,8.0,Questionable,Ankle,,24122.0
4026,DeShone Kizer,QB,,0.0,Notre Dame,5.0,1995-01-03,27.0,76,233,,,,839059.0,18868.0
11598,Tanner McLachlan,TE,,42.0,Arizona,2.0,1999-03-15,27.0,77,245,,,,,25014.0
11995,Zack Annexstad,QB,,,Illinois State,1.0,2000-04-16,24.0,75,220,,,,,
11998,Emani Bailey,RB,,39.0,TCU,1.0,2001-11-28,23.0,67,202,,,,,
829,Andy Dalton,QB,PHI,14.0,TCU,15.0,1987-10-29,38.0,74,220,2.0,,,322858.0,12841.0
10222,Jayden Reed,WR,GB,11.0,Michigan State,3.0,2000-04-28,26.0,71,187,2.0,,,,23233.0
2754,Michael Johnson,WR,,0.0,Delaware,10.0,1991-09-10,33.0,74,210,,,,608969.0,17222.0
6388,Romello Brooker,TE,,84.0,Houston,3.0,1995-12-11,26.0,77,253,,,,831245.0,21296.0
2684,Corbin Louks,WR,,6.0,Nevada,10.0,1989-04-10,35.0,72,200,,,,383512.0,17152.0
7905,Dylan Soehner,TE,,89.0,Iowa State,1.0,1997-11-08,25.0,78,270,,,,,
12284,Michael Herzog,RB,,,Hillsdale,1.0,,,68,201,,,,,
11311,Jason Brownlee,WR,KC,89.0,Southern Miss,3.0,1999-01-30,27.0,75,202,7.0,,,,24345.0
4330,JoJo Natson,WR,,0.0,Akron,5.0,1994-02-01,27.0,67,153,,,,693276.0,19184.0
12532,Ja'Corey Brooks,WR,,88.0,Louisville,1.0,2001-10-31,24.0,75,195,,Questionable,Undisclosed,,26089.0
3278,Pharoh Cooper,WR,,0.0,South Carolina,7.0,1995-03-07,28.0,71,207,,,,744595.0,18039.0
12981,Gee Scott,TE,NYJ,30.0,Ohio State,1.0,2000-12-28,25.0,75,238,6.0,,,,25329.0
2581,Jahwan Edwards,RB,,0.0,Ball State,10.0,1992-07-27,32.0,70,219,,,,591565.0,17046.0
4544,Daikiel Shorts,WR,,16.0,West Virginia,5.0,1994-10-06,27.0,73,202,,,,728034.0,19423.0
11370,Chris Brooks,RB,GB,30.0,BYU,3.0,2000-01-11,26.0,73,219,3.0,,,,23192.0
7794,Chris Evans,RB,,25.0,Michigan,4.0,1997-10-05,27.0,71,215,,,,,
11574,Dylan Laube,RB,LV,23.0,New Hampshire,2.0,1999-12-14,26.0,69,204,4.0,,,,25054.0
6323,Andrew Beck,RB,NYJ,47.0,Texas,7.0,1996-05-15,30.0,75,255,4.0,,,824428.0,21227.0
7606,Kadarius Toney,WR,,87.0,Florida,3.0,1999-01-27,25.0,72,193,,,,,
6927,Quez Watkins,WR,PHI,86.0,Southern Miss,6.0,1998-06-09,28.0,72,193,6.0,,,,21957.0
3615,Sione Houma,RB,,0.0,Michigan,9.0,1994-06-21,30.0,72,243,,,,696133.0,18402.0
2561,Anthony Boone,QB,,3.0,Duke,11.0,1991-10-29,34.0,72,225,,,,556167.0,17024.0
13246,Jaden Smith,WR,DAL,17.0,Nevada,1.0,2001-12-13,24.0,78,210,,,,,25921.0
8111,Cade Otton,TE,TB,88.0,Washington,4.0,1999-04-15,27.0,77,247,1.0,,,,23134.0
2929,Adrian Coxson,WR,,0.0,Stony Brook,10.0,1991-08-14,33.0,73,215,,,,557181.0,17398.0
6742,Marquis Young,RB,,40.0,Massachusetts,3.0,1995-02-11,26.0,71,210,,,,869591.0,21345.0
8245,Derrick Deese,TE,,86.0,San Jose State,2.0,1998-08-19,24.0,76,248,,,,,
4061,Davis Webb,QB,,12.0,California,6.0,1995-01-22,28.0,77,225,,,,733638.0,18907.0
13957,Kenny Fletcher,TE,TB,81.0,Rutgers,0.0,,,75,250,,,,,28493.0
3269,Chris Moore,WR,,19.0,Cincinnati,10.0,1993-06-16,32.0,73,200,,,,606551.0,18030.0
6970,Stephen Sullivan,TE,,85.0,LSU,5.0,1996-11-28,28.0,77,245,,,,,21865.0
8092,Corey Taylor,RB,,0.0,Tulsa,1.0,1997-07-04,24.0,70,215,,,,,
6259,Darnell Holland,RB,,0.0,Kennesaw State,3.0,1996-11-06,25.0,70,195,,,,874217.0,21194.0
12374,Brenden Bates,TE,CLE,82.0,Kentucky,2.0,1999-10-17,26.0,77,255,2.0,,,,25486.0
2957,Ernst Brun,TE,,0.0,Iowa State,10.0,1990-12-04,34.0,75,251,,,,599088.0,17436.0
13554,CJ Williams,WR,JAX,18.0,Stanford,0.0,2003-10-23,22.0,73,205,,,,,28227.0
12866,Jalin Conyers,TE,,80.0,Texas Tech,1.0,2001-07-26,24.0,76,265,,,,,26116.0
6522,T.J. Linta,QB,,0.0,Wagner,3.0,,,76,240,,,,831943.0,21372.0
1034,Brandon Bolden,RB,,34.0,Ole Miss,12.0,1990-01-26,34.0,71,220,,,,465752.0,13741.0
4798,C.J. Germany,WR,,2.0,"Notre Dame College, Ohio",5.0,,,71,180,,,,893438.0,19712.0
13270,CJ Daniels,WR,LAR,6.0,Miami (FL),0.0,2002-01-04,24.0,74,202,5.0,,,,26849.0
13805,E.J. Williams,WR,LV,88.0,Indiana,0.0,2001-11-14,24.0,75,205,,,,,28423.0
5808,Connor Jessop,QB,,2.0,Shepherd,4.0,,,77,220,,,,691652.0,20704.0
5242,Dontez Byrd,WR,,19.0,Tennessee Tech,4.0,1995-08-09,26.0,71,180,,,,749129.0,20225.0
11647,Kimani Vidal,RB,LAC,28.0,Troy,2.0,2001-08-28,24.0,68,215,3.0,,,,25079.0
6045,Gary Jennings,WR,,86.0,West Virginia,4.0,1997-03-07,26.0,73,216,,,,877654.0,20829.0
4821,Jamari Staples,WR,,6.0,Louisville,5.0,1994-09-10,27.0,76,195,,,,750823.0,19392.0
13273,Josh Cuevas,TE,BAL,85.0,Alabama,0.0,2003-09-15,22.0,75,245,4.0,,,,28057.0
13608,Jerand Bradley,WR,LAC,36.0,Kansas State,0.0,2002-10-10,23.0,77,223,,,,,28244.0
13282,Jack Endries,TE,CIN,84.0,Texas,0.0,2004-03-26,22.0,77,245,5.0,,,,26754.0
6395,Trinity Benson,WR,,82.0,East Central,4.0,1997-01-16,26.0,72,180,,,,1165782.0,21368.0
11478,Gavin Holmes,WR,,84.0,Baylor,1.0,1998-09-29,24.0,70,200,,,,,
8549,Trevon Clark,WR,,0.0,California,1.0,1999-09-27,23.0,75,193,,,,,
7608,Khalil Herbert,RB,,31.0,Virginia Tech,5.0,1998-04-21,27.0,69,212,,,,,22563.0
6402,Steven Sims,WR,,80.0,Kansas,7.0,1997-03-31,28.0,70,190,,,,877596.0,21400.0
8484,Ko Kieft,TE,TB,41.0,Minnesota,4.0,1998-01-20,28.0,77,265,4.0,Questionable,Leg,,23618.0
8213,Dai'Jean Dixon,WR,,0.0,Nicholls State,2.0,1998-10-16,24.0,76,200,,,,,
11226,Tyjon Lindsey,WR,,81.0,Oregon State,1.0,1999-01-07,24.0,68,171,,,,,
7412,Sandro Platzgummer,RB,,34.0,,3.0,1997-03-10,25.0,72,198,,,,,22395.0
7499,Paul Quessenberry,TE,,40.0,Navy,2.0,1992-01-08,30.0,74,250,,,,,22475.0
9488,Jaxon Smith-Njigba,WR,SEA,11.0,Ohio State,3.0,2002-02-14,24.0,72,197,1.0,,,,23157.0
9510,Lew Nichols,RB,PIT,35.0,Central Michigan,3.0,2001-08-16,24.0,70,220,5.0,,,,24215.0
11571,Isaiah Davis,RB,NYJ,32.0,South Dakota State,2.0,2002-02-21,24.0,73,220,3.0,,,,25064.0
7526,Jaylen Waddle,WR,DEN,17.0,Alabama,5.0,1998-11-25,27.0,70,185,1.0,,,,22598.0
4949,Derrius Guice,RB,,0.0,LSU,4.0,1997-06-21,24.0,71,225,,,,865565.0,19797.0
13079,Jahdae Walker,WR,CHI,9.0,Texas A&M,1.0,2002-07-05,24.0,75,206,4.0,,,,26476.0
8115,Jalen Wydermyer,TE,,49.0,Texas A&M,1.0,2000-12-20,22.0,77,265,,,,,
6248,Trevion Thompson,WR,,87.0,Clemson,3.0,1995-11-14,26.0,74,205,,,,828769.0,21179.0
13047,Jacardia Wright,RB,SEA,31.0,Missouri State,1.0,2000-09-26,25.0,72,218,5.0,,,,26473.0
4508,Gabe Marks,WR,,2.0,Washington State,5.0,1994-08-06,27.0,72,190,,,,652582.0,19380.0
12820,Landon Parker,WR,,,Troy,1.0,1999-09-02,26.0,74,211,,,,,
11505,David Durden,WR,,85.0,West Florida,1.0,1998-12-26,25.0,74,200,,,,,
13318,Noah Thomas,WR,CIN,17.0,Georgia,0.0,2004-01-13,22.0,77,203,4.0,,,,26844.0
5911,Jalen Hurd,WR,,13.0,Baylor,4.0,1996-01-24,27.0,77,230,,,,820517.0,20817.0
13380,Brenen Thompson,WR,LAC,89.0,Mississippi State,0.0,2003-07-25,22.0,69,170,5.0,,,,26809.0
13939,Gabriel Benyard,WR,,80.0,Kennesaw State,0.0,,,70,185,,,,,28535.0
2944,Matt LaCosse,TE,NE,83.0,Illinois,7.0,1992-09-21,29.0,78,255,,,,606055.0,17415.0
3036,Matt Lengel,TE,,47.0,Eastern Kentucky,7.0,1990-12-27,31.0,79,266,,,,504496.0,17741.0
6343,Manny Wilkins,QB,,18.0,Arizona State,3.0,1995-11-05,26.0,74,193,,,,820627.0,21260.0
6993,Dominick Wood-Anderson,TE,,0.0,Tennessee,2.0,1998-02-09,23.0,76,257,,,,,21958.0
345,Brian Hoyer,QB,,7.0,Michigan State,15.0,1985-10-13,38.0,74,215,,,,264725.0,8358.0
6820,Clyde Edwards-Helaire,RB,,26.0,LSU,6.0,1999-04-11,26.0,67,207,,,,,21769.0
7008,Brian Lewerke,QB,,6.0,Michigan State,2.0,1996-10-24,25.0,75,216,,,,,21811.0
14001,Julius Davis,RB,,,Montana State,0.0,,,70,210,,,,,
13400,Justin Joly,TE,DEN,80.0,North Carolina State,0.0,2004-07-09,22.0,75,241,3.0,,,,26842.0
5169,Malik Earl,WR,,0.0,Missouri State,4.0,1996-03-08,25.0,75,217,,,,840449.0,20123.0
11931,Austin Reed,QB,,16.0,Western Kentucky,1.0,2000-02-22,25.0,73,214,,,,,
7713,Jaelon Darden,WR,,1.0,North Texas,4.0,1999-01-14,26.0,68,175,,,,,
12333,Dakereon Joyner,WR,,,South Carolina,1.0,2000-05-24,24.0,73,229,,,,,
5092,Troy Fumagalli,TE,,82.0,Wisconsin,6.0,1995-02-17,29.0,78,248,,,,742474.0,19973.0
2197,Brandin Cooks,WR,,18.0,Oregon State,12.0,1993-09-25,32.0,70,189,,,,607864.0,16568.0
1718,Derek Carrier,TE,,85.0,Beloit,10.0,1990-07-25,31.0,75,240,,,,654887.0,15640.0
6236,Travon McMillian,RB,,0.0,Colorado,3.0,1996-02-05,25.0,72,210,,,,836944.0,21166.0
5870,Daniel Jones,QB,IND,17.0,Duke,7.0,1997-05-27,29.0,77,230,1.0,Questionable,Achilles,879981.0,20841.0
8905,Travis Koontz,TE,,0.0,Texas Tech,1.0,,,76,255,,,,,
12373,Peter LeBlanc,WR,,,Louisiana,1.0,2001-04-12,23.0,74,189,,,,,
5290,Deontay Burnett,WR,,6.0,USC,6.0,1997-10-04,26.0,72,185,,,,886740.0,20373.0
2463,Jesse James,TE,,88.0,Penn State,8.0,1994-06-04,29.0,79,261,,,,652019.0,16920.0
13421,Eli Raridon,TE,NE,82.0,Notre Dame,0.0,2004-02-12,22.0,78,245,2.0,,,,26863.0
12250,Riley Sharp,TE,,,Oregon State,1.0,1997-11-07,27.0,77,246,,,,,
3568,Marken Michel,WR,,19.0,UMass,7.0,1993-07-06,29.0,71,191,,,,604826.0,18343.0
5322,James Looney,TE,,49.0,California,4.0,1995-05-15,26.0,75,287,,,,733671.0,20019.0
8878,Jared Scott,TE,,0.0,Idaho State,2.0,1999-05-10,23.0,78,240,,,,,
4214,Shelton Gibson,WR,,84.0,West Virginia,5.0,1994-03-20,27.0,71,191,,,,739691.0,19060.0
2391,David Johnson,RB,,28.0,Northern Iowa,8.0,1991-12-16,31.0,73,224,,,,552409.0,16847.0
14044,Miles Davis,RB,CAR,37.0,Utah State,0.0,1999-10-01,26.0,71,215,,,,,28590.0
7088,Xavier Jones,RB,,0.0,Southern Methodist,2.0,1997-08-24,24.0,71,208,,,,,21839.0
5844,T.J. Hockenson,TE,MIN,87.0,Iowa,7.0,1997-07-03,29.0,77,248,1.0,,,923915.0,20805.0
11947,Austin Jones,RB,,,USC,1.0,2001-02-07,23.0,70,200,,,,,
4710,Gio Pascascio,WR,,12.0,Louisville,5.0,1994-11-10,27.0,75,190,,,,830876.0,19617.0
12529,TreVeyon Henderson,RB,NE,32.0,Ohio State,1.0,2002-10-22,23.0,70,202,1.0,,,,23245.0
4127,C.J. Beathard,QB,,17.0,Iowa,9.0,1993-11-16,32.0,74,215,,,,691784.0,18973.0
13431,Miles Kitselman,TE,DET,84.0,Tennessee,0.0,2002-09-25,23.0,77,251,,,,,26959.0
13310,Miller Moss,QB,CHI,16.0,Louisville,0.0,2002-03-19,24.0,73,211,,,,,26951.0
12913,J.J. Jones,WR,,,North Carolina,0.0,,,75,210,,,,,
7601,Rondale Moore,WR,,4.0,Purdue,5.0,2000-06-09,25.0,67,181,,,,,22626.0
13290,Jalen Moss,WR,,,,0.0,,,73,185,,,,,
367,Jared Cook,TE,,87.0,South Carolina,13.0,1987-04-07,35.0,77,246,,,,296480.0,8534.0
13154,Marcus Major,RB,,,Minnesota,1.0,2000-11-14,25.0,72,213,,,,,
4630,I'Tavius Mathers,RB,,43.0,Middle Tennessee,5.0,1993-11-19,28.0,71,197,,,,694667.0,19524.0
5196,Ethan Wolf,TE,,86.0,Tennessee,4.0,1995-11-07,26.0,78,252,,,,820736.0,20193.0
13268,Elijah Sarratt,WR,BAL,13.0,Indiana,0.0,2003-05-28,23.0,74,210,4.0,,,,25892.0
12535,Isaac TeSlaa,WR,DET,18.0,Arkansas,1.0,2002-02-20,24.0,76,214,3.0,,,,26101.0
5170,Phillip Lindsay,RB,,30.0,Colorado,4.0,1994-07-24,28.0,68,190,,,,747861.0,20128.0
6790,D'Andre Swift,RB,CHI,4.0,Georgia,6.0,1999-01-14,27.0,68,204,1.0,,,,21684.0
1373,Geno Smith,QB,NYJ,7.0,West Virginia,13.0,1990-10-10,35.0,74,221,1.0,,,513856.0,14895.0
7162,Ryan Becker,TE,,80.0,SMU,2.0,1997-12-23,24.0,77,248,,,,,22163.0
12491,Corey Kiner,RB,ARI,37.0,Cincinnati,1.0,2002-01-21,24.0,69,209,6.0,,,,25968.0
6358,Kahlil Lewis,WR,,0.0,Cincinnati,3.0,1997-08-31,24.0,72,195,,,,866157.0,21290.0
6768,Tua Tagovailoa,QB,ATL,1.0,Alabama,6.0,1998-03-02,28.0,73,225,1.0,,,,21677.0
6130,Devin Singletary,RB,NYG,26.0,Florida Atlantic,7.0,1997-09-03,28.0,67,203,3.0,,,916466.0,20941.0
3531,Marshaun Coprich,RB,,0.0,Illinois State,9.0,1994-08-10,30.0,69,205,,,,,18298.0
12276,RJ Mobley,WR,,,Winston-Salem State,1.0,,,75,210,,,,,
5004,Ito Smith,RB,DAL,43.0,Southern Miss,4.0,1995-09-11,26.0,69,195,,,,835082.0,19924.0
4923,Rushel Shell,RB,,0.0,West Virginia,5.0,1993-09-07,28.0,70,225,,,,,19161.0
12356,Jabari Small,RB,DET,26.0,Tennessee,2.0,2001-01-31,25.0,71,208,4.0,,,,25322.0
13826,Caullin Lacy,WR,NYJ,35.0,Louisville,0.0,2001-12-22,24.0,69,183,,,,,26937.0
6904,Jalen Hurts,QB,PHI,1.0,Oklahoma,6.0,1998-08-07,27.0,73,223,1.0,,,,21831.0
2450,Brett Hundley,QB,,5.0,UCLA,8.0,1993-06-15,29.0,75,229,,,,590420.0,16907.0
4797,Josh Rounds,RB,,37.0,Tulane,5.0,1993-10-11,28.0,72,205,,,,693648.0,19711.0
13905,Omari Evans,WR,KC,7.0,Washington,0.0,2003-12-31,22.0,72,195,,,,,28509.0
13284,Dylan Devezin,RB,,,,0.0,,,74,216,,,,,
7538,Zach Wilson,QB,NO,4.0,BYU,5.0,1999-08-03,26.0,74,214,3.0,,,,22495.0
7561,Elijah Mitchell,RB,PHI,38.0,Louisiana,5.0,1998-05-02,28.0,70,200,4.0,,,,22535.0
7376,Case Cookus,QB,,14.0,Northern Arizona,3.0,1995-10-06,27.0,76,205,,,,,22364.0
5129,Adonis Jennings,WR,,13.0,Temple,4.0,1995-12-31,26.0,75,205,,,,832453.0,20056.0
3209,Devontae Booker,RB,,28.0,Utah,6.0,1992-05-27,29.0,71,219,,,,733248.0,17970.0
13440,Damien Alford,WR,,85.0,Utah,0.0,2001-04-06,25.0,78,224,,Questionable,Undisclosed,,26875.0
8409,Tyler Snead,WR,,0.0,East Carolina,1.0,2000-02-01,22.0,67,174,,,,,
12898,Seth Henigan,QB,,4.0,Memphis,1.0,2003-03-10,23.0,75,215,,,,,26058.0
12950,Robert Lewis,WR,,,Auburn,1.0,2002-01-17,23.0,70,188,,,,,
11635,Ladd McConkey,WR,LAC,15.0,Georgia,2.0,2001-11-11,24.0,72,185,1.0,Questionable,Undisclosed,,25097.0
13347,Demond Claiborne,RB,MIN,21.0,Wake Forest,0.0,2003-10-09,22.0,70,188,3.0,,,,26764.0
12475,Ricky White,WR,SEA,86.0,UNLV,1.0,2002-02-06,24.0,73,181,7.0,,,,25010.0
8154,Brian Robinson,RB,ATL,15.0,Alabama,4.0,1999-03-22,27.0,73,225,2.0,,,,23190.0
11060,Robert Burns,RB,,39.0,UConn,2.0,1998-09-25,26.0,71,222,,,,,
515,Rob Gronkowski,TE,,87.0,Arizona,12.0,1989-05-14,32.0,78,265,,,,381091.0,10974.0
13331,Dae'Quan Wright,TE,PHI,45.0,Ole Miss,0.0,2003-09-21,22.0,76,246,,,,,26792.0
11806,Casey Washington,WR,,82.0,Illinois,2.0,2001-03-06,25.0,72,205,,,,,25304.0
5941,Felton Davis,WR,,80.0,Michigan State,3.0,1997-02-25,24.0,75,211,,,,884246.0,21062.0
6068,Devine Ozigbo,RB,,33.0,Nebraska,4.0,1996-10-02,27.0,72,225,,,,866115.0,20904.0
6111,Jake Browning,QB,TB,5.0,Washington,7.0,1996-04-11,30.0,74,209,2.0,,,865844.0,21046.0
12965,Ethan Garbers,QB,,,UCLA,1.0,2002-07-28,23.0,74,207,,,,,
5733,Clayton Wilson,TE,,86.0,Northwest Missouri State,4.0,1994-08-01,27.0,76,240,,,,1116618.0,20635.0
6018,Zach Gentry,TE,,88.0,Michigan,5.0,1996-09-10,27.0,80,265,,,,883079.0,20770.0
4289,Ishmael Zamora,WR,,8.0,Baylor,5.0,1995-11-26,26.0,76,226,,,,837972.0,19135.0
6586,Moral Stephens,TE,,88.0,Florida,3.0,,,76,247,,,,835210.0,21560.0
5138,Martez Carter,RB,,22.0,Grambling,4.0,1993-03-08,28.0,69,205,,,,844831.0,20078.0
14049,Brandon Hayes,WR,,47.0,,0.0,,,74,205,,,,,28597.0
13080,Deion Hankins,RB,,36.0,Texas State,1.0,2000-09-13,25.0,71,226,,,,,26550.0
1149,Alshon Jeffery,WR,,17.0,South Carolina,10.0,1990-02-14,31.0,75,218,,,,504323.0,14187.0
6663,Micah Wright,WR,,0.0,Maine,3.0,,,72,195,,,,830341.0,21387.0
7583,Sam Ehlinger,QB,DEN,4.0,Texas,5.0,1998-09-30,27.0,73,222,3.0,,,,21815.0
6637,Nico Evans,RB,,0.0,Wyoming,3.0,1996-05-31,25.0,69,211,,,,823870.0,21439.0
2903,Shane Carden,QB,,0.0,East Carolina,10.0,1991-11-06,33.0,74,221,,,,550813.0,17371.0
7156,J'Mar Smith,QB,,0.0,Louisiana Tech,2.0,1996-09-24,25.0,73,218,,,,,22157.0
5284,Jeff Wilson,RB,,34.0,North Texas,8.0,1995-11-16,30.0,72,205,,,,834195.0,20360.0
13129,Jermaine Terry,TE,,,Oregon State,1.0,,,76,245,,Questionable,Undisclosed,,
13438,DeaMonte Trayanum,RB,NYJ,40.0,Toledo,0.0,2002-01-02,24.0,70,224,5.0,,,,23194.0
4445,Keon Hatcher,WR,,14.0,Arkansas,5.0,1994-09-11,27.0,73,215,,,,693822.0,19306.0
6380,Davion Davis,WR,,84.0,Sam Houston,5.0,1996-10-23,27.0,71,195,,,,891229.0,21311.0
3762,Brandon Shippen,WR,,12.0,Temple,6.0,1994-05-17,27.0,71,191,,,,692387.0,18574.0
4744,Barrett Burns,TE,BAL,0.0,Appalachian State,1.0,1994-03-16,23.0,"6'4""",250,,,,,19662.0
11620,Rome Odunze,WR,CHI,15.0,Washington,2.0,2002-06-03,24.0,75,214,1.0,,,,24977.0
5289,Cameron Batson,WR,,16.0,Texas Tech,4.0,1995-12-20,27.0,68,175,,,,839009.0,20372.0
6019,Johnnie Dixon,WR,,0.0,Ohio State,3.0,1994-09-16,27.0,71,198,,,,821285.0,21070.0
2583,Tyrell Williams,WR,,0.0,Western Oregon,7.0,1992-02-12,29.0,76,210,,,,618715.0,17048.0
10232,Michael Wilson,WR,ARI,14.0,Stanford,3.0,2000-02-23,26.0,74,213,2.0,,,,24173.0
8575,Erik Krommenhoek,TE,,0.0,USC,1.0,,,77,245,,,,,
12810,Elijhah Badger,WR,,,Florida,1.0,2001-08-15,24.0,73,192,,,,,
1071,Mohamed Sanu,WR,,16.0,Rutgers,10.0,1989-08-22,33.0,74,210,,,,494313.0,13878.0
12435,Geor'Quarius Spivey,TE,,45.0,Mississippi State,1.0,1999-10-06,25.0,77,245,,,,,
13916,Xavier Loyd,WR,KC,17.0,Missouri,0.0,2003-03-11,23.0,74,196,,,,,28519.0
4200,DeAngelo Yancey,WR,,18.0,Purdue,5.0,1994-11-18,27.0,73,220,,,,749082.0,19046.0
6804,Jordan Love,QB,GB,10.0,Utah State,6.0,1998-11-02,27.0,76,219,1.0,,,,21841.0
3225,Tyler Boyd,WR,,83.0,Pittsburgh,9.0,1994-11-15,30.0,74,203,,,,742387.0,17986.0
12549,Jordan Petaia,TE,,,,1.0,2000-03-14,25.0,75,227,,,,,
6260,Jake Powell,TE,,48.0,"Monmouth, N.J.",3.0,1996-01-16,25.0,78,230,,,,839688.0,21195.0
13973,Keelan Marion,WR,ATL,85.0,Miami (FL),0.0,2000-06-22,26.0,72,195,,,,,28284.0
13592,Chandler Morris,QB,,,Virginia,0.0,2000-12-26,25.0,72,192,,,,,
7874,Jeremiah Haydel,WR,,0.0,Texas State,1.0,1999-03-25,22.0,72,170,,,,,
2119,James Franklin,QB,,0.0,Missouri,12.0,1991-07-23,34.0,74,230,,,,,16452.0
11191,Justin Marshall,WR,,18.0,Buffalo,1.0,1999-07-23,24.0,74,227,,,,,
5121,Braxton Berrios,WR,NYG,87.0,Miami (FL),8.0,1995-10-06,30.0,69,190,9.0,,,820866.0,20038.0
12360,Latreal Jones,WR,,,Southern Miss,1.0,1999-01-13,26.0,73,195,,,,,
24,Matt Ryan,QB,,2.0,Boston College,15.0,1985-05-17,37.0,76,220,,,,216263.0,732.0
2257,Carlos Hyde,RB,,24.0,Ohio State,8.0,1990-09-20,31.0,72,229,,,,543825.0,16668.0
8236,Jerreth Sterns,WR,,9.0,Western Kentucky,1.0,1999-07-01,23.0,69,195,,,,,
11099,Kearis Jackson,WR,,5.0,Georgia,2.0,1999-12-09,25.0,71,196,,,,,
5263,Chase Litton,QB,,14.0,Marshall,4.0,1995-10-05,26.0,77,230,,,,868034.0,20305.0
8147,John Metchie,WR,CAR,13.0,Alabama,4.0,2000-07-18,25.0,71,187,3.0,,,,23160.0
9483,Zack Kuntz,TE,,45.0,Old Dominion,3.0,1999-06-06,26.0,80,251,,,,,24211.0
13342,John Michael Gyllenborg,TE,KC,84.0,Wyoming,0.0,2002-08-07,23.0,77,251,3.0,,,,26940.0
5283,Ka'Raun White,WR,,13.0,West Virginia,4.0,1993-07-04,28.0,73,199,,,,880004.0,20352.0
7956,Cade Johnson,WR,,88.0,South Dakota State,3.0,1998-04-10,26.0,70,184,,,,,
13136,Redd Douglas,WR,,,Findlay,0.0,,,71,200,,,,,
11592,Erick All,TE,CIN,83.0,Iowa,2.0,2000-09-13,25.0,77,255,2.0,Questionable,Knee - ACL,,25208.0
7496,Nick Westbrook-Ikhine,WR,IND,12.0,Indiana,6.0,1997-03-21,29.0,74,211,3.0,,,,21734.0
11224,Griffin Hebert,TE,,46.0,Louisiana Tech,1.0,1999-04-02,25.0,73,239,,,,,
13604,Sincere Brown,WR,LAC,38.0,Colorado,0.0,,,77,190,,,,,28245.0
3634,Kalif Raymond,WR,CHI,14.0,Holy Cross,10.0,1994-08-08,31.0,69,160,3.0,,,692660.0,18422.0
12018,Sam Pinckney,WR,,,Coastal Carolina,1.0,1999-10-25,25.0,76,220,,,,,
5773,KhaDarel Hodge,WR,,4.0,Prairie View A&M,8.0,1995-01-03,31.0,74,210,,Questionable,Undisclosed,757521.0,20679.0
11520,Lucky Jackson,WR,DET,11.0,Western Kentucky,3.0,1997-07-17,29.0,73,185,5.0,,,,24894.0
2940,Des Lawrence,WR,,46.0,North Carolina,5.0,1994-11-30,27.0,73,185,,,,557416.0,17411.0
4574,Cooper Rush,QB,,15.0,Central Michigan,9.0,1993-11-21,32.0,75,225,,,,694117.0,19461.0
14047,Heinrich Haarberg,TE,,40.0,Nebraska,0.0,2003-03-15,23.0,76,237,,,,,28594.0
6205,Brandon Silvers,QB,,0.0,Troy,3.0,1994-05-09,27.0,75,219,,,,734266.0,20542.0
9998,Hendon Hooker,QB,TEN,16.0,Tennessee,3.0,1998-01-13,28.0,75,220,4.0,,,,24140.0
8500,John FitzPatrick,TE,,86.0,Georgia,4.0,2000-03-09,25.0,79,262,,Questionable,Achilles,,23614.0
4037,Chris Godwin,WR,TB,14.0,Penn State,9.0,1996-02-27,30.0,73,209,2.0,,,835127.0,18880.0
5244,Devin Gray,WR,,80.0,Cincinnati,4.0,1995-06-15,27.0,72,192,,,,911032.0,20227.0
11606,Dallin Holker,TE,,85.0,Colorado State,1.0,2000-04-07,25.0,75,241,,,,,
5137,Richie James,WR,,17.0,Middle Tennessee,6.0,1995-09-05,28.0,69,185,,,,822644.0,20077.0
8553,Tre Ford,QB,,0.0,Waterloo (CAN),1.0,1998-03-30,24.0,73,192,,,,,
12270,Andrew Peasley,QB,,,Wyoming,1.0,2000-01-06,25.0,74,218,,,,,
12753,Jamoi Mayes,WR,,,Cincinnati,1.0,2002-08-23,23.0,70,206,,,,,
6375,Jerome Washington,TE,,0.0,Rutgers,3.0,1994-07-05,27.0,76,256,,,,866016.0,21320.0
5013,Anthony Miller,WR,,6.0,Memphis,7.0,1994-10-09,30.0,71,195,,,,749136.0,19864.0
6017,DaMarkus Lodge,WR,,0.0,Mississippi,3.0,1997-05-12,24.0,74,202,,,,884088.0,20860.0
4874,Chris Bazile,TE,,81.0,Grambling,4.0,1991-10-25,30.0,76,250,,,,824486.0,19771.0
7858,Brenden Knox,RB,,34.0,Marshall,1.0,1998-10-10,23.0,71,220,,,,,
13516,Max Bredeson,TE,MIN,45.0,Michigan,0.0,2002-10-04,23.0,74,252,5.0,,,,28050.0
11561,Michael Pratt,QB,,11.0,Tulane,1.0,2001-09-30,23.0,74,217,,,,,
5906,Dawson Knox,TE,BUF,88.0,Ole Miss,7.0,1996-11-14,29.0,76,254,2.0,,,884083.0,20850.0
7812,Simi Fehoko,WR,ARI,80.0,Stanford,5.0,1997-11-05,28.0,76,225,6.0,,,,22645.0
12908,Chandler Brayboy,WR,JAX,15.0,Elon,1.0,2001-08-20,24.0,73,199,3.0,,,,26458.0
5217,Jason Reese,TE,,48.0,Missouri,4.0,1995-09-09,26.0,77,250,,,,744586.0,20188.0
7066,K.J. Osborn,WR,TEN,85.0,Miami (FL),6.0,1997-06-10,29.0,71,203,8.0,,,,21714.0
1979,Blake Bortles,QB,NO,6.0,UCF,8.0,1992-04-28,29.0,77,236,,,,562537.0,16245.0
8008,Josh Imatorbhebhe,WR,,0.0,Illinois,1.0,1998-04-12,23.0,74,220,,,,,
8475,Montrell Washington,WR,,80.0,Samford,3.0,1999-03-14,26.0,70,170,,,,,
11921,Xavier Weaver,WR,ARI,89.0,Colorado,2.0,2000-10-12,25.0,72,185,4.0,,,,25032.0
260,Josh Johnson,QB,CIN,11.0,San Diego,18.0,1986-05-15,40.0,75,219,3.0,,,273278.0,6489.0
2711,Taylor Heinicke,QB,,4.0,Old Dominion,10.0,1993-03-15,32.0,73,210,,,,599113.0,17179.0
6857,Collin Johnson,WR,,17.0,Texas,5.0,1997-09-23,27.0,77,220,,,,,21730.0
13557,Athan Kaliakmanis,QB,WAS,16.0,Rutgers,0.0,2003-08-20,22.0,74,216,4.0,,,,26931.0
13846,Jack Velling,TE,ATL,84.0,Michigan State,0.0,,,77,245,,,,,28287.0
8182,Chase Allen,TE,,87.0,Iowa State,1.0,1997-07-09,26.0,78,251,,,,,
4157,Tarik Cohen,RB,,31.0,North Carolina A&T,7.0,1995-07-26,29.0,66,181,,,,756928.0,19003.0
2003,Bennie Fowler,WR,,4.0,Michigan State,8.0,1991-06-10,30.0,73,212,,,,511509.0,16276.0
12285,Cade Peterson,QB,,,Grand Valley State,1.0,,,76,223,,,,,
7533,Anthony Schwartz,WR,,84.0,Auburn,4.0,2000-09-05,24.0,72,195,,,,,
7460,Jake Burt,TE,,0.0,Boston College,2.0,1996-08-25,25.0,75,260,,,,,22437.0
1837,Jimmy Garoppolo,QB,,11.0,Eastern Illinois,12.0,1991-11-02,34.0,74,226,,,,555358.0,16041.0
4528,Trevor Knight,QB,,1.0,Texas A&M,5.0,1993-10-03,28.0,73,215,,,,691269.0,19406.0
10220,Will Mallory,TE,IND,86.0,Miami (FL),3.0,1999-06-22,27.0,76,239,3.0,,,,23143.0
12063,Rocky Lombardi,QB,,,Northern Illinois,1.0,1998-07-30,26.0,76,225,,,,,
13249,Thomas Gordon,TE,DET,82.0,Northwestern,1.0,2000-09-05,25.0,76,250,,,,,26721.0
13128,Rushawn Baker,RB,,,Elon,1.0,2003-04-17,22.0,71,218,,,,,26501.0
9507,Titus Swen,RB,,42.0,Wyoming,1.0,,,70,204,,,,,
1939,Derel Walker,WR,,87.0,Texas A&M,8.0,1991-06-29,30.0,74,185,,,,653763.0,16181.0
12434,Kairee Robinson,RB,,,San Jose State,1.0,,,67,195,,,,,
8205,Isiah Pacheco,RB,DET,10.0,Rutgers,4.0,1999-03-02,27.0,70,210,2.0,,,,23371.0
2713,Josh Harper,WR,,0.0,Fresno State,10.0,1991-12-01,33.0,73,185,,,,562355.0,17181.0
6342,Stephen Louis,WR,,12.0,North Carolina State,3.0,1995-09-07,26.0,74,215,,,,820882.0,21259.0
1166,Kirk Cousins,QB,LV,8.0,Michigan State,14.0,1988-08-19,37.0,75,209,2.0,,,403308.0,14252.0
8108,DeVonte Dedmon,WR,,83.0,William & Mary,1.0,1995-11-23,26.0,70,203,,,,,
2767,Jawon Chisholm,RB,,0.0,Akron,10.0,1991-09-19,33.0,73,206,,,,564412.0,17235.0
5185,Allen Lazard,WR,,10.0,Iowa State,7.0,1995-12-11,30.0,77,227,,,,837958.0,20145.0
8110,Jake Ferguson,TE,DAL,87.0,Wisconsin,4.0,1999-01-18,27.0,77,250,1.0,,,,23138.0
12197,John Paddock,QB,,,Illinois,1.0,2000-03-27,24.0,72,190,,,,,
8251,Calvin Jackson,WR,,9.0,Washington State,1.0,1997-05-07,25.0,70,194,,,,,
2620,Jake Heaps,QB,,5.0,Miami,7.0,1991-06-19,30.0,73,208,,,,541436.0,17088.0
11225,Noah Gindorff,TE,,81.0,North Dakota State,1.0,1999-02-12,24.0,78,268,,,,,
4491,Marcus Kemp,WR,,19.0,Hawai'i,6.0,1995-08-14,28.0,76,210,,,,746243.0,19361.0
7842,Luke Farrell,TE,SF,89.0,Ohio State,5.0,1997-10-14,28.0,77,250,3.0,,,,21795.0
5136,Josh Adams,RB,,31.0,Notre Dame,4.0,1996-10-29,25.0,74,225,,,,884549.0,20075.0
3500,Devon Cajuste,WR,,83.0,Stanford,6.0,1993-01-31,28.0,76,227,,,,598956.0,18266.0
6737,Micky Crum,TE,,46.0,Louisville,3.0,1995-10-13,26.0,76,258,,,,830875.0,21658.0
11232,Isaiah Winstead,WR,,31.0,East Carolina,1.0,1999-08-09,25.0,76,213,,,,,
13975,Le'Meke Brockington,WR,ATL,88.0,Minnesota,0.0,2002-01-15,24.0,72,195,,,,,28281.0
12239,Peewee Jarrett,QB,,,West Florida,1.0,,,74,221,,,,,
4785,Kermit Whitfield,WR,,17.0,Florida State,5.0,1993-10-08,28.0,68,184,,,,,19440.0
11046,Colton Dowell,WR,SF,84.0,Tennessee-Martin,3.0,1999-04-19,27.0,75,212,8.0,,,,24494.0
6288,Marcus Green,WR,,89.0,Louisiana-Monroe,3.0,1996-08-13,25.0,68,191,,,,821868.0,21139.0
6320,Jonathan Duhart,WR,,0.0,Old Dominion,3.0,1996-06-26,25.0,75,215,,,,835022.0,21224.0
4082,Curtis Samuel,WR,,1.0,Ohio State,9.0,1996-08-11,29.0,71,195,,,,821389.0,18928.0
7048,Benny LeMay,RB,CLE,16.0,Charlotte,2.0,1997-10-18,24.0,68,220,,,,,21789.0
1049,Ryan Tannehill,QB,,17.0,Texas A&M,12.0,1988-07-27,35.0,76,217,,,,380960.0,13799.0
6686,Joe Horn,WR,,87.0,Missouri Western,3.0,1994-09-16,27.0,70,174,,,,,8079.0
12350,Anthony Grant,RB,,,Nebraska,1.0,1999-02-27,25.0,71,205,,,,,
5703,Deontez Alexander,WR,,82.0,Franklin,4.0,1996-07-25,26.0,75,180,,,,952047.0,20626.0
12976,DeMeer Blankumsee,WR,,,Memphis,0.0,,,70,192,,,,,
3239,Bronson Kaufusi,TE,GB,45.0,BYU,6.0,1991-07-06,30.0,78,270,,,,695300.0,18000.0
12311,Daniel George,WR,,,Akron,1.0,,,74,210,,,,,
1339,Zach Ertz,TE,,86.0,Stanford,13.0,1990-11-10,35.0,77,250,,Questionable,Knee - ACL,503177.0,14856.0
5155,Corey Willis,WR,,83.0,Central Michigan,4.0,1995-05-02,26.0,70,172,,,,729691.0,20082.0
4184,Bucky Hodges,TE,,0.0,Virginia Tech,5.0,1995-08-08,26.0,78,245,,,,742420.0,19030.0
8770,Malik Williams,WR,,0.0,Appalachian State,1.0,1999-01-14,24.0,70,185,,,,,
11280,Brady Russell,TE,SEA,38.0,Colorado,3.0,1998-08-31,27.0,75,250,7.0,,,,24718.0
11589,Trey Benson,RB,ARI,33.0,Florida State,2.0,2002-07-23,23.0,72,225,4.0,Questionable,Knee - Meniscus,,24292.0
5878,N'Keal Harry,TE,,84.0,Arizona State,5.0,1997-12-17,26.0,75,228,,,,910431.0,20792.0
3816,Brandon Brown-Dukes,RB,,38.0,Mercyhurst,6.0,1992-04-29,29.0,68,200,,,,915350.0,18632.0
13173,Jimmy Holiday,WR,KC,82.0,Louisiana Tech,1.0,2001-12-16,24.0,73,211,,,,,26657.0
7143,Ben DiNucci,QB,,16.0,James Madison,6.0,1996-11-24,29.0,74,215,,,,,22146.0
13749,Kole Wilson,WR,CLE,87.0,Baylor,0.0,2003-12-16,22.0,67,177,,,,,28331.0
10867,Jake Bobo,WR,SEA,19.0,UCLA,3.0,1998-08-04,27.0,76,211,6.0,,,,24339.0
8131,Isaiah Likely,TE,NYG,9.0,Coastal Carolina,4.0,2000-04-18,26.0,76,241,1.0,,,,23256.0
4046,Patrick Mahomes,QB,KC,15.0,Texas Tech,9.0,1995-09-17,30.0,74,225,1.0,Questionable,Knee - ACL,839031.0,18890.0
8938,Nathan Rourke,QB,,16.0,Ohio,1.0,1998-05-24,26.0,73,210,,,,,
3286,Demarcus Robinson,WR,SF,5.0,Florida,10.0,1994-09-21,31.0,73,202,6.0,,,727279.0,18047.0
7609,Demetric Felton,RB,,25.0,UCLA,4.0,1998-07-16,27.0,69,190,,,,,
11608,Isaiah Williams,WR,NYJ,18.0,Illinois,2.0,2001-01-29,25.0,70,185,4.0,,,,25205.0
2315,Todd Gurley,RB,,21.0,Georgia,7.0,1994-08-03,27.0,73,224,,,,694641.0,16771.0
4551,Tanner Gentry,WR,,87.0,Wyoming,6.0,1994-12-18,28.0,74,209,,,,728964.0,19431.0
12524,Shedeur Sanders,QB,CLE,2.0,Colorado,1.0,2002-02-07,24.0,74,212,1.0,,,,26079.0
6171,Cody Thompson,WR,,83.0,Toledo,6.0,1996-01-11,29.0,74,205,,,,833514.0,20963.0
11344,Keytaon Thompson,WR,,43.0,Virginia,1.0,1998-10-23,24.0,77,218,,,,,
3514,Jake McGee,TE,,80.0,Florida,6.0,1991-09-19,30.0,77,250,,,,556211.0,18280.0
7564,Ja'Marr Chase,WR,CIN,1.0,LSU,5.0,2000-03-01,26.0,72,205,1.0,,,,22564.0
8174,Kevin Harris,RB,,34.0,South Carolina,3.0,2000-11-17,24.0,70,225,,,,,
5462,Christopher Ezeala,RB,,45.0,No College,6.0,1995-09-19,26.0,71,248,,,,1115428.0,20534.0
12235,Marcus Riley,WR,,,Florida A&M,1.0,1999-05-09,25.0,71,175,,,,,
4593,Brandon Barnes,TE,,86.0,Alabama State,5.0,1994-05-31,27.0,77,255,,,,754207.0,19480.0
5403,Peter Pujals,QB,,6.0,Holy Cross,4.0,1995-01-23,26.0,74,215,,,,750176.0,20453.0
13658,Brady Boyd,WR,JAX,49.0,Utah State,0.0,2002-06-06,24.0,73,195,,,,,28269.0
8177,Grant Calcaterra,TE,PHI,81.0,SMU,4.0,1998-12-04,27.0,76,240,3.0,,,,23486.0
13657,Alex Bullock,WR,,45.0,South Dakota State,0.0,,,74,205,,NA,Undisclosed,,28270.0
5293,Jordan Veasy,WR,,18.0,California,4.0,1995-06-23,27.0,75,221,,,,911523.0,20376.0
8125,Calvin Austin,WR,NYG,82.0,Memphis,4.0,1999-03-24,27.0,69,162,5.0,,,,22566.0
7746,Austin Trammell,WR,JAX,81.0,Rice,5.0,1998-07-04,28.0,70,185,6.0,,,,22973.0
7587,Dyami Brown,WR,WAS,6.0,North Carolina,5.0,1999-11-01,26.0,72,195,6.0,,,,22686.0
13422,Jaren Kanak,TE,TEN,81.0,Oklahoma,0.0,2004-02-10,22.0,74,234,3.0,,,,26756.0
13802,Jacob Clark,QB,LV,,Missouri State,0.0,2000-11-01,25.0,77,220,,,,,28422.0
12410,John Jackson,WR,,82.0,Nevada,1.0,1999-08-23,25.0,72,213,,,,,
11897,Jermaine Jackson,WR,,80.0,Idaho,1.0,2000-06-02,24.0,67,170,,,,,
8095,Graham Adomitis,TE,,0.0,Princeton,1.0,1996-08-15,25.0,76,255,,,,,
11382,Dontay Demus,WR,,83.0,Maryland,1.0,2000-09-26,23.0,75,220,,,,,
8117,Jalen Tolbert,WR,MIA,1.0,South Alabama,4.0,1999-02-27,27.0,73,195,5.0,,,,22597.0
7483,Farrod Green,TE,,86.0,Mississippi State,2.0,1997-06-10,24.0,75,245,,,,,22458.0
6797,Justin Herbert,QB,LAC,10.0,Oregon,6.0,1998-03-10,28.0,78,236,1.0,,,,21681.0
6849,Denzel Mims,WR,DAL,84.0,Baylor,6.0,1997-10-10,28.0,75,207,8.0,,,,21741.0
13041,Jahmal Banks,WR,,,Nebraska,1.0,2001-10-02,24.0,75,218,,,,,
5884,Kelvin Harmon,WR,,84.0,North Carolina State,6.0,1996-12-15,28.0,74,215,,,,920809.0,20789.0
5781,Malik Turner,WR,SF,81.0,Illinois,8.0,1996-01-30,30.0,74,202,,,,830686.0,20684.0
11262,Damien Caffrey,TE,,88.0,Stony Brook,1.0,,,78,262,,,,,
6801,Tee Higgins,WR,CIN,5.0,Clemson,6.0,1999-01-18,27.0,76,220,2.0,,,,21690.0
4669,Andre Patton,WR,,0.0,Rutgers,5.0,1994-05-28,27.0,76,200,,,,746191.0,19568.0
1555,Kenny Stills,WR,,12.0,Oklahoma,9.0,1992-04-22,30.0,73,202,,,,542896.0,15196.0
12149,Gavin Hardison,QB,,,UTEP,1.0,2000-05-15,24.0,74,206,,,,,
10859,Sam LaPorta,TE,DET,87.0,Iowa,3.0,2001-01-12,25.0,75,245,1.0,Questionable,Back,,23141.0
11567,Jordan Travis,QB,,3.0,Florida State,1.0,2000-05-02,24.0,73,200,,,,,
8660,Leroy Watson,TE,,77.0,UTSA,3.0,1998-06-10,27.0,76,311,,,,,23863.0
6506,Trayone Gray,RB,,43.0,Miami,3.0,1995-12-14,26.0,73,233,,,,839549.0,21283.0
8699,Cyrus Holder,WR,,0.0,Duquesne,1.0,,,75,198,,,,,
12792,Garrett Greene,QB,TB,85.0,West Virginia,1.0,2001-10-01,24.0,71,201,,,,,26266.0
812,Lee Smith,TE,ATL,85.0,Marshall,11.0,1987-11-21,34.0,78,265,,,,334184.0,12777.0
5609,Stephen Baggett,TE,,86.0,East Carolina,4.0,,,77,247,,,,831178.0,20553.0
8921,Maurice Alexander,WR,CHI,13.0,Florida International,4.0,1997-01-10,29.0,70,173,5.0,,,,24073.0
12546,Marcus Yarns,RB,,,Delaware,1.0,2001-10-30,24.0,71,190,,,,,
6661,Joseph Parker,WR,,80.0,Chattanooga,3.0,1996-07-24,25.0,70,185,,,,868201.0,21568.0
11633,Jamari Thrash,WR,CLE,80.0,Louisville,2.0,2000-12-19,25.0,72,190,10.0,,,,24984.0
13964,Myles Montgomery,RB,NE,39.0,UCF,0.0,,,70,205,,,,,28463.0
8628,Jontre Kirklin,WR,,84.0,LSU,2.0,1998-10-09,25.0,72,184,,,,,
7359,Nakia Griffin-Stewart,TE,,89.0,Pittsburgh,2.0,1996-11-12,25.0,77,260,,,,,22347.0
12246,Mike Rigerman,TE,,,Findlay,1.0,2001-06-29,23.0,74,244,,,,,
6629,Brian Burt,WR,,12.0,Fresno State,3.0,,,71,194,,,,1069499.0,21541.0
3433,Alex Erickson,WR,,82.0,Wisconsin,9.0,1992-11-06,32.0,72,195,,,,652520.0,18197.0
13189,Luke Floriea,WR,CLE,81.0,Kent State,1.0,2001-10-23,24.0,68,180,,,,,26672.0
8638,Grayson Gunter,TE,,0.0,Southern Miss,1.0,1997-11-13,25.0,77,247,,,,,
13744,Cameron Ross,WR,DEN,87.0,Virginia,0.0,2001-08-16,24.0,70,186,,,,,28372.0
4111,D'Onta Foreman,RB,,27.0,Texas,8.0,1996-04-24,28.0,72,235,,,,835443.0,18957.0
6386,Alex Bachman,WR,,81.0,Wake Forest,7.0,1996-05-29,29.0,72,190,,,,884315.0,21294.0
12259,Taulia Tagovailoa,QB,,,Maryland,1.0,2000-02-15,24.0,71,200,,,,,
11524,Izaiah Gathings,TE,,85.0,Middle Tennessee,1.0,2000-09-18,23.0,76,222,,,,,
2785,Gus Johnson,RB,,0.0,Stephen F. Austin,7.0,1993-08-10,28.0,70,215,,,,601864.0,17253.0
4443,Pharaoh Brown,TE,,49.0,Oregon,9.0,1994-05-04,31.0,77,246,,,,689689.0,19304.0
11237,Jacob Saylors,RB,DET,25.0,East Tennessee State,3.0,2001-03-08,25.0,71,195,3.0,,,,24312.0
13088,Quali Conley,RB,,,Arizona,1.0,2002-09-25,23.0,70,211,,,,,
7078,Tony Brown,WR,,0.0,Colorado,2.0,1997-08-08,24.0,73,195,,,,,22090.0
6448,Darrin Hall,RB,,34.0,Pittsburgh,3.0,1996-09-06,25.0,71,225,,,,879279.0,21286.0
2399,Ty Montgomery,RB,,14.0,Stanford,8.0,1993-01-22,30.0,72,220,,,,598969.0,16855.0
8414,Britain Covey,WR,PHI,18.0,Utah,4.0,1997-03-18,29.0,68,173,6.0,,,,23302.0
8523,Nick Muse,TE,,87.0,South Carolina,4.0,1998-11-25,27.0,77,252,,,,,23621.0
11957,Sam Schnee,WR,,,Northern Iowa,1.0,2000-04-01,24.0,70,191,,,,,
5775,Jared Murphy,WR,,9.0,"Miami, O.",4.0,1994-07-20,27.0,70,182,,,,744057.0,20680.0
9501,DeMario Douglas,WR,NE,3.0,Liberty,3.0,2000-12-08,25.0,68,185,4.0,,,,24180.0
7539,Gerrid Doaks,RB,,26.0,Cincinnati,3.0,1998-06-09,25.0,71,228,,,,,
8180,Jalen Nailor,WR,LV,9.0,Michigan State,4.0,1999-03-02,27.0,72,190,2.0,,,,23368.0
4994,Kalen Ballage,RB,,29.0,Arizona State,4.0,1995-12-22,26.0,74,231,,,,820568.0,19824.0
1737,Case Keenum,QB,CHI,11.0,Houston,14.0,1988-02-17,38.0,73,220,3.0,,,338280.0,15694.0
6469,Davis Koppenhaver,TE,,0.0,Duke,3.0,1996-01-24,25.0,76,240,,,,830826.0,21420.0
6247,Jason Moore,WR,,29.0,Findlay,4.0,1995-06-23,28.0,74,213,,,,1166990.0,21178.0
12519,Luther Burden,WR,CHI,10.0,Missouri,1.0,2003-12-12,22.0,72,210,2.0,,,,26044.0
7425,Patrick Carr,RB,,0.0,Houston,2.0,1995-09-22,26.0,70,205,,,,,22405.0
7854,Miller Forristall,TE,,82.0,Alabama,3.0,1998-03-11,26.0,77,243,,,,,
9486,Dontayvion Wicks,WR,PHI,13.0,Virginia,3.0,2001-06-16,25.0,73,206,4.0,,,,23253.0
1346,Marquise Goodwin,WR,,3.0,Texas,11.0,1990-11-19,33.0,69,185,,,,507478.0,14865.0
2949,Synjyn Days,RB,,0.0,Georgia Tech,11.0,1991-10-09,34.0,72,223,,,,553584.0,17421.0
8650,Lujuan Winningham,WR,,0.0,Central Arkansas,1.0,,,75,195,,,,,
13199,Montorie Foster,WR,SEA,87.0,Michigan State,1.0,2001-08-03,24.0,71,188,,,,,25985.0
12455,Brashard Smith,RB,KC,24.0,SMU,1.0,2003-04-11,23.0,70,196,4.0,,,,25899.0
4881,Lamar Jackson,QB,BAL,8.0,Louisville,8.0,1997-01-07,29.0,74,205,1.0,,,877745.0,19781.0
13632,Devonte Ross,WR,LAC,24.0,Penn State,0.0,2002-09-09,23.0,70,170,,,,,25908.0
13428,Joey Aguilar,QB,JAX,17.0,Tennessee,0.0,2001-06-16,25.0,75,225,,,,,28136.0
10870,Deneric Prince,RB,,30.0,Tulsa,3.0,2000-04-11,25.0,72,216,,,,,24365.0
7860,Osirus Mitchell,WR,,82.0,Mississippi State,1.0,1998-09-15,23.0,77,206,,,,,
13349,Eli Stowers,TE,PHI,87.0,Vanderbilt,0.0,2003-04-15,23.0,75,239,2.0,Questionable,Lower Body,,26757.0
11618,Jalen McMillan,WR,TB,11.0,Washington,2.0,2001-12-07,24.0,73,192,3.0,,,,25098.0
13430,RJ Maryland,TE,GB,48.0,SMU,0.0,2004-07-09,22.0,75,236,,,,,28062.0
167,Tom Brady,QB,,12.0,Michigan,23.0,1977-08-03,45.0,76,225,,,,25347.0,4314.0
4219,Jeremy McNichols,RB,WAS,26.0,Boise State,9.0,1995-12-26,30.0,69,205,5.0,,,837594.0,19065.0
13202,Dalevon Campbell,WR,LAC,81.0,South Carolina,1.0,2001-12-05,24.0,76,220,,,,,26683.0
12963,Kayron Lynch-Adams,RB,,,Michigan State,1.0,,,70,215,,,,,
10983,Sean Clifford,QB,CIN,4.0,Penn State,3.0,1998-07-14,28.0,74,212,4.0,,,,24476.0
3555,Canaan Severin,WR,,83.0,Virginia,6.0,1993-03-16,28.0,74,205,,,,694010.0,18328.0
2133,Davante Adams,WR,LAR,17.0,Fresno State,12.0,1992-12-24,33.0,73,204,2.0,,,611417.0,16470.0
96,Aaron Rodgers,QB,PIT,8.0,California,21.0,1983-12-02,42.0,74,223,1.0,,,213957.0,2593.0
5872,Deebo Samuel,WR,,1.0,South Carolina,7.0,1996-01-15,30.0,72,215,,,,835749.0,20932.0
8820,Troy Hairston,RB,,36.0,Central Michigan,3.0,1998-12-08,26.0,71,245,,,,,
6492,Terry Wright,WR,,9.0,Purdue,3.0,1997-01-28,24.0,70,177,,,,1066824.0,21492.0
4042,Joe Williams,RB,,32.0,Utah,5.0,1993-09-04,28.0,71,205,,,,867383.0,18885.0
12408,Michael Hiers,QB,,,Samford,1.0,1999-05-28,25.0,73,215,,,,,
12941,Bryson Nesbit,TE,MIN,83.0,North Carolina,1.0,2002-09-25,23.0,77,228,,,,,25107.0
4420,Cody Hollister,WR,,8.0,Arkansas,6.0,1993-11-18,29.0,76,220,,,,696881.0,19280.0
9480,Brenton Strange,TE,JAX,85.0,Penn State,3.0,2000-12-27,25.0,76,253,1.0,,,,24223.0
12545,Tyler Shough,QB,NO,6.0,Louisville,1.0,1999-09-28,26.0,77,219,1.0,,,,23187.0
827,Tyrod Taylor,QB,GB,6.0,Virginia Tech,15.0,1989-08-03,36.0,73,217,2.0,,,399579.0,12831.0
13667,Marcus Burke,WR,,,,0.0,,,75,195,,,,,
6352,Matt Colburn,RB,,0.0,Wake Forest,6.0,1997-07-27,27.0,70,201,,,,,21329.0
2822,Adam Humphries,WR,,27.0,Clemson,8.0,1993-06-24,30.0,74,195,,,,602096.0,17290.0
13647,Ben Patterson,WR,JAX,83.0,Texas Permian Basin,0.0,,,77,220,,,,,28278.0
6985,Dezmon Patmon,WR,,86.0,Washington State,3.0,1998-08-06,25.0,76,225,,,,,21959.0
2787,David Porter,WR,,0.0,TCU,10.0,1992-12-21,32.0,72,197,,,,601101.0,17255.0
4892,Baker Mayfield,QB,TB,6.0,Oklahoma,8.0,1995-04-14,31.0,73,215,1.0,,,748070.0,19790.0
4137,James Conner,RB,ARI,6.0,Pittsburgh,9.0,1995-05-05,31.0,73,233,3.0,Questionable,Foot,742390.0,18983.0
12277,John Matocha,QB,,,Colorado School of Mines,1.0,,,71,180,,,,,
5608,Devonte Boyd,WR,,8.0,Nevada-Las Vegas,4.0,1994-10-05,27.0,73,185,,,,823674.0,20452.0
13432,Khalil Dinkins,TE,SF,82.0,Penn State,0.0,,,76,226,,,,,28059.0
10862,Dorian Thompson-Robinson,QB,,14.0,UCLA,2.0,1999-11-14,25.0,74,203,,,,,
3640,Soma Vainuku,RB,,37.0,Southern California,6.0,1992-05-28,29.0,72,255,,,,555692.0,18430.0
8145,Jeremy Ruckert,TE,NYJ,89.0,Ohio State,4.0,2000-08-11,25.0,77,250,3.0,,,,22521.0
12068,Mason Pline,TE,KC,85.0,Furman,2.0,2000-02-05,26.0,79,260,5.0,,,,25320.0
4696,Trey Edmunds,RB,,33.0,Maryland,5.0,1994-12-30,27.0,74,223,,,,691645.0,19599.0
11961,Emory Jones,QB,,15.0,Cincinnati,2.0,2000-04-29,25.0,74,211,,,,,23236.0
12518,Tyler Warren,TE,IND,84.0,Penn State,1.0,2002-05-24,24.0,78,256,1.0,,,,25874.0
8203,Jeremiah Hall,TE,,0.0,Oklahoma,1.0,,,74,248,,,,,
13816,Mark Gronowski,QB,MIA,16.0,Iowa,0.0,2001-10-05,24.0,74,226,,,,,28143.0
13264,Dohnte Meyers,WR,CIN,81.0,Delta State,3.0,2000-07-06,26.0,71,186,,,,,26873.0
7106,Lawrence Cager,TE,WAS,89.0,Georgia,6.0,1997-08-20,28.0,77,220,5.0,,,,21728.0
12191,Trent Pennix,TE,,,North Carolina State,1.0,1999-12-10,25.0,74,234,,,,,
5997,Jazz Ferguson,WR,,87.0,"Northwestern State, La.",3.0,1997-01-12,25.0,77,228,,,,865560.0,20756.0
7063,Shea Patterson,QB,,0.0,Michigan,2.0,1997-01-17,24.0,74,215,,,,,21824.0
1678,Uzoma Nwachukwu,WR,,16.0,Texas A&M,9.0,1990-12-15,31.0,71,198,,,,511402.0,15491.0
928,Randall Cobb,WR,,18.0,Kentucky,13.0,1990-08-22,33.0,70,192,,,,465949.0,13227.0
5347,Nyheim Miller-Hines,RB,,19.0,North Carolina State,8.0,1996-11-12,29.0,68,198,,,,880146.0,19912.0
4456,K.D. Cannon,WR,,81.0,Baylor,5.0,1995-11-05,26.0,72,180,,,,837957.0,19320.0
13330,Kenyon Sadiq,TE,NYJ,16.0,Oregon,0.0,2005-03-04,21.0,75,241,1.0,Questionable,Undisclosed,,26755.0
12755,Kelly Akharaiyi,WR,,,Mississippi State,1.0,2000-02-05,25.0,72,201,,,,,
7317,Jared Rice,TE,,40.0,Fresno State,2.0,1996-10-19,25.0,77,243,,,,,21790.0
9506,Sean Tucker,RB,TB,44.0,Syracuse,3.0,2001-10-25,24.0,70,205,3.0,,,,24194.0
7607,Michael Carter,RB,TEN,35.0,North Carolina,5.0,1999-05-07,27.0,68,201,4.0,,,,22553.0
8167,Christian Watson,WR,GB,9.0,North Dakota State,4.0,1999-05-12,27.0,76,215,1.0,,,,23395.0
8211,Tyrion Davis-Price,RB,,44.0,LSU,3.0,2000-10-23,24.0,72,211,,,,,
5777,Malachi Jones,WR,,2.0,Appalachian State,6.0,1994-03-20,27.0,74,215,,,,695382.0,18462.0
5432,Cam Sims,WR,,87.0,Alabama,6.0,1996-01-06,28.0,77,214,,,,824541.0,20529.0
7599,Jermar Jefferson,RB,,43.0,Oregon State,5.0,2000-04-15,26.0,70,212,,,,,22555.0
2346,Devin Funchess,TE,,13.0,Michigan,7.0,1994-05-21,28.0,76,235,,,,696127.0,16802.0
2703,Ezell Ruffin,WR,,3.0,San Diego State,10.0,1992-03-17,32.0,73,210,,,,556460.0,17171.0
12897,Nathan Carter,RB,ATL,38.0,Michigan State,1.0,2002-05-22,24.0,70,202,4.0,,,,26289.0
3505,Dom Williams,WR,,80.0,Washington State,6.0,1992-12-11,29.0,74,200,,,,608147.0,18271.0
5223,Caleb Scott,WR,TEN,83.0,Vanderbilt,4.0,1996-02-26,25.0,74,203,,,,835860.0,20182.0
642,Golden Tate,WR,,0.0,Notre Dame,12.0,1988-08-02,33.0,70,197,,,,400490.0,11611.0
9999,Will Levis,QB,TEN,8.0,Kentucky,3.0,1999-06-27,27.0,76,229,2.0,,,,23270.0
13344,Preston Fox,WR,,,,0.0,,,70,188,,,,,
6420,Jon'Vea Johnson,WR,,0.0,Toledo,3.0,1995-12-23,26.0,72,192,,,,833478.0,21451.0
12509,Tre' Harris,WR,LAC,9.0,Ole Miss,1.0,2002-02-28,24.0,75,210,3.0,,,,25925.0
6373,A.J. Richardson,WR,,0.0,Boise State,3.0,1995-06-02,26.0,72,212,,,,824132.0,21318.0
7990,Garrett Groshek,RB,,0.0,Wisconsin,1.0,1997-08-02,24.0,71,220,,,,,
7279,DeMichael Harris,WR,,12.0,Southern Miss,2.0,1998-07-12,24.0,68,178,,,,,22276.0
5947,Jakobi Meyers,WR,JAX,3.0,North Carolina State,7.0,1996-11-09,29.0,74,200,3.0,,,880151.0,20876.0
11529,Ed Lee,WR,,67.0,Rhode Island,1.0,1999-05-29,24.0,70,185,,,,,
12690,Tommy Mellott,WR,,,Montana State,1.0,2001-10-16,24.0,72,208,,,,,26279.0
2580,Titus Davis,WR,,2.0,Central Michigan,7.0,1993-01-03,29.0,74,190,,,,591602.0,17045.0
12778,Jerjuan Newton,WR,,,Toledo,1.0,2001-05-19,24.0,71,192,,,,,
11521,Jadakis Bonds,WR,,6.0,Hampton,1.0,1999-11-27,23.0,75,206,,,,,
12946,Dontae Fleming,WR,MIN,19.0,Tulane,1.0,2001-11-28,24.0,74,180,,,,,26348.0
2790,Nigel King,WR,,0.0,Kansas,10.0,1992-10-09,32.0,75,210,,,,592458.0,17258.0
8158,Carson Strong,QB,,0.0,Nevada,1.0,1999-09-14,23.0,75,226,,,,,
11651,Isaac Guerendo,RB,SF,31.0,Louisville,2.0,2000-06-28,26.0,72,221,5.0,Questionable,Pectoral,,25063.0
8613,Taysir Mack,WR,,0.0,Pittsburgh,1.0,1998-09-17,24.0,74,190,,,,,
2462,J.J. Nelson,WR,,15.0,UAB,7.0,1992-04-24,30.0,70,160,,,,557431.0,16919.0
14020,Dean Patterson,WR,TB,8.0,Georgia Tech,0.0,,,74,200,,,,,28575.0
6237,Wilton Speight,QB,,5.0,UCLA,3.0,1994-12-06,27.0,78,232,,,,822513.0,21167.0
3846,Duke Williams,WR,,0.0,Auburn,6.0,1993-05-13,28.0,75,225,,,,824249.0,18666.0
6392,Johnathan Lloyd,WR,,10.0,Duke,3.0,1995-12-04,26.0,72,190,,,,820719.0,21397.0
13272,Carson Beck,QB,ARI,19.0,Miami (FL),0.0,2002-11-19,23.0,76,233,2.0,,,,24994.0
8831,Ethan Fernea,WR,,13.0,UCLA,2.0,1998-03-02,26.0,72,195,,,,,
8751,Dylan Parham,TE,,0.0,North Carolina State,2.0,1998-05-31,24.0,77,245,,,,,
11189,Zay Malone,WR,,82.0,Henderson State,1.0,2000-03-06,23.0,69,180,,,,,
3593,Anthony Kelly,WR,,0.0,Kutztown,9.0,1993-04-14,31.0,75,210,,,,,18373.0
2360,Maxx Williams,TE,,87.0,Minnesota,8.0,1994-04-12,28.0,76,252,,,,651658.0,16816.0
830,A.J. Green,WR,,18.0,Georgia,12.0,1988-07-31,34.0,76,207,,,,458093.0,12845.0
11960,Steven Stilianos,TE,,43.0,Iowa,1.0,2000-02-25,25.0,77,251,,,,,
12453,Ontaria Wilson,WR,,,Florida State,1.0,1999-08-12,25.0,72,175,,,,,
12700,Gavin Bartholomew,TE,MIN,86.0,Pittsburgh,1.0,2003-04-30,23.0,77,249,4.0,Questionable,Back,,26113.0
8068,C.J. Saunders,WR,,85.0,Ohio State,2.0,1996-09-15,27.0,70,190,,,,,
13673,Trent Battle,RB,,,,0.0,,,73,205,,,,,
5977,Terry Godwin,WR,,80.0,Georgia,3.0,1996-10-23,25.0,71,185,,,,879072.0,20775.0
3271,Tyler Higbee,TE,LAR,89.0,Western Kentucky,10.0,1993-01-01,33.0,78,253,3.0,,,604176.0,18032.0
11267,Aron Cruickshank,WR,,84.0,Rutgers,1.0,2000-09-07,22.0,70,170,,,,,
2906,Bell Braylon,WR,,0.0,Abilene Christian,3.0,,,78,205,,,,736104.0,17374.0
1502,Chris Thompson,RB,,0.0,Florida State,9.0,1990-10-20,31.0,68,187,,,,509372.0,15102.0
12761,Jordan Moore,WR,CIN,14.0,Duke,1.0,2002-04-18,24.0,72,191,,,,,26343.0
7457,Michael Dereus,WR,,82.0,Georgetown,2.0,1997-02-18,24.0,73,210,,,,,22435.0
7174,Juwan Green,WR,,89.0,Albany,3.0,1998-07-01,25.0,72,187,,,,,22176.0
12940,Tre Stewart,RB,,,Jacksonville State,1.0,2002-12-14,23.0,68,186,,,,,
2342,Devin Smith,WR,,0.0,Ohio State,7.0,1992-03-03,29.0,73,200,,,,606485.0,16798.0
3208,Kenneth Dixon,RB,,38.0,Louisiana Tech,6.0,1994-01-21,27.0,70,228,,,,693062.0,17969.0
4988,Nick Chubb,RB,,21.0,Georgia,8.0,1995-12-27,30.0,71,227,,,,822857.0,19798.0
1535,Cordarrelle Patterson,RB,,84.0,Tennessee,12.0,1991-03-17,34.0,74,220,,,,690153.0,15150.0
11638,Ricky Pearsall,WR,SF,1.0,Florida,2.0,2000-09-09,25.0,73,189,2.0,,,,24982.0
12514,Emeka Egbuka,WR,TB,2.0,Ohio State,1.0,2002-10-14,23.0,73,205,1.0,,,,26092.0
7605,Kyle Trask,QB,,16.0,Florida,5.0,1998-03-06,27.0,77,236,,,,,22494.0
8218,Max Borghi,RB,,0.0,Washington State,1.0,2000-04-23,22.0,70,197,,,,,
13292,Lake McRee,TE,PIT,81.0,USC,0.0,,,76,243,,,,,26954.0
7435,Cameron Scarlett,RB,,0.0,Stanford,2.0,1996-10-09,25.0,73,216,,,,,22414.0
13255,Shane Watts,RB,,,Fort Hays State,1.0,,,69,195,,,,,
6317,Jacob Dolegala,QB,,0.0,Central Connecticut State,3.0,1996-10-07,25.0,79,242,,,,887061.0,21220.0
7569,Nico Collins,WR,HOU,12.0,Michigan,5.0,1999-03-19,27.0,76,222,1.0,,,,21756.0
13582,Anthony Smith,WR,DAL,83.0,East Carolina,0.0,2002-03-01,24.0,74,197,9.0,,,,26806.0
6659,Craig Reynolds,RB,,49.0,Kutztown,7.0,1996-06-15,29.0,71,216,,Questionable,Undisclosed,1167356.0,21564.0
8090,Daniel Crawford,TE,,80.0,Northern Illinois,1.0,1997-12-15,24.0,74,251,,,,,
9228,Bryce Young,QB,CAR,9.0,Alabama,3.0,2001-07-25,24.0,70,204,1.0,,,,23132.0
12487,Terrance Ferguson,TE,LAR,18.0,Oregon,1.0,2003-03-07,23.0,77,252,1.0,,,,25970.0
8694,Henry Litwin,WR,,0.0,Slippery Rock,1.0,,,71,189,,,,,
10221,Ronnie Bell,WR,NO,85.0,Michigan,3.0,2000-01-28,26.0,72,192,9.0,,,,22627.0
6195,Damon Sheehy-Guiseppi,WR,,15.0,Phoenix CC,3.0,1995-02-15,26.0,71,181,,,,1164241.0,21096.0
4131,Kenny Golladay,WR,,19.0,Northern Illinois,6.0,1993-11-03,29.0,76,213,,,,697295.0,18977.0
5973,Josh Oliver,TE,MIN,84.0,San Jose State,7.0,1997-03-21,29.0,77,264,2.0,Questionable,Ankle,881779.0,20899.0
6870,Bryan Edwards,WR,,11.0,South Carolina,3.0,1998-11-13,24.0,75,215,,,,,21736.0
8408,Jordan Mason,RB,MIN,27.0,Georgia Tech,4.0,1999-05-24,27.0,71,230,2.0,,,,23364.0
12884,Quincy Skinner,WR,,,Vanderbilt,1.0,2003-02-28,22.0,74,205,,,,,
8226,Greg Bell,RB,,38.0,San Diego State,2.0,1998-06-16,25.0,72,200,,,,,
5128,Logan Woodside,QB,,15.0,Toledo,8.0,1995-01-27,30.0,74,201,,,,732107.0,20055.0
13603,Gregory Desrosiers,RB,LAC,31.0,Memphis,0.0,,,71,200,,,,,28248.0
10869,Matt Landers,WR,,83.0,Arkansas,2.0,1999-06-16,26.0,76,200,,,,,
11650,Luke McCaffrey,WR,WAS,11.0,Rice,2.0,2001-04-02,25.0,74,195,7.0,,,,24987.0
7235,Aleva Hifo,WR,,84.0,Brigham Young,2.0,1997-12-23,24.0,70,187,,,,,22236.0
8798,Felix Harper,QB,,0.0,Alcorn State,1.0,,,71,180,,,,,
6988,Raymond Calais,RB,,30.0,Louisiana,2.0,1998-04-02,24.0,68,188,,,,,21855.0
2635,Vernon Johnson,WR,,0.0,Texas A&M-Commerce,10.0,1992-04-17,32.0,73,190,,,,847325.0,17103.0
13296,Caleb Douglas,WR,MIA,7.0,Texas Tech,0.0,2003-09-09,22.0,76,205,4.0,Questionable,Undisclosed,,26862.0
6263,Trevor Wood,TE,,88.0,Texas A&M,3.0,1996-01-25,25.0,78,265,,,,838138.0,21198.0
7021,Rico Dowdle,RB,PIT,13.0,South Carolina,6.0,1998-06-14,28.0,71,215,2.0,,,,21952.0
11301,Braxton Westfield,WR,,13.0,Carson-Newman,1.0,,,76,205,,,,,
11895,Mason Tipton,WR,NO,15.0,Yale,2.0,2000-09-27,25.0,71,187,8.0,Questionable,Groin,,25409.0
13852,Dontae McMillan,RB,BAL,36.0,Eastern Michigan,0.0,2001-10-04,24.0,70,203,,,,,26813.0
5260,Vyncint Smith,WR,,15.0,Limestone,5.0,1996-06-09,27.0,75,195,,,,850603.0,20295.0
1701,Eric Rogers,WR,,3.0,California Lutheran,9.0,1991-02-12,30.0,76,195,,,,,15581.0
11630,Roman Wilson,WR,PIT,14.0,Michigan,2.0,2001-06-19,25.0,70,186,4.0,,,,25039.0
7083,Tyler Huntley,QB,BAL,5.0,Utah,6.0,1998-02-03,28.0,73,204,2.0,,,,21810.0
12735,Caleb Lohner,TE,DEN,84.0,Utah,1.0,2001-10-01,24.0,79,250,6.0,Questionable,Lower Body,,26333.0
12288,Mathieu Severance,RB,,,Bentley,1.0,,,68,191,,,,,
2636,Jarred Haggins,WR,,19.0,Florida State,10.0,1992-01-17,33.0,72,202,,,,553288.0,17104.0
8137,George Pickens,WR,DAL,3.0,Georgia,4.0,2001-03-04,25.0,75,200,2.0,,,,23153.0
5987,Alexander Mattison,RB,,8.0,Boise State,7.0,1998-06-19,27.0,71,220,,Questionable,Neck,944343.0,20868.0
12046,Chevan Cordeiro,QB,,,San Jose State,1.0,,,73,200,,,,,
6396,Austin Fort,TE,,84.0,Wyoming,3.0,1995-05-14,26.0,76,244,,,,823871.0,21369.0
8179,Snoop Conner,RB,,32.0,Ole Miss,2.0,2000-08-01,24.0,70,222,,,,,
12066,Elijah Collins,RB,,,Oklahoma State,1.0,2000-08-01,24.0,72,212,,,,,
11504,Jose Barbon,WR,,14.0,Temple,1.0,2000-04-16,23.0,72,185,,,,,
5962,KeeSean Johnson,WR,,81.0,Fresno State,4.0,1996-10-09,26.0,73,201,,,,838443.0,20835.0
8135,Treylon Burks,WR,WAS,13.0,Arkansas,4.0,2000-03-23,26.0,74,225,5.0,,,,23119.0
7694,Tommy Tremble,TE,CAR,82.0,Notre Dame,5.0,2000-06-02,26.0,76,250,2.0,,,,22662.0
8656,Tyshaun James,WR,,0.0,Central Connecticut State,1.0,1999-06-22,23.0,74,214,,,,,
7418,Broc Rutter,QB,,5.0,North Central,2.0,1997-04-03,24.0,74,204,,,,,22399.0
6153,Dexter Williams,RB,,34.0,Notre Dame,3.0,1997-01-06,25.0,71,212,,,,884610.0,20984.0
13053,Daniel Jackson,WR,,,Minnesota,1.0,2002-04-25,23.0,72,195,,,,,
9484,Tucker Kraft,TE,GB,85.0,South Dakota State,3.0,2000-11-03,25.0,77,259,1.0,Questionable,Knee - ACL,,24118.0
10215,Jake Haener,QB,,14.0,Fresno State,3.0,1999-03-10,27.0,73,200,,,,,23249.0
11597,Theo Johnson,TE,NYG,84.0,Penn State,2.0,2001-02-26,25.0,78,264,2.0,,,,23142.0
11270,Hassan Hall,RB,,29.0,Georgia Tech,2.0,2000-08-28,24.0,70,196,,,,,
5076,John Kelly,RB,,42.0,Tennessee,7.0,1996-10-04,28.0,70,205,,,,879766.0,19957.0
11576,Braelon Allen,RB,NYJ,0.0,Wisconsin,2.0,2004-01-20,22.0,73,235,2.0,,,,24934.0
3556,Christian Powell,RB,,,Colorado,9.0,1994-03-03,31.0,72,235,,,,694899.0,18329.0
8169,Tre Turner,WR,,0.0,Virginia Tech,1.0,,,73,184,,,,,
6371,Drew Anderson,QB,,3.0,Murray State,3.0,1995-10-18,26.0,76,221,,,,945086.0,21316.0
13325,Jordan Hudson,WR,DAL,18.0,SMU,0.0,2003-11-22,22.0,73,199,,,,,26939.0
7596,Elijah Moore,WR,PHI,19.0,Ole Miss,5.0,2000-03-27,26.0,70,178,7.0,,,,22592.0
8799,Zaire Mitchell-Paden,TE,NO,84.0,Florida Atlantic,4.0,1999-08-20,26.0,77,257,5.0,,,,23720.0
8146,Garrett Wilson,WR,NYJ,5.0,Ohio State,4.0,2000-07-22,25.0,72,183,1.0,,,,23122.0
6040,Tyree Jackson,TE,,80.0,Buffalo,7.0,1997-11-07,28.0,79,249,,Questionable,Undisclosed,881048.0,20823.0
8543,Drew Estrada,WR,,81.0,Baylor,1.0,1997-07-24,25.0,72,196,,,,,
5209,Mike Boone,RB,,16.0,Cincinnati,7.0,1995-06-30,30.0,70,206,,,,842181.0,20159.0
4663,Austin Ekeler,RB,,30.0,Western Colorado,9.0,1995-05-17,30.0,70,200,,,,790004.0,19562.0
9511,Keaton Mitchell,RB,LAC,34.0,East Carolina,3.0,2002-01-17,24.0,68,191,2.0,,,,24214.0
943,Kyle Rudolph,TE,,8.0,Notre Dame,12.0,1989-11-09,33.0,78,258,,,,469472.0,13275.0
13311,Chris Bell,WR,MIA,18.0,Louisville,0.0,2004-06-07,22.0,74,220,2.0,Questionable,Knee - ACL,,26745.0
7521,Chris Blair,WR,ATL,19.0,Alcorn State,5.0,1997-10-06,28.0,74,215,5.0,,,,22488.0
7352,Matt Cole,WR,,18.0,McKendree,2.0,1996-11-07,25.0,70,197,,,,,22340.0
12543,Tahj Brooks,RB,CIN,25.0,Texas Tech,1.0,2002-05-13,24.0,69,220,3.0,,,,25949.0
7438,Kristian Wilkerson,WR,,82.0,Southeast Missouri State,6.0,1997-01-10,29.0,73,214,,,,,22417.0
13299,Nate Boerkircher,TE,JAX,87.0,Texas A&M,0.0,2001-09-04,24.0,77,245,2.0,,,,26943.0
8186,Devon Williams,WR,,0.0,Oregon,1.0,,,77,211,,,,,
8208,Tyler Badie,RB,DEN,28.0,Missouri,4.0,2000-02-07,26.0,68,197,4.0,,,,23231.0
1855,Shaquelle Evans,WR,,84.0,UCLA,8.0,1991-03-07,30.0,72,210,,,,508969.0,16064.0
1604,Nick Williams,WR,DEN,0.0,UConn,10.0,1990-11-23,32.0,70,184,,,,511823.0,15268.0
8908,Brandon Lewis,WR,,0.0,Air Force,1.0,,,69,175,,,,,
11586,Blake Corum,RB,LAR,24.0,Michigan,2.0,2000-11-25,25.0,68,202,2.0,,,,24116.0
11139,Elijah Cooks,WR,,86.0,San Jose State,3.0,1998-10-13,27.0,76,215,,,,,24755.0
6389,Keenen Brown,TE,,48.0,Texas State,3.0,1995-12-22,26.0,75,250,,,,1165728.0,21297.0
7339,J.J. Koski,WR,,43.0,Cal Poly,3.0,1996-12-27,26.0,73,195,,,,,22327.0
8225,Daniel Bellinger,TE,TEN,82.0,San Diego State,4.0,2000-09-22,25.0,78,255,2.0,,,,23485.0
13909,Elijah Tau-Tolliver,RB,BAL,34.0,Michigan State,0.0,2003-05-16,23.0,72,204,,,,,28505.0
5938,Lil'Jordan Humphrey,WR,DEN,5.0,Texas,7.0,1998-04-19,28.0,76,225,6.0,,,920758.0,20816.0
8252,Travell Harris,WR,,0.0,Washington State,1.0,,,68,182,,,,,
13619,Marcus Sanders,WR,MIN,31.0,Georgia Southern,0.0,2004-07-14,22.0,73,190,,,,,28242.0
12504,Kaleb Johnson,RB,PIT,20.0,Iowa,1.0,2003-08-14,22.0,73,224,3.0,,,,26040.0
12079,Treyton Welch,TE,NO,82.0,Wyoming,2.0,2001-01-10,25.0,76,240,7.0,,,,25621.0
11925,Terique Owens,WR,,83.0,Missouri State,1.0,1999-09-25,25.0,75,200,,,,,
5950,Nyqwan Murray,WR,,0.0,Florida State,3.0,1997-07-28,24.0,71,192,,,,883454.0,20890.0
3476,Johnny Holton,WR,,80.0,Cincinnati,6.0,1990-08-22,31.0,75,190,,,,749099.0,18241.0
12474,Woody Marks,RB,HOU,4.0,USC,1.0,2000-12-29,25.0,70,208,2.0,,,,25942.0
4545,Keith Towbridge,TE,,43.0,Louisville,5.0,1995-05-21,26.0,77,262,,,,741543.0,19424.0
5637,Garrett Johnson,WR,,0.0,Kentucky,4.0,1995-12-03,26.0,71,175,,,,835382.0,20451.0
2142,Rajion Neal,RB,,43.0,Tennessee,8.0,1992-03-28,29.0,71,220,,,,542837.0,16485.0
5750,Garrett Hudson,TE,,46.0,Richmond,4.0,1995-01-24,26.0,76,245,,,,823118.0,20659.0
11644,Cody Schrader,RB,DEN,5.0,Missouri,2.0,1999-09-08,26.0,69,214,7.0,,,,25049.0
4040,JuJu Smith-Schuster,WR,NYG,8.0,USC,9.0,1996-11-22,29.0,73,215,7.0,,,835909.0,18883.0
8206,Skylar Thompson,QB,BAL,11.0,Kansas State,4.0,1997-06-04,29.0,74,219,4.0,,,,23477.0
7316,Darius Bradwell,RB,,32.0,Tulane,2.0,1997-05-15,25.0,72,235,,,,,21826.0
12171,British Brooks,RB,HOU,44.0,North Carolina,2.0,1999-11-18,26.0,71,225,4.0,,,,25452.0
11214,Tanner Morgan,QB,,4.0,Minnesota,1.0,1999-04-17,24.0,74,215,,,,,
5110,Russell Gage,WR,,14.0,LSU,7.0,1996-01-22,29.0,72,184,,,,822014.0,20006.0
6363,Michael Walker,WR,,0.0,Boston College,3.0,1996-10-29,25.0,71,195,,,,883432.0,21254.0
3321,Tyreek Hill,WR,,10.0,West Alabama,10.0,1994-03-01,31.0,70,191,,Questionable,Knee - ACL,823156.0,18082.0
8013,Tim Jones,WR,JAX,13.0,Southern Miss,5.0,1998-05-15,28.0,73,200,7.0,,,,22892.0
4571,Blake Jarwin,TE,,89.0,Oklahoma State,5.0,1994-07-16,27.0,77,260,,,,711965.0,19457.0
13074,Isaiah Neyor,WR,GB,80.0,Nebraska,1.0,2001-06-07,25.0,76,218,8.0,,,,26097.0
12198,Wayne Ruby,WR,,,Mount Union,1.0,2000-06-18,24.0,73,190,,,,,
13415,Haynes King,QB,CAR,16.0,Georgia Tech,0.0,2001-01-09,25.0,74,212,,,,,28047.0
6185,Easton Stick,QB,IND,4.0,North Dakota State,7.0,1995-09-15,30.0,73,224,4.0,,,831007.0,20953.0
12224,David White,WR,,16.0,Western Carolina,1.0,2000-07-18,25.0,76,200,,,,,
6361,Raphael Leonard,WR,,14.0,Southern Illinois,3.0,1997-05-26,24.0,74,197,,,,1058046.0,21252.0
11081,Cephus Johnson,WR,,28.0,Southeastern Louisiana,1.0,1999-09-21,24.0,77,220,,,,,
8197,Peyton Hendershot,TE,,88.0,Indiana,3.0,1999-04-23,25.0,76,250,,,,,
6664,A.J. Ouellette,RB,,1.0,Ohio,3.0,1995-07-20,26.0,69,209,,,,837554.0,21571.0
2216,Mike Evans,WR,SF,5.0,Texas A&M,12.0,1993-08-21,32.0,77,231,1.0,,,593587.0,16597.0
7562,Tutu Atwell,WR,MIA,4.0,Louisville,5.0,1999-10-07,26.0,69,165,6.0,,,,22602.0
6959,LeVante Bellamy,RB,,0.0,Western Michigan,2.0,1996-11-28,25.0,69,188,,,,,21846.0
2674,Paul Browning,WR,,0.0,CSU-Pueblo,10.0,1992-08-05,32.0,74,221,,,,756001.0,17142.0
11357,Tyler Adams,WR,,2.0,Butler,1.0,1998-08-03,25.0,72,190,,,,,
7149,Tommy Stevens,TE,NYG,0.0,Mississippi State,2.0,1996-12-15,25.0,77,235,,,,,22151.0
8817,Nolan Givan,TE,,0.0,Southeastern Louisiana,1.0,,,75,250,,,,,
8132,Tyler Allgeier,RB,ARI,22.0,BYU,4.0,2000-04-15,26.0,70,225,2.0,,,,23250.0
12523,Jimmy Horn,WR,CAR,15.0,Colorado,1.0,2002-09-12,23.0,68,174,6.0,,,,25982.0
3157,William Fuller,WR,,3.0,Notre Dame,6.0,1994-04-16,27.0,73,184,,,,749948.0,17916.0
13401,Michael Trigg,TE,DAL,46.0,Baylor,0.0,2002-06-27,24.0,76,240,3.0,,,,28066.0
8254,Julius Chestnut,RB,TEN,36.0,Sacred Heart,4.0,2000-10-26,25.0,71,228,6.0,,,,23586.0
13261,Layne Pryor,TE,HOU,47.0,Northern Iowa,1.0,2003-04-05,23.0,74,250,5.0,Questionable,Quadriceps,,26772.0
8107,Nikola Kalinic,TE,CHI,86.0,York (CAN),4.0,1997-01-21,29.0,76,248,4.0,,,,23415.0
11172,Shae Wyatt,WR,,41.0,Tulane,1.0,1998-09-27,24.0,72,188,,,,,
12489,RJ Harvey,RB,DEN,12.0,UCF,1.0,2001-02-04,25.0,68,205,2.0,,,,25944.0
4324,Trey Griffey,WR,,15.0,Arizona,5.0,1994-01-19,27.0,75,192,,,,651005.0,19177.0
963,Luke Stocker,TE,,35.0,Tennessee,11.0,1988-07-17,33.0,77,253,,,,334186.0,13370.0
3398,Kenny Lawler,WR,,11.0,California,6.0,1994-06-25,27.0,75,195,,,,690968.0,18159.0
5294,Mikah Holder,WR,,0.0,San Diego State,4.0,1996-01-26,25.0,72,185,,,,840678.0,20387.0
4519,Devine Redding,RB,,34.0,Indiana,5.0,1996-02-05,25.0,70,208,,,,838211.0,19391.0
1333,Russell Shepard,WR,,0.0,LSU,9.0,1990-09-17,31.0,73,195,,,,494291.0,14850.0
2106,David Fales,QB,,3.0,San Jose State,8.0,1990-10-04,31.0,73,219,,,,512431.0,16430.0
7107,Jason Huntley,RB,,31.0,New Mexico State,3.0,1998-04-20,25.0,69,195,,,,,21764.0
12283,Dylan McDuffie,RB,,,Kansas,1.0,2000-02-19,24.0,72,215,,,,,
2161,Jerick McKinnon,RB,,1.0,Georgia Southern,10.0,1992-05-03,32.0,69,209,,,,563824.0,16510.0
8157,Bailey Zappe,QB,NYJ,11.0,Western Kentucky,4.0,1999-04-26,27.0,73,220,3.0,,,,23267.0
8223,Velus Jones,WR,SEA,33.0,Tennessee,4.0,1997-05-11,29.0,72,204,9.0,,,,23481.0
7001,Brian Herrien,RB,,35.0,Georgia,2.0,1998-02-07,23.0,72,210,,,,,21953.0
232,Frank Gore,RB,,0.0,Miami (FL),17.0,1983-05-14,38.0,69,212,,,,157341.0,5820.0
5786,Marcus Peterson,WR,,0.0,Seton Hill,4.0,1992-03-20,29.0,70,195,,,,1128687.0,20688.0
2820,Dominique Brown,RB,,0.0,Louisville,10.0,1991-12-27,33.0,74,241,,,,553700.0,17288.0
7960,T.J. Simmons,WR,,83.0,West Virginia,1.0,,,74,198,,,,,
8663,Jared Bernhardt,WR,,83.0,Ferris State,1.0,1997-09-12,25.0,73,195,,,,,
7867,Spencer Brown,RB,,42.0,UAB,3.0,1998-11-13,25.0,72,220,,,,,
7535,Hunter Long,TE,JAX,84.0,Boston College,5.0,1998-08-19,27.0,77,243,4.0,,,,22509.0
12482,Savion Williams,WR,GB,83.0,TCU,1.0,2001-11-22,24.0,76,222,4.0,,,,26105.0
13190,Taylor Elgersma,QB,,,Wilfrid Laurier (CAN),1.0,2002-03-27,23.0,77,227,,,,,
8088,Kalif Jackson,TE,MIA,60.0,Grambling State,1.0,,,77,255,,,,,
5142,Kurt Benkert,QB,,14.0,Virginia,4.0,1995-07-17,27.0,75,218,,,,728991.0,20089.0
11384,Owen Wright,RB,,49.0,Monmouth,3.0,1999-02-28,27.0,69,217,,,,,24706.0
13972,Brandon Frazier,TE,,87.0,Auburn,0.0,,,79,267,,,,,28526.0
13423,Eli Heidenreich,RB,PIT,29.0,Navy,0.0,2003-06-28,23.0,72,198,5.0,,,,26961.0
5929,Anthony Johnson,WR,,83.0,Buffalo,3.0,1995-01-29,26.0,74,210,,,,,20830.0
11959,Bryce Oliver,WR,TEN,80.0,Youngstown State,2.0,2000-05-19,26.0,73,214,7.0,,,,25687.0
4835,Darrius Sims,RB,,47.0,Vanderbilt,5.0,1994-10-26,27.0,69,191,,,,,19738.0
7530,Frank Darby,WR,,3.0,Arizona State,3.0,1997-09-08,26.0,73,200,,,,,
13119,Collin Schlee,QB,,,Virginia Tech,0.0,2001-05-30,24.0,75,225,,,,,
6909,Lynn Bowden,WR,,5.0,Kentucky,4.0,1997-10-14,26.0,73,204,,,,,21743.0
13424,Seth McGowan,RB,IND,20.0,Kentucky,0.0,2001-10-23,24.0,72,223,3.0,,,,26942.0
3445,Marcus Johnson,WR,,84.0,Texas,7.0,1994-08-05,28.0,73,204,,,,691348.0,18209.0
3178,Josh Doctson,WR,,0.0,TCU,6.0,1992-12-03,29.0,74,206,,,,592413.0,17939.0
7378,Kyle Markway,TE,,47.0,South Carolina,2.0,1997-03-04,25.0,76,250,,,,,21770.0
8253,Deven Thompkins,WR,,38.0,Utah State,4.0,1999-12-23,26.0,68,155,,,,,23746.0
11526,Malachi Carter,WR,,88.0,Georgia Tech,1.0,2000-03-15,23.0,74,191,,,,,
7465,Nick Tiano,QB,,8.0,Chattanooga,2.0,1996-12-10,25.0,77,240,,,,,22440.0
6421,Jalen Guyton,WR,,4.0,North Texas,5.0,1997-06-07,27.0,73,212,,,,884567.0,21448.0
4468,Antony Auclair,TE,,84.0,Laval (CAN),5.0,1993-05-28,29.0,77,256,,,,1050026.0,19335.0
11964,Dayton Wade,WR,BAL,18.0,Ole Miss,2.0,2000-09-08,25.0,69,184,9.0,,,,25455.0
3695,J.P. Holtz,TE,,86.0,Pittsburgh,7.0,1993-08-28,30.0,75,255,,,,692334.0,18498.0
7623,Darece Roberson,WR,,0.0,Wright State,1.0,1998-07-29,23.0,70,170,,,,,
8861,Irv Charles,WR,SEA,85.0,Indiana (PA),4.0,1997-04-13,29.0,76,219,10.0,,,,23962.0
13258,Phil Lutz,WR,,,Delaware,1.0,,,72,195,,,,,
6697,Floyd Allen,WR,,82.0,Mississippi,3.0,1996-07-16,25.0,70,199,,,,1068178.0,21599.0
3407,Beau Sandland,TE,,85.0,Montana State,6.0,1993-02-23,28.0,77,250,,,,728150.0,18168.0
7703,Jacob Harris,WR,,30.0,UCF,4.0,1997-04-16,28.0,77,211,,,,,
5558,Marcus Martin,RB,,0.0,Slippery Rock,4.0,1995-02-16,26.0,74,255,,,,,20549.0
4351,Tim Patrick,WR,NYJ,17.0,Utah,9.0,1993-11-23,32.0,77,210,5.0,,,838179.0,19207.0
11276,Joseph Ngata,WR,,86.0,Clemson,2.0,2001-01-09,24.0,75,215,,,,,
12355,Treveyon Pratt,WR,,,Morgan State,1.0,2000-05-26,24.0,74,195,,,,,
2846,Marquez Clark,WR,,0.0,Central Oklahoma,10.0,1991-09-26,33.0,71,185,,,,652839.0,17314.0
13835,Mekhi Mews,WR,,,Houston,0.0,,,68,185,,,,,
4863,Josh Rosen,QB,,15.0,UCLA,5.0,1997-02-10,25.0,76,226,,,,868876.0,19763.0
13250,Nay'Quan Wright,RB,,,South Florida,1.0,,,69,193,,,,,
12909,Eli Pancol,WR,IND,83.0,Duke,1.0,2000-07-07,26.0,75,205,,,,,26465.0
5108,Luke Falk,QB,,8.0,Washington State,4.0,1994-12-28,27.0,76,215,,,,749541.0,20004.0
13335,Cole Payton,QB,PHI,10.0,North Dakota State,0.0,2002-10-26,23.0,74,232,4.0,,,,26933.0
6490,Mik'Quan Deane,TE,,48.0,Western Kentucky,3.0,,,76,240,,,,1056620.0,21338.0
4108,Carlos Henderson,WR,,11.0,Louisiana Tech,5.0,1994-12-19,27.0,71,191,,,,733840.0,18954.0
2410,Jamison Crowder,WR,,80.0,Duke,10.0,1993-06-17,31.0,69,177,,,,599649.0,16866.0
9220,Evan Hull,RB,HOU,42.0,Northwestern,3.0,2000-10-26,25.0,70,209,3.0,,,,24204.0
6984,Tony Jones,RB,,37.0,Notre Dame,5.0,1997-11-24,27.0,71,224,,,,,21774.0
11596,Ben Sinnott,TE,WAS,82.0,Kansas State,2.0,2002-06-14,24.0,76,245,2.0,,,,24985.0
1706,Jack Doyle,TE,IND,84.0,Western Kentucky,9.0,1990-05-05,31.0,78,262,,,,477386.0,15602.0
3198,Derrick Henry,RB,BAL,22.0,Alabama,10.0,1994-01-04,32.0,74,252,1.0,,,732145.0,17959.0
3588,Michael Miller,TE,,0.0,Taylor,9.0,1991-09-23,33.0,78,235,,,,841352.0,18368.0
4926,Nick Schuessler,QB,PIT,0.0,Clemson,1.0,,,"6'3""",200,,,,,19316.0
4829,Daniel Williams,WR,,6.0,Jackson State,5.0,1995-08-06,26.0,75,200,,,,753865.0,19733.0
2495,Nick O'Leary,TE,,0.0,Florida State,7.0,1992-08-31,29.0,75,252,,,,605423.0,16954.0
12522,Cam Ward,QB,TEN,1.0,Miami (FL),1.0,2002-05-25,24.0,74,219,1.0,,,,25323.0
6885,Ke'Shawn Vaughn,RB,,30.0,Vanderbilt,5.0,1997-05-04,28.0,70,214,,,,,21788.0
11387,Sean Ryan,WR,,82.0,Rutgers,1.0,1999-01-21,25.0,75,200,,,,,
2262,Trey Millard,RB,,40.0,Oklahoma,8.0,1991-07-21,30.0,74,255,,,,542889.0,16673.0
8143,Jerome Ford,RB,WAS,34.0,Cincinnati,4.0,1999-09-12,26.0,70,210,4.0,,,,23205.0
6694,D'Ernest Johnson,RB,,34.0,South Florida,7.0,1996-02-27,29.0,71,205,,,,839043.0,21593.0
12496,Tai Felton,WR,MIN,13.0,Maryland,1.0,2003-03-15,23.0,73,186,4.0,,,,25924.0
11652,Louis Rees-Zammit,RB,,89.0,,1.0,2001-02-02,24.0,74,209,,,,,
7734,Bruno Labelle,TE,,0.0,Cincinnati,1.0,1997-06-03,24.0,76,248,,,,,
12656,Robbie Ouzts,RB,SEA,40.0,Alabama,1.0,2002-09-06,23.0,75,274,8.0,,,,26124.0
6847,Devin Duvernay,WR,ARI,81.0,Texas,6.0,1997-09-12,28.0,71,202,7.0,,,,21721.0
5211,Jake Wieneke,WR,,9.0,South Dakota State,4.0,1994-09-14,27.0,76,215,,,,752817.0,20161.0
5257,Tim Boyle,QB,,15.0,Eastern Kentucky,7.0,1994-10-03,30.0,76,232,,,,741447.0,20283.0
2750,DeAndre Carter,WR,,2.0,Sacramento State,11.0,1993-04-10,32.0,68,190,,Questionable,Knee,612512.0,17218.0
9493,Puka Nacua,WR,LAR,12.0,BYU,3.0,2001-05-29,25.0,74,216,1.0,,,,24172.0
13321,Dan Villari,TE,LAR,38.0,Syracuse,0.0,2002-06-29,24.0,76,243,,,,,26936.0
12019,Devin Carter,WR,,,West Virginia,1.0,2002-03-18,22.0,75,214,,,,,
10226,Andrei Iosivas,WR,CIN,80.0,Princeton,3.0,1999-10-15,26.0,75,210,3.0,,,,24119.0
4285,Robert Davis,WR,,14.0,Georgia State,5.0,1995-04-02,26.0,75,210,,,,744112.0,19131.0
8248,Kalil Pimpleton,WR,,81.0,Central Michigan,1.0,1998-12-09,24.0,69,172,,,,,
5431,Shay Fields,WR,,16.0,Colorado,4.0,1996-06-22,25.0,71,185,,,,835740.0,20528.0
2397,Jeff Heuerman,TE,,82.0,Ohio State,7.0,1992-11-24,29.0,77,255,,,,593517.0,16853.0
5167,Dalton Sturm,QB,,1.0,Texas-San Antonio,4.0,1995-09-15,26.0,74,205,,,,835486.0,20121.0
13116,Tre Watson,TE,KC,49.0,Texas A&M,1.0,2002-10-12,23.0,77,250,,,,,26484.0
8189,Trestan Ebner,RB,,25.0,Baylor,1.0,1999-01-02,24.0,71,206,,,,,
3312,Jonathan Williams,RB,,18.0,Arkansas,8.0,1994-02-02,30.0,72,217,,,,693837.0,18073.0
6996,JaMycal Hasty,RB,,37.0,Baylor,6.0,1996-09-12,29.0,68,205,,,,,21765.0
6906,Antonio Gandy-Golden,TE,,18.0,Liberty,2.0,1998-04-11,24.0,76,223,,,,,21742.0
12245,Jelani Baker,WR,,,Limestone,1.0,2000-11-13,24.0,72,187,,,,,
12765,Keleki Latu,TE,BUF,83.0,Washington,1.0,2002-08-13,23.0,78,249,4.0,,,,26396.0
12095,Jjay Mcafee,TE,,,Georgia Southern,1.0,,,75,240,,,,,
11617,Malachi Corley,WR,CLE,83.0,Western Kentucky,2.0,2002-03-21,24.0,71,215,7.0,,,,24979.0
2673,Damiere Byrd,WR,,89.0,South Carolina,9.0,1993-01-27,31.0,69,175,,,,604908.0,17141.0
6710,Josh Caldwell,RB,,30.0,Northwest Missouri State,3.0,1996-05-28,25.0,71,220,,,,1171711.0,21627.0
4981,Calvin Ridley,WR,TEN,0.0,Alabama,8.0,1994-12-20,31.0,73,190,3.0,,,884013.0,19802.0
4171,Josh Reynolds,WR,,83.0,Texas A&M,9.0,1995-02-16,31.0,75,192,,Questionable,Hip,822367.0,19017.0
6926,Brycen Hopkins,TE,,88.0,Purdue,4.0,1997-03-27,27.0,76,245,,,,,21678.0
7893,Dedrick Mills,RB,,0.0,Nebraska,1.0,1996-12-27,25.0,71,220,,,,,
7946,Jack Stoll,TE,CLE,89.0,Nebraska,5.0,1998-01-28,28.0,76,245,5.0,,,,22661.0
13417,De'Zhaun Stribling,WR,SF,15.0,Ole Miss,0.0,2002-12-18,23.0,74,207,4.0,,,,28053.0
8077,Otis Anderson,RB,,0.0,Central Florida,1.0,1998-11-12,23.0,71,174,,,,,
2935,Ricky Collins,WR,,0.0,Texas A&M-Commerce,10.0,1992-03-05,33.0,72,200,,,,847319.0,17404.0
5722,Darvin Kidsy,WR,,0.0,Texas Southern,4.0,1995-03-19,26.0,72,180,,,,743761.0,20478.0
3328,Rashard Higgins,WR,,17.0,Colorado State,7.0,1994-10-07,28.0,73,198,,,,741322.0,18089.0
10224,Brayden Willis,TE,SF,9.0,Oklahoma,3.0,1999-11-11,26.0,76,240,4.0,,,,24149.0
2373,Clive Walford,TE,,0.0,Miami (FL),7.0,1991-10-01,30.0,76,252,,,,553616.0,16829.0
12906,Cam Camper,WR,,,Boise State,1.0,2001-08-21,24.0,75,197,,,,,
8160,Kenny Pickett,QB,CAR,12.0,Pittsburgh,4.0,1998-06-06,28.0,75,220,2.0,,,,22501.0
9479,Darnell Washington,TE,PIT,80.0,Georgia,3.0,2001-08-17,24.0,79,264,2.0,,,,23136.0
7752,Kawaan Baker,WR,,17.0,South Alabama,4.0,1998-08-24,27.0,73,210,,,,,
11577,Will Shipley,RB,PHI,28.0,Clemson,2.0,2002-08-29,23.0,71,209,3.0,,,,25102.0
12540,Chimere Dike,WR,TEN,17.0,Florida,1.0,2001-12-14,24.0,73,196,4.0,,,,25987.0
13307,Marlin Klein,TE,HOU,83.0,Michigan,0.0,2002-09-17,23.0,78,250,2.0,Questionable,Hamstring,,26925.0
3978,Jacob Huesman,QB,,48.0,Chattanooga,5.0,1993-02-27,28.0,74,220,,,,610344.0,18813.0
5859,A.J. Brown,WR,NE,1.0,Ole Miss,7.0,1997-06-30,29.0,73,226,1.0,,,944826.0,21042.0
4034,Christian McCaffrey,RB,SF,23.0,Stanford,9.0,1996-06-07,30.0,71,210,1.0,,,830517.0,18877.0
4738,Colby Pearson,WR,,84.0,Brigham Young,5.0,1995-01-19,26.0,72,203,,,,750726.0,19655.0
2487,Geremy Davis,WR,,12.0,Connecticut,7.0,1992-01-10,30.0,75,211,,,,558661.0,16946.0
5937,Diontae Johnson,WR,,16.0,Toledo,6.0,1996-07-05,29.0,70,183,,,,891115.0,21077.0
11102,Charles McClelland,RB,,38.0,Cincinnati,1.0,1999-04-10,24.0,70,192,,,,,
4263,Elijah McGuire,RB,KC,24.0,Louisiana-Lafayette,5.0,1994-06-01,27.0,70,214,,,,736984.0,19109.0
12721,Kaden Prather,WR,,,Maryland,1.0,2002-09-06,23.0,75,204,,,,,
11940,JaQuae Jackson,WR,LAC,82.0,Rutgers,2.0,2000-01-30,26.0,73,184,,,,,25447.0
3883,Romar Morris,RB,,30.0,North Carolina,6.0,1992-10-21,29.0,70,190,,,,605757.0,18705.0
4162,Ryan Switzer,WR,,0.0,North Carolina,5.0,1994-11-04,27.0,68,185,,,,728168.0,19008.0
11148,Tyler Hudson,WR,,86.0,Louisville,1.0,2000-09-11,22.0,74,197,,,,,
6967,Aaron Fuller,WR,,13.0,Washington,2.0,1997-09-30,24.0,71,188,,,,,21751.0
4678,Tyrone Swoopes,TE,,0.0,Texas,5.0,1994-11-14,27.0,76,254,,,,728022.0,19579.0
11351,Thomas Greaney,TE,,81.0,Albany,1.0,1998-11-16,24.0,78,250,,,,,
11163,Tim DeMorat,QB,,16.0,Fordham,1.0,1999-10-18,23.0,76,220,,,,,
14056,Kyre Duplessis,WR,,80.0,Delaware,0.0,,,71,190,,,,,28604.0
4455,Matt Breida,RB,,28.0,Georgia Southern,7.0,1995-02-28,29.0,70,195,,,,750097.0,19319.0
2291,Dontrelle Inman,WR,,0.0,Virginia,11.0,1989-01-31,32.0,75,205,,,,399529.0,16728.0
8240,BJ Baylor,RB,,36.0,Oregon State,1.0,1998-09-08,24.0,70,202,,,,,
7591,Justin Fields,QB,KC,6.0,Ohio State,5.0,1999-03-05,27.0,75,227,2.0,,,,22492.0
8824,Samson Nacua,WR,,89.0,BYU,1.0,,,75,206,,,,,
6460,Cole Herdman,TE,,88.0,Purdue,3.0,1995-06-27,26.0,76,238,,,,830938.0,21481.0
5714,Tim Wilson,WR,,84.0,East Stroudsburg,4.0,1994-02-16,27.0,69,170,,,,1116613.0,20634.0
12173,Jaxon Janke,WR,,81.0,South Dakota State,1.0,1999-11-10,25.0,75,210,,,,,
5134,Keith Kirkwood,WR,,18.0,Temple,8.0,1994-12-26,31.0,75,210,,,,746244.0,20071.0
3447,Cayleb Jones,WR,,16.0,Arizona,6.0,1993-03-21,28.0,74,209,,,,691349.0,18211.0
2309,Amari Cooper,WR,,19.0,Alabama,10.0,1994-06-17,31.0,73,210,,,,650914.0,16765.0
7771,Jake Funk,RB,,36.0,Maryland,3.0,1998-01-11,26.0,70,205,,,,,
3397,Keith Marshall,RB,,39.0,Georgia,6.0,1994-02-16,27.0,71,222,,,,650929.0,18158.0
4599,Michael Rector,WR,,84.0,Stanford,5.0,1993-12-16,28.0,73,189,,,,691014.0,19487.0
4406,Wes Lunt,QB,,0.0,Illinois,5.0,1993-10-07,28.0,77,225,,,,651289.0,19266.0
2378,Tevin Coleman,RB,,28.0,Indiana,8.0,1993-04-16,29.0,73,210,,,,696080.0,16834.0
4866,Saquon Barkley,RB,PHI,26.0,Penn State,8.0,1997-02-09,29.0,72,233,1.0,,,883302.0,19766.0
8778,Justin Rigg,TE,,83.0,Kentucky,2.0,1998-03-13,25.0,78,259,,,,,
13217,Hunter Dekkers,QB,NO,18.0,Iowa Western,1.0,2001-07-04,25.0,73,210,,,,,26255.0
2921,Taylor Sloat,TE,,0.0,UC Davis,12.0,,,75,240,,,,559944.0,17390.0
8424,Kevin Marks,RB,,0.0,Buffalo,1.0,1998-03-31,24.0,71,200,,,,,
8152,Kennedy Brooks,RB,,34.0,Oklahoma,1.0,1998-10-08,24.0,71,213,,,,,
4068,Mike Williams,WR,,81.0,Clemson,8.0,1994-10-04,30.0,76,218,,DNR,Undisclosed,733754.0,18914.0
12370,Praise Olatoke,WR,,86.0,Ohio State,1.0,2000-06-23,24.0,74,205,,,,,
8170,James Mitchell,TE,CAR,85.0,Virginia Tech,4.0,1999-08-11,26.0,76,249,4.0,,,,22524.0
12488,Kobe Hudson,WR,,,UCF,1.0,,,72,193,,,,,
5787,Bryce Bobo,WR,,13.0,Colorado,4.0,1995-06-21,26.0,74,205,,,,747841.0,20689.0
4791,Darius Victor,RB,,32.0,Towson,5.0,1994-03-18,27.0,68,217,,,,748001.0,19700.0
13110,Zach Horton,TE,DET,40.0,Indiana,1.0,2002-12-02,23.0,76,256,6.0,,,,26526.0
12144,Je'Quan Burton,WR,,,Florida Atlantic,1.0,2000-03-08,24.0,69,177,,,,,
6662,Parker Hesse,TE,,43.0,Iowa,5.0,1995-05-26,29.0,75,255,,,,846264.0,21569.0
12036,Ian Wheeler,RB,BUF,27.0,Howard,2.0,2001-09-15,24.0,71,205,5.0,,,,25481.0
5140,Jaelon Acklin,WR,,0.0,Western Illinois,4.0,1995-08-10,26.0,74,190,,,,831781.0,20098.0
4929,Ahmad Fulwood,WR,,0.0,Florida,5.0,,,76,208,,,,748609.0,19371.0
1244,Josh Gordon,WR,,19.0,Baylor,10.0,1991-04-13,31.0,75,224,,,,503496.0,14587.0
5967,Tony Pollard,RB,TEN,20.0,Memphis,7.0,1997-04-30,29.0,72,209,1.0,,,880398.0,20912.0
8076,Michael Bandy,WR,DEN,83.0,San Diego,5.0,1997-12-05,28.0,70,190,8.0,,,,23099.0
12756,Stephen Gosnell,WR,BUF,89.0,Virginia Tech,1.0,2001-10-22,24.0,73,198,,,,,26374.0
12048,George Holani,RB,SEA,36.0,Boise State,2.0,1999-12-16,26.0,71,210,4.0,,,,23196.0
10217,Clayton Tune,QB,,6.0,Houston,3.0,1999-03-23,27.0,75,220,,,,,24170.0
12888,Dalen Cambre,WR,NYG,83.0,Louisiana,1.0,2001-04-10,25.0,72,192,13.0,,,,26349.0
13353,Chris Brazzell,WR,CAR,19.0,Tennessee,0.0,2003-09-22,22.0,76,198,4.0,,,,26731.0
12641,Jaylin Lane,WR,WAS,83.0,Virginia Tech,1.0,2002-05-01,24.0,70,196,3.0,,,,25976.0
3454,Danny Anthrop,WR,,0.0,Purdue,9.0,1993-05-29,31.0,72,193,,,,692212.0,18218.0
11496,Braydon Johnson,WR,,15.0,Oklahoma State,1.0,1998-12-02,24.0,71,195,,,,,
7379,Rysen John,TE,,87.0,Simon Fraser (CAN),2.0,1997-12-20,24.0,79,227,,,,,22365.0
10213,Tre Tucker,WR,LV,1.0,Cincinnati,3.0,2001-03-08,25.0,68,182,1.0,,,,24177.0
13696,Ja'Mori Maclin,WR,BUF,84.0,Kentucky,0.0,2001-09-08,24.0,71,183,,,,,28307.0
5916,Darrell Henderson,RB,,27.0,Memphis,4.0,1997-08-19,26.0,68,208,,,,914372.0,20798.0
6069,Stanley Morgan,WR,,82.0,Nebraska,6.0,1996-09-07,28.0,72,205,,,,866112.0,20886.0
3908,Eric Wallace,TE,,46.0,Seattle University,6.0,1988-12-13,33.0,79,233,,,,398069.0,18734.0
12165,Spencer Sanders,QB,,,Oklahoma State,1.0,1999-12-15,25.0,73,210,,,,,
8130,Trey McBride,TE,ARI,85.0,Colorado State,4.0,1999-11-22,26.0,76,246,1.0,,,,23251.0
13286,Jadarian Price,RB,SEA,8.0,Notre Dame,0.0,2003-10-09,22.0,71,209,1.0,,,,26765.0
10211,Camerun Peoples,RB,,32.0,Appalachian State,1.0,1999-09-14,23.0,73,217,,,,,
7536,Quintin Morris,TE,JAX,80.0,Bowling Green,5.0,1999-01-21,27.0,74,243,5.0,,,,22511.0
6491,Adam Choice,RB,,38.0,Clemson,3.0,1995-11-30,26.0,69,220,,,,828750.0,21491.0
13339,Davon Booth,RB,CLE,29.0,Mississippi State,0.0,2002-01-23,24.0,68,192,,,,,28316.0
8142,Alec Pierce,WR,IND,14.0,Cincinnati,4.0,2000-05-02,26.0,75,211,1.0,Questionable,Ankle,,23232.0
11298,Ryan Jones,TE,,49.0,East Carolina,1.0,1999-08-20,24.0,75,247,,,,,
7045,Joshua Kelley,RB,,25.0,UCLA,5.0,1997-11-20,27.0,71,212,,,,,21776.0
7086,John Hightower,WR,,84.0,Boise State,3.0,1996-05-31,27.0,74,190,,,,,21731.0
7616,Kai Locksley,WR,,0.0,Texas-El Paso,1.0,1996-11-17,25.0,75,202,,,,,
13309,Aaron Anderson,WR,CLE,85.0,LSU,0.0,2002-12-02,23.0,68,198,6.0,,,,26857.0
7210,Kendall Hinton,WR,,9.0,Wake Forest,3.0,1997-02-19,26.0,72,195,,,,,22213.0
2875,Tony Creecy,RB,,0.0,North Carolina State,10.0,1992-05-22,32.0,72,200,,,,557333.0,17343.0
6964,Sean McKeon,TE,IND,49.0,Michigan,6.0,1997-12-28,28.0,77,255,5.0,,,,21781.0
11648,Kedon Slovis,QB,ARI,12.0,BYU,2.0,2001-04-11,25.0,74,223,3.0,,,,23182.0
3214,Hunter Henry,TE,NE,85.0,Arkansas,10.0,1994-12-07,31.0,77,249,1.0,,,744425.0,17975.0
7336,James Gilbert,RB,,49.0,Kansas State,2.0,1995-11-10,26.0,69,198,,,,,21851.0
12254,Phillip Brooks,WR,,,Kansas State,1.0,1999-09-19,25.0,67,175,,,,,
5277,Deon Yelder,TE,,81.0,Western Kentucky,4.0,1995-03-06,27.0,76,255,,,,750702.0,20332.0
2925,Darius Davis,WR,,0.0,Henderson State,11.0,,,70,212,,,,471406.0,17394.0
3976,Mitchell Trubisky,QB,TEN,10.0,North Carolina,9.0,1994-08-20,31.0,75,222,3.0,,,728169.0,18811.0
13416,Roman Hemby,RB,LV,,Indiana,0.0,2002-08-16,23.0,72,210,,,,,25028.0
12215,Kevin Foelsch,TE,,84.0,New Haven,1.0,2001-04-13,24.0,76,250,,,,,
7584,Brennan Eagles,WR,,0.0,Texas,1.0,,,76,229,,,,,
13356,Trebor Pena,WR,JAX,86.0,Penn State,0.0,2002-02-21,24.0,70,187,6.0,,,,26967.0
7523,Trevor Lawrence,QB,JAX,16.0,Clemson,5.0,1999-10-06,26.0,78,220,1.0,,,,22490.0
8164,Matt Corral,QB,,17.0,Ole Miss,2.0,1999-01-31,25.0,74,205,,,,,
12508,Jaxson Dart,QB,NYG,6.0,Ole Miss,1.0,2003-05-13,23.0,74,223,1.0,,,,26082.0
13674,Chris Hilton,WR,WAS,10.0,LSU,0.0,2002-10-11,23.0,72,188,,,,,26970.0
11605,Jaheim Bell,TE,PIT,82.0,Florida State,2.0,2001-06-14,25.0,74,241,4.0,,,,25104.0
13839,Chase Curtis,TE,NYJ,87.0,TCU,0.0,,,77,235,,,,,28440.0
5207,Marchie Murdock,WR,,0.0,Iowa State,4.0,1995-01-07,27.0,73,205,,,,740375.0,20198.0
8700,Savon Scarver,WR,,0.0,Utah State,1.0,,,71,184,,,,,
4066,Evan Engram,TE,DEN,1.0,Ole Miss,9.0,1994-09-02,31.0,75,240,1.0,,,749185.0,18912.0
11329,Josh Vann,WR,,87.0,South Carolina,1.0,2000-03-10,23.0,70,190,,,,,
13670,Harrison Wallace,WR,ARI,30.0,Ole Miss,0.0,2003-04-23,23.0,72,192,,,,,26946.0
12533,Jacory Croskey-Merritt,RB,WAS,22.0,Arizona,1.0,2001-04-12,25.0,71,208,1.0,,,,26259.0
6524,Jamire Jordan,WR,,0.0,Fresno State,3.0,,,71,170,,,,838444.0,21381.0
3048,Chris Manhertz,TE,NYG,85.0,Canisius,11.0,1992-04-10,34.0,78,235,3.0,,,563293.0,17762.0
3164,Ezekiel Elliott,RB,,24.0,Ohio State,9.0,1995-07-22,29.0,72,225,,,,728338.0,17923.0
6227,Nick Easley,WR,,86.0,Iowa,3.0,1997-01-14,24.0,71,205,,,,976405.0,21149.0
8087,K.J. Costello,QB,,19.0,Mississippi State,1.0,1997-06-07,25.0,77,225,,,,,
3052,Kendrick Ings,WR,,17.0,,11.0,1990-06-17,35.0,70,180,,,,867912.0,17767.0
5903,Will Grier,QB,,14.0,West Virginia,7.0,1995-04-03,31.0,73,220,,NA,Undisclosed,820423.0,20779.0
6945,Antonio Gibson,RB,,4.0,Memphis,6.0,1998-06-23,27.0,72,228,,Questionable,Knee - ACL,,21861.0
954,Cam Newton,QB,,1.0,Auburn,11.0,1989-05-11,32.0,77,245,,,,380750.0,13320.0
4704,Tyler Ferguson,QB,,5.0,Western Kentucky,5.0,1994-01-07,28.0,74,224,,,,728359.0,19610.0
12787,Josh Williams,RB,TB,18.0,LSU,1.0,2001-06-09,25.0,69,210,4.0,,,,25302.0
6932,Charlie Taumoepeau,TE,,43.0,Portland State,2.0,1998-03-25,23.0,75,245,,,,,21863.0
5144,Malik Williams,RB,,39.0,Louisville,4.0,1996-06-20,25.0,75,221,,,,947274.0,20091.0
8227,Teagan Quitoriano,TE,ARI,47.0,Oregon State,4.0,2000-03-15,26.0,78,259,5.0,,,,23355.0
9223,Tiyon Evans,RB,,39.0,Louisville,1.0,2001-06-17,22.0,71,210,,,,,
8232,Jaquarii Roberson,WR,,84.0,Wake Forest,1.0,1998-07-28,24.0,73,182,,,,,
11111,Sy Barnett,WR,,81.0,Davenport,1.0,1997-12-05,25.0,72,192,,,,,
3148,Anthony Dable,WR,,16.0,No College,6.0,1988-09-25,33.0,76,221,,,,911677.0,17904.0
2898,Cameron Clear,TE,,0.0,Texas A&M,10.0,1993-02-25,32.0,78,277,,,,598669.0,17366.0
11565,J.J. McCarthy,QB,MIN,9.0,Michigan,2.0,2003-01-20,23.0,75,219,2.0,,,,24956.0
11859,John Rhys Plumlee,QB,,82.0,UCF,2.0,2001-01-02,25.0,72,200,,,,,25311.0
8171,Kyle Philips,WR,,15.0,UCLA,3.0,1999-06-17,26.0,71,179,,,,,
6385,Matt Colburn,RB,,37.0,Wake Forest,3.0,1997-07-27,25.0,70,201,,,,884328.0,21293.0
8220,Sincere McCormick,RB,SF,35.0,UTSA,4.0,2000-09-10,25.0,68,204,6.0,,,,23199.0
12039,TD Ayo-Durojaiye,RB,,,Villanova,1.0,,,71,210,,,,,
490,Chase Daniel,QB,,4.0,Missouri,14.0,1986-10-07,36.0,72,229,,,,300101.0,9902.0
8676,Rashid Shaheed,WR,SEA,22.0,Weber State,4.0,1998-08-31,27.0,72,180,2.0,,,,23729.0
13285,Malachi Fields,WR,NYG,0.0,Notre Dame,0.0,2003-08-26,22.0,76,222,4.0,,,,25935.0
6271,Olamide Zaccheaus,WR,ATL,14.0,Virginia,7.0,1997-07-23,28.0,68,194,2.0,,,883976.0,21142.0
5756,Garrett Dickerson,TE,,0.0,Northwestern,4.0,1995-12-30,26.0,75,248,,,,830838.0,20663.0
13392,Jeff Caldwell,WR,KC,8.0,Cincinnati,0.0,2003-03-02,23.0,77,215,,,,,26963.0
11848,Casey Bauman,QB,,,Augustana ,1.0,2000-05-18,24.0,78,238,,,,,
11885,Ramel Keyton,WR,,14.0,Tennessee,1.0,2000-09-14,24.0,74,191,,,,,
6866,KJ Hill,WR,LAC,84.0,Ohio State,2.0,1997-09-15,24.0,72,196,,,,,21758.0
2756,Andrew Gleichert,TE,,0.0,Michigan State,10.0,1992-01-13,33.0,77,264,,,,557383.0,17224.0
12086,Cam Johnson,WR,,,Northwestern,1.0,1999-04-12,25.0,72,205,,,,,
2651,Phillip Sims,QB,,0.0,Winston-Salem State,10.0,1992-08-15,32.0,76,210,,,,543791.0,17119.0
13300,Le'Veon Moss,RB,,37.0,,0.0,,,71,210,,NA,Undisclosed,,26832.0
6920,Isaiah Hodgins,WR,NYG,89.0,Oregon State,6.0,1998-10-21,27.0,75,200,8.0,,,,21760.0
12527,Ashton Jeanty,RB,LV,2.0,Boise State,1.0,2003-12-02,22.0,68,208,1.0,,,,25868.0
10225,Jonathan Mingo,WR,DAL,81.0,Ole Miss,3.0,2001-04-20,25.0,74,225,6.0,Questionable,Groin,,23161.0
3516,Mitch Mathews,WR,,85.0,Brigham Young,6.0,1991-04-15,30.0,78,215,,,,507649.0,18282.0
12470,Riley Leonard,QB,IND,15.0,Notre Dame,1.0,2002-09-13,23.0,76,213,3.0,,,,24992.0
12118,Jacob Warren,TE,,,Tennessee,1.0,2000-04-13,24.0,78,251,,,,,
4827,Germone Hopper,WR,,16.0,Clemson,5.0,1993-10-22,28.0,72,180,,,,653106.0,19731.0
12473,Mitchell Evans,TE,CAR,84.0,Notre Dame,1.0,2003-03-18,23.0,77,258,3.0,,,,25875.0
8428,Zander Horvath,RB,,26.0,Purdue,2.0,1998-12-10,25.0,75,230,,,,,
13780,Terion Stewart,RB,KC,,Virginia Tech,0.0,2001-11-29,24.0,69,222,,,,,
12880,Silas Bolden,WR,,,Texas,1.0,2001-11-09,24.0,68,160,,,,,
10219,Chris Rodriguez,RB,JAX,36.0,Kentucky,3.0,1999-09-26,26.0,71,224,2.0,Questionable,Foot,,23237.0
4051,Chad Kelly,QB,,0.0,Ole Miss,5.0,1994-03-26,27.0,74,216,,,,653107.0,18897.0
4563,Taylor McNamara,TE,,0.0,USC,5.0,1994-08-12,27.0,77,245,,,,651540.0,19447.0
5271,Buddy Howell,RB,,38.0,Florida Atlantic,4.0,1996-03-27,26.0,73,225,,,,833687.0,20318.0
4985,Rashaad Penny,RB,,28.0,San Diego State,6.0,1996-02-02,28.0,71,220,,,,840691.0,19799.0
4725,Phazahn Odom,TE,,87.0,Fordham,5.0,1994-06-08,27.0,80,250,,,,692598.0,19635.0
13277,CJ Donaldson,RB,NO,43.0,Ohio State,0.0,2004-07-09,22.0,73,230,,,,,26950.0
5917,Mecole Hardman,WR,BUF,1.0,Georgia,7.0,1998-03-12,28.0,70,187,8.0,,,922026.0,20788.0
2945,Lee Ward,RB,,0.0,Stanford,10.0,1991-11-07,33.0,73,247,,,,553108.0,17416.0
4983,DJ Moore,WR,BUF,2.0,Maryland,8.0,1997-04-14,29.0,72,213,1.0,,,877790.0,19844.0
12460,Antwane Wells,WR,ATL,82.0,Ole Miss,1.0,2001-04-02,25.0,73,207,5.0,,,,26081.0
5022,Dallas Goedert,TE,PHI,88.0,South Dakota State,8.0,1995-01-03,31.0,77,256,1.0,,,791365.0,19863.0
12849,Traeshon Holden,WR,DAL,80.0,Oregon,1.0,2001-08-12,24.0,74,208,,,,,26095.0
616,Jimmy Graham,TE,,80.0,Miami (FL),14.0,1986-11-24,37.0,79,265,,,,295918.0,11488.0
13334,C.J. Charleston,WR,,,,0.0,,,72,190,,,,,
7436,Mason Kinsey,WR,TEN,12.0,Berry College,6.0,1998-08-29,27.0,71,200,9.0,,,,22415.0
4434,Brisly Estime,WR,,3.0,Syracuse,5.0,1992-12-10,29.0,69,186,,,,739812.0,19295.0
3045,Gannon Sinclair,TE,,0.0,Missouri State,7.0,1993-02-05,28.0,79,270,,,,745276.0,17758.0
2923,Connor Neighbors,RB,,0.0,LSU,10.0,1991-12-13,33.0,71,229,,,,553009.0,17392.0
5176,Davon Grayson,WR,,0.0,East Carolina,4.0,1995-09-05,26.0,74,187,,,,746477.0,20171.0
14031,Kyron Hudson,WR,CHI,20.0,Penn State,0.0,2002-05-16,24.0,73,212,,,,,28583.0
1943,Lacoltan Bester,WR,,12.0,Oklahoma,12.0,,,75,208,,,,,16188.0
6031,Alex Barnes,RB,,39.0,Kansas State,3.0,1996-10-27,25.0,72,226,,,,868507.0,21023.0
11182,Ronald Awatt,RB,,35.0,UTEP,1.0,1997-10-30,25.0,71,205,,,,,
13042,Xavier Guillory,WR,BAL,16.0,Arizona State,1.0,2001-07-13,25.0,74,203,,,,,26474.0
7556,Marquez Stevenson,WR,,13.0,Houston,2.0,1998-03-26,25.0,70,180,,,,,
3462,Jared Dangerfield,WR,,0.0,Western Kentucky,9.0,1992-08-09,32.0,75,200,,,,595835.0,18226.0
4273,Chris Carson,RB,,32.0,Oklahoma State,5.0,1994-09-16,27.0,71,222,,,,882734.0,19119.0
4708,KeVonn Mabon,WR,,80.0,Ball State,5.0,1993-10-02,28.0,74,215,,,,652271.0,19615.0
3205,Cody Kessler,QB,,6.0,Southern California,6.0,1993-05-11,28.0,73,215,,,,591847.0,17966.0
6692,Joe Horn,WR,,87.0,Missouri Western,3.0,1994-09-16,27.0,70,174,,,,1167538.0,21586.0
13043,Chris Tyree,WR,,,Virginia,1.0,2001-12-05,24.0,70,192,,,,,
13160,Reggie Brown,TE,,,Tulane,0.0,,,75,245,,,,,
2886,Justin Sinz,TE,,0.0,Purdue,10.0,1991-11-03,33.0,76,250,,,,548424.0,17354.0
5799,Darius Prince,WR,,1.0,Penn State - Beaver,10.0,1990-04-23,31.0,73,185,,,,1064935.0,20698.0
8705,Landon Lenoir,WR,,0.0,Southern Illinois,1.0,1998-08-11,24.0,71,186,,,,,
13414,Kaelon Black,RB,SF,26.0,Indiana,0.0,2001-10-17,24.0,69,208,3.0,,,,26981.0
1689,Adam Thielen,WR,,16.0,Minnesota State,13.0,1990-08-22,35.0,74,195,,NA,Undisclosed,733643.0,15534.0
12231,JJ Laap,WR,,,SUNY-Cortland,1.0,2001-01-28,23.0,73,177,,,,,
11082,Ben Sims,TE,MIA,89.0,Baylor,3.0,2000-05-16,26.0,77,250,3.0,,,,24533.0
12085,Alec Holler,TE,,,UCF,1.0,1999-07-19,25.0,75,242,,,,,
12033,OJ Hiliare,WR,,,Bowling Green,1.0,2001-02-12,23.0,72,185,,,,,
8233,Mataeo Durant,RB,,0.0,Duke,1.0,1999-12-04,23.0,73,195,,,,,
8755,Kaden Davis,WR,CHI,27.0,Northwest Missouri State,4.0,1998-09-25,27.0,73,193,8.0,,,,23917.0
12392,Tre Mosley,WR,,,Michigan State,1.0,2001-09-25,23.0,73,196,,,,,
5292,Devin Ross,WR,,89.0,Colorado,5.0,1995-08-12,28.0,69,192,,,,747866.0,20375.0
6955,James Robinson,RB,,26.0,Illinois State,4.0,1998-08-09,26.0,69,219,,,,,21970.0
6606,Nick Fitzgerald,QB,,0.0,Mississippi State,3.0,1996-01-14,25.0,77,226,,,,822971.0,21425.0
5068,Kerryon Johnson,RB,,0.0,Auburn,4.0,1997-06-30,24.0,71,212,,,,880548.0,19822.0
2121,T.J. Jones,WR,,80.0,Notre Dame,8.0,1992-07-19,29.0,72,190,,,,544025.0,16456.0
11941,Isaiah Wooden,WR,,85.0,Southern Utah,2.0,2000-02-03,26.0,69,170,,,,,25406.0
14055,Louis Hansen,TE,HOU,47.0,UConn,0.0,,,77,240,,,,,28603.0
12495,Ollie Gordon,RB,MIA,0.0,Oklahoma State,1.0,2004-01-15,22.0,74,225,3.0,,,,25953.0
1170,Alfred Morris,RB,,41.0,Florida Atlantic,10.0,1988-12-12,33.0,70,224,,,,382365.0,14269.0
5102,Daurice Fountain,WR,,12.0,Northern Iowa,6.0,1995-12-22,28.0,74,210,,,,830751.0,19981.0
5261,Jester Weah,WR,,82.0,Pittsburgh,4.0,1995-02-07,26.0,75,210,,,,742410.0,20296.0
6187,Aca'Cedric Ware,RB,,33.0,Southern California,3.0,1997-06-29,24.0,72,205,,,,880043.0,20973.0
4602,Robert Tonyan,TE,PIT,83.0,Indiana State,9.0,1994-04-30,32.0,77,200,3.0,,,660151.0,19491.0
7586,Dazz Newsome,WR,,84.0,North Carolina,2.0,1999-05-15,24.0,70,184,,,,,
4125,Taywan Taylor,WR,,0.0,Western Kentucky,5.0,1995-03-02,26.0,71,203,,,,750698.0,18971.0
4189,Eric Saubert,TE,SEA,81.0,Drake,9.0,1994-05-09,32.0,77,248,3.0,,,694931.0,19035.0
1269,Bradley Sowell,TE,,85.0,Mississippi,10.0,1989-06-06,32.0,78,277,,,,396667.0,14707.0
5919,Elijah Holyfield,RB,,36.0,Georgia,4.0,1997-11-30,25.0,70,219,,,,922028.0,20809.0
4364,Karel Hamilton,WR,,13.0,Samford,5.0,1995-03-30,26.0,73,202,,,,748398.0,19221.0
3727,Dennis Parks,WR,,0.0,Rice,9.0,1994-07-27,30.0,74,200,,,,,18535.0
11544,Avery Davis,WR,,84.0,Notre Dame,1.0,1998-09-26,24.0,71,198,,,,,
4497,Tony Stevens,WR,,1.0,Auburn,5.0,1995-03-14,26.0,76,212,,,,746892.0,19367.0
1794,David Fluellen,RB,,32.0,Toledo,8.0,1992-01-28,29.0,71,224,,,,559264.0,15966.0
13354,Eric McAlister,WR,,,,0.0,,,75,205,,Questionable,Foot,,
8825,Kekoa Crawford,WR,,89.0,California,2.0,1998-02-10,25.0,72,192,,,,,
5695,Brandon Powell,WR,,4.0,Florida,7.0,1995-09-12,29.0,68,185,,,,820435.0,20487.0
12260,Mason Fairchild,TE,,,Kansas,1.0,2001-08-30,23.0,76,260,,,,,
12863,Andrew Armstrong,WR,KC,85.0,Arkansas,1.0,2000-10-31,25.0,76,210,,,,,25905.0
5133,Tyler Conklin,TE,DET,83.0,Central Michigan,8.0,1995-07-30,30.0,75,245,3.0,,,834990.0,19988.0
12852,Monaray Baldwin,WR,,,Baylor,1.0,2002-12-17,23.0,69,170,,,,,
13100,Eli Wilson,TE,,,Appalachian State,0.0,,,75,240,,,,,
5734,C.J. Duncan,WR,,82.0,Vanderbilt,4.0,1995-03-24,26.0,71,203,,,,744655.0,20629.0
6370,Damion Jeanpiere,WR,,83.0,Nicholls State,3.0,1996-12-08,25.0,73,185,,,,883753.0,21309.0
11176,Khalan Laborn,RB,,36.0,Marshall,1.0,1999-06-01,24.0,70,204,,,,,
8221,Keaontay Ingram,RB,,38.0,USC,4.0,1999-10-26,26.0,72,220,,,,,22560.0
8917,KaVontae Turpin,WR,DAL,9.0,TCU,4.0,1996-08-02,29.0,67,158,4.0,,,,24068.0
7885,Bailey Gaither,WR,,0.0,San Jose State,2.0,1997-01-11,26.0,72,189,,,,,
12320,Treyton Pickering,TE,,,Montana State,1.0,,,76,246,,,,,
11655,Tyrone Tracy,RB,NYG,29.0,Purdue,2.0,1999-11-23,26.0,71,210,2.0,,,,25092.0
3646,Quayvon Hicks,RB,,36.0,Georgia,5.0,1994-07-17,27.0,74,251,,,,694643.0,18437.0
12775,Max Brosmer,QB,MIN,12.0,Minnesota,1.0,2001-03-28,25.0,74,218,4.0,,,,26083.0
12901,Patrick Herbert,TE,JAX,88.0,Oregon,1.0,2000-10-18,25.0,77,255,,,,,26463.0
12291,Dakota Caton,WR,,,Indiana State,1.0,,,70,185,,,,,
7901,Rico Bussey,WR,,84.0,Hawaii,1.0,1998-02-25,24.0,74,190,,,,,
2374,Tyler Lockett,WR,,17.0,Kansas State,11.0,1992-09-28,33.0,70,182,,,,605242.0,16830.0
6957,James Proche,WR,,13.0,SMU,6.0,1996-09-21,29.0,71,193,,,,,21723.0
3357,Brandon Allen,QB,NYG,12.0,Arkansas,10.0,1992-09-05,33.0,74,219,3.0,,,604390.0,18118.0
7573,Damon Hazelton,WR,,86.0,Missouri,1.0,1997-02-28,25.0,75,215,,,,,
10229,Rashee Rice,WR,KC,4.0,SMU,3.0,2000-04-22,26.0,73,204,1.0,Questionable,Knee,,24120.0
8881,Willie Johnson,WR,,0.0,Marshall,1.0,1996-12-23,26.0,72,178,,,,,
7466,Nathan Cottrell,RB,,31.0,Georgia Tech,2.0,1996-08-02,26.0,71,193,,,,,22441.0
1451,C.J. Anderson,RB,,26.0,California,9.0,1991-02-10,30.0,68,224,,,,607659.0,15020.0
7161,Shane Leatherbury,WR,,0.0,Towson,2.0,1997-12-10,24.0,71,190,,,,,22162.0
4208,Rodney Adams,WR,,13.0,South Florida,5.0,1994-09-15,27.0,73,189,,,,746602.0,19054.0
12776,Connor Bazelak,QB,TB,16.0,Bowling Green,1.0,2000-09-22,25.0,75,225,3.0,,,,26359.0
6685,Jalen Greene,WR,,3.0,Utah State,3.0,1996-06-13,25.0,74,205,,,,822878.0,21585.0
6956,Devin Asiasi,TE,,87.0,UCLA,4.0,1997-08-14,26.0,75,260,,,,,21771.0
9226,De'Von Achane,RB,MIA,28.0,Texas A&M,3.0,2001-10-13,24.0,69,191,1.0,Questionable,Shoulder,,24179.0
9494,Marvin Mims,WR,DEN,19.0,Oklahoma,3.0,2002-03-19,24.0,71,182,5.0,,,,23165.0
5243,Detrich Clark,WR,,0.0,Colorado State,4.0,1994-02-15,27.0,70,180,,,,912064.0,20226.0
4973,Hayden Hurst,TE,,88.0,South Carolina,7.0,1993-08-24,31.0,76,245,,,,881956.0,19843.0
12905,John Copenhaver,TE,,,North Carolina,1.0,,,75,240,,,,,
4535,Steven Wroblewski,TE,,0.0,Southern Utah,5.0,1992-11-20,29.0,79,265,,,,878350.0,19414.0
2382,Duke Johnson,RB,,22.0,Miami (FL),8.0,1993-09-23,29.0,69,210,,,,691583.0,16838.0
11559,Michael Penix,QB,ATL,9.0,Washington,2.0,2000-05-08,26.0,75,220,2.0,Questionable,Knee - ACL,,23242.0
6878,Anthony McFarland,RB,,16.0,Maryland,4.0,1999-03-04,25.0,68,193,,,,,21854.0
7993,Trey Ragas,RB,,25.0,Louisiana,1.0,1996-11-07,25.0,70,214,,,,,
13279,Carnell Tate,WR,TEN,14.0,Ohio State,0.0,2005-01-19,21.0,74,192,1.0,,,,26752.0
4665,Eli Jenkins,QB,,0.0,Jacksonville State,5.0,1994-08-07,27.0,74,210,,,,700808.0,19564.0
4993,Mike Gesicki,TE,CIN,88.0,Penn State,8.0,1995-10-03,30.0,78,245,1.0,,,836152.0,19853.0
12070,McCallan Castles,TE,,47.0,Tennessee,2.0,1999-12-03,26.0,76,244,,,,,25391.0
4613,Shaq Hill,WR,,89.0,Eastern Washington,5.0,1993-05-12,28.0,70,180,,,,593407.0,19503.0
4367,Monty Madaris,WR,,0.0,Michigan State,5.0,1993-09-08,28.0,73,207,,,,696173.0,19224.0
12928,Amar Johnson,RB,LAC,35.0,South Dakota State,1.0,2003-01-31,23.0,70,205,7.0,,,,26493.0
7848,Scooter Harrington,TE,,0.0,Stanford,1.0,1997-09-23,24.0,77,250,,,,,
12113,Thomas Yassmin,TE,,41.0,Utah,2.0,1999-10-21,26.0,77,251,,,,,25395.0
5248,Gus Edwards,RB,,4.0,Rutgers,7.0,1995-04-13,29.0,73,238,,,,739799.0,20239.0
11627,Troy Franklin,WR,DEN,11.0,Oregon,2.0,2003-02-06,23.0,75,180,3.0,,,,24973.0
2755,Eric Tomlinson,TE,,83.0,UTEP,10.0,1992-04-22,32.0,78,263,,,,554431.0,17223.0
7735,Cary Angeline,TE,,0.0,North Carolina State,1.0,1997-09-07,24.0,78,250,,,,,
1273,Francis Owusu,WR,,82.0,Stanford,5.0,1994-12-27,27.0,75,219,,,,739427.0,14715.0
5955,Hunter Renfrow,WR,,13.0,Clemson,7.0,1995-12-21,30.0,70,185,,,,841649.0,20924.0
13403,Jam Miller,RB,NE,30.0,Alabama,0.0,,,70,209,3.0,,,,26771.0
2191,Marcus Lucas,WR,,80.0,Missouri,8.0,1992-03-01,29.0,76,250,,,,553236.0,16559.0
6493,Justin Johnson,TE,,0.0,Mississippi State,3.0,1996-11-08,25.0,75,245,,,,876831.0,21493.0
1592,Darren Fells,TE,TB,88.0,California-Irvine,9.0,1986-04-22,35.0,79,281,,,,266414.0,15247.0
3868,Jalen Richard,RB,LV,30.0,Southern Miss,6.0,1993-10-15,28.0,68,207,,,,693429.0,18690.0
13151,Nick Kallerup,TE,SEA,89.0,Minnesota,1.0,2001-03-27,25.0,77,266,4.0,,,,26275.0
13287,Jeremiyah Love,RB,ARI,4.0,Notre Dame,0.0,2005-05-31,21.0,72,212,1.0,,,,26768.0
13946,Jamal Haynes,RB,CIN,24.0,Georgia Tech,0.0,2002-10-05,23.0,67,195,4.0,,,,28534.0
6982,Cheyenne O'Grady,TE,,0.0,Arkansas,1.0,1996-09-20,25.0,76,256,,,,,21779.0
533,Colt McCoy,QB,,12.0,Texas,13.0,1986-09-05,36.0,73,212,,,,306296.0,11047.0
13212,Cade McDonald,WR,,,Miami (OH),1.0,2001-05-07,24.0,70,196,,,,,26684.0
4641,Keeon Johnson,WR,,0.0,Virginia,5.0,1994-12-31,27.0,74,211,,,,745847.0,19536.0
13427,Diego Pavia,QB,BAL,,Vanderbilt,0.0,2002-02-16,24.0,70,203,3.0,,,,26856.0
11654,Dante Miller,RB,NYG,25.0,South Carolina,2.0,1999-05-14,27.0,69,200,6.0,,,,25051.0
4175,Chad Hansen,WR,,83.0,California,5.0,1995-01-18,27.0,73,202,,,,788345.0,19021.0
6108,Jacques Patrick,RB,,31.0,Florida State,4.0,1997-01-07,27.0,74,231,,,,,20906.0
13017,Hajj-Malik Williams,QB,,,UNLV,0.0,1999-11-25,26.0,73,205,,,,,
13256,Roderick Daniels,WR,,,SMU,1.0,,,69,186,,,,,
6869,Adam Trautman,TE,DEN,82.0,Dayton,6.0,1997-02-05,29.0,77,253,2.0,,,,21786.0
13830,Kyle Dixon,WR,NE,83.0,Culver-Stockton,0.0,2000-09-14,25.0,74,220,,,,,28434.0
4480,Bobo Wilson,WR,,85.0,Florida State,5.0,1995-01-25,26.0,69,186,,,,742159.0,19348.0
13923,Joshua Pitsenberger,RB,HOU,31.0,Yale,0.0,,,72,215,,,,,28533.0
6234,Deonte Harty,WR,,3.0,Assumption,6.0,1997-12-04,27.0,66,170,,Questionable,Knee,1166545.0,21163.0
9509,Bijan Robinson,RB,ATL,7.0,Texas,3.0,2002-01-30,24.0,71,215,1.0,,,,23189.0
7525,DeVonta Smith,WR,PHI,6.0,Alabama,5.0,1998-11-14,27.0,72,170,1.0,,,,21687.0
12530,Travis Hunter,WR,JAX,12.0,Colorado,1.0,2003-05-18,23.0,73,185,4.0,Questionable,Knee,,26056.0
2918,Demetrius Wilson,WR,,0.0,Arkansas,10.0,1991-05-01,33.0,75,198,,,,693838.0,17386.0
2573,DaVaris Daniels,WR,,0.0,Notre Dame,10.0,1992-12-18,32.0,73,201,,,,608906.0,17038.0
11292,Tommy DeVito,QB,NE,16.0,Illinois,3.0,1998-08-07,27.0,74,210,2.0,,,,24625.0
8433,Cade Brewer,TE,,0.0,Texas,1.0,1998-10-09,24.0,74,238,,,,,
12476,Devin Neal,RB,NO,24.0,Kansas,1.0,2003-08-12,22.0,71,213,4.0,Questionable,Undisclosed,,25888.0
8595,Kyric McGowan,WR,,87.0,Georgia Tech,2.0,1999-11-01,24.0,71,198,,,,,
3894,Garrett Griffin,TE,,86.0,Air Force,7.0,1994-03-04,29.0,76,246,,,,703203.0,18716.0
12511,Will Howard,QB,PIT,18.0,Ohio State,1.0,2001-09-24,24.0,76,236,3.0,,,,25884.0
8002,Shane Buechele,QB,BUF,6.0,SMU,5.0,1998-01-08,28.0,72,210,2.0,,,,21818.0
11554,Chase Cota,WR,,13.0,Oregon,1.0,1999-11-09,24.0,76,200,,,,,
7540,Amari Rodgers,WR,,3.0,Clemson,2.0,1999-09-23,24.0,69,212,,,,,
8118,David Bell,WR,,18.0,Purdue,3.0,2000-12-14,24.0,73,212,,,,,23148.0
13355,DJ Rogers,TE,DAL,49.0,TCU,0.0,2001-10-10,24.0,76,245,,,,,26935.0
2632,Desmond Martin,RB,,0.0,Wayne State (MI),10.0,1992-03-20,32.0,72,221,,,,870883.0,17100.0
3343,Nate Sudfeld,QB,,4.0,Indiana,9.0,1993-10-07,31.0,78,230,,,,696112.0,18104.0
6165,Antoine Wesley,WR,,88.0,Texas Tech,4.0,1997-10-22,25.0,76,206,,,,924946.0,20979.0
8207,Tyler Goodson,RB,ATL,25.0,Iowa,4.0,2000-11-10,25.0,69,197,3.0,,,,23341.0
8769,Josh Bist,TE,,0.0,Colorado Mesa,1.0,,,74,240,,,,,
11123,Tyler Hoosman,RB,,44.0,North Dakota,1.0,1999-05-07,24.0,71,214,,,,,
12490,Bhayshul Tuten,RB,JAX,33.0,Virginia Tech,1.0,2003-02-14,23.0,69,209,1.0,,,,25898.0
12478,Nick Nash,WR,WAS,19.0,San Jose State,1.0,2000-08-02,25.0,75,195,8.0,,,,25937.0
12457,Jaydon Blue,RB,DAL,23.0,Texas,1.0,2004-01-08,22.0,69,198,3.0,,,,26038.0
7578,Myron Mitchell,WR,,87.0,UAB,1.0,1998-06-17,24.0,73,185,,,,,
7548,Tyler Vaughns,WR,,80.0,USC,1.0,1997-06-01,25.0,74,184,,,,,
13859,Jalen Walthall,WR,NYJ,39.0,Incarnate Word,0.0,2002-10-14,23.0,72,191,,,,,26972.0
4373,Stanley Williams,RB,,30.0,Kentucky,5.0,1995-09-30,26.0,69,195,,,,835378.0,19230.0
3475,Keyarris Garrett,WR,,0.0,Tulsa,6.0,1992-09-26,29.0,75,215,,,,607180.0,18240.0
6049,Tyre Brady,WR,,19.0,Marshall,3.0,1995-04-19,26.0,75,211,,,,830940.0,21039.0
8212,Dustin Crum,QB,,0.0,Kent State,1.0,1999-01-05,24.0,73,210,,,,,
4699,Kevin Snead,WR,,0.0,Carson-Newman,5.0,1991-11-22,30.0,72,190,,,,1051158.0,19602.0
12966,Moose Muhammad,WR,,,Texas A&M,0.0,2001-05-05,24.0,73,195,,,,,
7039,Cody White,WR,SEA,82.0,Michigan State,6.0,1998-11-28,27.0,75,227,5.0,,,,21964.0
2238,John Brown,WR,,16.0,Pittsburg State,9.0,1990-04-03,32.0,71,178,,,,473742.0,16640.0
1992,Allen Robinson,WR,,8.0,Penn State,11.0,1993-08-24,31.0,74,210,,,,609496.0,16263.0
2028,Derek Carr,QB,,4.0,Fresno State,11.0,1991-03-28,34.0,75,215,,NA,Personal,496083.0,16311.0
12168,Zach Mathis,WR,,,North Dakota State,1.0,2000-02-29,24.0,79,203,,,,,
13001,Mario Williams,WR,LAR,14.0,Tulane,1.0,2003-01-21,23.0,69,178,,,,,26535.0
6021,Nick Brossette,RB,,0.0,Louisiana State,3.0,1996-03-02,25.0,72,212,,,,865555.0,21041.0
9512,DeWayne McBride,RB,,27.0,UAB,1.0,2001-07-08,23.0,70,209,,,,,
2749,Raheem Mostert,RB,,31.0,Purdue,11.0,1992-04-09,33.0,70,212,,Questionable,Knee,606501.0,17217.0
8435,Kwamie Lassiter,WR,,18.0,Kansas,2.0,1998-01-21,26.0,71,185,,,,,
4358,Austin Duke,WR,,8.0,North Carolina-Charlotte,5.0,1993-08-03,28.0,69,161,,,,749410.0,19215.0
8112,Drake London,WR,ATL,5.0,USC,4.0,2001-07-24,24.0,76,215,1.0,Questionable,Undisclosed,,23151.0
11632,Malik Nabers,WR,NYG,1.0,LSU,2.0,2003-07-28,22.0,72,200,1.0,Questionable,Knee - ACL,,24953.0
4177,Mack Hollins,WR,NE,13.0,North Carolina,9.0,1993-09-16,32.0,76,221,5.0,,,702808.0,19023.0
12757,Hal Presley,WR,,11.0,Baylor,1.0,2002-01-22,24.0,75,210,,,,,26368.0
13850,Octavian Smith,WR,BAL,87.0,Maryland,0.0,2003-05-12,23.0,71,184,,,,,28296.0
13825,Malik McClain,WR,NYJ,84.0,Arizona State,0.0,,,76,195,,,,,28439.0
6723,Vincent Testaverde,QB,,0.0,Albany,3.0,1996-07-20,25.0,73,211,,,,839041.0,21646.0
1854,Quincy Enunwa,WR,,81.0,Nebraska,8.0,1992-05-31,29.0,74,225,,,,540619.0,16063.0
5848,Marquise Brown,WR,PHI,0.0,Oklahoma,7.0,1997-06-04,29.0,69,170,3.0,,,976220.0,21045.0
11169,Dresser Winn,QB,,4.0,Tennessee-Martin,2.0,1998-11-11,26.0,75,215,,,,,
8250,Tay Martin,WR,DET,17.0,Oklahoma State,4.0,1997-12-14,28.0,75,186,8.0,,,,23659.0
6598,Trenton Irwin,WR,,38.0,Stanford,7.0,1995-12-10,30.0,73,200,,,,884943.0,21263.0
12090,Corey Crooms,WR,,,Minnesota,1.0,2001-04-17,23.0,71,180,,,,,
13662,Will Pauling,WR,SF,4.0,Notre Dame,0.0,2003-03-04,23.0,69,183,,,,,28159.0
7101,Rodney Smith,RB,,0.0,Minnesota,2.0,1996-02-28,25.0,71,210,,,,,21775.0
12715,Thomas Fidone,TE,NYG,86.0,Nebraska,1.0,2002-09-20,23.0,78,255,5.0,Questionable,Foot,,26055.0
4650,Billy Brown,TE,,48.0,Shepherd,5.0,1993-03-20,28.0,76,238,,,,1050875.0,19547.0
13328,Anthony Hankerson,RB,MIA,30.0,Oregon State,0.0,2004-02-03,22.0,68,204,,,,,25896.0
10857,Stetson Bennett,QB,LAR,13.0,Georgia,3.0,1997-10-28,28.0,71,192,3.0,,,,24351.0
2733,Kasey Closs,WR,,3.0,Portland State,10.0,1992-04-07,32.0,75,205,,,,656642.0,17201.0
9229,Anthony Richardson,QB,IND,5.0,Florida,3.0,2002-05-22,24.0,76,244,2.0,,,,24117.0
6770,Joe Burrow,QB,CIN,9.0,LSU,6.0,1996-12-10,29.0,76,215,1.0,,,,21693.0
11624,Xavier Worthy,WR,KC,1.0,Texas,2.0,2003-04-27,23.0,71,165,2.0,Questionable,Shoulder - Labrum,,24924.0
11994,Kameron Johnson,WR,TB,19.0,Barton,2.0,2002-03-17,24.0,70,170,8.0,,,,25642.0
8624,Changa Hodge,WR,,0.0,Virginia Tech,1.0,1998-05-24,24.0,73,200,,,,,
7915,Landen Akers,WR,,84.0,Iowa State,1.0,1997-07-07,25.0,72,191,,,,,
11543,Lachlan Pitts,TE,,81.0,William & Mary,1.0,,,78,255,,,,,
13139,Taylor Morin,WR,,,Wake Forest,1.0,,,71,185,,,,,
10227,Payne Durham,TE,TB,87.0,Purdue,3.0,2000-06-15,26.0,77,255,3.0,,,,24151.0
10214,Davis Allen,TE,LAR,87.0,Clemson,3.0,2001-02-03,25.0,78,253,5.0,,,,24148.0
8153,Isaiah Spiller,RB,,35.0,Texas A&M,3.0,2001-08-09,23.0,73,215,,,,,
7308,Nick Bowers,TE,,88.0,Penn State,4.0,1996-05-26,28.0,76,260,,,,,21719.0
5107,Jaylen Samuels,RB,,27.0,North Carolina State,4.0,1996-07-20,25.0,72,225,,,,832232.0,19996.0
4179,Joshua Dobbs,QB,,11.0,Tennessee,9.0,1995-01-26,31.0,75,220,,,,741262.0,19025.0
13888,DeShawn Hanika,TE,,,,0.0,,,78,245,,,,,
11216,Holton Ahlers,QB,,15.0,East Carolina,1.0,1999-11-10,23.0,75,227,,,,,
10866,Aidan O'Connell,QB,LV,12.0,Purdue,3.0,1998-09-01,27.0,75,206,3.0,,,,24350.0
6037,Brett Rypien,QB,,14.0,Boise State,7.0,1996-07-09,29.0,74,210,,,,866216.0,20929.0
3859,Jalen Simmons,RB,,34.0,South Carolina State,6.0,1992-04-01,29.0,68,205,,,,608743.0,18680.0
12499,Elic Ayomanor,WR,TEN,5.0,Stanford,1.0,2003-06-03,23.0,74,206,5.0,,,,25964.0
9503,Jacob Copeland,WR,,89.0,Maryland,1.0,1999-07-20,25.0,72,202,,,,,
4055,O.J. Howard,TE,,88.0,Alabama,6.0,1994-11-19,28.0,78,250,,,,732147.0,18901.0
6142,Caleb Wilson,TE,,0.0,UCLA,3.0,1996-07-15,25.0,76,240,,,,924062.0,20993.0
13013,Mark Redman,TE,LAR,83.0,Louisville,1.0,2002-01-20,24.0,77,258,,,,,26556.0
13967,Jimmy Kibble,WR,NE,19.0,Georgetown,0.0,,,73,199,,,,,28462.0
11201,Blake Whiteheart,TE,CLE,86.0,Wake Forest,3.0,2000-03-22,26.0,76,250,4.0,,,,24354.0
12528,Ajou Ajou,WR,,9.0,Garden City,1.0,2002-01-10,23.0,75,218,,,,,
12222,Joseph Scates,WR,,,Memphis,1.0,2000-02-19,24.0,74,205,,,,,
606,Joe Webb,QB,,0.0,UAB,12.0,1986-11-14,35.0,76,230,,,,296439.0,11422.0
13595,Cash Jones,RB,ATL,32.0,Georgia,0.0,2002-04-05,24.0,71,195,,,,,28149.0
11299,Zavier Scott,RB,MIN,36.0,Maine,3.0,1999-07-17,27.0,73,221,4.0,,,,24595.0
11901,Kyle Sheets,WR,,,Slippery Rock,1.0,2000-09-24,24.0,76,220,,,,,
9221,Jahmyr Gibbs,RB,DET,0.0,Alabama,3.0,2002-03-20,24.0,69,202,1.0,,,,23200.0
3486,Chris Brown,WR,,0.0,Notre Dame,6.0,1993-12-08,28.0,73,191,,,,697462.0,18251.0
964,Lance Kendricks,TE,,0.0,Wisconsin,11.0,1988-01-30,33.0,75,250,,,,332066.0,13386.0
8747,Roger Carter,TE,,49.0,Georgia State,1.0,1999-03-31,23.0,74,250,,,,,
13779,Al-Jay Henderson,RB,,,Buffalo,0.0,,,70,216,,,,,
455,Michael Crabtree,WR,,15.0,Texas Tech,13.0,1987-09-14,34.0,73,214,,,,324799.0,9331.0
8690,Jake Herslow,WR,,0.0,Houston,1.0,,,71,181,,,,,
6895,Quintez Cephus,WR,,16.0,Wisconsin,6.0,1998-04-01,27.0,73,208,,,,,21729.0
11380,Johnny Lumpkin,TE,,43.0,Louisiana,2.0,1997-09-03,27.0,77,264,,,,,
3163,Jared Goff,QB,DET,16.0,California,10.0,1994-10-14,31.0,76,217,1.0,,,727837.0,17922.0
12891,Jordan Bly,WR,,,Gardner-Webb,1.0,,,72,166,,,,,
8858,Keshunn Abram,WR,,0.0,Kent State,1.0,1999-02-03,23.0,74,193,,,,,
7951,B.J. Emmons,RB,,44.0,Florida Atlantic,1.0,1997-07-03,25.0,72,220,,,,,
12151,Julian Hicks,WR,,89.0,University at Albany,2.0,1999-09-29,26.0,74,201,,,,,25652.0
4832,Andrew Price,TE,,47.0,Nevada-Las Vegas,5.0,1993-09-08,28.0,78,255,,,,693200.0,19736.0
13240,Toa Taua,RB,,35.0,Nevada,2.0,2000-02-15,25.0,69,215,,,,,
3770,Quenton Bundrage,WR,,0.0,Iowa State,9.0,1991-09-13,33.0,74,198,,,,,18583.0
4039,Cooper Kupp,WR,SEA,10.0,Eastern Washington,9.0,1993-06-15,33.0,73,205,3.0,,,698227.0,18882.0
3688,Tra Carson,RB,,34.0,Texas A&M,6.0,1992-10-24,29.0,71,228,,,,607821.0,18488.0
7462,Stephen Guidry,WR,,0.0,Mississippi State,2.0,1997-03-25,24.0,76,200,,,,,21954.0
11410,Braxton Burmeister,WR,,4.0,San Diego State,1.0,1998-09-19,24.0,72,200,,,,,
7610,Trey Lance,QB,LAC,5.0,North Dakota State,5.0,2000-05-09,26.0,76,226,2.0,,,,22493.0
4777,De'Chavon Hayes,RB,,0.0,Arizona State,5.0,1992-07-18,29.0,71,187,,,,,19643.0
6846,Hunter Bryant,TE,,86.0,Washington,2.0,1998-08-20,23.0,74,245,,,,,21683.0
12483,Jack Bech,WR,LV,18.0,TCU,1.0,2002-12-18,23.0,73,214,3.0,,,,25894.0
13849,Cortez Braham,WR,BAL,82.0,Memphis,0.0,2000-03-06,26.0,74,203,,,,,26802.0
12800,Oscar Cardenas,TE,,,UTSA,1.0,2001-07-25,24.0,76,260,,,,,
12013,Jaden Shirden,RB,,,Monmouth,1.0,2002-05-02,22.0,69,195,,,,,
13313,Emmanuel Henderson,WR,SEA,84.0,Kansas,0.0,2003-03-21,23.0,73,185,8.0,,,,26953.0
7568,Brevin Jordan,TE,HOU,9.0,Miami (FL),5.0,2000-07-16,26.0,75,245,5.0,Questionable,Knee,,22506.0
13776,Hank Beatty,WR,TEN,13.0,Illinois,0.0,,,70,179,,,,,26803.0
14041,Anderson Castle,RB,IND,42.0,Duke,0.0,,,72,221,,,,,28405.0
2578,John Harris,WR,,18.0,Texas,10.0,,,74,218,,,,555845.0,17043.0
5985,Foster Moreau,TE,HOU,87.0,LSU,7.0,1997-05-06,29.0,76,250,3.0,,,865573.0,20884.0
11158,Jalen Sample,WR,,18.0,Minnesota State,1.0,1999-03-19,24.0,76,200,,,,,
3340,Jerell Adams,TE,,0.0,South Carolina,6.0,1992-12-31,29.0,77,254,,,,694014.0,18101.0
5425,John Diarse,WR,,9.0,Texas Christian,4.0,1994-12-10,27.0,73,214,,,,727740.0,20524.0
13410,Chase Roberts,WR,LV,,BYU,0.0,2001-01-21,25.0,76,210,5.0,,,,26851.0
4463,Tyler McCloskey,RB,,47.0,Houston,5.0,1994-08-11,27.0,74,245,,,,741526.0,19329.0
11601,Trey Knox,TE,,,South Carolina,1.0,2001-08-14,23.0,75,240,,,,,
14040,Terrill Davis,WR,MIN,40.0,Oklahoma State,0.0,2003-08-11,22.0,72,195,,,,,28589.0
12953,Jalen White,RB,,,Georgia Southern,1.0,2002-06-05,23.0,72,205,,,,,
7563,Javian Hawkins,RB,,14.0,Louisville,1.0,1999-11-03,22.0,69,196,,,,,
13429,Seydou Traore,TE,MIA,49.0,Mississippi State,0.0,2002-08-12,23.0,76,235,4.0,,,,26956.0
7503,Connor Davis,TE,,0.0,Stony Brook,2.0,1994-10-20,27.0,80,271,,,,,22473.0
8190,Abram Smith,RB,,41.0,Baylor,1.0,1998-09-14,24.0,71,221,,,,,
13904,Jacob De Jesus,WR,KC,80.0,California,0.0,,,67,170,,,,,28507.0
5162,Reggie Bonnafon,RB,,38.0,Louisville,5.0,1996-01-04,27.0,72,215,,,,830860.0,20103.0
536,Antonio Brown,WR,,0.0,Central Michigan,12.0,1988-07-10,33.0,70,185,,,,406214.0,11056.0
7989,DJ Turner,WR,,19.0,Pittsburgh,5.0,1997-01-18,28.0,69,205,,,,,22644.0
4622,Keelan Cole,WR,,84.0,Kentucky Wesleyan,7.0,1993-04-20,31.0,73,194,,,,791008.0,19514.0
3041,Ross Travis,TE,,0.0,Penn State,6.0,1993-01-09,29.0,79,235,,,,602069.0,17750.0
10234,Derius Davis,WR,LAC,12.0,TCU,3.0,2000-09-11,25.0,68,165,6.0,,,,24121.0
818,Bilal Powell,RB,,29.0,Louisville,11.0,1988-10-27,33.0,70,204,,,,403060.0,12800.0
7414,Johnathon Johnson,WR,,0.0,Missouri,2.0,1996-09-30,25.0,70,180,,,,,21726.0
7531,Feleipe Franks,TE,CAR,81.0,Arkansas,5.0,1997-12-22,28.0,78,228,5.0,,,,22498.0
11204,Duece Watts,WR,,85.0,Tulane,1.0,1999-12-23,24.0,73,196,,,,,
13426,Sawyer Robertson,QB,,,,0.0,,,76,220,,,,,26749.0
11975,Jordan Terrell,RB,,,Barton,1.0,2000-07-21,24.0,70,210,,,,,
147,DeSean Jackson,WR,,15.0,California,14.0,1986-12-01,36.0,70,175,,,,300173.0,3943.0
7237,Scotty Washington,WR,,85.0,Wake Forest,6.0,1997-07-26,28.0,77,242,,,,,22238.0
4605,Evan Baylis,TE,,0.0,Oregon,5.0,1993-11-18,28.0,77,250,,,,689688.0,19494.0
7370,JoJo Ward,WR,,0.0,Hawaii,2.0,1997-12-09,24.0,69,175,,,,,22358.0
8247,Gerrit Prince,TE,,85.0,UAB,2.0,1997-08-25,26.0,76,241,,,,,
7541,Cornell Powell,WR,,82.0,Clemson,4.0,1997-10-30,28.0,72,205,,,,,22568.0
4408,Terrell Newby,RB,,44.0,Nebraska,5.0,1995-07-25,26.0,70,200,,,,728308.0,19268.0
5233,Marcus Baugh,TE,,0.0,Ohio State,4.0,1994-12-09,27.0,76,245,,,,728328.0,20174.0
8148,Jameson Williams,WR,DET,1.0,Alabama,4.0,2001-03-26,25.0,73,184,2.0,,,,23234.0
10444,Cedric Tillman,WR,CLE,19.0,Tennessee,3.0,2000-04-19,26.0,75,215,4.0,,,,24348.0
7090,Darnell Mooney,WR,NYG,17.0,Tulane,6.0,1997-10-29,28.0,71,177,3.0,,,,21961.0
2200,Timothy Flanders,RB,,,Sam Houston State,11.0,1991-09-29,33.0,69,210,,,,,16571.0
13085,Kole Taylor,TE,,,West Virginia,0.0,,,79,250,,,,,
6539,Devontae Jackson,RB,,0.0,West Georgia,3.0,1996-04-27,25.0,67,170,,,,1166782.0,21367.0
6203,Valentine Holmes,RB,,39.0,No College,3.0,1995-06-24,26.0,73,200,,,,1164505.0,21101.0
6238,Tyree Mayfield,TE,,48.0,Wyoming,3.0,1995-10-23,26.0,75,241,,,,823880.0,21168.0
7612,Dee Eskridge,WR,,82.0,Western Michigan,5.0,1997-03-23,28.0,69,190,,,,,22569.0
4217,George Kittle,TE,SF,85.0,Iowa,9.0,1993-10-09,32.0,76,250,1.0,Questionable,Achilles,733672.0,19063.0
12100,Chris Autman-Bell,WR,,,Minnesota ,1.0,1999-03-31,25.0,73,205,,,,,
3319,Trevor Davis,WR,,0.0,California,6.0,1993-07-04,28.0,73,188,,,,615494.0,18080.0
12480,Moliki Matavao,TE,NO,80.0,UCLA,1.0,2003-03-17,23.0,78,263,4.0,,,,25988.0
4283,Khalfani Muhammad,RB,,0.0,California,5.0,1994-09-26,27.0,67,174,,,,746973.0,19129.0
8215,Austin Allen,TE,,49.0,Nebraska,1.0,1998-11-10,24.0,80,253,,,,,
4955,Ronald Jones,RB,,,USC,7.0,1997-08-03,27.0,71,208,,,,,19819.0
7529,Gary Brightwell,RB,CIN,32.0,Arizona,5.0,1998-02-28,28.0,73,218,5.0,,,,22672.0
11628,Marvin Harrison,WR,ARI,18.0,Ohio State,2.0,2002-08-11,23.0,75,220,1.0,,,,24974.0
8061,Jake Hausmann,TE,,46.0,Ohio State,1.0,1997-08-12,25.0,76,245,,,,,
10210,Cameron Latu,TE,PHI,36.0,Alabama,3.0,2000-02-24,26.0,77,244,5.0,,,,24421.0
2306,Jameis Winston,QB,NYG,19.0,Florida State,11.0,1994-01-06,32.0,76,231,2.0,,,691536.0,16762.0
4924,Zach Terrell,QB,BAL,0.0,Western Michigan,1.0,1993-05-01,24.0,"6'1""",206,,,,652366.0,19211.0
13032,Marshall Lang,TE,MIN,81.0,Northwestern,1.0,2001-10-15,24.0,76,246,,,,,26600.0
1479,Keenan Allen,WR,,13.0,California,13.0,1992-04-27,33.0,74,211,,,,557210.0,15076.0
5699,Matt Fleming,WR,,0.0,Benedictine,4.0,1996-12-04,25.0,72,180,,,,1116607.0,20618.0
3258,Nick Vannett,TE,,38.0,Ohio State,10.0,1993-03-06,33.0,77,257,,,,606488.0,18019.0
6164,Kahale Warring,TE,,86.0,San Diego State,3.0,1997-03-23,25.0,77,250,,,,887526.0,20974.0
184,Adrian Peterson,RB,,21.0,Oklahoma,15.0,1985-03-21,37.0,73,217,,,,267443.0,4807.0
2587,Dres Anderson,WR,,18.0,Utah,7.0,1992-07-20,29.0,74,190,,,,543747.0,17052.0
5547,Ryan Smith,TE,,0.0,"Miami, O.",4.0,1996-01-13,25.0,76,265,,,,831727.0,20577.0
5549,Darrel Williams,RB,,34.0,LSU,5.0,1995-04-15,28.0,71,224,,,,822038.0,20500.0
7211,Zimari Manning,WR,,0.0,Tarleton State,2.0,1995-02-27,26.0,74,200,,,,,22214.0
3410,Jake Coker,QB,,6.0,Alabama,9.0,1992-09-22,32.0,77,232,,,,605411.0,18171.0
11556,Devin Leary,QB,,13.0,Kentucky,1.0,1999-09-10,25.0,73,215,,,,,
12188,Justin Strong,RB,,,Southern Illinois,1.0,,,72,205,,,,,
4381,Taysom Hill,TE,,7.0,BYU,9.0,1990-08-23,35.0,74,221,,,,503184.0,19238.0
12477,Kurtis Rourke,QB,SF,14.0,Indiana,1.0,2000-10-25,25.0,76,220,4.0,,,,26087.0
7899,Isaiah McKoy,WR,,0.0,Kent State,1.0,,,75,182,,,,,
7204,Reggie Gilliam,RB,NE,44.0,Toledo,6.0,1997-08-20,28.0,73,255,6.0,,,,22206.0
5117,Jordan Thomas,TE,,46.0,Mississippi State,6.0,1996-08-02,28.0,77,280,,,,922092.0,20020.0
7454,Travis Jonsen,WR,,85.0,Montana State,2.0,1996-10-16,25.0,76,211,,,,,22432.0
8741,Jamal Pettigrew,TE,,0.0,McNeese State,1.0,1998-04-22,24.0,79,247,,,,,
4962,Sony Michel,RB,,0.0,Georgia,5.0,1995-02-17,28.0,71,215,,,,823041.0,19828.0
13394,Josh Cameron,WR,JAX,19.0,Baylor,0.0,2003-03-18,23.0,73,224,5.0,,,,26805.0
11595,Jared Wiley,TE,KC,12.0,TCU,2.0,2000-11-02,25.0,78,249,4.0,,,,25112.0
12531,Trevor Etienne,RB,CAR,23.0,Georgia,1.0,2004-07-09,22.0,68,198,4.0,,,,25948.0
4790,Robert Wheelwright,WR,,82.0,Wisconsin,5.0,,,75,211,,,,742491.0,19545.0
4183,Nathan Peterman,QB,,4.0,Pittsburgh,9.0,1994-05-04,32.0,74,220,,,,650974.0,19029.0
5264,Blake Mack,TE,,88.0,Arkansas State,4.0,1996-04-24,25.0,75,229,,,,837316.0,20306.0
7320,Dalton Schoen,WR,,0.0,Kansas State,2.0,1996-10-13,25.0,73,206,,,,,22312.0
7335,Bryce Perkins,QB,,10.0,Virginia,5.0,1996-12-20,28.0,75,215,,,,,21819.0
8420,Jack Sorenson,WR,,0.0,Miami (OH),1.0,1997-07-26,25.0,72,192,,,,,
6963,Patrick Taylor,RB,SF,32.0,Memphis,6.0,1998-04-29,28.0,74,217,7.0,,,,21823.0
4676,Darreus Rogers,WR,,1.0,Southern California,5.0,1993-09-03,28.0,73,215,,,,691064.0,19577.0
8057,Kenji Bahar,QB,,0.0,Monmouth,1.0,,,75,200,,,,,
5101,Deon Cain,WR,,32.0,Clemson,7.0,1996-08-09,29.0,74,202,,,,867754.0,19980.0
12431,Rory Starkey,WR,,,Samford,1.0,,,74,210,,,,,
13705,Ty Pezza,TE,BAL,84.0,Brown,0.0,2002-09-18,23.0,75,234,,,,,28294.0
12973,DJ Thomas-Jones,TE,,,South Alabama,1.0,2002-07-06,23.0,74,256,,,,,
1619,Demetrius Harris,TE,,84.0,Milwaukee,9.0,1991-07-29,30.0,79,230,,,,602269.0,15305.0
4839,Mitch Leidner,QB,,3.0,Minnesota,5.0,1994-01-17,27.0,76,230,,,,,19742.0
11808,Jha'Quan Jackson,WR,HOU,88.0,Tulane,2.0,2000-05-15,26.0,69,188,8.0,,,,25132.0
4831,Justice Liggins,WR,,82.0,Stephen F. Austin,5.0,1994-12-14,27.0,73,210,,,,752831.0,19735.0
12539,Arian Smith,WR,NYJ,82.0,Georgia,1.0,2001-10-11,24.0,72,179,6.0,,,,26057.0
7357,Dan Chisena,WR,CAR,88.0,Penn State,6.0,1997-02-25,29.0,75,202,8.0,,,,22345.0
8568,John Lovett,RB,,33.0,Penn State,2.0,1999-08-28,23.0,72,209,,,,,
12281,Dimitri Stanley,WR,,,Iowa State,1.0,1999-11-23,25.0,72,200,,,,,
6843,Albert Okwuegbunam,TE,LV,85.0,Missouri,6.0,1998-04-25,28.0,77,258,4.0,,,,21794.0
11136,Oliver Martin,WR,,88.0,Nebraska,1.0,1998-11-03,24.0,73,200,,,,,
6898,Anthony Gordon,QB,,10.0,Washington State,2.0,1996-08-28,25.0,75,201,,,,,21816.0
12777,Joaquin Davis,WR,PIT,89.0,North Carolina Central,1.0,2002-08-18,23.0,76,195,,,,,26370.0
8864,Ben Beise,TE,,0.0,Wisconsin-River Falls,1.0,,,77,255,,,,,
14039,Mante Morrow,WR,LAC,39.0,Upper Iowa,0.0,,,76,197,,,,,28588.0
3660,Valdez Showers,WR,,5.0,Florida,6.0,1993-06-28,28.0,72,193,,,,607064.0,18454.0
5009,Chris Herndon,TE,,89.0,Miami (FL),4.0,1996-02-23,26.0,76,253,,,,832080.0,19947.0
3606,Amir Carlisle,WR,,0.0,Notre Dame,9.0,1992-09-24,32.0,70,195,,,,,18393.0
6147,Clayton Thorson,QB,NYG,0.0,Northwestern,3.0,1995-12-25,26.0,76,222,,,,830853.0,20966.0
7789,Jalen Camp,WR,,84.0,Georgia Tech,3.0,1998-07-10,26.0,74,220,,,,,
8749,Tyreik McAllister,RB,,13.0,Charleston (WV),3.0,1998-04-07,27.0,70,185,,,,,
14008,Rodney Hammond,RB,DEN,,Sacramento State,0.0,2002-09-02,23.0,69,195,,,,,
13275,Ty Simpson,QB,LAR,15.0,Alabama,0.0,2002-12-21,23.0,73,211,2.0,,,,26739.0
7087,Jonathan Ward,RB,,30.0,Central Michigan,6.0,1997-09-30,28.0,72,202,,,,,21782.0
12969,Lan Larison,RB,NE,34.0,UC Davis,1.0,2001-10-11,24.0,71,209,4.0,,,,25989.0
8423,Brittain Brown,RB,CHI,38.0,UCLA,4.0,1997-10-10,28.0,73,205,4.0,,,,23632.0
10865,Travis Dye,RB,,35.0,USC,1.0,1999-08-24,24.0,70,201,,,,,
12815,Stevo Klotz,TE,,,Iowa State,1.0,,,76,260,,,,,
4309,Scott Orndoff,TE,,86.0,Pittsburgh,5.0,1993-12-16,28.0,76,255,,,,733680.0,19158.0
8183,Brock Purdy,QB,SF,13.0,Iowa State,4.0,1999-12-27,26.0,73,220,1.0,,,,23241.0
13920,Jonathan Brady,WR,LV,83.0,Indiana,0.0,2003-10-08,22.0,70,183,,,,,28521.0
12080,Aidan Robbins,RB,,49.0,BYU,1.0,2000-12-22,24.0,74,237,,,,,
14037,Rashad Rochelle,WR,SEA,35.0,Indiana State,0.0,2003-05-19,23.0,71,185,,,,,28587.0
12007,Nathaniel Peat,RB,,,Missouri,1.0,2000-08-23,24.0,68,197,,,,,
7084,Jake Luton,QB,,13.0,Oregon State,5.0,1996-04-11,28.0,78,224,,,,,21814.0
11133,Jaray Jenkins,WR,,82.0,LSU,1.0,2000-01-04,24.0,74,206,,,,,
13320,Zachariah Branch,WR,ATL,17.0,Georgia,0.0,2004-03-29,22.0,70,180,3.0,,,,26909.0
1234,Russell Wilson,QB,,3.0,Wisconsin,14.0,1988-11-29,37.0,71,206,,,,401534.0,14536.0
2900,Terrence Franks,RB,,0.0,Texas State,10.0,1992-05-12,32.0,70,214,,,,562993.0,17368.0
12541,Dont'e Thornton,WR,LV,10.0,Tennessee,1.0,2002-11-30,23.0,77,205,4.0,,,,26102.0
2913,Gavin Lutman,WR,,8.0,Pittsburg State,10.0,1991-03-27,33.0,76,211,,,,791891.0,17381.0
12306,La'Damian Webb,RB,,,South Alabama,1.0,,,67,210,,,,,
11491,Austin Aune,QB,,14.0,North Texas,1.0,1993-09-06,29.0,74,221,,,,,
12732,Dominic Lovett,WR,DET,19.0,Georgia,1.0,2002-11-08,23.0,70,185,9.0,,,,25306.0
12296,Kaylon Horton,WR,,,North Texas,1.0,,,69,173,,,,,
13781,Ken Seals,QB,,,TCU,0.0,,,75,225,,,,,
7891,Brock Wright,TE,DET,89.0,Notre Dame,5.0,1998-11-27,27.0,77,254,2.0,Questionable,Neck,,23010.0
13269,Fernando Mendoza,QB,LV,15.0,Indiana,0.0,2003-10-01,22.0,77,225,1.0,,,,26740.0
1338,Matt Barkley,QB,,19.0,USC,11.0,1990-09-08,33.0,74,227,,,,494493.0,14855.0
13420,Bryce Lance,WR,NO,18.0,North Dakota State,0.0,2002-08-20,23.0,75,204,5.0,,,,26852.0
8634,Chris Pierce,TE,,48.0,Vanderbilt,2.0,1998-11-02,25.0,76,235,,,,,
4187,Brian Hill,RB,,36.0,Wyoming,6.0,1995-11-09,27.0,73,216,,,,823872.0,19033.0
11593,Brevyn Spann-Ford,TE,DAL,89.0,Minnesota,2.0,1999-12-27,26.0,78,265,4.0,,,,25134.0
2279,Paul Richardson,WR,,10.0,Colorado,8.0,1992-04-13,29.0,72,180,,,,560223.0,16694.0
12512,Quinshon Judkins,RB,CLE,10.0,Ohio State,1.0,2003-10-29,22.0,72,221,1.0,Questionable,Ankle,,25946.0
1476,Latavius Murray,RB,,28.0,UCF,11.0,1990-01-18,34.0,75,230,,,,467405.0,15071.0
5080,Damion Ratley,WR,,0.0,Texas A&M,4.0,1995-04-16,26.0,74,200,,,,865803.0,19969.0
12634,Jordan Watkins,WR,SF,17.0,Ole Miss,1.0,2002-02-15,24.0,71,196,7.0,,,,26103.0
8884,JJ Howland,TE,,0.0,Yale,2.0,1997-10-15,25.0,78,255,,,,,
12107,Dylan Leonard,TE,,,Georgia Tech,1.0,2000-12-15,24.0,77,240,,,,,
13124,Jeremiah Webb,WR,NE,29.0,South Alabama,1.0,2001-05-17,25.0,71,198,,,,,26443.0
5195,Akrum Wadley,RB,,38.0,Iowa,4.0,1995-03-13,26.0,71,195,,,,740737.0,20192.0
1110,T.Y. Hilton,WR,,16.0,Florida International,11.0,1989-11-14,33.0,69,183,,,,468655.0,14005.0
5710,Nick Holley,WR,,25.0,Kent State,4.0,1994-12-05,27.0,70,200,,,,749832.0,20649.0
7565,Terrace Marshall,WR,MIA,86.0,LSU,5.0,2000-06-09,26.0,74,200,8.0,,,,22685.0
11374,James Blackman,QB,,16.0,Arkansas State,1.0,1998-11-14,24.0,78,185,,,,,
11257,Shedrick Jackson,WR,LV,4.0,Auburn,3.0,1999-10-20,26.0,73,198,8.0,,,,24749.0
7103,Tavien Feaster,RB,ARI,30.0,South Carolina,2.0,1997-12-31,24.0,72,221,,,,,21850.0
8589,Marcus Santos-Silva,TE,,0.0,Texas Tech,1.0,1997-06-07,25.0,78,261,,,,,
1352,Robert Woods,WR,,16.0,USC,12.0,1992-04-10,33.0,72,190,,NA,Undisclosed,555693.0,14871.0
4930,Franko House,TE,CHI,0.0,Ball State,1.0,1994-09-19,23.0,"6'6""",247,,,,,19432.0
8419,Stanley Berryhill,WR,,83.0,Arizona,1.0,1998-06-09,24.0,71,190,,,,,
7005,Scottie Phillips,RB,,27.0,Ole Miss,2.0,1997-10-06,24.0,68,209,,,,,21856.0
13405,Kaytron Allen,RB,WAS,31.0,Penn State,0.0,2003-01-08,23.0,71,217,3.0,,,,25939.0
6144,Trayveon Williams,RB,,38.0,Texas A&M,7.0,1997-10-18,28.0,68,206,,,,910605.0,20990.0
3542,DeAndre Reaves,WR,,0.0,Marshall,9.0,1992-04-30,32.0,70,179,,,,696409.0,18310.0
3495,Mike Bercovici,QB,,6.0,Arizona State,6.0,1993-02-09,28.0,74,210,,,,592381.0,18261.0
8181,Connor Heyward,TE,LV,34.0,Michigan State,4.0,1999-01-22,27.0,72,230,3.0,,,,23487.0
11385,Brian Walker,TE,,84.0,Shepherd (WV),1.0,1999-01-07,24.0,76,233,,,,,
6334,Damarea Crockett,RB,,33.0,Missouri,4.0,1997-12-22,25.0,71,225,,,,920072.0,21240.0
13166,Kisean Johnson,WR,,6.0,Western Kentucky,1.0,,,72,216,,,,,26547.0
10230,Jalen Wayne,WR,,86.0,South Alabama,1.0,1999-05-13,25.0,74,210,,,,,
6951,Eno Benjamin,RB,,26.0,Arizona State,4.0,1999-04-13,25.0,69,207,,,,,21773.0
13810,Rohan Jones,TE,LAR,46.0,Arkansas,0.0,,,75,236,,,,,26971.0
4335,P.J. Walker,QB,,15.0,Temple,7.0,1995-02-26,29.0,71,215,,,,749164.0,19191.0
4392,Malcolm Lewis,WR,,18.0,Miami,5.0,1993-10-27,28.0,70,194,,,,691585.0,19251.0
6919,Thaddeus Moss,TE,,81.0,LSU,2.0,1998-05-14,24.0,75,240,,,,,21955.0
8151,Kenneth Walker,RB,KC,9.0,Michigan State,4.0,2000-10-20,25.0,69,211,1.0,,,,23214.0
13773,Isaiah Jacobs,RB,,,UAB,0.0,,,70,220,,,,,
10236,Dalton Kincaid,TE,BUF,86.0,Utah,3.0,1999-10-18,26.0,75,246,1.0,,,,24102.0
2078,Odell Beckham,WR,NYG,3.0,LSU,12.0,1992-11-05,33.0,71,198,6.0,,,589984.0,16389.0
12003,Gunnar Watson,QB,,,Troy,1.0,2000-01-11,25.0,75,210,,,,,
12383,John Jiles,WR,,83.0,West Florida,2.0,2000-07-08,25.0,75,220,,Questionable,Undisclosed,,25333.0
12352,Jeremy Moussa,QB,,,Florida A&M,1.0,,,75,225,,,,,
4752,Fred Brown,WR,,0.0,Mississippi State,5.0,1993-12-01,28.0,73,196,,,,686800.0,19671.0
12062,Cam Grandy,TE,CIN,85.0,Illinois State,2.0,1999-11-19,26.0,77,253,6.0,Questionable,Chest,,25513.0
11247,Mac Hippenhammer,WR,,14.0,Miami (OH),1.0,1998-11-05,24.0,71,177,,,,,
12462,Damien Martinez,RB,GB,26.0,Miami (FL),1.0,2004-01-31,22.0,72,217,5.0,,,,26029.0
12893,Nate McCollum,WR,,,North Carolina,1.0,,,69,187,,,,,
5295,De'Mornay Pierson-El,WR,,0.0,Nebraska,4.0,1995-12-26,26.0,69,195,,,,821270.0,20388.0
4485,William Stanback,RB,,40.0,Virginia Union,5.0,1994-07-06,27.0,73,205,,,,746220.0,19353.0
3732,Richard Mullaney,WR,,83.0,Alabama,6.0,1993-02-23,28.0,75,208,,,,607876.0,18543.0
6089,Daniel Helm,TE,,43.0,Duke,4.0,1995-04-20,28.0,76,255,,,,820720.0,20797.0
7547,Amon-Ra St. Brown,WR,DET,14.0,USC,5.0,1999-10-24,26.0,72,202,1.0,,,,22587.0
11900,Jacob Kibodi,RB,,36.0,Louisiana,1.0,1998-10-04,26.0,73,225,,,,,
8413,Chris Oladokun,QB,KC,19.0,South Dakota State,4.0,1997-09-03,28.0,73,213,3.0,,,,23629.0
11474,Dylan Drummond,WR,ATL,81.0,Eastern Michigan,3.0,2000-01-17,26.0,72,190,4.0,,,,24875.0
13063,Darius Lassiter,WR,,,BYU,1.0,2000-08-10,25.0,74,205,,,,,
3504,Steven Scheu,TE,,81.0,Vanderbilt,6.0,1992-07-07,29.0,77,245,,,,607423.0,18270.0
8928,Daylen Baldwin,WR,,86.0,Michigan,2.0,1999-11-24,24.0,74,219,,,,,
12834,Jimmy Bell,TE,,,Mississippi State,0.0,2000-07-08,25.0,82,280,,,,,
8105,Brayden Lenius,TE,,81.0,New Mexico,1.0,1996-12-19,25.0,77,220,,,,,
5751,Austin Roberts,TE,,42.0,UCLA,4.0,1995-12-03,26.0,74,230,,,,840790.0,20660.0
4409,Josiah Price,TE,,0.0,Michigan State,5.0,1993-07-19,28.0,76,248,,,,696179.0,19269.0
6364,Papi White,WR,,80.0,Ohio,3.0,1996-07-19,25.0,69,168,,,,837579.0,21255.0
13413,Cyrus Allen,WR,KC,13.0,Cincinnati,0.0,2003-02-11,23.0,71,180,5.0,,,,26979.0
6059,Travis Fulgham,WR,,86.0,Old Dominion,4.0,1995-09-13,27.0,74,211,,,,839325.0,20762.0
12829,Coleman Owen,WR,IND,9.0,Ohio,1.0,2001-03-23,25.0,70,181,,,,,25893.0
13677,Noah Short,WR,,8.0,Army,0.0,,,72,195,,,,,28383.0
8828,Michael Young,WR,,0.0,Cincinnati,2.0,1999-02-11,23.0,70,190,,,,,
12773,DJ Uiagalelei,QB,LAC,7.0,Florida State,1.0,2001-04-17,25.0,76,252,3.0,,,,23131.0
7176,Caleb Repp,TE,,0.0,Utah State,2.0,1997-03-06,24.0,77,225,,,,,22178.0
2206,Logan Kilgore,QB,,0.0,Middle Tennessee,12.0,,,75,206,,,,,16579.0
12718,Konata Mumpfield,WR,LAR,4.0,Pittsburgh,1.0,2002-10-24,23.0,73,188,3.0,,,,25001.0
9481,Luke Musgrave,TE,GB,88.0,Oregon State,3.0,2000-09-02,25.0,78,253,2.0,Questionable,Undisclosed,,24150.0
11213,Camren McDonald,TE,,45.0,Florida State,1.0,1999-05-30,24.0,76,237,,,,,
13419,Jaydn Ott,RB,KC,42.0,Oklahoma,0.0,2002-12-16,23.0,71,208,5.0,,,,25891.0
5224,Taj Williams,WR,,16.0,Texas Christian,4.0,,,76,193,,,,913275.0,20183.0
4600,Noel Thomas,WR,,12.0,Connecticut,5.0,1994-09-18,27.0,73,200,,,,728452.0,19489.0
5131,Justin Jackson,RB,,42.0,Northwestern,5.0,1996-04-22,26.0,72,199,,,,830844.0,20064.0
12939,Anthony Tyus,RB,CAR,34.0,Ohio,1.0,2003-03-20,23.0,73,226,,,,,26528.0
11548,Aaron Dykes,RB,,46.0,Richmond,1.0,,,71,202,,,,,
7109,Malcolm Perry,WR,,19.0,Navy,2.0,1997-04-19,25.0,69,190,,,,,21962.0
12226,Lorenzo Lingard,RB,,,Akron,1.0,1999-05-29,25.0,72,205,,,,,
8129,Dameon Pierce,RB,PHI,39.0,Florida,4.0,2000-02-19,26.0,70,218,5.0,,,,23223.0
8685,John Mitchell,TE,,0.0,Florida Atlantic,1.0,1998-04-03,24.0,76,235,,,,,
13281,Jordyn Tyson,WR,NO,0.0,Arizona State,0.0,2004-08-12,21.0,74,203,2.0,Questionable,Undisclosed,,26751.0
8437,Thomas Hennigan,WR,,89.0,Appalachian State,1.0,1998-08-18,24.0,73,210,,,,,
6595,Devlin Hodges,QB,,0.0,Samford,3.0,1996-04-12,25.0,73,210,,,,837040.0,21562.0
8173,ZaQuandre White,RB,,0.0,South Carolina,1.0,1998-12-21,24.0,73,215,,,,,
8243,DeAndre Torrey,RB,,0.0,North Texas,1.0,1998-12-23,24.0,67,199,,,,,
11581,MarShawn Lloyd,RB,GB,32.0,USC,2.0,2001-01-05,25.0,69,220,2.0,,,,23211.0
13303,Cade Klubnik,QB,NYJ,10.0,Clemson,0.0,2003-10-10,22.0,74,207,2.0,Questionable,Back,,28048.0
8201,Jack Coan,QB,,0.0,Notre Dame,1.0,1998-12-09,24.0,75,223,,,,,
13962,Cameron Dorner,WR,NE,88.0,North Texas,0.0,,,73,188,,,,,28137.0
5032,Jordan Akins,TE,,87.0,UCF,8.0,1992-04-19,33.0,75,250,,,,838396.0,19903.0
4080,Zay Jones,WR,,17.0,East Carolina,9.0,1995-03-30,30.0,74,200,,Questionable,Achilles,746491.0,18926.0
4147,Samaje Perine,RB,CIN,34.0,Oklahoma,9.0,1995-09-16,30.0,71,240,2.0,,,820734.0,18993.0
14058,Malick Meiga,WR,CAR,35.0,Coastal Carolina,0.0,2001-03-25,25.0,76,201,,,,,28322.0
4997,Mark Walton,RB,,22.0,Miami,4.0,1997-03-29,24.0,70,200,,,,871716.0,19915.0
3418,Mekale McKay,WR,,19.0,Cincinnati,6.0,1993-08-04,28.0,77,210,,,,693829.0,18181.0
4728,Bart Houston,QB,,8.0,Wisconsin,5.0,1992-12-16,29.0,76,235,,,,652527.0,19639.0
11312,T.J. Luther,WR,,81.0,Gardner-Webb,2.0,2000-05-13,25.0,73,180,,,,,
12538,Brady Cook,QB,NYJ,4.0,Missouri,1.0,2001-10-12,24.0,74,215,4.0,,,,26084.0
4050,Cyril Grayson,WR,,16.0,LSU,5.0,1993-12-05,28.0,69,183,,,,978117.0,18896.0
13010,Jordan Waters,RB,LAR,32.0,North Carolina State,1.0,2000-12-18,25.0,72,225,,,,,26533.0
7720,Kene Nwangwu,RB,NYJ,3.0,Iowa State,5.0,1998-02-09,28.0,73,210,6.0,,,,22676.0
11867,Jaelen Gill,WR,,38.0,Fresno State,1.0,1999-11-17,25.0,72,185,,,,,
8416,Jalen Virgil,WR,BUF,87.0,Appalachian State,4.0,1998-07-13,28.0,73,210,8.0,,,,23642.0
8621,Garrett Walston,TE,,0.0,North Carolina,1.0,1998-01-20,24.0,76,245,,,,,
5126,Austin Proehl,WR,,87.0,North Carolina,4.0,1996-06-17,26.0,70,175,,,,823135.0,20052.0
13193,Ketron Jackson,WR,,,Baylor,1.0,,,73,197,,,,,
13726,Camden Brown,WR,DAL,6.0,Georgia Southern,0.0,,,74,204,,,,,26800.0
6973,J.J. Taylor,RB,,26.0,Arizona,5.0,1998-01-04,27.0,66,185,,,,,21837.0
5548,Elijah Marks,WR,,0.0,Northern Arizona,4.0,1995-12-29,26.0,73,175,,,,838626.0,20496.0
6585,Tony Brooks-James,RB,,40.0,Oregon,3.0,1994-12-06,27.0,69,179,,,,835777.0,21549.0
12536,Jaylin Noel,WR,HOU,13.0,Iowa State,1.0,2002-09-04,23.0,71,201,4.0,,,,25914.0
12314,Beau Corrales,WR,,,Texas State,1.0,,,76,215,,,,,
10223,Eric Gray,RB,NYG,20.0,Oklahoma,3.0,1999-11-04,26.0,70,211,5.0,,,,23195.0
7597,Kenny Yeboah,TE,ARI,48.0,Ole Miss,5.0,1998-10-30,27.0,75,250,4.0,,,,22514.0
12492,Pat Bryant,WR,DEN,13.0,Illinois,1.0,2002-12-10,23.0,74,204,4.0,,,,25975.0
7287,Josh Hammond,WR,,80.0,Florida,3.0,1998-07-24,25.0,72,194,,,,,22283.0
6826,Cole Kmet,TE,CHI,85.0,Notre Dame,6.0,1999-03-10,27.0,78,257,2.0,,,,21772.0
6161,L.J. Scott,RB,,0.0,Michigan State,3.0,1996-09-15,25.0,72,228,,,,,20937.0
12134,Sam Wiglusz,WR,,,Ohio,1.0,1999-07-24,25.0,72,187,,,,,
5250,Robert Foster,WR,,0.0,Alabama,4.0,1994-05-07,28.0,74,196,,,,750838.0,20250.0
12526,Tetairoa McMillan,WR,CAR,4.0,Arizona,1.0,2003-04-05,23.0,77,212,1.0,Questionable,Ankle,,26054.0
2528,Ben Koyack,TE,,83.0,Notre Dame,7.0,1993-04-09,28.0,77,258,,,,610943.0,16988.0
13225,Sam Brown,WR,,,Miami (FL),1.0,2002-08-15,23.0,74,200,,,,,
5199,Byron Pringle,WR,,83.0,Kansas State,6.0,1993-11-17,30.0,73,203,,,,913826.0,20150.0
8224,Cole Kelley,QB,,0.0,Southeastern Louisiana,1.0,1997-10-27,25.0,79,250,,,,,
7622,Sammis Reyes,TE,,35.0,Loyola (NO),4.0,1995-10-19,29.0,79,268,,,,,
7236,Devwah Whaley,RB,,0.0,Arkansas,2.0,1997-11-03,24.0,71,212,,,,,22237.0
6401,T.J. Rahming,WR,,80.0,Duke,3.0,1997-01-10,25.0,70,170,,,,879988.0,21399.0
2394,Sean Mannion,QB,,15.0,Oregon State,9.0,1992-04-25,31.0,78,230,,,,557860.0,16850.0
8209,Makai Polk,WR,,83.0,Mississippi State,3.0,2001-08-04,23.0,75,192,,,,,
5156,Andrew Vollert,TE,,0.0,Weber State,4.0,1995-03-15,26.0,77,245,,,,752029.0,20083.0
13276,Omar Cooper,WR,NYJ,83.0,Indiana,0.0,2003-12-14,22.0,72,199,2.0,,,,26760.0
12818,Elijah Young,RB,,,Western Kentucky,1.0,2001-09-14,24.0,70,198,,,,,
11210,Malik Heath,WR,ATL,86.0,Ole Miss,3.0,2000-03-31,25.0,74,213,,,,,24362.0
4636,Lenard Tillery,RB,,0.0,Southern U.,5.0,1993-12-09,28.0,70,198,,,,699401.0,19531.0
13963,Nick DeGennaro,WR,NE,23.0,James Madison,0.0,,,72,196,,,,,28460.0
8089,Sal Cannella,TE,,87.0,Auburn,3.0,1996-12-02,29.0,77,242,,,,,23105.0
3594,Peyton Barber,RB,,31.0,Auburn,6.0,1994-06-27,27.0,71,225,,,,744436.0,18375.0
7859,Nick Eubanks,TE,,47.0,Michigan,2.0,1996-11-21,26.0,77,256,,,,,
3652,Mike Thomas,WR,,87.0,Southern Miss,7.0,1994-08-16,28.0,73,197,,,,835086.0,18445.0
8890,Naz Bohannon,TE,,0.0,Clemson,1.0,,,77,232,,,,,
111,Marcedes Lewis,TE,,89.0,UCLA,20.0,1984-05-19,41.0,78,265,,,,214197.0,3061.0
7550,Warren Jackson,WR,,83.0,Colorado State,1.0,1999-06-16,23.0,78,219,,,,,
13152,Justin Lockhart,WR,,,San Jose State,0.0,,,75,196,,,,,
13003,Tru Edwards,WR,LAR,16.0,Louisiana Tech,1.0,2001-06-09,25.0,75,211,,,,,26356.0
13121,Ben Yurosek,TE,MIN,85.0,Georgia,1.0,2002-03-17,24.0,76,251,3.0,,,,26274.0
6943,Gabe Davis,WR,,13.0,UCF,6.0,1999-04-01,26.0,74,225,,Questionable,Knee - ACL,,21735.0
1984,Allen Hurns,WR,MIA,8.0,Miami (FL),8.0,1991-11-12,30.0,75,195,,,,540997.0,16253.0
13760,Jaden Bradley,WR,WAS,86.0,UNLV,0.0,,,76,195,,,,,26811.0
12170,Jaaron Hayek,WR,,,Villanova,1.0,2001-06-06,23.0,72,199,,,,,
8539,Seth Green,TE,,42.0,Houston,4.0,1998-02-14,27.0,76,255,,,,,
7551,Deon Jackson,RB,,36.0,Duke,4.0,1999-02-18,26.0,72,218,,,,,
2880,Zach Laskey,RB,,45.0,Georgia Tech,7.0,1992-07-08,29.0,73,218,,,,599676.0,17348.0
7954,Connor Wedington,WR,,81.0,Stanford,2.0,1999-05-28,23.0,72,200,,,,,
7032,Tyrie Cleveland,WR,,12.0,Florida,4.0,1997-09-20,26.0,74,205,,,,,21737.0
11802,Tejhaun Palmer,WR,ARI,83.0,UAB,2.0,2000-05-19,26.0,73,210,8.0,,,,25338.0
11563,Bo Nix,QB,DEN,10.0,Oregon,2.0,2000-02-25,26.0,74,217,1.0,Questionable,Ankle,,25069.0
2449,Stefon Diggs,WR,,8.0,Maryland,11.0,1993-11-29,32.0,72,191,,,,694041.0,16906.0
7522,Hunter Thedford,TE,,60.0,Utah,3.0,1997-04-15,26.0,78,260,,,,,
7567,Kenny Gainwell,RB,TB,1.0,Memphis,5.0,1999-03-14,27.0,69,200,2.0,,,,22562.0
7543,Travis Etienne,RB,NO,3.0,Clemson,5.0,1999-01-26,27.0,70,215,1.0,,,,21696.0
12217,Shawn Bowman,TE,,49.0,Rutgers,1.0,2000-05-16,25.0,76,249,,,,,
7793,Racey McMath,WR,,80.0,LSU,3.0,1999-06-14,25.0,75,217,,,,,
8192,Curtis Hodges,TE,,87.0,Arizona State,2.0,1999-07-03,25.0,80,240,,,,,
11502,Brian Cobbs,WR,,38.0,Utah State,1.0,1999-10-18,23.0,73,206,,,,,
5139,Trey Quinn,WR,,19.0,SMU,5.0,1995-12-07,27.0,72,200,,,,822031.0,20079.0
6001,Drew Sample,TE,CIN,89.0,Washington,7.0,1996-04-16,30.0,77,260,3.0,,,837824.0,20931.0
1841,Stephen Houston,RB,,33.0,Indiana,8.0,1991-10-28,30.0,70,230,,,,,16046.0
5590,Jordan Smallwood,WR,,0.0,Oklahoma,4.0,1995-01-18,26.0,74,203,,,,747997.0,20591.0
7572,Kylin Hill,RB,,32.0,Mississippi State,1.0,1998-08-18,24.0,70,214,,,,,
1817,Sammy Watkins,WR,,82.0,Clemson,9.0,1993-06-14,29.0,73,211,,,,602118.0,16003.0
5801,Kobe McCrary,RB,,48.0,Minnesota,4.0,1994-01-19,27.0,73,240,,,,911246.0,20700.0
3824,Alex Ellis,TE,,36.0,Tennessee,6.0,1993-02-10,29.0,76,240,,,,607400.0,18642.0
7757,Ben Skowronek,WR,PIT,15.0,Notre Dame,5.0,1997-06-27,29.0,75,224,5.0,,,,22590.0
7904,Stevie Scott,RB,,49.0,Indiana,2.0,2000-05-13,23.0,73,231,,,,,
8583,Stone Smartt,TE,PHI,85.0,Old Dominion,4.0,1998-10-04,27.0,76,226,4.0,,,,23644.0
4323,Darrell Daniels,TE,,86.0,Washington,6.0,1994-11-22,28.0,75,256,,,,747895.0,19176.0
13343,Vinny Anthony,WR,ATL,86.0,Wisconsin,0.0,,,72,190,,,,,26944.0
1386,Giovani Bernard,RB,,25.0,North Carolina,10.0,1991-11-22,31.0,69,205,,,,546076.0,14916.0
6824,Donovan Peoples-Jones,WR,,14.0,Michigan,5.0,1999-02-19,26.0,74,204,,,,,21754.0
2817,Daniel Rodriguez,WR,,0.0,Clemson,10.0,1988-01-08,37.0,68,180,,,,700055.0,17285.0
2532,Da'Ron Brown,WR,,81.0,Northern Illinois,7.0,1991-09-21,30.0,72,199,,,,557446.0,16992.0
11159,Zion Bowens,WR,,84.0,Hawai'i,1.0,1999-08-17,24.0,73,185,,,,,
4803,Nate Iese,TE,,48.0,UCLA,5.0,1994-09-25,27.0,75,242,,,,691039.0,19718.0
5863,J.J. Arcega-Whiteside,WR,,83.0,Stanford,4.0,1996-12-31,26.0,74,237,,,,884921.0,20742.0
13844,Coleman Bennett,RB,CHI,30.0,Kennesaw State,0.0,,,71,185,,,,,28325.0
6873,Austin Mack,WR,,81.0,Ohio State,4.0,1997-08-31,26.0,74,215,,,,,21862.0
208,Josh McCown,QB,,3.0,Sam Houston State,20.0,1979-07-04,42.0,76,218,,,,81059.0,5282.0
8560,Davis Cheek,QB,,3.0,Elon,1.0,1999-02-26,23.0,75,215,,,,,
12984,CJ Dippre,TE,NE,81.0,Alabama,1.0,2002-04-29,24.0,77,256,4.0,,,,25984.0
1029,Nick Foles,QB,,9.0,Arizona,11.0,1989-01-20,34.0,78,243,,,,403189.0,13723.0
11874,Jaylen Johnson,WR,,39.0,East Carolina,2.0,2000-05-26,25.0,74,194,,,,,
9508,Tyjae Spears,RB,TEN,2.0,Tulane,3.0,2001-06-15,25.0,71,195,2.0,,,,24123.0
11570,Rasheen Ali,RB,BAL,26.0,Marshall,2.0,2001-02-16,25.0,71,210,4.0,,,,25045.0
12534,Kyle Monangai,RB,CHI,25.0,Rutgers,1.0,2002-06-06,24.0,68,207,2.0,,,,25952.0
4344,C.J. Board,WR,,80.0,Chattanooga,6.0,1993-12-12,29.0,73,181,,,,695408.0,19200.0
8195,Ronnie Rivers,RB,LAR,20.0,Fresno State,4.0,1999-01-31,27.0,69,198,5.0,,,,22547.0
6892,Nate Stanley,QB,,12.0,Iowa,2.0,1997-08-26,24.0,76,233,,,,,21812.0
13890,Michael Briscoe,WR,MIN,46.0,Cal Poly,0.0,,,74,209,,,,,28480.0
4218,Trent Taylor,WR,,81.0,Louisiana Tech,9.0,1994-04-30,31.0,68,180,,,,733849.0,19064.0
6178,Darwin Thompson,RB,,30.0,Utah State,4.0,1997-02-12,26.0,68,200,,,,1108841.0,20964.0
12154,Messiah Swinson,TE,GB,43.0,Arizona State,2.0,2000-04-20,26.0,79,259,,,,,25567.0
13597,Matthew Caldwell,QB,LAR,2.0,Texas,0.0,2003-05-23,23.0,76,209,,,,,28321.0
8849,Tanner Conner,TE,NYG,48.0,Idaho State,4.0,1998-03-20,28.0,75,232,4.0,,,,23737.0
8159,Desmond Ridder,QB,,18.0,Cincinnati,4.0,1999-08-31,26.0,75,211,,,,,22502.0
2938,Cam Worthy,WR,,0.0,East Carolina,10.0,1992-04-06,32.0,74,211,,,,693329.0,17408.0
4895,Lamar Atkins,WR,,0.0,Louisville,4.0,1994-02-25,27.0,71,236,,,,692168.0,19793.0
3554,David Reeves,TE,,0.0,Duke,9.0,1992-12-15,32.0,77,255,,,,,18327.0
2152,Teddy Bridgewater,QB,DET,5.0,Louisville,12.0,1992-11-10,33.0,74,217,2.0,,,592195.0,16497.0
8018,Shaun Beyer,TE,,80.0,Iowa,1.0,1996-11-11,25.0,77,248,,,,,
13931,E.J. Horton,WR,IND,10.0,Purdue,0.0,,,73,190,,,,,28407.0
5392,Jack Heneghan,QB,,6.0,Dartmouth,4.0,1996-02-13,25.0,76,230,,,,832130.0,20468.0
13533,Barion Brown,WR,NO,19.0,LSU,0.0,2003-12-12,22.0,71,185,6.0,,,,25890.0
2600,Ricky Seale,RB,,0.0,Stanford,10.0,1992-01-08,33.0,69,203,,,,553101.0,17068.0
7190,Bronson Rechsteiner,RB,,34.0,Kennesaw State,2.0,1997-10-24,24.0,72,230,,,,,22192.0
13337,Emmett Johnson,RB,KC,10.0,Nebraska,0.0,2003-10-10,22.0,71,200,3.0,,,,26835.0
13101,Gage Larvadain,WR,CLE,84.0,South Carolina,1.0,2002-01-03,24.0,68,171,9.0,,,,26422.0
12061,Noah Cain,RB,,,LSU,1.0,2000-12-17,24.0,70,222,,,,,
3582,Chester Rogers,WR,,80.0,Grambling State,6.0,1994-01-12,28.0,73,180,,,,702949.0,18361.0
11631,Brian Thomas,WR,JAX,7.0,LSU,2.0,2002-10-08,23.0,74,209,1.0,,,,24933.0
5358,Anthony Manzo-Lewis,TE,,40.0,"Albany, N.Y.",4.0,1995-10-11,26.0,72,257,,,,891900.0,20424.0
11523,Cody Chrest,WR,,82.0,Sam Houston State,1.0,1998-04-10,25.0,72,193,,,,,
12212,Austin Stogner,TE,,,Oklahoma,1.0,2000-01-12,25.0,78,258,,,,,
5892,David Montgomery,RB,HOU,32.0,Iowa State,7.0,1997-06-07,29.0,71,230,1.0,,,946739.0,20882.0
8572,Andrew Parchment,WR,,0.0,Florida State,1.0,,,74,190,,,,,
13681,Kaidon Salter,QB,,,Colorado,0.0,,,73,190,,,,,
13941,Omari Kelly,WR,CHI,82.0,Michigan State,0.0,,,71,190,,,,,25938.0
6007,Ryquell Armstead,RB,,23.0,Temple,3.0,1996-10-30,25.0,71,220,,,,884791.0,20743.0
5210,Korey Robertson,WR,,18.0,Southern Mississippi,4.0,1995-06-22,26.0,74,210,,,,835077.0,20160.0
3355,Cody Core,WR,,89.0,Ole Miss,6.0,1994-04-17,28.0,75,205,,,,694662.0,18116.0
13162,Maximilian Mang,TE,,49.0,Syracuse,1.0,2000-03-13,25.0,78,263,,,,,26560.0
7081,James Morgan,QB,,16.0,Florida International,3.0,1997-02-28,26.0,76,229,,,,,21965.0
6290,Scotty Miller,WR,CHI,35.0,Bowling Green,7.0,1997-07-31,28.0,69,174,7.0,,,866578.0,21138.0
13150,Darius Cooper,WR,PHI,80.0,Tarleton State,1.0,2001-11-22,24.0,71,210,5.0,,,,25307.0
11186,Carlos Washington,RB,MIA,37.0,Southeastern Louisiana,3.0,1998-12-26,27.0,71,210,4.0,,,,24304.0
11583,Jonathon Brooks,RB,CAR,25.0,Texas,2.0,2003-07-21,22.0,72,207,2.0,,,,24944.0
7396,Devin Phelps,WR,,0.0,Shepherd,2.0,1996-10-15,25.0,74,190,,,,,22381.0
5127,Kyle Allen,QB,BUF,11.0,Houston,8.0,1996-03-08,30.0,75,210,3.0,,,822350.0,20053.0
11447,Kris Leach,TE,,86.0,Kent State,1.0,,,78,248,,,,,
12497,Tory Horton,WR,SEA,15.0,Colorado State,1.0,2002-11-29,23.0,74,196,4.0,Questionable,Shin,,24989.0
5408,Sergio Bailey,WR,,83.0,Eastern Michigan,4.0,1994-03-20,27.0,72,190,,,,,20505.0
12469,Dylan Sampson,RB,CLE,22.0,Tennessee,1.0,2004-09-14,21.0,68,200,2.0,,,,25889.0
3020,Dan Light,TE,,84.0,Fordham,10.0,1993-05-05,31.0,77,265,,,,600363.0,17573.0
2879,Isiah Ferguson,WR,,0.0,Arkansas-Pine Bluff,10.0,1991-01-08,34.0,76,218,,,,702995.0,17347.0
5285,Ross Dwelley,TE,,81.0,San Diego,8.0,1995-01-26,30.0,77,240,,,,752665.0,20361.0
2930,Justin Tukes,TE,,0.0,UCF,10.0,1991-11-13,33.0,77,250,,,,591550.0,17399.0
4931,Austin Appleby,QB,,0.0,Florida,5.0,1993-06-04,28.0,76,240,,,,,19452.0
8697,Kevin Shaa,WR,,0.0,Liberty,1.0,1997-11-10,25.0,70,166,,,,,
13291,Kejon Owens,RB,MIN,35.0,Florida International,0.0,,,71,210,,,,,26797.0
13336,Dane Key,WR,DEN,32.0,Nebraska,0.0,2003-07-01,23.0,75,210,7.0,,,,28138.0
12933,Caden Prieskorn,TE,,88.0,Ole Miss,1.0,1999-09-21,26.0,77,255,,,,,25973.0
4274,David Moore,WR,CAR,83.0,East Central,9.0,1995-01-15,31.0,72,220,7.0,,,1049915.0,19120.0
13179,Ja'seem Reed,WR,CAR,86.0,San Diego,1.0,2003-03-21,23.0,74,195,,,,,26664.0
8217,Leddie Brown,RB,,0.0,West Virginia,1.0,2000-02-28,22.0,72,213,,,,,
6845,Zack Moss,RB,,31.0,Utah,5.0,1997-12-15,27.0,70,220,,Questionable,Neck,,21784.0
11366,Chris Coleman,WR,,83.0,Cal Poly,1.0,1999-04-03,24.0,71,192,,,,,
13834,Cody Hardy,TE,NO,86.0,NC State,0.0,,,77,271,,,,,28256.0
13425,Jalon Daniels,QB,TB,10.0,Kansas,0.0,2002-10-29,23.0,72,219,3.0,,,,25877.0
4305,Tyler Renew,RB,,39.0,Citadel,5.0,1994-10-20,27.0,71,217,,,,749703.0,19153.0
8187,CJ Verdell,RB,,0.0,Oregon,1.0,1999-08-16,23.0,68,211,,,,,
8219,Jelani Woods,TE,NYJ,86.0,Virginia,4.0,1998-10-09,27.0,79,253,4.0,,,,23490.0
4489,Gehrig Dieter,WR,,12.0,Alabama,5.0,1993-02-24,29.0,75,208,,,,652899.0,19358.0
7603,Shi Smith,WR,,80.0,South Carolina,3.0,1998-10-26,25.0,70,190,,,,,
7751,Dax Milne,WR,,12.0,BYU,4.0,1999-06-23,25.0,73,190,,,,,
8731,Shemar Bridges,WR,,85.0,Fort Valley State,2.0,1997-12-26,25.0,76,208,,,,,
5463,Mark Thompson,RB,,36.0,Florida,4.0,1994-12-09,27.0,73,239,,,,910402.0,20561.0
13297,Reggie Virgil,WR,ARI,82.0,Texas Tech,0.0,2004-05-14,22.0,75,187,5.0,,,,26945.0
6618,Isaiah Searight,TE,,49.0,Fordham,3.0,1997-01-18,24.0,76,250,,,,874663.0,21394.0
5046,Royce Freeman,RB,,41.0,Oregon,8.0,1996-02-24,29.0,72,238,,,,835779.0,19823.0
4621,Caleb Bluiett,TE,,85.0,Texas,5.0,1993-10-06,28.0,75,257,,,,691333.0,19513.0
7075,Charlie Woerner,TE,ATL,89.0,Georgia,6.0,1997-10-16,28.0,77,250,3.0,,,,22119.0
12502,Gunnar Helm,TE,TEN,84.0,Texas,1.0,2002-09-06,23.0,77,241,1.0,,,,25962.0
7571,Rashod Bateman,WR,BAL,7.0,Minnesota,5.0,1999-11-29,26.0,73,193,2.0,,,,22623.0
8783,Kendric Pryor,WR,CIN,19.0,Wisconsin,4.0,1998-01-06,28.0,71,189,6.0,,,,23996.0
6728,Jackson Harris,TE,,0.0,Georgia,3.0,1997-02-28,24.0,77,250,,,,871366.0,21650.0
4854,River Cracraft,WR,,88.0,Washington State,9.0,1994-11-01,31.0,72,198,,,,749681.0,19755.0
2783,Kenzel Doe,WR,,82.0,Wisconsin,10.0,1992-06-06,32.0,68,176,,,,592544.0,17251.0
5197,Rico Gafford,WR,,37.0,Wyoming,4.0,1996-05-23,26.0,70,184,,,,944604.0,20194.0
13120,Jacoby Jones,WR,WAS,84.0,UCF,1.0,2001-07-18,24.0,75,228,11.0,,,,26620.0
11590,Jase McClellan,RB,,39.0,Alabama,1.0,2002-06-25,23.0,71,212,,,,,
12210,Cole Burgess,WR,PIT,85.0,SUNY-Cortland,3.0,2000-02-11,26.0,73,192,,,,,25504.0
13577,Dallen Bentley,TE,DEN,89.0,Utah,0.0,2000-12-31,25.0,76,253,7.0,,,,28056.0
13357,Lance Mason,TE,SEA,42.0,Wisconsin,0.0,,,75,243,,,,,28162.0
4878,Brandon Zylstra,WR,,13.0,Concordia (MN),5.0,1993-03-25,29.0,74,215,,,,916610.0,19779.0
2040,Scott Simonson,TE,,83.0,Assumption,8.0,1992-04-13,29.0,77,255,,,,564881.0,16327.0
5975,Alize Mack,TE,,87.0,Notre Dame,4.0,1997-03-29,26.0,76,251,,,,884573.0,20865.0
8924,Thomas Odukoya,TE,,88.0,Eastern Michigan,4.0,1997-05-05,28.0,78,253,,Questionable,Undisclosed,,23889.0
627,Andre Roberts,WR,,18.0,The Citadel,13.0,1988-01-09,35.0,71,195,,,,329031.0,11565.0
11615,Ainias Smith,WR,CAR,80.0,Texas A&M,2.0,2001-05-31,25.0,69,176,8.0,,,,23144.0
6705,Taj McGowan,RB,,33.0,Central Florida,3.0,1996-12-30,25.0,73,210,,,,867616.0,21622.0
11418,Taye Barber,WR,,17.0,TCU,1.0,1999-10-24,23.0,69,182,,,,,
11306,Xavier Gipson,WR,NYG,88.0,Stephen F. Austin,3.0,2001-03-08,25.0,69,189,13.0,,,,24472.0
5927,Terry McLaurin,WR,WAS,17.0,Ohio State,7.0,1995-09-15,30.0,72,210,1.0,,,836116.0,20873.0
7554,Tre' McKitty,TE,,38.0,Georgia,4.0,1999-01-12,26.0,76,246,,,,,
12308,Samson Evans,RB,,,Eastern Michigan,1.0,,,72,217,,,,,
5974,Trace McSorley,QB,,3.0,Penn State,5.0,1995-08-23,29.0,72,202,,,,836164.0,20874.0
14029,Johnny Pascuzzi,TE,LAC,42.0,Tulane,0.0,,,76,241,,,,,28582.0
4199,Aaron Jones,RB,MIN,33.0,UTEP,9.0,1994-12-02,31.0,70,208,1.0,,,741314.0,19045.0
4515,B.J. Johnson,WR,,0.0,Georgia Southern,5.0,1993-02-22,28.0,73,212,,,,605925.0,19387.0
2595,Tim Semisch,TE,,85.0,Northern Illinois,7.0,1991-09-18,30.0,80,267,,,,608071.0,17063.0
6449,Dorian Baker,WR,,19.0,Kentucky,3.0,1996-06-01,25.0,75,213,,,,835381.0,21276.0
6156,Benny Snell,RB,,38.0,Kentucky,4.0,1998-02-27,25.0,70,224,,,,920062.0,20950.0
4950,Christian Kirk,WR,SF,3.0,Texas A&M,8.0,1996-11-18,29.0,71,200,5.0,,,865801.0,19815.0
3150,Xavier Rush,WR,,17.0,Tulane,6.0,1992-12-30,29.0,75,202,,,,602835.0,17906.0
6399,Kano Dillon,TE,,0.0,Oregon,3.0,,,77,265,,,,840741.0,21405.0
12472,Raheim Sanders,RB,CLE,35.0,South Carolina,1.0,2002-06-08,24.0,72,230,3.0,,,,26080.0
12865,AJ Henning,WR,MIA,88.0,Northwestern,1.0,2001-09-09,24.0,70,192,,,,,26538.0
11646,Jalen Coker,WR,CAR,18.0,Holy Cross,2.0,2001-10-30,24.0,75,213,2.0,,,,25122.0
13316,Eric Rivers,WR,TB,83.0,Georgia Tech,0.0,2002-09-17,23.0,70,176,7.0,,,,26846.0
4454,Kendrick Bourne,WR,ARI,17.0,Eastern Washington,9.0,1995-08-04,30.0,73,205,3.0,,,754412.0,19318.0
284,Delanie Walker,TE,,82.0,Central Missouri,16.0,1984-08-12,37.0,74,248,,,,218943.0,7175.0
12498,Mason Taylor,TE,NYJ,85.0,LSU,1.0,2004-05-08,22.0,77,251,2.0,,,,25963.0
13242,Lawrance Toafili,RB,,,Florida State,1.0,2001-11-30,24.0,72,185,,,,,26715.0
12481,Cam Skattebo,RB,NYG,44.0,Arizona State,1.0,2002-02-05,24.0,71,215,1.0,Questionable,Ankle,,25887.0
3621,Jordan Williams-Lambert,WR,,0.0,Ball State,6.0,1994-05-09,27.0,74,224,,,,652431.0,18408.0
3880,M.J. McFarland,TE,,0.0,Texas-El Paso,6.0,1992-07-25,29.0,76,249,,,,590677.0,18702.0
10218,Xavier Hutchinson,WR,HOU,19.0,Iowa State,3.0,2000-06-01,26.0,75,210,5.0,,,,24347.0
8019,Devontres Dukes,WR,,84.0,USF,1.0,1997-06-18,24.0,76,216,,,,,
12169,Reggie Brown,WR,,,James Madison,1.0,,,73,195,,,,,
12850,Tyler Neville,TE,,,Virginia,1.0,,,75,250,,,,,
6154,David Sills,WR,TB,80.0,West Virginia,7.0,1996-05-29,30.0,75,211,6.0,,,866973.0,20939.0
6931,DeeJay Dallas,RB,JAX,20.0,Miami (FL),6.0,1998-09-16,27.0,70,225,6.0,,,,21804.0
2597,Michael Dyer,RB,,40.0,Louisville,10.0,1990-10-13,34.0,69,220,,,,557117.0,17065.0
5886,Hakeem Butler,TE,DEN,30.0,Iowa State,7.0,1996-05-16,30.0,77,227,,,,882776.0,21056.0
11623,Jordan Whittington,WR,LAR,88.0,Texas,2.0,2000-10-01,25.0,73,202,4.0,,,,25201.0
5915,Andy Isabella,WR,,7.0,UMass,6.0,1996-11-18,28.0,69,188,,Questionable,Ankle,878911.0,20820.0
7158,Riley Neal,QB,,5.0,Vanderbilt,2.0,1996-10-02,25.0,78,225,,,,,22159.0
6450,David Blough,QB,,18.0,Purdue,5.0,1995-07-31,28.0,73,207,,,,821297.0,21277.0
2549,Trevor Siemian,QB,ATL,13.0,Northwestern,11.0,1991-12-26,34.0,75,220,3.0,Questionable,Undisclosed,546184.0,17009.0
8863,Kaylon Geiger,WR,,80.0,Texas Tech,1.0,1997-11-01,25.0,70,180,,,,,
4995,Ian Thomas,TE,LV,80.0,Indiana,8.0,1996-06-06,30.0,75,253,3.0,,,943093.0,19910.0
6365,Carson Meier,TE,,89.0,Oklahoma,3.0,1995-06-29,26.0,77,254,,,,820726.0,21256.0
2082,Xavier Grimble,TE,,85.0,Southern California,8.0,1992-09-22,29.0,76,261,,,,555680.0,16395.0
9225,Tank Bigsby,RB,PHI,8.0,Auburn,3.0,2002-08-30,23.0,71,215,2.0,,,,23193.0
7218,Cam Sutton,TE,,0.0,Fresno State,2.0,1996-09-13,25.0,78,226,,,,,22220.0
7589,Ian Book,QB,,13.0,Notre Dame,4.0,1998-03-30,26.0,72,206,,,,,
6063,Tyron Billy-Johnson,WR,,13.0,Oklahoma State,5.0,1996-01-08,28.0,73,193,,,,865567.0,20838.0
4018,Joe Mixon,RB,,28.0,Oklahoma,9.0,1996-07-24,29.0,73,220,,Questionable,Foot,820727.0,18858.0
13227,Mitch Van Vooren,WR,,,St. Norbert,1.0,,,77,242,,,,,
13411,Zavion Thomas,WR,CHI,81.0,LSU,0.0,2004-02-14,22.0,70,190,5.0,,,,26948.0
2319,DeVante Parker,WR,,13.0,Louisville,9.0,1993-01-20,31.0,75,218,,,,602241.0,16775.0
11603,AJ Barner,TE,SEA,88.0,Michigan,2.0,2002-05-03,24.0,78,251,1.0,Questionable,Undisclosed,,25106.0
13407,Carson Towt,TE,IND,45.0,Notre Dame,0.0,2001-06-01,25.0,80,250,,,,,28139.0
4533,James Summers,RB,,39.0,East Carolina,5.0,1994-06-12,27.0,75,210,,,,891768.0,19412.0
4721,Shakeir Ryan,WR,,12.0,"Northwestern State, La.",5.0,1995-08-11,26.0,68,160,,,,747298.0,19630.0
8094,Michael Jacobson,TE,,86.0,Iowa State,4.0,1997-04-04,28.0,79,244,,,,,
13348,J'Mari Taylor,RB,JAX,30.0,Virginia,0.0,2002-03-15,24.0,69,199,4.0,,,,26736.0
4229,Mason Schreck,TE,,86.0,Buffalo,6.0,1993-11-04,29.0,77,252,,,,694088.0,19075.0
11863,Leon Johnson,WR,,,Oklahoma State,1.0,2001-06-12,23.0,77,215,,,,,
12190,Jason Bean,QB,,12.0,Kansas,1.0,1999-06-09,26.0,74,196,,,,,
6438,Kelvin McKnight,WR,,16.0,Samford,3.0,1997-04-25,24.0,68,186,,,,883332.0,21363.0
5249,Andre Levrone,WR,,16.0,Virginia,4.0,1995-03-09,26.0,74,222,,,,745850.0,20240.0
3548,Jamal Robinson,WR,,19.0,Louisiana-Lafayette,6.0,1993-01-13,28.0,76,205,,,,604111.0,18318.0
9757,Kendre Miller,RB,NO,5.0,TCU,3.0,2002-06-11,24.0,72,220,3.0,Questionable,Knee - ACL,,24238.0
7670,Joshua Palmer,WR,BUF,5.0,Tennessee,5.0,1999-09-22,26.0,73,210,5.0,,,,22613.0
7035,Kendrick Rogers,WR,,16.0,Texas A&M,2.0,1997-08-07,24.0,76,204,,,,,21757.0
13205,Luke Deal,TE,,,Auburn,0.0,,,77,252,,Questionable,Undisclosed,,
2229,Garrett Gilbert,QB,,19.0,SMU,9.0,1991-01-01,32.0,76,221,,,,507477.0,16621.0
4626,Amba Etta-Tawo,WR,,6.0,Syracuse,5.0,1993-11-10,28.0,73,208,,,,695781.0,19520.0
5275,Jeff Badet,WR,,0.0,Oklahoma,4.0,1994-09-02,27.0,71,182,,,,746896.0,20328.0
7611,Rhamondre Stevenson,RB,NE,38.0,Oklahoma,5.0,1998-02-23,28.0,72,227,2.0,,,,22546.0
12547,Kyle Williams,WR,NE,8.0,Washington State,1.0,2002-11-13,23.0,71,190,6.0,,,,25912.0
5125,Damoun Patterson,WR,,0.0,Youngstown State,4.0,1994-09-16,27.0,74,190,,,,822636.0,20049.0
8101,Mark Vital,TE,,80.0,Baylor,1.0,1996-11-07,25.0,77,250,,,,,
3333,Temarrick Hemingway,TE,WAS,88.0,South Carolina State,6.0,1993-07-30,28.0,77,245,,,,608714.0,18094.0
4747,Stevie Donatell,TE,,87.0,Western Kentucky,5.0,1994-03-05,27.0,78,235,,,,691675.0,19665.0
5276,Tyler Hoppes,TE,,86.0,Nebraska,4.0,1995-05-08,26.0,76,245,,,,836821.0,20329.0
11857,Daijun Edwards,RB,,,Georgia,1.0,2001-04-11,23.0,70,201,,,,,
538,Emmanuel Sanders,WR,,1.0,SMU,12.0,1987-03-17,35.0,71,180,,,,324216.0,11063.0
4197,Isaiah McKenzie,WR,,3.0,Georgia,8.0,1995-04-09,29.0,67,173,,,,823040.0,19043.0
5890,Damien Harris,RB,,22.0,Alabama,5.0,1997-02-11,27.0,71,213,,,,884014.0,20790.0
8005,Tarik Black,WR,DET,12.0,Texas,5.0,1998-02-10,28.0,75,213,,,,,21746.0
8150,Kyren Williams,RB,LAR,23.0,Notre Dame,4.0,2000-08-26,25.0,69,207,1.0,,,,23212.0
12187,Malcolm Epps,TE,,,Pittsburgh,1.0,2000-01-13,25.0,78,255,,,,,
8121,Romeo Doubs,WR,NE,87.0,Nevada,4.0,2000-04-13,26.0,74,210,2.0,,,,23167.0
8123,Hassan Haskins,RB,,28.0,Michigan,4.0,1999-11-26,26.0,74,228,,,,,23273.0
8033,Bernhard Seikovits,TE,,47.0,AUT,4.0,1997-07-24,27.0,77,262,,,,,
3161,Carson Wentz,QB,MIN,11.0,North Dakota State,10.0,1992-12-30,33.0,77,237,3.0,,,613866.0,17920.0
5111,Javon Wims,WR,,13.0,Georgia,5.0,1994-09-11,28.0,76,215,,,,922039.0,20011.0
5791,Gerald Holmes,RB,,34.0,Michigan State,4.0,1994-11-15,27.0,73,231,,,,748700.0,20690.0
12705,Graham Mertz,QB,HOU,18.0,Florida,1.0,2000-12-06,25.0,74,216,3.0,,,,26086.0
7600,Pat Freiermuth,TE,PIT,88.0,Penn State,5.0,1998-10-25,27.0,77,258,1.0,,,,22507.0
8527,Dareke Young,WR,LV,81.0,Lenoir-Rhyne,4.0,1999-06-04,27.0,74,224,6.0,,,,23624.0
13026,Moochie Dixon,WR,,,SMU,1.0,,,72,187,,,,,
11199,Emari Demercado,RB,KC,25.0,TCU,3.0,1999-01-20,27.0,69,215,2.0,,,,24609.0
6002,Qadree Ollison,RB,,41.0,Pittsburgh,4.0,1996-09-08,27.0,73,232,,,,832473.0,20900.0
8602,Danny Davis,WR,,0.0,Wisconsin,1.0,1998-01-20,24.0,73,188,,,,,
11645,Javon Baker,WR,,83.0,UCF,2.0,2002-02-18,23.0,73,202,,,,,25040.0
2672,Damarr Aultman,WR,,0.0,Maine,10.0,1992-01-13,33.0,71,198,,,,551666.0,17140.0
12860,Theo Wease,WR,MIA,81.0,Missouri,1.0,2001-06-25,25.0,74,210,3.0,,,,23169.0
331,Philip Rivers,QB,,17.0,North Carolina State,22.0,1981-12-08,44.0,77,228,,,,246054.0,8244.0
11104,SaRodorick Thompson,RB,,27.0,Texas Tech,1.0,1999-10-01,24.0,72,215,,,,,
12688,Cam Miller,QB,MIA,15.0,North Dakota State,1.0,2001-06-18,25.0,73,211,3.0,,,,26254.0
4922,Garrett Scantling,WR,ATL,89.0,Georgia,1.0,,,"6'3""",210,,,,,18895.0
12486,Dillon Gabriel,QB,CLE,6.0,Oregon,1.0,2000-12-28,25.0,71,205,4.0,,,,23177.0
10212,Josh Whyle,TE,GB,81.0,Cincinnati,3.0,1999-09-08,26.0,79,248,3.0,,,,24375.0
11381,Travis Vokolek,TE,ARI,81.0,Nebraska,3.0,1998-06-04,27.0,78,260,,Questionable,Neck,,24444.0
8161,Malik Willis,QB,MIA,2.0,Liberty,4.0,1999-05-25,27.0,73,225,1.0,,,,23118.0
5201,Terry Swanson,RB,,42.0,Toledo,4.0,1996-08-06,25.0,70,205,,,,833513.0,20136.0
1559,Mike Glennon,QB,,16.0,North Carolina State,10.0,1989-12-12,33.0,78,225,,,,464346.0,15201.0
7558,Whop Philyor,WR,,0.0,Indiana,1.0,1998-07-31,23.0,71,182,,,,,
4951,DJ Chark,WR,,16.0,LSU,7.0,1996-09-23,28.0,75,198,,,,822008.0,19816.0
11729,Sione Vaki,RB,DET,33.0,Utah,2.0,2001-07-30,24.0,71,216,4.0,,,,24930.0
11483,Ellis Merriweather,RB,,38.0,UMass,2.0,1999-04-07,26.0,73,220,,,,,
8228,Jaylen Warren,RB,PIT,30.0,Oklahoma State,4.0,1998-11-01,27.0,68,215,1.0,,,,23479.0
4786,Jhajuan Seales,WR,,0.0,Oklahoma State,5.0,1993-11-26,28.0,72,205,,,,,19438.0
5774,Cam Serigne,TE,,86.0,Wake Forest,4.0,1994-08-06,27.0,75,240,,,,740272.0,20519.0
11562,Spencer Rattler,QB,NO,2.0,South Carolina,2.0,2000-09-28,25.0,72,211,2.0,,,,23186.0
8230,Ty Chandler,RB,NO,83.0,North Carolina,4.0,1998-05-12,28.0,71,205,5.0,,,,21852.0
6011,Gardner Minshew,QB,ARI,15.0,Washington State,7.0,1996-05-16,30.0,73,225,3.0,,,867303.0,20880.0
5089,Mike White,QB,,16.0,Western Kentucky,8.0,1995-03-25,30.0,77,220,,,,741785.0,19972.0
4453,Victor Bolden,WR,,84.0,Oregon State,6.0,1995-04-04,28.0,68,178,,,,749590.0,19317.0
12268,Colby Suits,QB,,,Houston Christian,1.0,,,76,240,,,,,
4680,Larry Clark,WR,,17.0,Colorado State-Pueblo,5.0,1993-05-08,28.0,75,182,,,,609612.0,19581.0
8732,Raleigh Webb,WR,,17.0,The Citadel,2.0,1997-12-28,26.0,74,204,,,,,
3921,Nick Truesdell,TE,,85.0,Grand Rapids CC,6.0,1990-03-14,31.0,79,230,,,,448251.0,18748.0
7581,Kellen Mond,QB,,2.0,Texas A&M,3.0,1999-06-22,24.0,75,217,,,,,
6136,Jarrett Stidham,QB,DEN,8.0,Auburn,7.0,1996-08-08,29.0,75,215,2.0,,,865868.0,20954.0
4749,Cameron Posey,WR,,9.0,Purdue,5.0,1993-10-27,28.0,73,192,,,,692239.0,19667.0
7173,Jalen McCleskey,WR,,87.0,Tulane,2.0,1997-08-06,24.0,70,178,,,,,22175.0
13280,Chamon Metayer,TE,,83.0,Arizona State,0.0,,,76,255,,,,,28395.0
12494,Kyle McCord,QB,GB,18.0,Syracuse,1.0,2002-09-19,23.0,75,218,3.0,,,,26085.0
13929,Sahmir Hagans,WR,IND,11.0,Duke,0.0,,,70,190,,,,,28528.0
4942,Marcell Ateman,WR,,15.0,Oklahoma State,5.0,1994-09-16,29.0,76,216,,,,744883.0,19811.0
11626,Xavier Legette,WR,CAR,17.0,South Carolina,2.0,2001-01-29,25.0,75,227,5.0,,,,25003.0
4146,Dede Westbrook,WR,,80.0,Oklahoma,5.0,1993-11-21,29.0,72,178,,,,865950.0,18992.0
11582,Carson Steele,RB,PHI,34.0,UCLA,2.0,2002-10-21,23.0,72,228,6.0,,,,24939.0
11637,Keon Coleman,WR,BUF,0.0,Florida State,2.0,2003-05-17,23.0,75,213,4.0,,,,24964.0
7744,Antonio Nunn,WR,,0.0,Buffalo,1.0,1996-09-14,25.0,71,200,,,,,
8559,Josh Babicz,TE,,0.0,North Dakota State,2.0,1999-04-23,23.0,78,255,,,,,
11864,Zach Heins,TE,,,South Dakota State,1.0,2000-04-21,24.0,79,260,,,,,
11573,Frank Gore,RB,BUF,20.0,Southern Miss,2.0,2002-03-13,24.0,68,201,4.0,,,,25100.0
13408,Tanner Koziol,TE,JAX,89.0,Houston,0.0,2004-01-28,22.0,79,250,3.0,,,,26793.0
12817,Jake Briningstool,TE,KC,88.0,Clemson,1.0,2002-12-09,23.0,78,240,6.0,Questionable,Hamstring,,25969.0
5700,Robert Martin,RB,,49.0,Rutgers,4.0,1995-09-04,26.0,71,212,,,,838246.0,20624.0
7288,Ben Ellefson,TE,,82.0,North Dakota State,3.0,1996-09-01,26.0,75,250,,,,,22284.0
5857,Noah Fant,TE,NO,87.0,Iowa,7.0,1997-11-20,28.0,76,249,2.0,,,923911.0,20753.0
12725,Luke Lachey,TE,GB,86.0,Iowa,1.0,2001-06-29,25.0,78,250,4.0,,,,25873.0
12500,Quinn Ewers,QB,MIA,14.0,Texas,1.0,2003-03-15,23.0,74,209,2.0,,,,26048.0
6730,Jordan Ta'amu,QB,,4.0,Ole Miss,4.0,1997-12-10,25.0,75,221,,,,974470.0,21612.0
7395,Rashad Medaris,WR,,0.0,Cincinnati,2.0,1996-10-09,25.0,71,178,,,,,22380.0
8103,Ryan Willis,QB,,14.0,Virginia Tech,1.0,1996-09-28,25.0,76,211,,,,,
13065,Ben Wooldridge,QB,,,Louisiana,1.0,1999-09-27,26.0,74,214,,,,,
491,Danny Amendola,WR,,89.0,Texas Tech,14.0,1985-11-02,36.0,71,185,,,,263758.0,9906.0
5154,Trent Sherfield,WR,BUF,81.0,Vanderbilt,8.0,1996-02-25,30.0,73,205,7.0,,,835861.0,20081.0
9224,Chase Brown,RB,CIN,30.0,Illinois,3.0,2000-03-21,26.0,70,210,1.0,,,,24374.0
13889,Levi Wentz,WR,PIT,83.0,Kansas,0.0,,,74,205,,,,,28481.0
12520,Xavier Restrepo,WR,TEN,87.0,Miami (FL),1.0,2002-04-12,24.0,70,202,6.0,,,,25926.0
13624,Shaleak Knotts,WR,,30.0,,0.0,,,75,194,,,,,28236.0
8204,Bo Melton,WR,GB,16.0,Rutgers,4.0,1999-05-18,27.0,71,189,5.0,,,,23482.0
11073,Thayer Thomas,WR,,89.0,North Carolina State,2.0,1998-05-20,27.0,72,195,,,,,24572.0
13477,Colbie Young,WR,CIN,86.0,Georgia,0.0,2002-07-24,23.0,76,218,6.0,,,,25906.0
12521,Elijah Arroyo,TE,SEA,18.0,Miami (FL),1.0,2003-04-05,23.0,77,254,2.0,,,,26032.0
6357,Shawn Bane,WR,,16.0,Northwest Missouri State,3.0,1995-06-09,26.0,71,170,,,,1165726.0,21289.0
5094,Ryan Izzo,TE,,47.0,Florida State,4.0,1995-12-21,26.0,77,255,,,,861278.0,20069.0
12479,Ja'Quinden Jackson,RB,,38.0,Arkansas,1.0,2001-09-12,24.0,74,233,,,,,25901.0
5265,Nic Shimonek,QB,,0.0,Texas Tech,4.0,1994-08-22,27.0,75,225,,,,740734.0,20308.0
5012,Mark Andrews,TE,BAL,89.0,Oklahoma,8.0,1995-09-06,30.0,77,250,1.0,,,820699.0,19803.0
8027,Tre Harbison,RB,,37.0,Charlotte,1.0,1998-07-01,23.0,71,218,,,,,
12484,Jayden Higgins,WR,HOU,81.0,Iowa State,1.0,2002-12-15,23.0,76,215,2.0,,,,26094.0
8234,Jaivon Heiligh,WR,,0.0,Coastal Carolina,1.0,1999-09-02,23.0,74,202,,,,,
7595,Tylan Wallace,WR,CLE,16.0,Oklahoma State,5.0,1999-05-13,27.0,71,200,8.0,,,,22604.0
13645,Michael Wortham,WR,JAX,0.0,Montana,0.0,,,69,190,,,,,28277.0
6074,Donald Parham,TE,,89.0,Stetson,7.0,1997-08-16,28.0,80,237,,Questionable,Achilles,875649.0,20905.0
13404,Garrett Nussmeier,QB,KC,14.0,LSU,0.0,2002-02-07,24.0,73,205,4.0,,,,25871.0
6308,Ian Bunting,TE,,89.0,California,4.0,1996-02-10,27.0,79,255,,,,830692.0,21208.0
11815,Cornelius Johnson,WR,BAL,86.0,Michigan,2.0,2000-11-29,25.0,75,208,5.0,,,,23146.0
12077,Lincoln Victor,WR,,30.0,Washington State,1.0,,,69,177,,,,,
2093,Ryan Grant,WR,,11.0,Tulane,8.0,1990-12-19,31.0,72,195,,,,497786.0,16411.0
11942,Colson Yankoff,TE,WAS,80.0,UCLA,2.0,2000-03-01,26.0,76,225,6.0,,,,25674.0
13436,Kentrel Bullock,RB,CIN,31.0,South Alabama,0.0,2002-03-31,24.0,70,204,,,,,26794.0
3202,Austin Hooper,TE,ATL,81.0,Stanford,10.0,1994-10-29,31.0,76,254,2.0,,,739424.0,17963.0
3336,Moritz Bohringer,TE,,49.0,No College,6.0,1993-10-16,28.0,77,250,,,,914919.0,18097.0
6794,Justin Jefferson,WR,MIN,18.0,LSU,6.0,1999-06-16,27.0,73,195,1.0,,,,21685.0
11347,Chase Cota,WR,,38.0,Oregon,2.0,1999-11-09,25.0,76,205,,,,,
11089,Jordan Byrd,WR,,16.0,San Diego State,1.0,2000-04-07,23.0,69,170,,,,,
11377,Tyrell Shavers,WR,BUF,14.0,San Diego State,3.0,1999-08-18,26.0,76,211,6.0,Questionable,Knee - ACL,,24511.0
11184,Daniel Arias,WR,,38.0,Colorado,1.0,1998-09-02,25.0,75,216,,,,,
7400,Manasseh Bailey,WR,,3.0,Morgan State,2.0,1997-06-27,24.0,73,195,,,,,22385.0
7988,Riley Lees,WR,,12.0,Northwestern,1.0,,,72,200,,,,,
8411,Devon Allen,WR,,82.0,Oregon,2.0,1994-12-12,29.0,73,190,,,,,
2943,Mark Weisman,RB,,35.0,Iowa,10.0,1991-10-28,33.0,71,242,,,,593233.0,17414.0
7992,Matt Bushman,TE,,49.0,BYU,3.0,1995-11-03,28.0,77,245,,,,,
1067,Marvin Jones,WR,,0.0,California,11.0,1990-03-12,33.0,74,199,,,,461620.0,13870.0
2381,Chris Conley,WR,,18.0,Georgia,10.0,1992-10-25,32.0,75,205,,,,591801.0,16837.0
11600,Ja'Tavion Sanders,TE,CAR,0.0,Texas,2.0,2003-03-27,23.0,76,252,1.0,,,,24947.0
2917,Brian Vogler,TE,,0.0,Alabama,7.0,1992-03-07,29.0,79,263,,,,557176.0,17385.0
12126,Isaac Rex,TE,,,BYU,1.0,1998-08-04,26.0,78,246,,,,,
6553,Austin Walter,RB,,32.0,Rice,5.0,1996-08-17,27.0,68,202,,,,839390.0,21514.0
5980,Myles Gaskin,RB,,33.0,Washington,6.0,1997-02-15,28.0,70,200,,,,865895.0,20768.0
9230,Tanner McKee,QB,PHI,16.0,Stanford,3.0,2000-04-27,26.0,78,231,3.0,,,,24124.0
5008,Durham Smythe,TE,BAL,80.0,Notre Dame,8.0,1995-08-09,30.0,76,248,2.0,,,749968.0,19943.0
5785,James Butler,RB,,36.0,Iowa,4.0,1995-02-19,26.0,69,210,,,,821573.0,20686.0
6628,Ventell Bryant,WR,,0.0,Temple,3.0,1996-08-24,25.0,75,205,,,,838301.0,21548.0
8665,Armani Rogers,TE,,88.0,Ohio,3.0,1997-12-04,27.0,77,225,,,,,
10651,Mohamed Ibrahim,RB,,36.0,Minnesota,1.0,1998-09-08,25.0,68,203,,,,,
4160,Josh Malone,WR,,80.0,Tennessee,5.0,1996-03-21,26.0,74,208,,,,820522.0,19006.0
6269,Kyle Shurmur,QB,,0.0,Vanderbilt,3.0,1996-11-06,25.0,76,225,,,,879962.0,21143.0
2939,Javess Blue,WR,,10.0,Kentucky,10.0,1992-12-30,32.0,72,191,,,,746898.0,17410.0
9754,Quentin Johnston,WR,LAC,1.0,TCU,3.0,2001-09-06,24.0,74,208,2.0,,,,24226.0
5760,Josh Crockett,WR,,0.0,Central Oklahoma,4.0,1995-03-13,26.0,76,195,,,,1120577.0,20667.0
14018,Jordan Nubin,RB,,,Kent State,0.0,,,71,215,,,,,
5112,Bo Scarbrough,RB,,40.0,Alabama,4.0,1996-09-29,25.0,73,235,,,,835814.0,20012.0
2431,Mike Davis,RB,,0.0,South Carolina,7.0,1993-02-19,29.0,69,223,,,,694015.0,16887.0
13288,Nicholas Singleton,RB,TEN,32.0,Penn State,0.0,2004-01-06,22.0,72,219,3.0,,,,27045.0
2752,Trent Steelman,WR,,6.0,Army,12.0,1989-11-14,35.0,72,207,,,,507611.0,17220.0
5800,Justin Stockton,RB,,25.0,Texas Tech,4.0,1995-07-06,26.0,70,192,,,,839039.0,20697.0
4607,Zach Conque,QB,,48.0,Stephen F. Austin,5.0,1994-04-22,27.0,78,237,,,,693298.0,19497.0
12363,Xavier Wade,WR,,,Ferris State,1.0,,,73,192,,,,,
13867,Sean Brown,WR,,,Charlotte,0.0,,,76,200,,,,,28467.0
11126,Michael Ezeike,TE,,47.0,UCLA,1.0,2000-09-17,23.0,77,245,,,,,
6453,D.J. Montgomery,WR,,2.0,Austin Peay,7.0,1996-11-17,29.0,73,201,,,,1063397.0,21473.0
5587,Chris Warren,RB,,34.0,Texas,4.0,1996-06-06,25.0,76,250,,,,884299.0,20588.0
12503,Isaiah Bond,WR,CLE,0.0,Texas,1.0,2004-03-15,22.0,71,180,5.0,,,,26034.0
5235,David Wells,TE,,89.0,San Diego State,6.0,1995-05-02,29.0,78,260,,,,746301.0,20199.0
11607,Hayden Hatten,WR,,,Idaho,1.0,2000-06-06,24.0,73,207,,,,,
11580,Dillon Johnson,RB,,,Washington,1.0,2001-06-15,23.0,72,218,,,,,
3177,Corey Coleman,WR,,89.0,Baylor,6.0,1994-07-06,28.0,71,193,,,,695370.0,17938.0
4537,Jordan Johnson,RB,,0.0,Buffalo,5.0,1994-05-21,27.0,73,220,,,,694076.0,19416.0
5570,Chad Beebe,WR,,86.0,Northern Illinois,4.0,1994-06-01,28.0,70,187,,,,746577.0,20582.0
13238,Winston Wright,WR,,,East Carolina,2.0,,,70,192,,,,,
13433,Riley Nowakowski,TE,PIT,37.0,Indiana,0.0,2002-06-30,24.0,74,250,4.0,,,,28064.0
13210,Drake Dabney,TE,GB,49.0,TCU,1.0,2002-05-14,24.0,77,246,,,,,25002.0
6446,Jon Hilliman,RB,,28.0,Rutgers,3.0,1995-11-14,26.0,71,216,,,,836057.0,21456.0
6894,Mitchell Wilcox,TE,,86.0,South Florida,5.0,1996-11-07,28.0,76,250,,,,,21800.0
12786,Anthony Landphere,TE,,,Memphis,0.0,,,77,248,,,,,
3440,Josh Woodrum,QB,,0.0,Liberty,6.0,1992-11-07,29.0,75,228,,,,611616.0,18204.0
4806,Brandon Radcliff,RB,,37.0,Louisville,5.0,1993-03-18,28.0,69,210,,,,692182.0,19186.0
7618,Micah Simon,WR,CAR,81.0,Brigham Young,1.0,,,73,195,,,,,
11625,Adonai Mitchell,WR,NYJ,15.0,Texas,2.0,2002-10-08,23.0,74,205,3.0,,,,24954.0
12389,Hayden Rucci,TE,SF,83.0,Wisconsin,2.0,2001-01-27,25.0,77,247,,,,,25529.0
4610,Deante' Gray,WR,,0.0,Texas Christian,5.0,1994-02-27,27.0,70,175,,,,691317.0,19500.0
5747,Kayaune Ross,WR,,11.0,Kentucky,4.0,1994-07-08,27.0,78,225,,,,920060.0,20656.0
11540,La'Michael Pettway,TE,,46.0,Iowa State,5.0,1997-03-20,27.0,75,250,,,,,
2922,Devin Mahina,TE,,0.0,BYU,10.0,1989-01-06,36.0,78,251,,,,541439.0,17391.0
6938,Cam Akers,RB,,30.0,Florida State,6.0,1999-06-22,26.0,70,217,,,,,21688.0
11080,Malik Knowles,WR,,82.0,Kansas State,2.0,2000-08-17,25.0,74,196,,,,,
7972,Tony Poljan,TE,,83.0,Virginia,1.0,1997-04-25,25.0,79,260,,,,,
4198,Jamal Agnew,WR,,14.0,San Diego,8.0,1995-04-03,30.0,70,190,,Questionable,Undisclosed,,19044.0
4938,Speedy Noil,WR,,0.0,Texas A&M,5.0,1995-10-14,26.0,71,202,,,,822349.0,19606.0
13274,Germie Bernard,WR,PIT,17.0,Alabama,0.0,2003-12-02,22.0,73,206,3.0,,,,26750.0
6552,Malik Henry,WR,,7.0,West Georgia,3.0,1997-04-16,24.0,72,175,,,,871255.0,21355.0
11821,Tahj Washington,WR,MIA,84.0,USC,2.0,2001-05-16,25.0,70,174,9.0,,,,25199.0
3655,Reggie Diggs,WR,,17.0,Richmond,6.0,1993-05-08,28.0,76,200,,,,659357.0,18448.0
8407,T.J. Pledger,RB,,0.0,Utah,1.0,2000-02-24,22.0,69,196,,,,,
2800,Mario Hull,WR,,0.0,Rice,10.0,1992-08-29,32.0,73,200,,,,550958.0,17268.0
7537,Jaret Patterson,RB,LAC,32.0,Buffalo,5.0,1999-12-23,26.0,68,195,4.0,,,,22556.0
12471,DJ Giddens,RB,IND,21.0,Kansas State,1.0,2003-08-26,22.0,72,212,2.0,,,,25900.0
12467,Jordan James,RB,SF,29.0,Oregon,1.0,2004-03-29,22.0,69,208,2.0,,,,25903.0
2909,Beau Gardner,TE,,0.0,Northern Arizona,10.0,1989-12-27,35.0,76,240,,,,612192.0,17377.0
2577,Devante Davis,WR,,0.0,UNLV,10.0,1992-10-13,32.0,75,215,,,,606351.0,17042.0
5661,Chris Lacy,WR,,15.0,Oklahoma State,5.0,1996-01-28,27.0,75,205,,,,835417.0,20511.0
8114,Erik Ezukanma,WR,PHI,89.0,Texas Tech,4.0,2000-01-25,26.0,74,206,8.0,,,,23325.0
3503,Geronimo Allison,WR,,82.0,Illinois,6.0,1994-01-18,28.0,75,202,,,,821159.0,18269.0
8144,Chris Olave,WR,NO,12.0,Ohio State,4.0,2000-06-27,26.0,72,187,1.0,,,,22565.0
13305,Mike Washington,RB,LV,30.0,Arkansas,0.0,2003-07-03,23.0,74,228,2.0,,,,26932.0
11621,Brenden Rice,WR,GB,89.0,USC,2.0,2002-03-18,24.0,74,208,7.0,,,,25101.0
6529,Chris Myarick,TE,,86.0,Temple,7.0,1995-10-06,30.0,77,261,,,,838318.0,21531.0
4984,Josh Allen,QB,BUF,17.0,Wyoming,8.0,1996-05-21,30.0,77,237,1.0,,,868199.0,19801.0
11053,Antoine Green,WR,,18.0,North Carolina,2.0,1999-11-15,25.0,74,200,,,,,
7234,Maurice Ffrench,WR,,80.0,Pittsburgh,2.0,1998-01-01,24.0,71,200,,,,,22235.0
1848,James White,RB,,28.0,Wisconsin,8.0,1992-02-03,30.0,70,205,,,,556294.0,16056.0
12938,Jackson Meeks,WR,DET,13.0,Syracuse,1.0,2003-03-24,23.0,74,235,,,,,26281.0
7579,Austin Watkins,WR,,41.0,UAB,3.0,1998-02-16,26.0,75,210,,,,,
14005,Tommy Thomas,WR,,,Chadron State,0.0,,,74,190,,,,,
12029,Tyler Harrell,WR,,,Miami (FL),1.0,2000-08-01,24.0,72,200,,,,,
7580,Khalil McClain,WR,,0.0,Troy,1.0,1999-03-19,22.0,76,222,,,,,
4937,Al Riles,WR,IND,3.0,LA-Lafayette,1.0,1993-09-17,24.0,"5'10""",212,,,,,19595.0
12907,Quentin Skinner,WR,BUF,88.0,Kansas,1.0,2001-12-24,24.0,77,195,,,,,25980.0
4328,Jerome Lane,WR,,6.0,Akron,5.0,1995-03-09,26.0,75,220,,,,743835.0,19181.0
947,Julio Jones,WR,,80.0,Alabama,13.0,1989-02-08,35.0,75,220,,,,456614.0,13291.0
6261,Reggie White,WR,,13.0,"Monmouth, N.J.",3.0,1996-03-10,25.0,74,210,,,,830113.0,21196.0
7582,Jhamon Ausbon,WR,,48.0,Texas A&M,1.0,1999-09-03,22.0,74,218,,,,,
9500,Josh Downs,WR,IND,2.0,North Carolina,3.0,2001-08-12,24.0,69,171,2.0,,,,24145.0
11762,Anthony Gould,WR,IND,6.0,Oregon State,2.0,2001-04-06,25.0,68,174,6.0,,,,25126.0
7602,Kylen Granson,TE,TEN,86.0,SMU,5.0,1998-03-27,28.0,75,242,4.0,,,,22823.0
12516,Kalel Mullings,RB,TEN,31.0,Michigan,1.0,2002-10-04,23.0,74,226,5.0,,,,25904.0
12357,David Martin-Robinson,TE,TEN,88.0,Temple,2.0,1999-12-26,26.0,75,247,5.0,,,,25647.0
3668,Joshua Perkins,TE,NYJ,89.0,Washington,6.0,1993-08-05,28.0,75,223,,,,608012.0,18468.0
11231,Christian Trahan,TE,,85.0,Houston,1.0,1998-10-22,24.0,74,256,,,,,
11130,Pokey Wilson,WR,,81.0,Florida State,2.0,1999-08-12,26.0,72,175,,,,,
6318,Jordan Ellis,RB,,31.0,Virginia,3.0,1996-03-22,25.0,70,225,,,,836253.0,21221.0
13315,Dean Connors,RB,LAR,33.0,Houston,0.0,2003-08-29,22.0,71,206,4.0,,,,26949.0
1048,Lamar Miller,RB,,0.0,Miami (FL),10.0,1991-04-25,30.0,70,221,,,,508924.0,13791.0
5010,Will Dissly,TE,,89.0,Washington,8.0,1996-07-08,29.0,76,265,,Questionable,Undisclosed,837806.0,19950.0
6039,Ty Johnson,RB,BUF,26.0,Maryland,7.0,1997-09-17,28.0,70,210,2.0,,,877784.0,20837.0
6803,Brandon Aiyuk,WR,SF,11.0,Arizona State,6.0,1998-03-17,28.0,72,200,3.0,DNR,Knee - ACL + MCL,,21747.0
12544,LeQuint Allen,RB,JAX,5.0,Syracuse,1.0,2004-08-05,21.0,72,201,3.0,,,,25986.0
11249,Chris Smith,RB,,34.0,Louisiana,1.0,1999-09-08,23.0,69,194,,,,,
9997,Zay Flowers,WR,BAL,4.0,Boston College,3.0,2000-09-11,25.0,69,183,1.0,,,,23120.0
5407,Ervin Philips,RB,,89.0,Syracuse,4.0,1995-01-18,26.0,71,181,,,,836230.0,20504.0
6032,Keelan Doss,WR,,10.0,UC Davis,5.0,1996-03-21,28.0,75,215,,,,830084.0,21072.0
13943,Squirrel White,WR,,26.0,Florida State,0.0,,,70,178,,NA,Undisclosed,,25923.0
8172,Greg Dulcich,TE,MIA,85.0,UCLA,4.0,2000-03-26,26.0,76,245,1.0,,,,23310.0
4730,Sam Cotton,TE,,85.0,Nebraska,5.0,1994-01-27,27.0,77,250,,,,651617.0,19641.0
11359,Kody Case,WR,,13.0,Illinois,1.0,1998-09-11,24.0,70,182,,,,,
7092,Chris Finke,WR,,17.0,Notre Dame,2.0,1996-05-02,26.0,69,186,,,,,21966.0
2916,Ify Umodu,WR,,85.0,Northern Arizona,10.0,1992-07-22,32.0,75,215,,,,550851.0,17384.0
12398,Jadon Janke,WR,,82.0,South Dakota State,1.0,1999-11-10,25.0,74,212,,,,,
9222,Zach Evans,RB,,38.0,Ole Miss,2.0,2001-05-30,24.0,71,202,,,,,
7576,Sage Surratt,TE,,47.0,Wake Forest,3.0,1998-04-13,26.0,75,234,,,,,
14034,Brock Rechsteiner,WR,NO,89.0,Jacksonville State,0.0,,,74,225,,,,,28585.0
12506,Harold Fannin,TE,CLE,44.0,Bowling Green,1.0,2004-07-20,21.0,76,241,1.0,Questionable,Undisclosed,,25870.0
7613,Jonathan Adams,WR,,82.0,Arkansas State,1.0,1999-01-21,23.0,74,210,,,,,
8222,Josh Johnson,WR,,0.0,Tulsa,2.0,1999-08-10,23.0,71,181,,,,,
2331,Breshad Perriman,WR,,9.0,UCF,8.0,1993-09-10,29.0,74,215,,,,652808.0,16787.0
12093,Geordon Porter,WR,,,UConn,1.0,,,72,195,,,,,
8193,E.J. Perry,QB,,6.0,Brown,2.0,1998-01-01,26.0,74,210,,,,,
13870,Quentin Moore,TE,WAS,40.0,Washington,0.0,,,77,260,,,,,28485.0
11421,Ryan Miller,WR,NYG,5.0,Furman,3.0,2000-02-20,26.0,74,221,12.0,,,,24471.0
7050,Josiah Deguara,TE,,45.0,Cincinnati,6.0,1997-02-14,29.0,74,240,,,,,21798.0
7903,Briley Moore,TE,,82.0,Kansas State,1.0,1998-01-13,24.0,76,240,,,,,
5395,Shaun Wilson,RB,,39.0,Duke,4.0,1995-12-02,26.0,69,185,,,,830812.0,20472.0
8706,Kehinde Oginni,TE,,72.0,,2.0,1999-03-03,25.0,78,240,,,,,
5464,De'Lance Turner,RB,,34.0,Alcorn State,4.0,1995-08-23,26.0,71,214,,,,887450.0,20562.0
4144,Jonnu Smith,TE,,81.0,Florida International,9.0,1995-08-22,30.0,75,248,,,,743749.0,18990.0
12009,Jack Plummer,QB,,16.0,Louisville,1.0,1999-10-21,25.0,77,215,,,,,
13346,Denzel Boston,WR,CLE,12.0,Washington,0.0,2003-12-06,22.0,76,215,2.0,,,,26747.0
8126,Wan'Dale Robinson,WR,TEN,4.0,Kentucky,4.0,2001-01-05,25.0,68,185,2.0,,,,23170.0
11773,Keilan Robinson,RB,,36.0,Texas,2.0,2000-02-16,26.0,68,191,,Questionable,Undisclosed,,25120.0
3551,Max Wittek,QB,,0.0,Hawai'i,9.0,1993-07-01,31.0,76,240,,,,591848.0,18322.0
8249,Lucas Krull,TE,DEN,85.0,Pittsburgh,4.0,1998-07-11,28.0,78,260,5.0,,,,23650.0
13712,Hayden Large,TE,CHI,43.0,Iowa,0.0,2002-03-27,24.0,76,250,,,,,28164.0
2914,Luke Lundy,RB,,0.0,Ottawa (KS),10.0,1988-08-23,36.0,72,239,,,,870695.0,17382.0
13345,Jonah Coleman,RB,DEN,20.0,Washington,0.0,2003-08-20,22.0,68,220,3.0,,,,25886.0
11168,Xavier Smith,WR,LAR,19.0,Florida A&M,3.0,1997-09-21,28.0,69,180,6.0,,,,24743.0
6853,Van Jefferson,WR,WAS,12.0,Florida,6.0,1996-07-26,29.0,73,200,4.0,,,,21739.0
6557,Jeff Smith,WR,,86.0,Boston College,5.0,1997-04-21,27.0,73,195,,,,883429.0,21078.0
13293,Ja'Kobi Lane,WR,BAL,6.0,USC,0.0,2004-05-05,22.0,76,200,3.0,,,,26746.0
11537,Wayne Taulapapa,RB,,43.0,Washington,1.0,1998-03-22,25.0,70,205,,,,,
2771,Jimmie Hunt,WR,,82.0,Missouri,10.0,1990-09-04,34.0,72,215,,,,553234.0,17239.0
8489,Drew Ogletree,TE,IND,85.0,Youngstown State,4.0,1998-07-28,27.0,77,260,4.0,,,,23608.0
5239,Lamar Jordan,QB,,86.0,New Mexico,4.0,1994-10-02,27.0,72,192,,,,749566.0,20222.0
8801,Dennis Houston,WR,TB,89.0,Western Illinois,4.0,1999-04-24,27.0,73,190,7.0,,,,23725.0
12954,Kye Robichaux,RB,DET,34.0,Boston College,1.0,2002-10-06,23.0,72,213,6.0,Questionable,Undisclosed,,26479.0
2430,Javorius Allen,RB,,37.0,Southern California,7.0,1991-08-27,30.0,72,222,,,,598989.0,16886.0
11943,Michael Wiley,RB,,30.0,Arizona,2.0,2001-11-10,24.0,72,209,,Questionable,Undisclosed,,25108.0
6239,Malik Taylor,WR,,86.0,Ferris State,6.0,1995-12-21,29.0,73,220,,,,1166944.0,21169.0
11438,Dallas Daniels,WR,,46.0,Jackson State,1.0,,,73,180,,,,,
5286,Austin Allen,QB,,8.0,Arkansas,4.0,1994-08-21,27.0,73,209,,,,744416.0,20368.0
8120,Jerrion Ealy,RB,,39.0,Ole Miss,1.0,2000-08-19,23.0,68,187,,,,,
5752,Sherman Badie,RB,,0.0,Tulane,4.0,1995-01-03,27.0,72,205,,,,729542.0,20661.0
6789,Henry Ruggs,WR,,0.0,Alabama,2.0,1999-01-24,22.0,72,190,,,,,21694.0
11851,Carter Bradley,QB,JAX,10.0,South Alabama,2.0,2000-03-09,26.0,75,221,3.0,,,,25044.0
8235,Samori Toure,WR,PHI,46.0,Nebraska,4.0,1998-03-24,28.0,73,196,9.0,,,,23634.0
13122,Carter Runyon,TE,LV,84.0,Towson,1.0,2001-07-23,24.0,76,243,4.0,,,,26276.0
8168,Skyy Moore,WR,GB,23.0,Western Michigan,4.0,2000-09-10,25.0,70,195,6.0,,,,23168.0
2446,MyCole Pruitt,TE,,81.0,Southern Illinois,10.0,1992-03-24,32.0,74,258,,,,552586.0,16903.0
2567,Bryan Bennett,QB,,0.0,Southeastern Louisiana,10.0,1992-03-06,32.0,74,215,,,,555659.0,17031.0
11528,Garett Maag,WR,,82.0,North Dakota State,1.0,2000-01-01,23.0,76,206,,,,,
11946,Marcus Rosemy-Jacksaint,WR,,,Georgia,1.0,2002-01-08,23.0,73,205,,,,,
4823,Keevan Lucas,WR,,81.0,Tulsa,5.0,1995-04-10,26.0,70,195,,,,729586.0,19729.0
5045,Courtland Sutton,WR,DEN,14.0,SMU,8.0,1995-10-10,30.0,76,216,2.0,,,838878.0,19800.0
11388,Nolan Henderson,QB,,5.0,Delaware,1.0,1998-06-26,24.0,71,202,,,,,
9497,Jalin Hyatt,WR,NYG,13.0,Tennessee,3.0,2001-09-25,24.0,72,185,11.0,,,,24125.0
7175,Chris Rowland,WR,,0.0,Tennessee State,2.0,1997-12-19,24.0,68,170,,,,,22177.0
9492,Trey Palmer,WR,NO,17.0,Nebraska,3.0,2001-04-02,25.0,73,190,10.0,,,,24217.0
4774,De'Mard Llorens,RB,,37.0,"Northwestern State, La.",5.0,1994-02-01,27.0,70,212,,,,747294.0,19629.0
3934,Troymaine Pope,RB,,0.0,Jacksonville State,6.0,1993-11-26,28.0,69,205,,,,700813.0,18764.0
6665,Jody Fortson,TE,,89.0,Valdosta State,6.0,1995-12-07,29.0,76,226,,,,1167484.0,21383.0
12772,Courtney Jackson,WR,TEN,39.0,Arkansas State,1.0,2001-03-13,25.0,71,183,,,,,26403.0
8570,Derek Wright,WR,,83.0,Utah State,2.0,1998-08-13,25.0,73,195,,,,,
8122,Zonovan Knight,RB,ARI,20.0,North Carolina State,4.0,2001-04-11,25.0,71,210,5.0,,,,23847.0
7594,Chuba Hubbard,RB,CAR,30.0,Oklahoma State,5.0,1999-06-11,27.0,73,210,1.0,,,,21691.0
5120,Danny Etling,QB,,19.0,LSU,5.0,1994-07-22,29.0,75,220,,,,728374.0,20037.0
4853,Jerod Evans,QB,,0.0,Virginia Tech,5.0,1994-01-16,27.0,75,238,,,,792967.0,19550.0
4536,Jason Croom,TE,,81.0,Tennessee,5.0,1994-02-28,28.0,77,246,,,,690029.0,19415.0
4940,DeSean Smith,TE,,0.0,Louisiana State,5.0,1994-11-02,27.0,77,249,,,,,19622.0
6879,Quartney Davis,WR,,5.0,Texas A&M,2.0,1998-04-07,24.0,73,200,,,,,21761.0
11508,Princeton Fant,TE,DAL,85.0,Tennessee,3.0,1999-03-11,27.0,74,245,4.0,,,,24617.0
5427,LaQuvionte Gonzalez,WR,,0.0,"Southeastern, Fla.",4.0,1993-09-28,28.0,71,175,,,,744624.0,20525.0
3852,Jaydon Mickens,WR,,17.0,Washington,8.0,1994-04-21,30.0,70,174,,,,695199.0,18673.0
11834,Devaughn Vele,WR,NO,14.0,Utah,2.0,1997-12-12,28.0,77,210,3.0,,,,25198.0
2981,Ross Scheuerman,RB,,0.0,Lafayette,10.0,1993-03-05,32.0,73,205,,,,596807.0,17481.0
13208,Kyrese Rowan,WR,,80.0,Utah State,1.0,2001-01-25,25.0,70,185,,,,,26688.0
7452,Josh Pearson,WR,,89.0,Jacksonville State,2.0,1997-06-13,24.0,76,205,,,,,22430.0
5252,Ray Lawry,RB,,38.0,Old Dominion,4.0,1996-09-10,25.0,70,203,,,,835032.0,20263.0
12341,Markese Stepp,RB,,,Western Kentucky,1.0,2000-02-11,24.0,73,225,,,,,
5246,Jake Roh,TE,,0.0,Boise State,4.0,1994-09-24,27.0,75,227,,,,728838.0,20229.0
13326,DT Sheffield,WR,NYJ,38.0,Rutgers,0.0,2001-02-25,25.0,67,175,,,,,25909.0
5254,Jimmy Williams,WR,,0.0,East Carolina,4.0,1995-02-24,26.0,71,198,,,,749626.0,20273.0
6850,Harrison Bryant,TE,SEA,46.0,Florida Atlantic,6.0,1998-04-23,28.0,77,242,4.0,,,,21783.0
5096,Ray-Ray McCloud,WR,,88.0,Clemson,7.0,1996-10-15,29.0,69,190,,,,867759.0,19961.0
3811,Alstevis Squirewell,RB,,40.0,Newberry,9.0,1992-09-17,32.0,73,270,,,,,18627.0
7100,Derrick Dillon,WR,,80.0,LSU,2.0,1995-10-28,26.0,71,185,,,,,22128.0
4098,Kareem Hunt,RB,,29.0,Toledo,9.0,1995-08-06,30.0,71,216,,,,746613.0,18944.0
13402,Skyler Bell,WR,BUF,13.0,UConn,0.0,2002-07-05,24.0,71,192,3.0,,,,26799.0
8127,Charlie Kolar,TE,LAC,88.0,Iowa State,4.0,1999-02-10,27.0,78,250,3.0,,,,23135.0
12001,Lawrence Keys,WR,DET,,Tulane,2.0,1999-12-09,26.0,71,175,,,,,25396.0
12883,Joshua Simon,TE,ATL,47.0,South Carolina,1.0,2000-11-27,25.0,76,240,4.0,,,,26117.0
5103,Dylan Cantrell,TE,,45.0,Texas Tech,4.0,1994-06-29,27.0,75,226,,,,748048.0,19982.0
3200,Sterling Shepard,WR,,17.0,Oklahoma,10.0,1993-02-10,33.0,70,194,,,,691278.0,17961.0
4089,Gerald Everett,TE,,14.0,South Alabama,8.0,1994-06-25,30.0,75,252,,,,838487.0,18935.0
8760,Dre Miller,TE,,16.0,Maine,2.0,1998-04-18,25.0,74,224,,,,,
8418,Jared Smart,WR,,0.0,Hawai'i,1.0,,,72,190,,,,,
6175,Kerrith Whyte,RB,GB,34.0,Florida Atlantic,3.0,1996-10-31,25.0,70,204,,,,866446.0,20982.0
13989,E.J. Warner,QB,,,Fresno State,0.0,,,72,203,,,,,
2390,Tyler Kroft,TE,,82.0,Rutgers,9.0,1992-10-15,31.0,78,252,,,,592268.0,16846.0
3393,Devin Fuller,WR,,0.0,UCLA,6.0,1994-01-29,27.0,72,200,,,,691033.0,18154.0
8888,Kameron Brown,WR,,0.0,Coastal Carolina,1.0,1996-09-11,26.0,75,210,,,,,
4718,Dare Ogunbowale,RB,,33.0,Wisconsin,9.0,1994-05-04,31.0,70,205,,,,703015.0,19626.0
8431,Chase Garbers,QB,,14.0,California,1.0,1999-06-06,24.0,74,225,,,,,
7559,Ihmir Smith-Marsette,WR,ARI,9.0,Iowa,5.0,1999-08-29,26.0,73,200,8.0,,,,22595.0
11536,Milton Wright,WR,,38.0,Purdue,1.0,2000-09-28,22.0,75,195,,,,,
3520,Jay Lee,WR,,0.0,Baylor,9.0,1993-06-29,31.0,75,220,,,,,18286.0
2588,Malcolm Brown,RB,,41.0,Texas,8.0,1993-05-15,29.0,71,225,,,,604724.0,17053.0
11748,Bub Means,WR,NO,16.0,Pittsburgh,2.0,2001-01-10,25.0,74,215,4.0,Questionable,Lower Leg,,25133.0
5744,Eldridge Massington,WR,NO,86.0,UCLA,1.0,1995-01-26,24.0,"6'2""",210,,,,733071.0,20653.0
12412,Terrell Jennings,RB,NE,26.0,Florida A&M,2.0,2001-03-01,25.0,72,222,5.0,,,,25090.0
8200,Kevin Austin,WR,NO,81.0,Notre Dame,4.0,2000-03-30,26.0,74,200,7.0,,,,23840.0
886,Taiwan Jones,RB,,36.0,Eastern Washington,12.0,1988-07-26,35.0,72,195,,,,386116.0,13063.0
7528,Najee Harris,RB,,22.0,Alabama,5.0,1998-03-09,27.0,73,242,,Questionable,Achilles,,21768.0
13725,Dominic Richardson,RB,DAL,43.0,Tulsa,0.0,2001-04-12,25.0,72,204,,,,,28351.0
8745,Lance McCutcheon,WR,TEN,89.0,Montana State,4.0,1999-02-28,27.0,75,202,9.0,,,,23966.0
8255,Raheem Blackshear,RB,,10.0,Virginia Tech,4.0,1998-06-05,27.0,69,190,,,,,23298.0
8915,Drew Plitt,QB,,7.0,Ball State,2.0,1998-01-09,26.0,74,217,,,,,
9482,Michael Mayer,TE,LV,87.0,Notre Dame,3.0,2001-07-06,25.0,76,256,2.0,,,,23140.0
2639,Tony Jones,WR,,0.0,Northwestern,10.0,1992-03-21,32.0,72,195,,,,546179.0,17107.0
8191,Slade Bolden,WR,,89.0,Alabama,2.0,1999-01-26,24.0,71,189,,,,,
138,Ben Roethlisberger,QB,PIT,7.0,Miami (OH),18.0,1982-03-02,39.0,77,240,,,,246061.0,3807.0
4526,Krishawn Hogan,WR,,0.0,Marian (IN),5.0,1995-05-12,26.0,75,217,,,,1050070.0,19403.0
11924,Tanner Mordecai,QB,,14.0,Wisconsin,1.0,1999-11-08,25.0,74,218,,,,,
3412,Devon Johnson,RB,,0.0,Marshall,6.0,1993-07-28,28.0,73,244,,,,696403.0,18173.0
11862,Luke Benson,TE,,,Georgia Tech,1.0,2001-04-26,23.0,76,233,,,,,
6617,Andre Lindsey,WR,,0.0,Sacramento State,3.0,,,75,190,,,,922720.0,21382.0
6727,Joe Walker,WR,,0.0,Delaware,3.0,1996-01-12,26.0,73,201,,,,873479.0,21633.0
1842,Derrick Johnson,WR,,0.0,Maine,11.0,1991-07-06,33.0,71,190,,,,,16047.0
3204,C.J. Prosise,RB,,0.0,Notre Dame,6.0,1994-05-20,27.0,73,225,,,,697479.0,17965.0
8800,Malik Davis,RB,DAL,20.0,Florida,4.0,1998-11-26,27.0,70,205,2.0,,,,23880.0
7941,Nick Ralston,RB,,46.0,Louisiana,1.0,1996-11-10,25.0,72,237,,,,,
7337,Easop Winston,WR,,85.0,Washington State,5.0,1996-12-17,28.0,71,190,,,,,21724.0
14038,Trayvon Rudolph,WR,MIN,30.0,Toledo,0.0,2001-09-06,24.0,70,187,,,,,28586.0
4435,Anthony Firkser,TE,WAS,46.0,Harvard,9.0,1995-02-19,31.0,74,241,4.0,,,767297.0,19296.0
13278,Max Klare,TE,LAR,86.0,Ohio State,0.0,2003-07-08,23.0,76,246,4.0,,,,26753.0
12803,Luke Grimm,WR,LAC,,Kansas,1.0,2001-08-08,24.0,72,190,,,,,26354.0
11558,Sam Hartman,QB,WAS,15.0,Notre Dame,2.0,1999-07-29,26.0,73,209,3.0,,,,25109.0
8573,Talolo Limi-Jones,WR,,0.0,Eastern Washington,1.0,1997-11-16,25.0,76,220,,,,,
8239,Ricky Person,RB,,31.0,North Carolina State,1.0,1999-11-12,24.0,72,217,,,,,
10863,A.T. Perry,WR,PIT,27.0,Wake Forest,3.0,1999-10-26,26.0,77,205,7.0,,,,24349.0
11969,Xavier Johnson,WR,CIN,18.0,Ohio State,2.0,1999-05-11,27.0,73,210,,,,,25459.0
10235,Roschon Johnson,RB,CHI,23.0,Texas,3.0,2001-01-31,25.0,72,227,3.0,Questionable,Thumb,,24372.0
12743,Junior Bergen,WR,SF,86.0,Montana,1.0,2002-10-23,23.0,69,184,,,,,26335.0
3155,Laquon Treadwell,WR,IND,13.0,Ole Miss,10.0,1995-06-14,31.0,74,215,6.0,,,748554.0,17914.0
12278,Jacob Sirmon,QB,,,Northern Colorado,1.0,,,76,235,,,,,
8162,Sam Howell,QB,DAL,16.0,North Carolina,4.0,2000-09-16,25.0,73,225,3.0,,,,23185.0
11560,Caleb Williams,QB,CHI,18.0,USC,2.0,2001-11-18,24.0,73,226,1.0,,,,24927.0
13434,Will Kacmarek,TE,MIA,82.0,Ohio State,0.0,2003-02-12,23.0,78,258,2.0,,,,26978.0
8196,Ty Fryfogle,WR,,13.0,Indiana,2.0,1999-01-28,24.0,74,205,,,,,
2927,Keshawn Hill,RB,,0.0,Sam Houston State,10.0,1993-03-17,31.0,70,200,,,,601800.0,17396.0
6012,Travis Homer,RB,PIT,21.0,Miami (FL),7.0,1998-08-07,27.0,70,202,6.0,,,922484.0,20810.0
9490,Tyler Scott,WR,LAR,82.0,Cincinnati,3.0,2001-10-12,24.0,71,185,7.0,,,,24220.0
8149,Master Teague,RB,,33.0,Ohio State,2.0,2000-05-19,23.0,71,225,,,,,
2476,James O'Shaughnessy,TE,,89.0,Illinois State,8.0,1992-01-14,31.0,76,245,,,,552352.0,16933.0
5130,Auden Tate,WR,,89.0,Florida State,5.0,1997-02-03,26.0,77,228,,,,883459.0,20057.0
181,Drew Stanton,QB,,0.0,Michigan State,15.0,1984-05-07,37.0,75,226,,,,215910.0,4737.0
6798,Jalen Reagor,WR,MIA,17.0,TCU,6.0,1999-01-02,27.0,71,197,4.0,,,,21686.0
4861,Kent Taylor,TE,,0.0,Texas-El Paso,4.0,1993-11-29,28.0,78,240,,,,694628.0,19761.0
8441,Justin Hall,WR,,49.0,Ball State,3.0,1999-01-29,25.0,68,189,,,,,
6359,C.J. Worton,WR,,7.0,Florida International,3.0,1996-01-30,25.0,72,183,,,,835212.0,21291.0
7351,Kirk Merritt,WR,,33.0,Arkansas State,3.0,1997-01-05,26.0,73,214,,,,,22339.0
13698,Max Tomczak,WR,BUF,82.0,Youngstown State,0.0,,,72,195,,,,,26968.0
2905,Josh Reese,WR,,0.0,UCF,10.0,1991-01-03,34.0,72,180,,,,562550.0,17373.0
12402,Ramon Jefferson,RB,,,Kentucky,1.0,2000-01-10,25.0,70,215,,,,,
8041,Shane Zylstra,TE,BUF,48.0,Minnesota State,5.0,1996-11-16,29.0,76,244,5.0,,,,23084.0
4035,Alvin Kamara,RB,NO,41.0,Tennessee,9.0,1995-07-25,30.0,70,215,2.0,,,750846.0,18878.0
2557,Jerry Lovelocke,QB,,0.0,Prairie View A&M,10.0,1992-10-08,32.0,77,200,,,,565355.0,17018.0
8756,Brandon Johnson,WR,LV,82.0,UCF,4.0,1998-07-26,27.0,74,195,,,,,23763.0
6036,Ryan Davis,WR,,19.0,Auburn,3.0,1997-04-12,24.0,69,188,,,,,21061.0
6596,Jalan McClendon,QB,,2.0,Baylor,3.0,,,72,219,,,,832110.0,21563.0
3464,Marquez North,WR,,3.0,Tennessee,6.0,1995-04-21,26.0,76,224,,,,741279.0,18228.0
7546,Tre Nixon,WR,,82.0,UCF,3.0,1998-01-26,26.0,74,190,,,,,
2836,Kenny Cook,WR,,0.0,Gardner-Webb,7.0,1992-05-20,29.0,76,218,,,,700912.0,17304.0
11569,Jarquez Hunter,RB,LAR,27.0,Auburn,1.0,2002-12-29,23.0,70,211,3.0,,,,24990.0
5401,Armanti Foreman,WR,,0.0,Texas,4.0,,,72,210,,,,835442.0,20447.0
12114,Joshua Cephus,WR,,18.0,UTSA,2.0,2001-03-05,25.0,74,193,,,,,25313.0
4805,Pig Howard,WR,,17.0,Tennessee,5.0,1993-03-09,28.0,68,180,,,,690066.0,19720.0
11538,Toriano Clinton,RB,,34.0,Indianapolis,1.0,,,68,191,,,,,
3803,Elijhaa Penny,RB,,39.0,Idaho,6.0,1993-08-17,28.0,74,234,,,,606629.0,18617.0
7079,Pete Guerriero,RB,,30.0,"Monmouth, N.J.",2.0,1998-07-13,23.0,70,190,,,,,22121.0
5709,Luis Perez,QB,,11.0,Texas A&M-Commerce,6.0,1994-08-26,30.0,75,218,,,,895714.0,20507.0
7015,Jacob Breeland,TE,,0.0,Oregon,2.0,1996-09-20,25.0,77,250,,,,,21780.0
11320,Nikko Remigio,WR,KC,81.0,Fresno State,3.0,1999-11-04,26.0,69,187,6.0,,,,24343.0
13308,Bauer Sharp,TE,TB,84.0,LSU,0.0,2003-05-03,23.0,77,246,5.0,,,,26955.0
12097,Ayir Asante,WR,,,Wyoming,1.0,2001-02-27,23.0,72,178,,,,,
11716,Tip Reiman,TE,ARI,87.0,Illinois,2.0,2001-09-17,24.0,77,271,3.0,Questionable,Ankle,,25141.0
6753,Derrick Gore,RB,,38.0,Louisiana-Monroe,5.0,1994-12-13,29.0,70,212,,,,884044.0,21634.0
13319,Oscar Delp,TE,NO,88.0,Georgia,0.0,2003-08-04,22.0,76,245,3.0,,,,25971.0
6763,Reggie Begelton,WR,,84.0,Lamar,2.0,1993-08-31,28.0,74,200,,,,,21708.0
12166,Trey Potts,RB,,,Penn State,1.0,,,69,215,,,,,
6443,Eric Dungey,QB,,5.0,Syracuse,3.0,1996-06-12,25.0,76,226,,,,883672.0,21467.0
8102,DeShon Williams,TE,,0.0,Washington,1.0,,,74,225,,,,,
5113,Cedrick Wilson,WR,DET,86.0,Boise State,8.0,1995-11-20,30.0,74,205,7.0,,,912061.0,20013.0
11783,Ryan Flournoy,WR,DAL,19.0,Southeast Missouri State,2.0,1999-10-27,26.0,73,205,3.0,,,,25124.0
13862,Treyvhon Saunders,WR,HOU,14.0,Colgate,0.0,,,69,190,,,,,28390.0
11197,Joel Honigford,TE,,42.0,Michigan,1.0,1998-04-27,25.0,76,259,,,,,
8813,Anthony Turner,WR,,0.0,Grand View,1.0,,,76,205,,,,,
8421,Mike Harley,WR,,4.0,Miami (FL),2.0,1997-12-13,26.0,70,180,,,,,
2570,Donatella Luckett,WR,,0.0,Harding,10.0,1991-02-01,34.0,72,211,,,,867552.0,17034.0
3570,Brandon Ross,RB,,0.0,Maryland,9.0,1992-11-09,32.0,70,210,,,,,18345.0
12551,Colin Granger,TE,,,Coastal Carolina,2.0,,,80,245,,,,,
11850,Jeff Foreman,WR,,80.0,Arkansas State,1.0,1999-12-26,25.0,72,186,,,,,
6822,Jake Fromm,QB,,18.0,Georgia,5.0,1998-07-30,26.0,74,215,,,,,21828.0
11419,Kade Warner,WR,,85.0,Kansas State,1.0,1998-09-29,24.0,73,201,,,,,
8892,Keric Wheatfall,WR,,0.0,Fresno State,1.0,1999-04-20,23.0,73,194,,,,,
8140,Justyn Ross,WR,,82.0,Clemson,3.0,1999-12-15,25.0,76,210,,,,,
11024,Grant DuBose,WR,,16.0,Charlotte,2.0,2001-06-20,24.0,74,201,,Questionable,Shoulder,,
3362,Jeff Driskel,QB,,15.0,Louisiana Tech,10.0,1993-04-23,32.0,76,231,,,,592538.0,18123.0
13022,Sone Ntoh,RB,,,Monmouth,0.0,,,71,220,,,,,
4588,Kyle Sloter,QB,,4.0,Northern Colorado,5.0,1994-02-07,28.0,76,218,,,,693430.0,19475.0
4683,Aaron Bailey,QB,BAL,8.0,Northern Iowa,1.0,,,"6'1""",230,4.0,,,,19584.0
10871,Luke Schoonmaker,TE,DAL,86.0,Michigan,3.0,1998-09-28,27.0,77,250,2.0,,,,24288.0
7309,Siaosi Mariner,WR,,0.0,Utah State,2.0,1997-01-25,24.0,74,195,,,,,22301.0
6155,Jaylen Smith,WR,,0.0,Louisville,3.0,1997-08-01,25.0,74,227,,,,877762.0,20945.0
13222,Montana Lemonious-Craig,WR,,,Arizona,0.0,2002-07-29,23.0,74,194,,Questionable,Lower Body,,
11435,Emanuel Wilson,RB,SEA,27.0,Fort Valley State,3.0,1999-05-08,27.0,70,226,3.0,,,,24309.0
333,Ryan Fitzpatrick,QB,,14.0,Harvard,17.0,1982-11-24,39.0,74,221,,,,161355.0,8283.0
12746,JP Richardson,WR,CHI,83.0,TCU,1.0,2002-03-23,24.0,71,192,6.0,,,,26375.0
12443,Devon Garrison,TE,,,Pittsburg State,1.0,,,77,240,,,,,
3257,Jacoby Brissett,QB,ARI,7.0,North Carolina State,10.0,1992-12-11,33.0,76,235,1.0,,,607047.0,18018.0
11413,Ronnie Brown,RB,,43.0,Shepherd (WV),1.0,2000-04-12,23.0,71,187,,,,,
1425,Ryan Griffin,TE,,84.0,UConn,10.0,1990-01-11,33.0,78,255,,,,465129.0,14985.0
8242,Shermari Jones,RB,,0.0,Coastal Carolina,1.0,,,72,225,,,,,
1232,Robert Turbin,RB,,34.0,Utah State,10.0,1989-12-02,32.0,70,216,,,,402163.0,14533.0
9758,C.J. Stroud,QB,HOU,7.0,Ohio State,3.0,2001-10-03,24.0,75,218,1.0,,,,23239.0
3199,Michael Thomas,WR,,13.0,Ohio State,8.0,1993-03-03,31.0,75,212,,,,653699.0,17960.0
13351,Junior Vandeross,WR,,,,0.0,,,68,182,,,,,
10231,Elijah Higgins,TE,ARI,84.0,Stanford,3.0,2000-10-27,25.0,75,245,2.0,,,,24449.0
7085,Isaiah Coulter,WR,,82.0,Rhode Island,3.0,1998-09-18,24.0,74,198,,,,,21967.0
8707,Tayon Fleet-Davis,RB,,0.0,Maryland,1.0,,,72,213,,,,,
4186,T.J. Logan,RB,,0.0,North Carolina,5.0,1994-09-03,27.0,71,195,,,,728165.0,19032.0
14021,Kadarius Calloway,RB,TB,49.0,New Mexico State,0.0,,,72,213,,,,,28577.0
4972,Mason Rudolph,QB,PIT,2.0,Oklahoma State,8.0,1995-07-17,31.0,77,235,2.0,,,823220.0,19850.0
12026,Kobe Lewis,RB,,,Florida Atlantic,1.0,2000-06-14,24.0,69,208,,,,,
13153,Giles Jackson,WR,,,Washington,1.0,2001-12-11,24.0,69,187,,,,,
11105,Shaquan Davis,WR,,82.0,South Carolina State,1.0,2000-02-08,24.0,77,215,,,,,
8021,Branden Mack,WR,,86.0,Temple,1.0,1998-08-23,23.0,77,220,,,,,
3078,Jamel Johnson,WR,,0.0,Alabama State,6.0,1991-07-09,30.0,75,220,,,,547082.0,17825.0
312,Matthew Slater,WR,,18.0,UCLA,16.0,1985-09-09,38.0,72,205,,,,234403.0,7651.0
7227,Artavis Pierce,RB,,0.0,Oregon State,2.0,1996-05-17,25.0,71,208,,,,,21848.0
9227,Israel Abanikanda,RB,DAL,30.0,Pittsburgh,3.0,2002-10-05,23.0,70,217,5.0,,,,24178.0
11222,Marcus Cooper,RB,,0.0,Incarnate Word,1.0,,,68,184,,,,,
13831,Kevorian Barnes,RB,,,TCU,0.0,,,69,220,,,,,
6592,Dontae Strickland,RB,,34.0,Syracuse,3.0,1997-03-22,24.0,71,201,,,,883712.0,21391.0
12237,Lincoln Sefcik,TE,,,South Alabama,1.0,1999-07-14,25.0,75,238,,,,,
3380,Devin Lucien,WR,,10.0,Arizona State,6.0,1993-06-26,28.0,74,195,,,,605062.0,18141.0
6384,Justin Sumpter,WR,,0.0,Kennesaw State,3.0,1996-05-22,25.0,75,217,,,,874053.0,21335.0
11113,Joel Wilson,TE,TEN,83.0,Central Michigan,3.0,2000-06-21,26.0,76,245,4.0,,,,24539.0
12133,Drake Stoops,WR,,6.0,Oklahoma,1.0,1999-06-16,26.0,70,189,,,,,
5970,Greg Dortch,WR,DET,8.0,Wake Forest,7.0,1998-05-29,28.0,67,183,4.0,,,910852.0,21071.0
1652,Terrell Sinkfield,WR,,24.0,Northern Iowa,9.0,1990-12-10,31.0,73,195,3.0,,,516170.0,15398.0
2931,Deshon Foxx,WR,,0.0,Connecticut,7.0,1992-11-27,29.0,70,173,,,,604732.0,17400.0
5273,Kamryn Pettway,RB,,0.0,Auburn,4.0,1995-12-20,26.0,72,235,,,,835180.0,20326.0
7481,Chase Harrell,TE,,0.0,Arkansas,2.0,1996-05-16,25.0,76,249,,,,,22456.0
5228,J.T. Barrett,QB,,16.0,Ohio State,4.0,1995-01-23,26.0,74,225,,,,728319.0,20142.0
3465,Ben Braunecker,TE,,0.0,Harvard,6.0,1994-02-07,27.0,75,247,,,,679453.0,18229.0
12892,Da'Quan Felton,WR,NYJ,30.0,Virginia Tech,1.0,2001-01-13,25.0,77,216,,Questionable,Undisclosed,,25979.0
13075,Myles Price,WR,MIN,4.0,Indiana,1.0,2001-12-16,24.0,69,183,6.0,Questionable,Ankle,,26430.0
2753,Rasheed Bailey,WR,,16.0,Delaware Valley,7.0,1993-07-29,28.0,74,205,,,,870213.0,17221.0
13996,Trent Howland,RB,,,Oklahoma State,0.0,,,74,247,,,,,
2412,Justin Hardy,WR,,6.0,East Carolina,7.0,1991-12-18,30.0,70,192,,,,557415.0,16868.0
2932,Eric Frohnapfel,TE,,0.0,Marshall,10.0,1992-10-19,32.0,79,235,,,,609788.0,17401.0
2312,Kevin White,WR,,17.0,West Virginia,8.0,1992-06-25,30.0,75,216,,,,728038.0,16768.0
6805,KJ Hamler,WR,,19.0,Penn State,5.0,1999-07-08,26.0,69,178,,,,,21759.0
11433,Nate Adkins,TE,DEN,45.0,South Carolina,3.0,1999-07-09,27.0,75,252,4.0,,,,24686.0
13930,Jordon Vaughn,RB,,42.0,Abilene Christian,0.0,,,75,235,,,,,28409.0
9502,Tank Dell,WR,HOU,1.0,Houston,3.0,1999-10-29,26.0,70,165,3.0,Questionable,Knee - ACL + MCL,,24176.0
8199,D'Eriq King,QB,,0.0,Miami (FL),2.0,1997-08-24,25.0,71,200,,,,,
13014,Pat Conroy,TE,,,Old Dominion,0.0,,,74,235,,,,,
11886,Tulu Griffin,WR,,22.0,Mississippi State,1.0,2001-01-23,24.0,70,181,,,,,
2307,Marcus Mariota,QB,WAS,8.0,Oregon,11.0,1993-10-30,32.0,76,222,2.0,,,607843.0,16763.0
8178,Braylon Sanders,WR,,80.0,Ole Miss,3.0,1999-01-21,26.0,73,190,,,,,
3969,Leonard Fournette,RB,,5.0,LSU,7.0,1995-01-18,28.0,72,228,,,,822013.0,18803.0
11056,Jared Wayne,WR,HOU,89.0,Pittsburgh,3.0,2000-10-07,25.0,75,210,,,,,
1466,Travis Kelce,TE,KC,87.0,Cincinnati,13.0,1989-10-05,36.0,77,250,1.0,,,448240.0,15048.0
11932,Mike DiLiello,QB,,,Austin Peay,1.0,,,73,215,,,,,
12975,JJ Galbreath,TE,PIT,45.0,South Dakota,1.0,2001-08-05,24.0,76,240,,,,,26395.0
5612,Anthony Mahoungou,WR,,6.0,Purdue,4.0,1994-02-12,27.0,75,210,,,,867014.0,20539.0
12340,Alex Larson,TE,,,St. John’s,1.0,,,79,240,,,,,
11378,Jordan Mims,RB,,49.0,Fresno State,3.0,1999-06-16,26.0,72,205,,,,,24310.0
6149,Darius Slayton,WR,NYG,18.0,Auburn,7.0,1997-01-12,29.0,73,198,2.0,Questionable,Abdomen,880557.0,20943.0
3515,K.J. Maye,WR,,19.0,Minnesota,6.0,1994-02-25,27.0,70,194,,,,651628.0,18281.0
8214,Cole Turner,TE,MIA,87.0,Nevada,4.0,2000-03-16,26.0,78,240,5.0,,,,22515.0
13145,ShunDerrick Powell,RB,,34.0,Central Arkansas,1.0,2002-05-16,23.0,67,183,,,,,25940.0
8039,Jibri Blount,TE,,0.0,North Carolina Central,1.0,1996-10-21,25.0,79,230,,,,,
4815,Brian Riley,WR,,14.0,San Diego,5.0,1995-08-22,26.0,75,200,,,,752801.0,19725.0
4149,Jamaal Williams,RB,,21.0,BYU,8.0,1995-04-03,29.0,72,224,,,,695311.0,18995.0
2214,Cameron Brate,TE,,84.0,Harvard,9.0,1991-07-03,31.0,77,245,,,,552926.0,16593.0
4017,Deshaun Watson,QB,CLE,4.0,Clemson,9.0,1995-09-14,30.0,75,223,2.0,,,828743.0,18857.0
4464,Nick Mullens,QB,JAX,14.0,Southern Miss,9.0,1995-03-21,31.0,72,210,2.0,,,748309.0,19330.0
13011,Brennan Presley,WR,LAR,81.0,Oklahoma State,1.0,2002-02-02,24.0,68,174,,,,,26531.0
5310,Antonio Callaway,WR,,80.0,Florida,5.0,1997-01-09,26.0,71,200,,,,879022.0,19917.0
2044,Brelan Chancellor,WR,,0.0,North Texas,12.0,1992-08-06,33.0,68,183,,,,559327.0,16336.0
13329,Malik Benson,WR,LV,19.0,Oregon,0.0,2002-10-17,23.0,73,195,7.0,,,,26952.0
8139,Zamir White,RB,,3.0,Georgia,4.0,1999-09-18,26.0,71,227,,,,,22539.0
11588,Jawhar Jordan,RB,HOU,25.0,Louisville,2.0,1999-08-18,26.0,70,185,3.0,,,,24991.0
7098,Ty'Son Williams,RB,,22.0,BYU,3.0,1996-09-04,26.0,72,220,,,,,22126.0
8632,JaVonta Payton,WR,,0.0,Tennessee,1.0,1998-10-07,24.0,72,175,,,,,
7809,Avery Williams,RB,,39.0,Boise State,4.0,1998-07-15,27.0,69,195,,,,,22925.0
13630,Evan Svoboda,TE,LAC,49.0,Wyoming,0.0,2003-03-31,23.0,77,251,,,,,28163.0
13778,EJ Smith,RB,KC,35.0,Texas A&M,0.0,2002-05-15,24.0,71,211,,,,,28141.0
12510,Jalen Milroe,QB,SEA,6.0,Alabama,1.0,2002-12-13,23.0,74,216,2.0,,,,25882.0
13772,Eni Falayi,TE,,,Wake Forest,0.0,,,76,240,,,,,
8579,Brandon Peters,QB,,0.0,Illinois,1.0,1997-10-15,25.0,76,228,,,,,
2505,Darren Waller,TE,,83.0,Georgia Tech,11.0,1992-09-13,33.0,78,238,,Questionable,Groin,600191.0,16964.0
2422,Blake Bell,TE,,81.0,Oklahoma,9.0,1991-08-07,32.0,78,252,,,,542871.0,16878.0
11963,Chris Collier,RB,LV,33.0,Lock Haven,2.0,2000-03-24,26.0,70,203,5.0,,,,25050.0
1426,DeAndre Hopkins,WR,,10.0,Clemson,13.0,1992-06-06,33.0,73,210,,,,560241.0,14986.0
3614,Tommylee Lewis,WR,,85.0,Northern Illinois,6.0,1992-10-24,29.0,67,168,,,,608059.0,18401.0
12218,Jalen Jackson,RB,,,Villanova,1.0,2000-06-26,24.0,69,216,,,,,
11114,Elijah Dotson,RB,,41.0,Northern Colorado,2.0,1999-01-19,26.0,69,202,,,,,
5220,Godwin Igwebuike,RB,,48.0,Northwestern,6.0,1994-09-10,29.0,72,213,,,,742451.0,20191.0
4651,Corey Clement,RB,,23.0,Wisconsin,6.0,1994-11-02,29.0,70,220,,,,742470.0,19548.0
11034,Jalen Brooks,WR,ARI,86.0,South Carolina,3.0,2000-05-07,26.0,74,205,6.0,,,,24397.0
12045,Jack Westover,TE,NE,37.0,Washington,2.0,1999-06-09,27.0,75,252,4.0,,,,25123.0
13191,TJ Sheffield,WR,,,UConn,1.0,,,70,188,,,,,
4807,Mike Estes,TE,,49.0,Gardner-Webb,5.0,,,76,230,,,,700921.0,19721.0
6451,Stephen Carlson,TE,CHI,88.0,Princeton,7.0,1996-12-12,29.0,76,248,3.0,,,881697.0,21278.0
8210,Chig Okonkwo,TE,WAS,85.0,Maryland,4.0,1999-09-08,26.0,75,238,1.0,,,,23489.0
6151,Miles Sanders,RB,,24.0,Penn State,7.0,1997-05-01,28.0,71,211,,Questionable,Knee,924261.0,20933.0
12670,KeAndre Lambert-Smith,WR,LAC,84.0,Auburn,1.0,2001-10-16,24.0,73,182,4.0,,,,26059.0
4750,Lance Lenoir,WR,,34.0,Western Illinois,6.0,1995-02-09,28.0,72,201,,,,748115.0,19668.0
11431,Isaiah Bowser,RB,,26.0,UCF,1.0,1999-07-14,23.0,73,220,,,,,
5236,Kyle Lewis,WR,,1.0,Cal Poly,4.0,1995-04-22,26.0,72,207,,,,787213.0,20206.0
7943,Zach Davidson,TE,,39.0,Central Missouri,5.0,1998-07-15,27.0,79,245,,,,,22667.0
13306,Taylen Green,QB,CLE,15.0,Arkansas,0.0,2002-10-18,23.0,78,230,3.0,,,,26839.0
13034,Tyrone Broden,WR,SEA,31.0,Arkansas,1.0,2001-02-26,25.0,77,194,4.0,,,,26595.0
4996,Kyle Lauletta,QB,,0.0,Richmond,4.0,1995-03-17,26.0,75,222,,,,751855.0,19913.0
11256,Tyson Bagent,QB,CHI,17.0,Shepherd (WV),3.0,2000-06-08,26.0,75,212,2.0,,,,24168.0
13770,J. Michael Sturdivant,WR,GB,87.0,Florida,0.0,2002-09-06,23.0,75,207,,,,,28054.0
6148,Preston Williams,WR,,16.0,Colorado State,4.0,1997-03-27,26.0,77,215,,,,877244.0,20988.0
3584,Marcus Leak,WR,,85.0,Maryland,6.0,1992-11-19,29.0,72,210,,,,605445.0,18363.0
5086,Marquez Valdes-Scantling,WR,DAL,11.0,South Florida,8.0,1994-10-10,31.0,76,206,5.0,,,742382.0,19976.0
11568,Blake Watson,RB,,32.0,Memphis,2.0,1999-10-14,26.0,69,195,,Questionable,Undisclosed,,25047.0
13702,Malik Rutherford,WR,,,,0.0,,,69,170,,,,,
12851,Rivaldo Fairweather,TE,ARI,45.0,Auburn,1.0,2002-07-19,23.0,75,249,7.0,,,,26273.0
11911,Jeshaun Jones,WR,MIN,82.0,Maryland,2.0,1999-12-22,26.0,73,188,5.0,,,,25430.0
4490,Wyatt Houston,TE,CAR,85.0,Utah State,1.0,1994-06-21,23.0,"6'5""",255,40.0,,,746308.0,19360.0
13161,Zakhari Franklin,WR,,,Illinois,0.0,2000-10-15,25.0,73,204,,,,,
2937,Damond Powell,WR,,0.0,Iowa,10.0,1992-10-31,32.0,71,180,,,,740731.0,17407.0
9499,Bryce Ford-Wheaton,WR,,88.0,West Virginia,3.0,2000-03-09,26.0,75,220,,Questionable,Achilles,,24199.0
6311,Patrick Laird,RB,,25.0,California,5.0,1995-08-17,28.0,73,205,,,,835694.0,21211.0
2947,Clay Burton,TE,,0.0,Florida,10.0,1992-10-22,32.0,76,253,,,,592536.0,17418.0
3391,Dwayne Washington,RB,,39.0,Washington,8.0,1994-04-24,30.0,73,223,,,,714230.0,18152.0
13317,Ted Hurst,WR,TB,17.0,Georgia State,0.0,2004-07-02,22.0,75,195,4.0,,,,26807.0
8891,Ryan McDaniel,WR,,0.0,North Carolina Central,1.0,,,74,215,,,,,
7404,Noah Togiai,TE,,83.0,Oregon State,4.0,1997-07-06,26.0,76,244,,,,,21796.0
12135,Neal Johnson,TE,,86.0,Louisiana,1.0,2001-08-03,24.0,76,250,,,,,
13435,Joe Royer,TE,CLE,18.0,Cincinnati,0.0,2002-02-25,24.0,77,250,3.0,,,,26843.0
4150,Wayne Gallman,RB,,29.0,Clemson,6.0,1994-10-01,28.0,72,210,,,,733744.0,18996.0
8085,Mekhi Sargent,RB,,36.0,Iowa,2.0,1997-10-08,25.0,68,208,,,,,
2996,Logan Stokes,TE,,0.0,LSU,10.0,1992-12-04,32.0,75,251,,,,727739.0,17523.0
13158,Sam Pitz,TE,,,Minnesota Duluth,0.0,,,78,248,,,,,
7865,Brandon Smith,WR,PIT,87.0,Iowa,5.0,1998-12-10,27.0,74,220,,,,,22637.0
3780,Cedric O'Neal,RB,,0.0,Valdosta State,6.0,1994-01-29,27.0,72,213,,,,915105.0,18593.0
4384,Aaron Peck,TE,,86.0,Fresno State,5.0,1994-10-09,27.0,75,225,,,,692933.0,19241.0
6989,Marquez Callaway,WR,,15.0,Tennessee,5.0,1998-03-27,27.0,74,204,,,,,21750.0
13580,Carsen Ryan,TE,CLE,48.0,BYU,0.0,2003-08-21,22.0,75,255,6.0,,,,28161.0
9498,Jadon Haselwood,WR,,87.0,Arkansas,1.0,2001-04-15,22.0,74,215,,,,,
13661,Ethan Conner,TE,JAX,48.0,Troy,0.0,,,76,245,,,,,28271.0
8436,Neil Pau'u,WR,,0.0,BYU,1.0,1995-09-11,27.0,76,215,,,,,
5850,Josh Jacobs,RB,GB,8.0,Alabama,7.0,1998-02-11,28.0,70,223,1.0,,,944416.0,20824.0
5804,Julian Williams,WR,,16.0,Florida International,4.0,,,71,195,,,,886261.0,20701.0
9753,Zach Charbonnet,RB,SEA,26.0,UCLA,3.0,2001-01-08,25.0,73,220,2.0,Questionable,Knee - ACL,,23173.0
2838,Trevor Harman,WR,,0.0,Shippensburg,10.0,1991-10-22,33.0,75,205,,,,870341.0,17306.0
12267,Qadir Ismail,WR,CHI,80.0,Samford,2.0,2000-02-17,26.0,78,245,,,,,25711.0
2502,Bud Sasser,WR,,81.0,Missouri,11.0,,,74,210,,,,553241.0,16961.0
7864,Artayvious Lynn,TE,,0.0,TCU,1.0,1996-03-13,25.0,78,258,,,,,
11065,Adrian Martinez,QB,SF,4.0,Kansas State,3.0,2000-01-07,26.0,74,220,3.0,,,,24507.0
5880,Parris Campbell,WR,,11.0,Ohio State,7.0,1997-07-16,28.0,72,210,,NA,Undisclosed,836104.0,21005.0
2933,Corey Knox,RB,,0.0,Buffalo,1.0,1989-10-13,36.0,75,212,,,,607506.0,17402.0
13685,Jake Retzlaff,QB,,,Tulane,0.0,2003-03-28,23.0,73,205,,,,,
4314,Johnny Mundt,TE,PHI,83.0,Oregon,9.0,1994-11-23,31.0,76,245,6.0,,,740704.0,19165.0
7527,Mac Jones,QB,SF,10.0,Alabama,5.0,1998-09-05,27.0,75,220,2.0,Questionable,Undisclosed,,22496.0
2768,Braylon Heard,RB,,,Kentucky,10.0,1991-10-11,33.0,71,189,,,,540627.0,17236.0
13806,Matt Lauter,TE,,,Boise State,0.0,,,75,245,,,,,28424.0
12421,David Wallis,WR,,,Randolph-Macon,1.0,2001-08-08,23.0,72,184,,,,,
11452,Jesse Matthews,WR,,86.0,San Diego State,2.0,1999-08-12,26.0,72,190,,,,,
13350,Joe Fagnano,QB,BAL,,UConn,0.0,2001-03-31,25.0,75,226,,,,,28046.0
9505,Deuce Vaughn,RB,,42.0,Kansas State,3.0,2001-11-02,24.0,66,176,,,,,24188.0
862,Blaine Gabbert,QB,,9.0,Missouri,13.0,1989-10-15,34.0,76,235,,,,463393.0,12982.0
13818,Romello Brinson,WR,,84.0,SMU,0.0,2002-01-23,24.0,74,190,,,,,28160.0
2892,Rodney Smith,RB,,0.0,Ohio State,7.0,1992-01-10,30.0,71,235,,,,553688.0,17360.0
2168,Devonta Freeman,RB,,33.0,Florida State,8.0,1992-03-15,30.0,68,206,,,,592914.0,16524.0
2545,Geoff Swaim,TE,,84.0,Texas,10.0,1993-09-16,31.0,76,260,,,,728021.0,17005.0
4623,Tim Cook,RB,,41.0,Oregon State,5.0,1994-04-19,27.0,72,242,,,,884978.0,19516.0
13491,Kaden Wetjen,WR,PIT,10.0,Iowa,0.0,2002-03-09,24.0,69,193,6.0,,,,26962.0
7157,Josh Love,QB,,0.0,San Jose State,2.0,1996-09-12,25.0,74,200,,,,,22158.0
13289,Drew Allar,QB,PIT,16.0,Penn State,0.0,2004-03-08,22.0,77,228,4.0,,,,28045.0
7082,Dalton Keene,TE,,49.0,Virginia Tech,5.0,1999-04-14,26.0,76,251,,,,,21808.0
11604,Brock Bowers,TE,LV,89.0,Georgia,2.0,2002-12-13,23.0,76,235,1.0,,,,24943.0
12826,Ulysses Bentley,RB,IND,37.0,Ole Miss,1.0,2000-12-30,25.0,70,200,,,,,25967.0
11566,Jayden Daniels,QB,WAS,5.0,LSU,2.0,2000-12-18,25.0,76,210,1.0,,,,23235.0
4319,Zach Pascal,WR,,83.0,Old Dominion,8.0,1994-12-18,30.0,74,219,,,,658447.0,19172.0
6588,Tom Kennedy,WR,DET,85.0,Bryant,7.0,1996-07-29,29.0,70,195,6.0,,,837087.0,21556.0
13338,Kevin Coleman,WR,MIA,83.0,Missouri,0.0,2003-09-10,22.0,70,180,7.0,,,,28051.0
13251,Gunnar Oakes,TE,,41.0,Eastern Michigan,2.0,1999-05-11,26.0,76,252,,,,,
13322,Sam Roush,TE,CHI,87.0,Stanford,0.0,2003-09-06,22.0,77,267,3.0,,,,26938.0
2569,Jake Waters,QB,,0.0,Kansas State,10.0,1992-03-20,32.0,73,210,,,,733653.0,17033.0
2920,Jeret Smith,WR,,0.0,McMurry,10.0,1993-02-05,32.0,72,215,,,,613046.0,17388.0
1916,Martavis Bryant,WR,,88.0,Clemson,10.0,1991-12-20,32.0,76,211,,,,602091.0,16146.0
5984,Anthony Ratliff-Williams,WR,,0.0,North Carolina,3.0,1997-06-17,24.0,71,195,,,,866042.0,20920.0
7394,Jermiah Braswell,WR,,0.0,Youngstown State,2.0,1997-05-15,24.0,72,210,,,,,22379.0
5468,Christian Scotland-Williamson,TE,,0.0,,7.0,1993-07-05,28.0,81,274,,,,1115441.0,20536.0
9495,Rakim Jarrett,WR,,82.0,Maryland,2.0,2001-01-24,24.0,72,190,,,,,
13314,Luke Altmyer,QB,DET,2.0,Illinois,0.0,2002-10-22,23.0,73,213,3.0,,,,26934.0
10860,Malik Cunningham,WR,DET,15.0,Louisville,3.0,1998-10-06,27.0,73,190,8.0,,,,24279.0
1312,Josh Bellamy,WR,,0.0,Louisville,10.0,1989-05-18,32.0,72,208,,,,553696.0,14795.0
2460,C.J. Uzomah,TE,,47.0,Auburn,10.0,1993-01-14,32.0,78,262,,,,593305.0,16917.0
8429,Levi Lewis,QB,,0.0,Louisiana,1.0,1998-05-09,24.0,69,192,,,,,
7368,Sean Riley,WR,,0.0,Syracuse,2.0,1997-10-31,24.0,68,178,,,,,22355.0
2560,Zach Zenner,RB,,22.0,South Dakota State,7.0,1991-09-13,30.0,71,224,,,,568874.0,17023.0
8176,Danny Gray,WR,PHI,82.0,SMU,4.0,1999-04-01,27.0,72,200,9.0,,,,23573.0
4520,Travin Dural,WR,,14.0,Louisiana State,5.0,1993-11-19,28.0,74,207,,,,651007.0,19393.0
1971,Donte Moncrief,WR,,12.0,Mississippi,8.0,1993-08-06,28.0,74,216,,,,607351.0,16232.0
5255,Teo Redding,WR,,88.0,Bowling Green,4.0,1994-12-08,27.0,73,176,,,,744013.0,20274.0
12395,Tanner Knue,WR,,,Eastern Michigan,2.0,1999-11-26,26.0,71,178,,,,,
5001,Dalton Schultz,TE,HOU,86.0,Stanford,8.0,1996-07-11,30.0,77,242,1.0,,,830523.0,19920.0
11643,Jaylen Wright,RB,MIA,5.0,Tennessee,2.0,2003-04-01,23.0,70,208,2.0,,,,24923.0
6181,Trevon Wesco,TE,,48.0,West Virginia,5.0,1995-09-12,29.0,75,267,,,,919456.0,20977.0
4036,Corey Davis,WR,,84.0,Western Michigan,6.0,1995-01-11,28.0,75,209,,,,732121.0,18879.0
13827,Tanner Arkin,TE,NE,84.0,Illinois,0.0,2003-07-07,23.0,76,262,,,,,26957.0
12658,Jackson Hawes,TE,BUF,85.0,Georgia Tech,1.0,2000-12-06,25.0,76,253,3.0,,,,25972.0
5806,John Wolford,QB,,5.0,Wake Forest,8.0,1995-10-16,30.0,73,218,,,,836347.0,20703.0
8439,Demetris Robertson,WR,,0.0,Auburn,1.0,1997-04-13,25.0,71,183,,,,,
11467,John Samuel Shenker,TE,,86.0,Auburn,2.0,1998-09-02,26.0,76,249,,,,,
7131,Tyler Davis,TE,,30.0,Georgia Tech,5.0,1997-04-02,28.0,77,252,,,,,22138.0
13602,Jack Strand,QB,ATL,18.0,Minnesota State Moorhead,0.0,2004-06-23,22.0,77,240,,,,,28142.0
12324,William Thompson,QB,,,Wabash,1.0,,,73,197,,,,,
12788,Will Sheppard,WR,GB,82.0,Colorado,1.0,2002-02-11,24.0,75,196,,,,,25983.0
13708,Kobe Prentice,WR,CAR,39.0,Baylor,0.0,2004-03-10,22.0,71,190,,,,,26964.0
13768,Josh Pitsenburger,RB,,,Yale,0.0,,,72,215,,,,,28389.0
5245,Troy Mangen,TE,,80.0,Ohio,4.0,1994-07-25,27.0,78,256,,,,744080.0,20228.0
7340,Brandon Polk,WR,,0.0,James Madison,2.0,1996-12-10,25.0,69,175,,,,,22328.0
13617,Luke Wysong,WR,MIN,17.0,Arizona,0.0,2003-05-29,23.0,70,186,,,,,25933.0
11506,Jalen Moreno-Cropper,WR,NO,85.0,Fresno State,3.0,2001-05-03,25.0,72,172,,,,,23467.0
4029,Dalvin Cook,RB,,20.0,Florida State,8.0,1995-08-10,29.0,70,210,,,,824080.0,18872.0
12797,Ahmani Marshall,RB,CLE,23.0,Appalachian State,1.0,2002-03-21,24.0,73,225,,,,,26414.0
13750,TJ Harden,RB,CLE,36.0,SMU,0.0,2004-04-23,22.0,72,218,,,,,28328.0
5374,Justin Watson,WR,HOU,84.0,Pennsylvania,8.0,1996-04-04,30.0,74,215,6.0,,,832220.0,19922.0
11619,Ja'Lynn Polk,WR,NO,13.0,Washington,2.0,2002-04-11,24.0,73,203,11.0,,,,24952.0
11982,Isaiah Washington,WR,,,Rutgers,1.0,2001-05-04,23.0,74,214,,,,,
9756,Jordan Addison,WR,MIN,3.0,USC,3.0,2002-01-27,24.0,71,179,2.0,,,,23162.0
7574,Larry Rountree,RB,,30.0,Missouri,2.0,1999-02-13,24.0,70,210,,,,,
4033,David Njoku,TE,LAC,83.0,Miami (FL),9.0,1996-07-10,30.0,76,246,2.0,,,832098.0,18876.0
13621,Dillon Bell,WR,MIN,89.0,Georgia,0.0,2003-11-06,22.0,72,209,,,,,26960.0
4152,Marlon Mack,RB,,32.0,South Florida,7.0,1996-03-07,28.0,71,210,,,,840760.0,18998.0
12799,Bryson Green,WR,ARI,39.0,Wisconsin,1.0,2002-12-30,23.0,73,210,,,,,26411.0
13324,Matt Hibner,TE,BAL,88.0,SMU,0.0,2002-03-09,24.0,76,251,3.0,,,,26976.0
3497,Darion Griswold,TE,,83.0,Arkansas State,6.0,1992-12-23,29.0,77,255,,,,608346.0,18263.0
4595,Dontez Ford,WR,,83.0,Pittsburgh,5.0,1994-02-03,27.0,74,210,,,,692191.0,19482.0
4670,Artavis Scott,WR,,0.0,Clemson,5.0,1994-10-12,27.0,71,195,,,,828766.0,19569.0
13298,KC Concepcion,WR,CLE,1.0,Texas A&M,0.0,2004-09-23,21.0,72,190,1.0,,,,26762.0
13873,Sam Scott,RB,NYJ,25.0,Wyoming,0.0,,,73,213,,,,,28477.0
13861,Daniel Sobkowicz,WR,HOU,17.0,Illinois State,0.0,2002-09-16,23.0,75,205,,,,,28391.0
13777,Ademola Faleye,TE,,,Washington State,0.0,2002-03-09,24.0,79,253,,,,,
9491,Ty Scott,WR,,81.0,Missouri State,1.0,1999-03-27,25.0,73,199,,,,,
7502,Dominique Dafney,TE,,46.0,Indiana State,5.0,1997-06-03,28.0,75,235,,,,,22477.0
7464,Connor Slomka,RB,,0.0,Army,2.0,1997-05-30,24.0,72,240,,,,,21813.0
2582,Cole Stoudt,QB,,16.0,Clemson,11.0,1992-10-23,33.0,76,220,,,,593527.0,17047.0
7549,CJ Marable,RB,,37.0,Coastal Carolina,2.0,1997-02-02,26.0,70,200,,,,,
5849,Kyler Murray,QB,MIN,1.0,Oklahoma,7.0,1997-08-07,28.0,70,207,1.0,,,879799.0,20889.0
13783,Raylen Sharpe,WR,IND,8.0,Arkansas,0.0,,,69,169,,,,,28408.0
5409,Tanner Hudson,TE,CIN,87.0,Southern Arkansas,8.0,1994-11-12,31.0,77,241,4.0,,,1115394.0,20506.0
13663,Wesley Grimes,WR,SF,18.0,NC State,0.0,2004-03-09,22.0,74,193,,,,,28280.0
12361,Aeneas Dennis,QB,,,Benedict,1.0,,,73,200,,,,,
12889,Beaux Collins,WR,NYG,81.0,Notre Dame,1.0,2002-12-16,23.0,75,206,14.0,Questionable,Concussion,,26091.0
12256,Baylor Cupp,TE,,17.0,Texas Tech,1.0,2000-05-10,25.0,78,243,,,,,
7233,Andre Baccellia,WR,,82.0,Washington,6.0,1997-01-07,29.0,70,180,,Questionable,Neck,,22234.0
587,Logan Paulsen,TE,,0.0,UCLA,12.0,1987-02-26,34.0,77,268,,,,300115.0,11345.0
7985,Pro Wells,TE,,88.0,TCU,1.0,,,76,250,,,,,
6960,Tyler Johnson,WR,DAL,15.0,Minnesota,6.0,1998-08-25,27.0,73,208,7.0,,,,21675.0
11068,Mitch Tinsley,WR,CIN,82.0,Penn State,3.0,1999-09-15,26.0,73,205,5.0,,,,24342.0
1215,Jarius Wright,WR,,13.0,Arkansas,10.0,1989-11-25,32.0,70,191,,,,465652.0,14465.0
6819,Michael Pittman,WR,PIT,11.0,USC,6.0,1997-10-05,28.0,76,223,2.0,,,,21744.0
11575,Ray Davis,RB,BUF,7.0,Kentucky,2.0,1999-11-11,26.0,68,211,3.0,,,,24980.0
11245,Patrick Murtagh,TE,,86.0,,2.0,2000-02-11,25.0,78,250,,,,,24825.0
7002,Juwan Johnson,TE,NO,83.0,Oregon,6.0,1996-09-13,29.0,76,231,1.0,,,,21738.0
12485,Tez Johnson,WR,TB,15.0,Oregon,1.0,2002-05-18,24.0,70,165,5.0,,,,25934.0
8885,Tucker Fisk,TE,,42.0,Stanford,4.0,1999-01-19,27.0,76,285,,,,,24021.0
13981,Kolbe Katsis,WR,DEN,81.0,Northern Arizona,0.0,2001-12-28,24.0,73,185,,,,,28362.0
6549,Damion Willis,WR,,0.0,Troy,3.0,1997-06-20,24.0,75,204,,,,978040.0,21528.0
3895,Marvin Hall,WR,,14.0,Washington,6.0,1993-04-10,29.0,70,190,,,,607435.0,18717.0
11640,Jermaine Burton,WR,,81.0,Alabama,1.0,2001-06-28,24.0,72,204,,,,,23158.0
13541,Lewis Bond,WR,HOU,82.0,Boston College,0.0,2003-05-29,23.0,71,190,7.0,,,,26801.0
11284,Cody Chrest,WR,,9.0,Sam Houston State,1.0,,,73,199,,,,,
13913,Patrick Gurd,TE,LV,45.0,Cincinnati,0.0,,,76,250,,,,,28516.0
12738,Phil Mafah,RB,DAL,37.0,Clemson,1.0,2002-10-24,23.0,73,232,4.0,,,,25955.0
6387,Nsimba Webster,WR,,83.0,Eastern Washington,6.0,1996-01-27,29.0,70,180,,,,828656.0,21295.0
3402,Zac Brooks,RB,,30.0,Clemson,9.0,1993-02-01,32.0,73,200,,,,653079.0,18163.0
9496,Sam James,WR,,83.0,West Virginia,1.0,1999-10-31,23.0,72,176,,,,,
4139,Amara Darboh,WR,,17.0,Michigan,5.0,1994-02-01,27.0,74,219,,,,696125.0,18985.0
7217,Trevontae Hights,WR,,81.0,Texas Christian,2.0,1997-02-07,24.0,75,195,,,,,22219.0
3596,Kivon Cartwright,TE,,46.0,Colorado State,6.0,1992-03-03,29.0,76,245,,,,541459.0,18377.0
11070,Kazmeir Allen,WR,,22.0,UCLA,2.0,2000-02-29,25.0,68,176,,,,,
5846,DK Metcalf,WR,PIT,4.0,Ole Miss,7.0,1997-12-14,28.0,76,229,1.0,,,945633.0,20875.0
6468,Matthew Eaton,WR,,89.0,Iowa State,3.0,1995-12-09,26.0,76,209,,,,838306.0,21419.0
8155,Breece Hall,RB,NYJ,20.0,Iowa State,4.0,2001-05-31,25.0,71,217,1.0,,,,22526.0
8175,Reggie Roberson,WR,,80.0,SMU,1.0,1998-10-14,24.0,71,193,,,,,
2934,Jonathon Rumph,WR,,,Georgia,10.0,1991-10-24,33.0,77,218,,,,727724.0,17403.0
6814,Laviska Shenault,WR,,15.0,Colorado,5.0,1998-10-05,26.0,73,227,,,,,21697.0
6939,Binjimen Victor,WR,,81.0,Ohio State,3.0,1997-01-15,26.0,76,191,,,,,21722.0
7172,Mikey Daniel,RB,,0.0,South Dakota State,2.0,1996-11-03,25.0,72,235,,,,,22174.0
13879,Jameson Geers,TE,ARI,46.0,Minnesota,0.0,2002-12-05,23.0,77,250,,,,,28442.0
12760,Rashod Owens,WR,,,Oklahoma State,1.0,2001-12-07,24.0,74,218,,,,,
4320,James Quick,WR,,17.0,Louisville,5.0,1994-10-06,27.0,73,180,,,,741538.0,19173.0
13437,Noah Whittington,RB,HOU,26.0,Oregon,0.0,2001-12-13,24.0,68,203,5.0,,,,26830.0
2576,Cody Fajardo,QB,,0.0,Nevada,10.0,1992-03-29,32.0,74,215,,,,557390.0,17041.0
2870,Ray Hamilton,TE,,80.0,Iowa,10.0,1992-10-28,32.0,77,252,,,,611326.0,17338.0
3893,Reece Horn,WR,,15.0,Indianapolis,6.0,1993-02-01,28.0,75,215,,,,704783.0,18715.0
12935,Jakobie Keeney-James,WR,,84.0,UMass,1.0,2000-09-26,25.0,72,190,,,,,25920.0
11913,Devron Harper,WR,,,Mercer,1.0,2000-05-13,24.0,69,170,,,,,
12972,Roc Taylor,WR,,,Memphis,1.0,2002-08-26,23.0,73,213,,,,,
7716,John Bates,TE,WAS,87.0,Boise State,5.0,1997-11-06,28.0,78,256,3.0,,,,22657.0
2325,Nelson Agholor,WR,,15.0,USC,10.0,1993-05-24,31.0,72,200,,,,691055.0,16781.0
1567,Tavon Austin,WR,,86.0,West Virginia,9.0,1990-03-15,32.0,68,185,,,,513826.0,15215.0
5597,Brogan Roback,QB,,0.0,Eastern Michigan,4.0,1994-08-29,27.0,75,218,,,,744039.0,20595.0
6139,Jace Sternberger,TE,,83.0,Texas A&M,4.0,1996-06-26,27.0,76,251,,,,877598.0,20952.0
3630,Durron Neal,WR,,0.0,Oklahoma,9.0,1993-11-03,31.0,71,199,,,,691274.0,18417.0
12762,Payton Thorne,QB,,,Auburn,1.0,2001-06-26,24.0,74,207,,,,,
13333,Deion Burks,WR,IND,80.0,Oklahoma,0.0,2003-01-08,23.0,69,180,4.0,,,,25907.0
13949,Damon Bankston,RB,NYG,37.0,New Mexico,0.0,2003-04-25,23.0,70,186,,,,,28469.0
2730,Kenneth Harper,RB,,33.0,Temple,10.0,1993-01-30,32.0,70,223,,,,608368.0,17198.0
2962,Zach D'Orazio,WR,,0.0,Akron,10.0,1991-05-28,33.0,74,212,,,,602932.0,17444.0
5638,Shaq Roland,WR,CHI,6.0,West Georgia,1.0,,,"6'2""",170,,,,694031.0,20606.0
8038,Nick Guggemos,TE,,83.0,St. Thomas,2.0,1995-12-17,27.0,77,231,,,,,
12433,Ben Bryant,QB,,,Northwestern,1.0,1999-09-17,25.0,75,220,,,,,
13125,Micah Bernard,RB,,,Utah,1.0,2001-10-22,24.0,70,206,,,,,
4647,Colin Thompson,TE,,48.0,Temple,6.0,1993-12-15,29.0,76,257,,,,694629.0,19542.0
8166,Dontario Drummond,WR,,19.0,Ole Miss,1.0,1997-08-22,26.0,73,220,,,,,
6427,Ashton Dulin,WR,IND,16.0,Malone (OH),7.0,1997-05-15,29.0,74,215,5.0,,,1166036.0,21349.0
13005,Anthony Torres,TE,,,Toledo,1.0,1999-10-26,26.0,78,250,,Questionable,Ankle,,
6806,J.K. Dobbins,RB,DEN,27.0,Ohio State,6.0,1998-12-17,27.0,70,212,1.0,,,,21674.0
5278,Jarvion Franklin,RB,,40.0,Western Michigan,4.0,1995-12-09,26.0,72,225,,,,821475.0,20340.0
11962,Tayvion Robinson,WR,,,Kentucky,1.0,2000-10-01,24.0,70,191,,,,,
7560,Pooka Williams,RB,,12.0,Kansas,1.0,1999-06-19,23.0,69,177,,,,,
6813,Jonathan Taylor,RB,IND,28.0,Wisconsin,6.0,1999-01-19,27.0,70,226,1.0,,,,21682.0
11564,Drake Maye,QB,NE,10.0,North Carolina,2.0,2002-08-30,23.0,76,225,1.0,,,,24958.0
13194,Key'Shawn Smith,WR,,,SMU,1.0,,,73,186,,,,,
3306,Jordan Howard,RB,,28.0,Indiana,6.0,1994-11-02,28.0,72,222,,,,750802.0,18067.0
13312,Josh Kattus,TE,CIN,48.0,Kentucky,0.0,,,76,245,,,,,28312.0
8581,Trevon Bradford,WR,,0.0,Oregon State,1.0,,,69,183,,,,,
4779,Bra'Lon Cherry,WR,,88.0,North Carolina State,5.0,1995-07-24,26.0,71,187,,,,728173.0,19609.0
6828,AJ Dillon,RB,CAR,28.0,Boston College,6.0,1998-05-02,28.0,72,247,3.0,,,,21802.0
8840,Cole Fotheringham,TE,,49.0,Utah,3.0,1997-10-11,27.0,76,245,,,,,
5873,Riley Ridley,WR,,0.0,Georgia,3.0,1996-07-21,25.0,73,200,,,,914009.0,20925.0
7424,Anthony Jones,RB,,36.0,Florida International,2.0,1997-02-07,24.0,71,215,,,,,22404.0
5124,Alex McGough,QB,,16.0,Florida International,7.0,1995-11-19,29.0,75,214,,,,824864.0,20044.0
4741,Dan Arnold,TE,,46.0,Wisconsin-Platteville,6.0,1995-03-15,28.0,78,240,,,,1053627.0,19659.0
7080,Omar Bayless,WR,,85.0,Arkansas State,2.0,1996-12-15,25.0,73,210,,,,,21963.0
6713,Jamarius Way,WR,,83.0,South Alabama,3.0,1996-11-25,25.0,76,220,,,,1071592.0,21637.0
11415,Tanner Taula,TE,,84.0,Illinois State,3.0,1998-12-06,27.0,78,255,,,,,24535.0
12074,Talik Keaton,WR,,,Marshall,1.0,,,72,190,,,,,
13143,Dymere Miller,WR,,,Rutgers,1.0,,,71,184,,,,,
6913,Joe Reed,WR,,80.0,Virginia,3.0,1998-01-04,25.0,72,224,,,,,21718.0
12129,Jalon Calhoun,WR,,,Duke,1.0,2000-12-16,24.0,71,194,,,,,
11820,Devin Culp,TE,TB,82.0,Washington,2.0,2000-02-02,26.0,76,237,2.0,,,,25144.0
13743,Joseph Manjack,WR,DEN,86.0,TCU,0.0,2002-11-15,23.0,75,210,,,,,28364.0
7588,Javonte Williams,RB,DAL,33.0,North Carolina,5.0,2000-04-25,26.0,70,222,1.0,,,,22558.0
5000,Chase Edmonds,RB,,38.0,Fordham,8.0,1996-04-13,29.0,69,205,,,,832900.0,19919.0
4727,Mitchell Paige,WR,,83.0,Indiana,5.0,1993-07-19,28.0,67,176,,,,696104.0,19638.0
8757,Rodney Williams,TE,,87.0,Tennessee-Martin,2.0,1998-04-08,26.0,76,235,,,,,
7741,Caleb Huntley,RB,,42.0,Ball State,2.0,1998-09-15,24.0,70,229,,,,,
11115,Terrell Bynum,WR,,34.0,USC,1.0,1998-08-03,26.0,72,188,,,,,
4998,DaeSean Hamilton,WR,,87.0,Penn State,4.0,1995-03-10,27.0,73,206,,,,748755.0,19916.0
11599,Cade Stover,TE,HOU,8.0,Ohio State,2.0,2000-06-12,26.0,76,251,4.0,,,,24986.0
8188,Tyquan Thornton,WR,KC,2.0,Baylor,4.0,2000-08-07,25.0,74,185,3.0,,,,23469.0
5241,Christian Blake,WR,,39.0,Northern Illinois,4.0,1996-06-08,26.0,73,182,,,,837503.0,20224.0
2602,Darius Jennings,WR,,86.0,Virginia,7.0,1992-06-28,29.0,70,180,,,,605784.0,17070.0
4936,Skyler Howard,QB,SEA,0.0,West Virginia,1.0,1994-11-06,23.0,"5'11""",209,,,,823069.0,19574.0
7091,Aaron Parker,WR,,21.0,Rhode Island,2.0,1998-05-21,24.0,74,209,,,,,21969.0
9759,C.J. Johnson,WR,,82.0,East Carolina,1.0,2000-11-04,22.0,73,225,,,,,
2334,Phillip Dorsett,WR,LV,13.0,Miami (FL),11.0,1993-01-05,33.0,70,185,6.0,,,596417.0,16790.0
12189,Xavier White,WR,,,Texas Tech,1.0,1999-12-05,25.0,70,190,,,,,
11192,Malik Flowers,WR,,19.0,Montana,1.0,1999-06-23,24.0,75,195,,,,,
6865,Colby Parkinson,TE,LAR,84.0,Stanford,6.0,1999-01-08,27.0,79,266,2.0,,,,21807.0
3957,Blake Sims,QB,,25.0,Alabama,5.0,1992-01-03,30.0,72,208,,,,557175.0,18790.0
13294,Makai Lemon,WR,PHI,9.0,USC,0.0,2004-06-02,22.0,71,192,2.0,Questionable,Hamstring,,26748.0
8876,Kevin Kassis,WR,,0.0,Montana State,2.0,1997-09-19,25.0,72,197,,,,,
12515,Donovan Edwards,RB,MIA,36.0,Michigan,1.0,2003-02-25,23.0,73,212,5.0,,,,25755.0
6233,Matt Sokol,TE,,87.0,Michigan State,7.0,1995-11-09,30.0,77,249,,,,824177.0,21158.0
11530,Nick Williams,WR,,86.0,UNLV,1.0,,,76,220,,,,,
10216,Kenny McIntosh,RB,SEA,25.0,Georgia,3.0,2000-03-03,26.0,72,204,6.0,Questionable,Knee - ACL,,24373.0
12859,Nate Noel,RB,,,Missouri,1.0,2002-04-04,23.0,69,200,,,,,
2910,Tyler Rutenbeck,WR,,0.0,Dubuque,10.0,1991-09-15,33.0,75,184,,,,870442.0,17378.0
6231,John Lovett,QB,,46.0,Princeton,4.0,1996-04-25,27.0,74,236,,,,832213.0,21156.0
12505,Jalen Royals,WR,KC,11.0,Utah State,1.0,2003-02-18,23.0,72,195,4.0,,,,25911.0
4917,Daryl Virgies,RB,,0.0,Virginia-Lynchburg,5.0,1993-01-05,29.0,,205,,,,,18835.0
12501,Matthew Golden,WR,GB,0.0,Texas,1.0,2003-08-01,22.0,71,191,3.0,,,,25922.0
3309,Wendell Smallwood,RB,WAS,38.0,West Virginia,6.0,1994-01-20,27.0,70,208,,,,728035.0,18070.0
3242,Kenyan Drake,RB,,32.0,Alabama,8.0,1994-01-26,29.0,73,210,,,,694588.0,18003.0
8721,De'Montre Tuggle,RB,,0.0,Ohio,1.0,1999-03-29,23.0,68,206,,,,,
4787,Jordan Westerkamp,WR,,0.0,Nebraska,5.0,1994-06-23,27.0,72,200,,,,651878.0,19698.0
6700,Marcelias Sutton,RB,,0.0,Oklahoma,3.0,,,69,192,,,,976239.0,21614.0
6832,Kalija Lipscomb,WR,,19.0,Vanderbilt,2.0,1997-10-06,24.0,73,200,,,,,21716.0
4401,Damore'ea Stringfellow,WR,,17.0,Mississippi,5.0,1994-10-18,27.0,74,222,,,,747911.0,19260.0
11283,Darius Hagans,RB,,25.0,Virginia State,1.0,1999-07-11,24.0,72,210,,,,,
6372,Xavier Turner,RB,,41.0,Tarleton State,3.0,1994-12-24,27.0,70,225,,,,835062.0,21317.0
8058,Nate McCrary,RB,,30.0,Saginaw Valley State,3.0,1999-04-09,25.0,72,213,,,,,
1077,Travis Benjamin,WR,,17.0,Miami (FL),10.0,1989-12-29,32.0,70,175,,,,464646.0,13887.0
3371,Darius Jackson,RB,,0.0,Eastern Michigan,6.0,1993-12-01,28.0,72,220,,,,694135.0,18132.0
2251,Logan Thomas,TE,,48.0,Virginia Tech,10.0,1991-07-01,33.0,78,250,,,,507528.0,16656.0
4234,Noah Brown,WR,,85.0,Ohio State,9.0,1996-01-06,30.0,74,225,,Questionable,Ribs,836103.0,19080.0
11223,John Hall,WR,,82.0,Northwood,1.0,1997-12-07,25.0,75,194,,,,,
4504,John Robinson-Woodgett,RB,,42.0,Massachusetts,5.0,1993-08-01,28.0,73,247,,,,703309.0,19376.0
5385,Alec Bloom,TE,,87.0,Connecticut,4.0,1996-04-03,25.0,78,253,,,,838256.0,20464.0
4910,Quincy McDuffie,WR,,16.0,Central Florida,9.0,1990-09-24,31.0,70,178,,,,,15554.0
6744,Greg Ward,WR,,89.0,Houston,7.0,1995-07-12,29.0,71,186,,,,741292.0,19705.0
